date,pair,ratio,us_open,us_close,hk_open,hk_close,hk_open_reliable,fx,fx_date,fx_filled,div_adj_us,div_adj_hk,parity_usd,spread,in_backtest
2019-11-26,Alibaba,8.0,190.38999938964844,194.6999969482422,187.0,187.6000061035156,True,7.825200080871582,2019-11-25,False,0.0,0.0,191.79062941748623,-0.007329708483120534,False
2019-11-27,Alibaba,8.0,197.2400054931641,200.82000732421875,190.0,193.1999969482422,True,7.825590133666992,2019-11-26,False,0.0,0.0,197.50586846307078,-0.0013470084307218855,False
2019-11-29,Alibaba,8.0,199.80999755859375,200.0,204.0,198.3999938964844,True,7.827360153198242,2019-11-28,False,0.0,0.0,202.77589380160933,-0.014734495002431736,False
2019-12-02,Alibaba,8.0,198.5800018310547,196.30999755859375,198.0,195.5,True,7.827099800109863,2019-11-29,False,0.0,0.0,199.8185841425003,-0.006217824788984139,False
2019-12-03,Alibaba,8.0,190.97000122070312,194.8999938964844,191.6999969482422,192.6000061035156,True,7.8282999992370605,2019-12-02,False,0.0,0.0,196.82434870639727,-0.03019534602725127,False
2019-12-04,Alibaba,8.0,195.52999877929688,193.7400054931641,190.0,189.0,True,7.8282999992370605,2019-12-03,False,0.0,0.0,193.1453827966938,0.012270630022936935,False
2019-12-05,Alibaba,8.0,196.92999267578125,200.0,191.3999938964844,192.3999938964844,True,7.829699993133545,2019-12-04,False,0.0,0.0,196.58479284285679,0.0017544444792099156,False
2019-12-06,Alibaba,8.0,201.11000061035156,201.88999938964844,196.1000061035156,197.5,True,7.828800201416016,2019-12-05,False,0.0,0.0,201.81891980257987,-0.0035188336592932856,False
2019-12-09,Alibaba,8.0,200.32000732421875,198.7400054931641,197.0,196.6000061035156,True,7.828700065612793,2019-12-06,False,0.0,0.0,200.9018145600669,-0.002900179461406971,False
2019-12-10,Alibaba,8.0,200.7100067138672,200.4499969482422,195.0,195.3999938964844,True,7.828959941864014,2019-12-09,False,0.0,0.0,199.66891678841438,0.0052005348470895996,False
2019-12-11,Alibaba,8.0,201.1000061035156,204.63999938964844,196.1999969482422,197.6000061035156,True,7.828350067138672,2019-12-10,False,0.0,0.0,201.93272340539576,-0.004132262349129334,False
2019-12-12,Alibaba,8.0,203.7100067138672,204.5,199.6000061035156,200.1999969482422,True,7.826700210571289,2019-12-11,False,0.0,0.0,204.6328506900909,-0.004519954399256676,False
2019-12-13,Alibaba,8.0,205.7599945068359,204.91000366210935,202.8000030517578,202.0,True,7.80866003036499,2019-12-12,False,0.0,0.0,206.9497191215873,-0.0057654466131369375,False
2019-12-16,Alibaba,8.0,206.3300018310547,206.97000122070312,201.6000061035156,201.0,True,7.805500030517578,2019-12-13,False,0.0,0.0,206.00858288554443,0.0015590052569631752,False
2019-12-17,Alibaba,8.0,208.69000244140625,208.17999267578125,203.1999969482422,203.8000030517578,True,7.798779964447021,2019-12-16,False,0.0,0.0,209.05834397773876,-0.0017634618302890814,False
2019-12-18,Alibaba,8.0,208.52999877929688,210.0,203.8000030517578,202.6000061035156,True,7.792660236358643,2019-12-17,False,0.0,0.0,207.9905962364263,0.002590041649154884,False
2019-12-19,Alibaba,8.0,209.61000061035156,210.1300048828125,204.0,204.8000030517578,True,7.7870001792907715,2019-12-18,False,0.0,0.0,210.40195026209508,-0.0037710859828177234,False
2019-12-20,Alibaba,8.0,211.3500061035156,212.25,205.0,207.0,True,7.788099765777588,2019-12-19,False,0.0,0.0,212.6320989462389,-0.006047881433497437,False
2019-12-23,Alibaba,8.0,213.25,214.8300018310547,209.0,208.3999938964844,True,7.794400215148926,2019-12-20,False,0.0,0.0,213.8971447644635,-0.0030300811677488326,False
2019-12-24,Alibaba,8.0,215.0099945068359,214.2599945068359,209.8000030517578,210.3999938964844,True,7.796850204467773,2019-12-23,False,0.0,0.0,215.88204300851686,-0.004047648210472765,False
2019-12-27,Alibaba,8.0,217.9900054931641,215.47000122070312,211.0,212.8000030517578,True,7.788599967956543,2019-12-26,False,0.0,0.0,218.57587132706635,-0.0026839760810934976,False
2019-12-30,Alibaba,8.0,215.77999877929688,212.91000366210935,211.0,210.6000061035156,True,7.787899971008301,2019-12-27,False,0.0,0.0,216.3356046045868,-0.002571562457458043,False
2019-12-31,Alibaba,8.0,212.0,212.1000061035156,207.8000030517578,207.1999969482422,True,7.787330150604248,2019-12-30,False,0.0,0.0,212.85857200459367,-0.004041689305180007,False
2020-01-02,Alibaba,8.0,216.6000061035156,219.77000427246097,208.0,210.0,True,7.786499977111816,2020-01-01,False,0.0,0.0,215.75804340054063,0.0038947523621137847,False
2020-01-03,Alibaba,8.0,216.3500061035156,217.0,215.0,212.0,True,7.792500019073486,2020-01-02,False,0.0,0.0,217.6451711066728,-0.00596858636262354,False
2020-01-06,Alibaba,8.0,214.88999938964844,216.63999938964844,211.0,211.0,True,7.788300037384033,2020-01-03,False,0.0,0.0,216.73535840909545,-0.008550796332427169,False
2020-01-07,Alibaba,8.0,217.63999938964844,217.6300048828125,211.8000030517578,212.6000061035156,True,7.781499862670898,2020-01-06,False,0.0,0.0,218.5696946403784,-0.004262613468509535,False
2020-01-08,Alibaba,8.0,216.6000061035156,218.0,210.0,210.8000030517578,True,7.770400047302246,2020-01-07,False,0.0,0.0,217.02872621076344,-0.001977360884964696,False
2020-01-09,Alibaba,8.0,221.5,221.77999877929688,214.0,215.6000061035156,True,7.777299880981445,2020-01-08,False,0.0,0.0,221.77363290901752,-0.0012346005873551391,False
2020-01-10,Alibaba,8.0,223.8999938964844,223.8300018310547,216.6000061035156,218.0,True,7.776199817657471,2020-01-09,False,0.0,0.0,224.2740722839821,-0.0016693445810309626,False
2020-01-13,Alibaba,8.0,228.80999755859375,230.47999572753903,219.8000030517578,222.8000030517578,True,7.766479969024658,2020-01-10,False,0.0,0.0,229.4990821482673,-0.0030070759644056366,False
2020-01-14,Alibaba,8.0,230.0500030517578,226.4900054931641,225.0,223.6000061035156,True,7.766530036926269,2020-01-13,False,0.0,0.0,230.32165462867013,-0.0011801404535161097,False
2020-01-15,Alibaba,8.0,226.6499938964844,225.05999755859375,220.1999969482422,220.8000030517578,True,7.771500110626221,2020-01-14,False,0.0,0.0,227.29202847193005,-0.0028287092708634276,False
2020-01-16,Alibaba,8.0,226.3000030517578,223.94000244140625,219.3999938964844,219.3999938964844,True,7.776609897613525,2020-01-15,False,0.0,0.0,225.7024557333792,0.0026440018405793353,False
2020-01-17,Alibaba,8.0,225.8999938964844,227.42999267578125,218.8000030517578,220.3999938964844,True,7.771500110626221,2020-01-16,False,0.0,0.0,226.88025813201696,-0.004329984634720674,False
2020-01-21,Alibaba,8.0,222.4499969482422,222.2599945068359,218.0,215.8000030517578,True,7.767829895019531,2020-01-20,False,0.0,0.0,222.2499781465312,0.0008995674675116305,False
2020-01-22,Alibaba,8.0,224.69000244140625,222.3699951171875,215.8000030517578,218.3999938964844,True,7.769199848175049,2020-01-21,False,0.0,0.0,224.88801746839925,-0.0008808928863439647,False
2020-01-23,Alibaba,8.0,217.92999267578125,219.1300048828125,216.0,213.3999938964844,True,7.770199775695801,2020-01-22,False,0.0,0.0,219.71120440323557,-0.008140100039812914,False
2020-01-24,Alibaba,8.0,218.4900054931641,213.75,213.3999938964844,214.6000061035156,True,7.770899772644043,2020-01-23,False,0.0,0.0,220.92680372378356,-0.011091169748126184,False
2020-01-29,Alibaba,8.0,212.55999755859375,212.02000427246097,205.8000030517578,207.3999938964844,True,7.777100086212158,2020-01-28,False,0.0,0.0,213.3442970746169,-0.0036829889364931034,False
2020-01-30,Alibaba,8.0,207.8800048828125,208.5800018310547,207.1999969482422,201.8000030517578,True,7.775440216064453,2020-01-29,False,0.0,0.0,207.62811873707554,0.0012124247988127834,False
2020-01-31,Alibaba,8.0,206.5,206.58999633789065,204.8000030517578,200.3999938964844,True,7.772990226745605,2020-01-30,False,0.0,0.0,206.2526652427174,0.0011984648808578413,False
2020-02-03,Alibaba,8.0,208.6699981689453,213.1000061035156,201.1999969482422,205.0,True,7.767499923706055,2020-01-31,False,0.0,0.0,211.13614626435913,-0.01174912038496867,False
2020-02-04,Alibaba,8.0,221.3500061035156,222.8800048828125,208.3999938964844,213.1999969482422,True,7.765689849853516,2020-02-03,False,0.0,0.0,219.63277037365975,0.00778826068339189,False
2020-02-05,Alibaba,8.0,226.52000427246097,220.22000122070312,215.6000061035156,215.6000061035156,True,7.765999794006348,2020-02-04,False,0.0,0.0,222.09632945899548,0.019722055867192445,False
2020-02-06,Alibaba,8.0,223.1300048828125,220.8999938964844,215.1999969482422,217.3999938964844,True,7.76639986038208,2020-02-05,False,0.0,0.0,223.93901710416344,-0.0036191865892494235,False
2020-02-07,Alibaba,8.0,217.4600067138672,216.52999877929688,215.0,215.3999938964844,True,7.763400077819824,2020-02-06,False,0.0,0.0,221.96459462331316,-0.020502929030999262,False
2020-02-10,Alibaba,8.0,213.5,215.77000427246097,211.1999969482422,212.6000061035156,True,7.76347017288208,2020-02-07,False,0.0,0.0,219.07729545597346,-0.025787782164129247,False
2020-02-11,Alibaba,8.0,219.91000366210935,217.2100067138672,211.8000030517578,212.1999969482422,True,7.7657999992370605,2020-02-10,False,0.0,0.0,218.59949725111588,0.005977112513384952,False
2020-02-12,Alibaba,8.0,221.1300048828125,224.30999755859375,212.0,215.0,True,7.766200065612793,2020-02-11,False,0.0,0.0,221.47253295930682,-0.0015477911470913597,False
2020-02-13,Alibaba,8.0,220.0,220.36000061035156,217.3999938964844,217.1999969482422,True,7.765200138092041,2020-02-12,False,0.0,0.0,223.76757130343287,-0.016980338684271068,False
2020-02-14,Alibaba,8.0,221.1000061035156,219.6300048828125,214.3999938964844,215.0,True,7.768899917602539,2020-02-13,False,0.0,0.0,221.39556671374746,-0.0013358807289494123,False
2020-02-18,Alibaba,8.0,218.5500030517578,220.52000427246097,215.8000030517578,214.0,True,7.7672600746154785,2020-02-17,False,0.0,0.0,220.41234406390768,-0.008485247986902422,False
2020-02-19,Alibaba,8.0,221.52000427246097,222.13999938964844,214.6000061035156,214.0,True,7.7677998542785645,2020-02-18,False,0.0,0.0,220.39702774486614,0.005082306692998806,False
2020-02-20,Alibaba,8.0,222.5,218.0399932861328,216.8000030517578,215.6000061035156,True,7.768599987030029,2020-02-19,False,0.0,0.0,222.02199259940576,0.002150658877615008,False
2020-02-21,Alibaba,8.0,217.5399932861328,212.58999633789065,213.0,212.6000061035156,True,7.773009777069092,2020-02-20,False,0.0,0.0,218.80842783005377,-0.005813877421878999,False
2020-02-24,Alibaba,8.0,203.5500030517578,206.16000366210935,206.3999938964844,205.1999969482422,True,7.780700206756592,2020-02-21,False,0.0,0.0,210.98357885070646,-0.03586861515375794,False
2020-02-25,Alibaba,8.0,208.5099945068359,205.61000061035156,203.3999938964844,206.6000061035156,True,7.791940212249756,2020-02-24,False,0.0,0.0,212.11662356312075,-0.017149259188559363,False
2020-02-26,Alibaba,8.0,206.8000030517578,208.7400054931641,201.8000030517578,203.0,True,7.792160034179688,2020-02-25,False,0.0,0.0,208.41461069542382,-0.00777725893355985,False
2020-02-27,Alibaba,8.0,205.0099945068359,205.02999877929688,203.0,205.1999969482422,True,7.789649963378906,2020-02-26,False,0.0,0.0,210.74117364753357,-0.02757198368707936,False
2020-02-28,Alibaba,8.0,198.97999572753903,208.0,200.6000061035156,200.0,True,7.792520046234131,2020-02-27,False,0.0,0.0,205.32510542250418,-0.03139030737884685,False
2020-03-02,Alibaba,8.0,208.58999633789065,210.97999572753903,201.1999969482422,204.6000061035156,True,7.794600009918213,2020-02-28,False,0.0,0.0,209.9915385966418,-0.006696652286223959,False
2020-03-03,Alibaba,8.0,211.0800018310547,207.41000366210935,206.1999969482422,203.1999969482422,True,7.793079853057861,2020-03-02,False,0.0,0.0,208.59531869779082,0.011841116422757203,False
2020-03-04,Alibaba,8.0,209.4900054931641,211.9600067138672,203.0,202.1999969482422,True,7.780900001525879,2020-03-03,False,0.0,0.0,207.89368521234266,0.007649211504001663,False
2020-03-05,Alibaba,8.0,210.0,211.4600067138672,205.1999969482422,207.1999969482422,True,7.770100116729736,2020-03-04,False,0.0,0.0,213.33058141901842,-0.01573545728658754,False
2020-03-06,Alibaba,8.0,206.6999969482422,204.63999938964844,205.0,203.8000030517578,True,7.771749973297119,2020-03-05,False,0.0,0.0,209.78544472170853,-0.014816864709707112,False
2020-03-09,Alibaba,8.0,195.6199951171875,197.66000366210935,193.5,193.5,True,7.7707200050354,2020-03-06,False,0.0,0.0,199.20933954600105,-0.018182252420862355,False
2020-03-10,Alibaba,8.0,205.52999877929688,206.38999938964844,197.0,199.3000030517578,True,7.769299983978272,2020-03-09,False,0.0,0.0,205.21797687076173,0.0015192867015816347,False
2020-03-11,Alibaba,8.0,201.6499938964844,198.91000366210935,200.0,197.0,True,7.770999908447266,2020-03-10,False,0.0,0.0,202.80530415228156,-0.0057129349205427005,False
2020-03-12,Alibaba,8.0,186.5,185.1000061035156,192.0,188.8000030517578,True,7.768199920654297,2020-03-11,False,0.0,0.0,194.43372207738508,-0.04166010537498632,False
2020-03-13,Alibaba,8.0,194.8999938964844,194.0,178.8000030517578,191.6999969482422,True,7.768499851226807,2020-03-12,False,0.0,0.0,197.41262855836322,-0.012809524215521506,False
2020-03-16,Alibaba,8.0,176.14999389648438,178.85000610351562,185.0,179.3000030517578,True,7.776599884033203,2020-03-13,False,0.0,0.0,184.4507941522298,-0.04604685941064002,False
2020-03-17,Alibaba,8.0,181.2599945068359,184.80999755859375,182.0,183.1999969482422,True,7.763259887695312,2020-03-16,False,0.0,0.0,188.78666910390294,-0.040685208337468026,False
2020-03-18,Alibaba,8.0,176.0,180.0,177.8000030517578,173.0,True,7.765699863433838,2020-03-17,False,0.0,0.0,178.21960986630543,-0.012532558087273493,False
2020-03-19,Alibaba,8.0,179.25999450683594,180.8800048828125,176.10000610351562,174.0,True,7.762100219726563,2020-03-18,False,0.0,0.0,179.3329074085359,-0.00040666115985743545,False
2020-03-20,Alibaba,8.0,187.7400054931641,181.3000030517578,177.0,183.0,True,7.763500213623047,2020-03-19,False,0.0,0.0,188.57473558525027,-0.004436347397568596,False
2020-03-23,Alibaba,8.0,175.27000427246094,176.33999633789062,172.5,170.0,True,7.761730194091797,2020-03-20,False,0.0,0.0,175.218664652274,0.00029296023013625216,False
2020-03-24,Alibaba,8.0,183.08999633789065,185.75,173.6999969482422,174.5,True,7.758769989013672,2020-03-23,False,0.0,0.0,179.92542657879017,0.017435346961736542,False
2020-03-25,Alibaba,8.0,185.82000732421875,188.55999755859375,181.0,179.6999969482422,True,7.75600004196167,2020-03-24,False,0.0,0.0,185.3532707333941,0.002514926932621009,False
2020-03-26,Alibaba,8.0,188.63999938964844,195.32000732421875,181.0,180.8999938964844,True,7.75275993347168,2020-03-25,False,0.0,0.0,186.6690009223361,0.010503433629539316,False
2020-03-27,Alibaba,8.0,189.97000122070312,188.58999633789065,186.0,183.8999938964844,True,7.752600193023682,2020-03-26,False,0.0,0.0,189.76858273895786,0.0010608271539540581,False
2020-03-30,Alibaba,8.0,187.47999572753903,191.27000427246097,180.1999969482422,180.3000030517578,True,7.752200126647949,2020-03-27,False,0.0,0.0,186.0633111696713,0.007585151836798865,False
2020-03-31,Alibaba,8.0,192.0,194.47999572753903,185.1999969482422,183.3999938964844,True,7.750999927520752,2020-03-30,False,0.0,0.0,189.29169976668757,0.01420616175380296,False
2020-04-01,Alibaba,8.0,189.5,187.55999755859375,185.3999938964844,184.0,True,7.754000186920166,2020-03-31,False,0.0,0.0,189.83749864786475,-0.0017794114113147685,False
2020-04-02,Alibaba,8.0,186.0800018310547,188.8999938964844,183.1999969482422,186.0,True,7.751820087432861,2020-04-01,False,0.0,0.0,191.95491938884444,-0.031083850998885332,False
2020-04-03,Alibaba,8.0,190.1199951171875,187.11000061035156,183.5,183.6999969482422,True,7.75190019607544,2020-04-02,False,0.0,0.0,189.5793209940903,0.002847908677141575,False
2020-04-06,Alibaba,8.0,194.7400054931641,196.4499969482422,186.0,188.6000061035156,True,7.751550197601318,2020-04-03,False,0.0,0.0,194.64494331663053,0.0004882683766425089,False
2020-04-07,Alibaba,8.0,200.0500030517578,198.0,191.5,191.5,True,7.752699851989746,2020-04-06,False,0.0,0.0,197.60857884970346,0.01227915095557286,False
2020-04-08,Alibaba,8.0,198.33999633789065,195.97999572753903,189.3999938964844,190.1000061035156,True,7.751500129699707,2020-04-07,False,0.0,0.0,196.19428799352164,0.010877277769583138,False
2020-04-09,Alibaba,8.0,198.6499938964844,196.3699951171875,191.3000030517578,191.6999969482422,True,7.752150058746338,2020-04-08,False,0.0,0.0,197.82898472865065,0.004141507548177437,False
2020-04-14,Alibaba,8.0,204.9499969482422,204.77999877929688,194.0,197.0,True,7.751699924468994,2020-04-13,False,0.0,0.0,203.310243605432,0.008032926047677691,False
2020-04-15,Alibaba,8.0,204.77000427246097,208.1699981689453,199.0,197.8999938964844,True,7.752399921417236,2020-04-14,False,0.0,0.0,204.22062422218877,0.0026865181860911136,False
2020-04-16,Alibaba,8.0,210.52999877929688,212.66000366210935,200.0,202.8000030517578,True,7.751399993896484,2020-04-15,False,0.0,0.0,209.30412902076444,0.00583979796401124,False
2020-04-17,Alibaba,8.0,214.97999572753903,209.5,210.0,207.6000061035156,True,7.751100063323975,2020-04-16,False,0.0,0.0,214.26636674277546,0.0033250352461386967,False
2020-04-20,Alibaba,8.0,209.8699951171875,212.1300048828125,205.3999938964844,205.8000030517578,True,7.750810146331787,2020-04-17,False,0.0,0.0,212.41650786572956,-0.012060738852696318,False
2020-04-21,Alibaba,8.0,209.8999938964844,207.33999633789065,207.0,204.1999969482422,True,7.750750064849853,2020-04-20,False,0.0,0.0,210.76669508341107,-0.004120613473679313,False
2020-04-22,Alibaba,8.0,212.0,209.9600067138672,201.0,205.6000061035156,True,7.75029993057251,2020-04-21,False,0.0,0.0,212.22405114154395,-0.001056286939757456,False
2020-04-23,Alibaba,8.0,210.2400054931641,205.2400054931641,204.3999938964844,204.3999938964844,True,7.749919891357422,2020-04-22,False,0.0,0.0,210.99572306488255,-0.003588102011642391,False
2020-04-24,Alibaba,8.0,205.88999938964844,204.36000061035156,198.6000061035156,198.0,True,7.750229835510254,2020-04-23,False,0.0,0.0,204.38103561037346,0.00735596937021743,False
2020-04-27,Alibaba,8.0,207.5500030517578,203.69000244140625,198.5,200.6000061035156,True,7.7505998611450195,2020-04-24,False,0.0,0.0,207.05494769162846,0.002388083376787975,False
2020-04-28,Alibaba,8.0,204.80999755859375,201.1499938964844,198.0,199.0,True,7.750500202178955,2020-04-27,False,0.0,0.0,205.40609747386748,-0.0029062747272403655,False
2020-04-29,Alibaba,8.0,202.92999267578125,206.6999969482422,196.5,197.0,True,7.750470161437988,2020-04-28,False,0.0,0.0,203.34250273503355,-0.002030707004140986,False
2020-05-04,Alibaba,8.0,194.7599945068359,191.1499938964844,189.8000030517578,189.6999969482422,True,7.7516398429870605,2020-05-01,False,0.0,0.0,195.7779265194985,-0.00521298579762508,False
2020-05-05,Alibaba,8.0,196.3800048828125,195.02000427246097,187.6999969482422,188.5,True,7.752130031585693,2020-05-04,False,0.0,0.0,194.52718076912075,0.009479682425492797,False
2020-05-06,Alibaba,8.0,197.6699981689453,195.1699981689453,189.8999938964844,193.6000061035156,True,7.7530999183654785,2020-05-05,False,0.0,0.0,199.76526358951472,-0.010544030860779152,False
2020-05-07,Alibaba,8.0,198.0,196.4900054931641,189.8999938964844,190.5,True,7.753049850463867,2020-05-06,False,0.0,0.0,196.56780614003387,0.007259589493046725,False
2020-05-08,Alibaba,8.0,199.8000030517578,201.19000244140625,192.5,193.3999938964844,True,7.751999855041504,2020-05-07,False,0.0,0.0,199.587200735776,0.0010656442374816777,False
2020-05-11,Alibaba,8.0,202.77999877929688,205.3999938964844,196.8999938964844,198.6999969482422,True,7.750800132751465,2020-05-08,False,0.0,0.0,205.08850033030637,-0.011319953402649574,False
2020-05-12,Alibaba,8.0,206.9499969482422,200.30999755859375,198.8999938964844,199.6999969482422,True,7.751070022583008,2020-05-11,False,0.0,0.0,206.11347477590516,0.0040503378933847145,False
2020-05-13,Alibaba,8.0,203.6199951171875,199.4600067138672,195.5,196.3000030517578,True,7.750510215759277,2020-05-12,False,0.0,0.0,202.61892194154325,0.004928504680170143,False
2020-05-14,Alibaba,8.0,195.5,201.3000030517578,194.5,194.5,True,7.750500202178955,2020-05-13,False,0.0,0.0,200.76123597320213,-0.026555941813780848,False
2020-05-15,Alibaba,8.0,200.6999969482422,203.67999267578125,195.0,196.8999938964844,True,7.750800132751465,2020-05-14,False,0.0,0.0,203.23062447653302,-0.012530174758401458,False
2020-05-18,Alibaba,8.0,212.5,215.27999877929688,198.3000030517578,203.0,True,7.750860214233398,2020-05-15,False,0.0,0.0,209.52513077422623,0.01409830023352665,False
2020-05-19,Alibaba,8.0,216.72999572753903,217.1999969482422,210.0,209.8000030517578,True,7.750699996948242,2020-05-18,False,0.0,0.0,216.54818597996504,0.0008392287722784886,False
2020-05-20,Alibaba,8.0,220.0,216.7899932861328,211.0,211.0,True,7.751100063323975,2020-05-19,False,0.0,0.0,217.77553975688448,0.010162648143373865,False
2020-05-21,Alibaba,8.0,211.2899932861328,212.16000366210935,209.3999938964844,206.1999969482422,True,7.750400066375732,2020-05-20,False,0.0,0.0,212.84062260766996,-0.007312069312130909,False
2020-05-22,Alibaba,8.0,203.22999572753903,199.6999969482422,205.0,198.1999969482422,True,7.75,2020-05-21,False,0.0,0.0,204.59354523689515,-0.006686983233674226,False
2020-05-26,Alibaba,8.0,205.94000244140625,201.72000122070312,200.0,201.0,True,7.756760120391846,2020-05-25,False,0.0,0.0,207.30304599374014,-0.006596836900698122,False
2020-05-27,Alibaba,8.0,202.9900054931641,201.17999267578125,198.8999938964844,197.3000030517578,True,7.754380226135254,2020-05-26,False,0.0,0.0,203.54947505594907,-0.00275235219573311,False
2020-05-28,Alibaba,8.0,199.0,199.4900054931641,195.3999938964844,193.5,True,7.753250122070312,2020-05-27,False,0.0,0.0,199.65820470482194,-0.0033021033814755185,False
2020-05-29,Alibaba,8.0,200.0,207.38999938964844,193.0,194.3000030517578,True,7.753379821777344,2020-05-28,False,0.0,0.0,200.48031441051472,-0.0023986928871728708,False
2020-06-01,Alibaba,8.0,205.8999938964844,206.57000732421875,200.0,202.8000030517578,True,7.752699851989746,2020-05-29,False,0.0,0.0,209.26903599881663,-0.016230093356452535,False
2020-06-02,Alibaba,8.0,207.2100067138672,214.3300018310547,201.6000061035156,200.0,True,7.752970218658447,2020-06-01,False,0.0,0.0,206.3725198053011,0.004049919905025234,False
2020-06-03,Alibaba,8.0,215.6000061035156,218.61000061035156,208.0,209.6000061035156,True,7.751399993896484,2020-06-02,False,0.0,0.0,216.3222192311648,-0.0033441844775001783,False
2020-06-04,Alibaba,8.0,217.27999877929688,218.0399932861328,213.0,211.0,True,7.750500202178955,2020-06-03,False,0.0,0.0,217.79239480897505,-0.002355452904546418,False
2020-06-05,Alibaba,8.0,220.0,219.5500030517578,212.0,212.1999969482422,True,7.75,2020-06-04,False,0.0,0.0,219.04515814012098,0.004349636239415311,False
2020-06-08,Alibaba,8.0,219.6000061035156,219.0,214.6000061035156,212.3999938964844,True,7.750100135803223,2020-06-05,False,0.0,0.0,219.2487737444917,0.0016006991480788102,False
2020-06-09,Alibaba,8.0,216.30999755859375,220.72000122070312,212.8000030517578,212.3999938964844,True,7.750120162963867,2020-06-08,False,0.0,0.0,219.24820718161004,-0.013491901479248725,False
2020-06-10,Alibaba,8.0,222.0,223.67999267578125,214.1999969482422,215.6000061035156,True,7.751500129699707,2020-06-09,False,0.0,0.0,222.511774491184,-0.002302637395352747,False
2020-06-11,Alibaba,8.0,218.0,215.2400054931641,218.0,213.0,True,7.750999927520752,2020-06-10,False,0.0,0.0,219.8426030104537,-0.008416786651752162,False
2020-06-12,Alibaba,8.0,218.5,217.63999938964844,208.1999969482422,212.0,True,7.749899864196777,2020-06-11,False,0.0,0.0,218.8415372739501,-0.0015618792832245987,False
2020-06-15,Alibaba,8.0,214.11000061035156,217.02999877929688,209.8000030517578,206.8000030517578,True,7.750199794769287,2020-06-12,False,0.0,0.0,213.465467758733,0.0030148284337601083,False
2020-06-16,Alibaba,8.0,221.0,222.6199951171875,211.1999969482422,213.1999969482422,True,7.75,2020-06-15,False,0.0,0.0,220.0774162046371,0.004183325225543655,False
2020-06-17,Alibaba,8.0,224.3999938964844,224.25,216.0,217.8000030517578,True,7.750010013580322,2020-06-16,False,0.0,0.0,224.82551911040883,-0.0018944843018653401,False
2020-06-18,Alibaba,8.0,223.7400054931641,223.5399932861328,218.8000030517578,217.8000030517578,True,7.749800205230713,2020-06-17,False,0.0,0.0,224.83160575391776,-0.004867015157389076,False
2020-06-19,Alibaba,8.0,226.3800048828125,220.63999938964844,217.0,219.0,True,7.749899864196777,2020-06-18,False,0.0,0.0,226.06743708959942,0.001381675810014471,False
2020-06-22,Alibaba,8.0,220.9199981689453,221.41000366210935,216.1999969482422,213.0,True,7.75,2020-06-19,False,0.0,0.0,219.8709677419355,0.004759772720666078,False
2020-06-23,Alibaba,8.0,225.1199951171875,228.75,216.0,220.0,True,7.750010013580322,2020-06-22,False,0.0,0.0,227.09648076789017,-0.008741380916638342,False
2020-06-24,Alibaba,8.0,228.3000030517578,226.22000122070312,222.8000030517578,221.3999938964844,True,7.75,2020-06-23,False,0.0,0.0,228.54192918346777,-0.0010591241182318356,False
2020-06-26,Alibaba,8.0,222.2100067138672,215.7100067138672,217.0,214.6000061035156,True,7.7505998611450195,2020-06-25,False,0.0,0.0,221.50544210580583,0.003175752397564402,False
2020-06-29,Alibaba,8.0,215.02999877929688,215.02000427246097,211.0,209.3999938964844,True,7.751500129699707,2020-06-26,False,0.0,0.0,216.11300046985517,-0.005023873611746055,False
2020-06-30,Alibaba,8.0,215.7400054931641,215.6999969482422,210.6000061035156,209.6000061035156,True,7.75,2020-06-29,False,0.0,0.0,216.36129662298384,-0.0028756754720467015,False
2020-07-02,Alibaba,8.0,221.8500061035156,223.6000061035156,211.8000030517578,214.3999938964844,True,7.7505998611450195,2020-07-01,False,0.0,0.0,221.29899387148643,0.0024868047362138768,False
2020-07-06,Alibaba,8.0,233.30999755859375,240.0,224.0,225.3999938964844,True,7.750199794769287,2020-07-03,False,0.0,0.0,232.66496334570354,0.0027685377070190142,False
2020-07-07,Alibaba,8.0,241.0099945068359,236.5099945068359,233.1999969482422,232.3999938964844,True,7.750130176544189,2020-07-06,False,0.0,0.0,239.8927384211886,0.004646503416495307,False
2020-07-08,Alibaba,8.0,244.86000061035156,257.67999267578125,231.0,237.8000030517578,True,7.750699996948242,2020-07-07,False,0.0,0.0,245.44880141962827,-0.0024017561580667035,False
2020-07-09,Alibaba,8.0,265.54998779296875,261.5799865722656,254.8000030517578,261.6000061035156,True,7.750500202178955,2020-07-08,False,0.0,0.0,270.021288205342,-0.016697700195679843,False
2020-07-10,Alibaba,8.0,260.2099914550781,261.010009765625,257.0,255.3999938964844,True,7.750120162963867,2020-07-09,False,0.0,0.0,263.63461574904113,-0.01307514876002891,False
2020-07-13,Alibaba,8.0,261.45001220703125,251.6699981689453,254.0,254.3999938964844,True,7.750120162963867,2020-07-10,False,0.0,0.0,262.60237368933343,-0.004397893686503451,False
2020-07-14,Alibaba,8.0,246.57000732421875,248.5800018310547,244.3999938964844,240.3999938964844,True,7.751440048217773,2020-07-13,False,0.0,0.0,248.10873066277037,-0.006221121641470262,False
2020-07-15,Alibaba,8.0,251.47999572753903,249.2100067138672,244.0,243.3999938964844,True,7.750800132751465,2020-07-14,False,0.0,0.0,251.22566932720488,0.001011830340144293,False
2020-07-16,Alibaba,8.0,241.77000427246097,242.5,242.8000030517578,233.1999969482422,True,7.750899791717529,2020-07-15,False,0.0,0.0,240.69463232894375,0.004457834389411275,False
2020-07-17,Alibaba,8.0,246.5500030517578,247.13999938964844,235.3999938964844,238.8000030517578,True,7.752200126647949,2020-07-16,False,0.0,0.0,246.4332696787743,0.00047357945643344834,False
2020-07-20,Alibaba,8.0,256.45001220703125,254.80999755859375,238.0,239.6000061035156,True,7.753699779510498,2020-07-17,False,0.0,0.0,247.2110222649264,0.03669144839547034,False
2020-07-21,Alibaba,8.0,261.2099914550781,257.8999938964844,251.8000030517578,257.0,True,7.752799987792969,2020-07-20,False,0.0,0.0,265.19451078800404,-0.015138910915594828,False
2020-07-22,Alibaba,8.0,255.7599945068359,251.6999969482422,251.3999938964844,248.0,True,7.751800060272217,2020-07-21,False,0.0,0.0,255.9405537518893,-0.0007057223337421092,False
2020-07-23,Alibaba,8.0,252.1000061035156,251.8800048828125,245.0,246.6000061035156,True,7.750790119171143,2020-07-22,False,0.0,0.0,254.52889557008066,-0.009588509726771832,False
2020-07-24,Alibaba,8.0,244.9600067138672,249.0,244.1999969482422,239.0,True,7.752799987792969,2020-07-23,False,0.0,0.0,246.6205761802839,-0.006756067430288226,False
2020-07-27,Alibaba,8.0,247.11000061035156,250.86000061035156,240.8000030517578,239.0,True,7.7515997886657715,2020-07-24,False,0.0,0.0,246.65876104642126,0.0018277368865327048,False
2020-07-28,Alibaba,8.0,251.1499938964844,249.0500030517578,244.0,244.6000061035156,True,7.750879764556885,2020-07-27,False,0.0,0.0,252.46166993534757,-0.0052090890622595865,False
2020-07-29,Alibaba,8.0,250.33999633789065,252.4499969482422,242.1999969482422,243.0,True,7.751200199127197,2020-07-28,False,0.0,0.0,250.79986970519724,-0.0018353099705388232,False
2020-07-30,Alibaba,8.0,251.6999969482422,252.7400054931641,246.0,244.8000030517578,True,7.750199794769287,2020-07-29,False,0.0,0.0,252.6902629962924,-0.003926591764463083,False
2020-07-31,Alibaba,8.0,254.1999969482422,251.02000427246097,249.0,246.0,True,7.750120162963867,2020-07-30,False,0.0,0.0,253.93154668809427,0.0010566172814323593,False
2020-08-03,Alibaba,8.0,254.02000427246097,257.94000244140625,244.8000030517578,245.6000061035156,True,7.749899864196777,2020-07-31,False,0.0,0.0,253.52586268955133,0.0019471806242696843,False
2020-08-04,Alibaba,8.0,260.0799865722656,262.20001220703125,250.8000030517578,253.8000030517578,True,7.75,2020-08-03,False,0.0,0.0,261.9870999243952,-0.007306041252728157,False
2020-08-05,Alibaba,8.0,263.739990234375,264.9100036621094,255.8000030517578,255.8000030517578,True,7.750699996948242,2020-08-04,False,0.0,0.0,264.02776848798317,-0.001090548929422397,False
2020-08-06,Alibaba,8.0,263.4200134277344,265.67999267578125,257.0,257.0,True,7.750199794769287,2020-08-05,False,0.0,0.0,265.28348358033577,-0.007049236026348105,False
2020-08-07,Alibaba,8.0,257.4100036621094,252.1000061035156,256.0,249.1999969482422,True,7.751100063323975,2020-08-06,False,0.0,0.0,257.2021983071915,0.000807619272989335,False
2020-08-10,Alibaba,8.0,249.33999633789065,248.1300048828125,244.8000030517578,242.3999938964844,True,7.750400066375732,2020-08-07,False,0.0,0.0,250.20643251499794,-0.003468894965108049,False
2020-08-11,Alibaba,8.0,251.2899932861328,248.4199981689453,242.0,244.0,True,7.749959945678711,2020-08-10,False,0.0,0.0,251.8722694932653,-0.0023144679564888193,False
2020-08-12,Alibaba,8.0,249.25,255.19000244140625,242.1999969482422,243.3999938964844,True,7.749929904937744,2020-08-11,False,0.0,0.0,251.2538790746027,-0.00800748951505259,False
2020-08-13,Alibaba,8.0,256.3900146484375,253.72000122070312,247.8000030517578,248.1999969482422,True,7.749899864196777,2020-08-12,False,0.0,0.0,256.20975888463704,0.0007033002374861042,False
2020-08-14,Alibaba,8.0,255.4900054931641,253.97000122070312,246.1999969482422,246.8000030517578,True,7.750999927520752,2020-08-13,False,0.0,0.0,254.72842767082795,0.002985303307110776,False
2020-08-17,Alibaba,8.0,253.0,256.9599914550781,242.6000061035156,242.8000030517578,True,7.749579906463623,2020-08-14,False,0.0,0.0,250.64584762768652,0.00934851157180372,False
2020-08-18,Alibaba,8.0,258.7099914550781,259.20001220703125,249.3999938964844,252.0,True,7.750589847564697,2020-08-17,False,0.0,0.0,260.1092355097909,-0.005393969130516929,False
2020-08-19,Alibaba,8.0,260.8900146484375,260.5899963378906,252.0,255.3999938964844,True,7.750199794769287,2020-08-18,False,0.0,0.0,263.631906954303,-0.010454919682793218,False
2020-08-20,Alibaba,8.0,256.8900146484375,257.9700012207031,254.0,255.0,True,7.750199794769287,2020-08-19,False,0.0,0.0,263.2190206730958,-0.024338429106647297,False
2020-08-21,Alibaba,8.0,259.0299987792969,265.79998779296875,251.8000030517578,252.8000030517578,True,7.750800132751465,2020-08-20,False,0.0,0.0,260.92790289718494,-0.007300254657637062,False
2020-08-24,Alibaba,8.0,273.239990234375,276.0199890136719,261.0,264.3999938964844,True,7.7505998611450195,2020-08-21,False,0.0,0.0,272.9079024935484,0.0012161093585678628,False
2020-08-25,Alibaba,8.0,278.05999755859375,286.0,270.0,269.20001220703125,True,7.749989986419678,2020-08-24,False,0.0,0.0,277.8842426157979,0.0006322754548033771,False
2020-08-26,Alibaba,8.0,289.260009765625,291.9599914550781,279.79998779296875,280.3999938964844,True,7.750500202178955,2020-08-25,False,0.0,0.0,289.426474763684,-0.0005753201676590436,False
2020-08-27,Alibaba,8.0,290.1700134277344,284.1700134277344,282.6000061035156,280.6000061035156,True,7.75029993057251,2020-08-26,False,0.0,0.0,289.6404099115043,0.0018268166359112215,False
2020-08-28,Alibaba,8.0,285.0899963378906,289.0,277.0,277.0,True,7.750699996948242,2020-08-27,False,0.0,0.0,285.90965988523965,-0.0028709793479686496,False
2020-08-31,Alibaba,8.0,288.6199951171875,287.0299987792969,282.79998779296875,282.79998779296875,True,7.750100135803223,2020-08-28,False,0.0,0.0,291.91879623491786,-0.01136474141663335,False
2020-09-01,Alibaba,8.0,289.20001220703125,298.0,279.0,282.79998779296875,True,7.750349998474121,2020-08-31,False,0.0,0.0,291.9093850973399,-0.009324896604141486,False
2020-09-02,Alibaba,8.0,299.0,296.07000732421875,290.0,291.20001220703125,True,7.749969959259033,2020-09-01,False,0.0,0.0,300.5947261605877,-0.0053193593983271725,False
2020-09-03,Alibaba,8.0,289.0,282.5,287.79998779296875,284.20001220703125,True,7.75029993057251,2020-09-02,False,0.0,0.0,293.3564014326218,-0.014961568847223994,False
2020-09-04,Alibaba,8.0,279.6000061035156,281.3900146484375,268.0,274.0,True,7.750100135803223,2020-09-03,False,0.0,0.0,282.835055236718,-0.011503851848210012,False
2020-09-08,Alibaba,8.0,270.2300109863281,270.0199890136719,270.0,269.6000061035156,True,7.750189781188965,2020-09-07,False,0.0,0.0,278.28996575839307,-0.02939012351053183,False
2020-09-09,Alibaba,8.0,274.45001220703125,273.1499938964844,262.0,263.20001220703125,True,7.750100135803223,2020-09-08,False,0.0,0.0,271.6868247842355,0.01011911599434967,False
2020-09-10,Alibaba,8.0,274.8999938964844,267.54998779296875,266.79998779296875,262.6000061035156,True,7.750199794769287,2020-09-09,False,0.0,0.0,271.0639860208485,0.014052469180547256,False
2020-09-11,Alibaba,8.0,272.6300048828125,271.6099853515625,263.3999938964844,266.0,True,7.7505998611450195,2020-09-10,False,0.0,0.0,274.55939386937,-0.007052026178989479,False
2020-09-14,Alibaba,8.0,275.3599853515625,274.1000061035156,266.79998779296875,268.20001220703125,True,7.750199794769287,2020-09-11,False,0.0,0.0,276.8444884613612,-0.005376655773059902,False
2020-09-15,Alibaba,8.0,278.0,277.9599914550781,268.0,267.3999938964844,True,7.750120162963867,2020-09-14,False,0.0,0.0,276.0215204655335,0.0071422783119912125,False
2020-09-16,Alibaba,8.0,281.0299987792969,278.1400146484375,269.79998779296875,273.0,True,7.750199794769287,2020-09-15,False,0.0,0.0,281.79918683825554,-0.0027332930043106884,False
2020-09-17,Alibaba,8.0,273.1099853515625,275.7200012207031,270.79998779296875,267.79998779296875,True,7.749810218811035,2020-09-16,False,0.0,0.0,276.44546664427014,-0.012138983386630109,False
2020-09-18,Alibaba,8.0,275.9800109863281,272.4100036621094,266.6000061035156,269.6000061035156,True,7.750699996948242,2020-09-17,False,0.0,0.0,278.27164639030576,-0.008269342751988873,False
2020-09-21,Alibaba,8.0,269.1000061035156,273.82000732421875,267.0,262.0,True,7.749899864196777,2020-09-18,False,0.0,0.0,270.4551073857308,-0.005023042493876417,False
2020-09-22,Alibaba,8.0,276.0199890136719,275.2900085449219,267.0,264.79998779296875,True,7.749800205230713,2020-09-21,False,0.0,0.0,273.3489698113688,0.009724030476329304,False
2020-09-23,Alibaba,8.0,275.3999938964844,272.95001220703125,266.79998779296875,267.0,True,7.749899864196777,2020-09-22,False,0.0,0.0,275.6164643969089,-0.0007857134149187317,False
2020-09-24,Alibaba,8.0,267.92999267578125,269.7300109863281,264.0,261.0,True,7.749899864196777,2020-09-23,False,0.0,0.0,269.4228359834952,-0.0055563014419606205,False
2020-09-25,Alibaba,8.0,267.57000732421875,271.0899963378906,264.3999938964844,258.0,True,7.749899864196777,2020-09-24,False,0.0,0.0,266.32602177678837,0.004660037650845439,False
2020-09-28,Alibaba,8.0,275.5299987792969,276.010009765625,262.0,263.3999938964844,True,7.75,2020-09-25,False,0.0,0.0,271.8967678931452,0.013274046704423448,False
2020-09-29,Alibaba,8.0,275.42999267578125,276.92999267578125,268.20001220703125,265.3999938964844,True,7.749889850616455,2020-09-28,False,0.0,0.0,273.9651778409454,0.005332476091823857,False
2020-09-30,Alibaba,8.0,284.010009765625,293.9800109863281,269.3999938964844,275.6000061035156,True,7.750100135803223,2020-09-29,False,0.0,0.0,284.4866531004659,-0.001676855741334471,False
2020-10-05,Alibaba,8.0,289.05999755859375,288.2699890136719,285.0,282.0,True,7.75,2020-10-02,False,0.0,0.0,291.0967741935484,-0.007021498678017046,False
2020-10-06,Alibaba,8.0,287.4100036621094,292.3900146484375,279.79998779296875,280.0,True,7.75,2020-10-05,False,0.0,0.0,289.03225806451616,-0.005628520991263208,False
2020-10-07,Alibaba,8.0,297.989990234375,296.5,283.79998779296875,288.20001220703125,True,7.750060081481934,2020-10-06,False,0.0,0.0,297.4944804834833,0.0016642243068396567,False
2020-10-08,Alibaba,8.0,298.1099853515625,300.5400085449219,289.79998779296875,289.6000061035156,True,7.749899864196777,2020-10-07,False,0.0,0.0,298.9458043879184,-0.002799803960405356,False
2020-10-09,Alibaba,8.0,298.54998779296875,299.739990234375,291.0,286.20001220703125,True,7.749820232391357,2020-10-08,False,0.0,0.0,295.43912361819383,0.010474577926744999,False
2020-10-12,Alibaba,8.0,303.95001220703125,306.3399963378906,288.0,292.0,True,7.749839782714844,2020-10-09,False,0.0,0.0,301.4255862695624,0.008340080361403324,False
2020-10-14,Alibaba,8.0,309.0,301.0400085449219,298.0,297.6000061035156,True,7.749800205230713,2020-10-13,False,0.0,0.0,307.207926111593,0.005816474812563754,False
2020-10-15,Alibaba,8.0,293.79998779296875,299.4599914550781,290.3999938964844,284.79998779296875,True,7.753200054168701,2020-10-14,False,0.0,0.0,293.8657440057556,-0.00022378780828358202,False
2020-10-16,Alibaba,8.0,303.989990234375,307.30999755859375,290.0,294.0,True,7.749790191650391,2020-10-15,False,0.0,0.0,303.4920871192152,0.0016392359386854238,False
2020-10-19,Alibaba,8.0,309.8900146484375,305.2900085449219,298.20001220703125,297.20001220703125,True,7.749969959259033,2020-10-16,False,0.0,0.0,306.7882985553624,0.010059514605365472,False
2020-10-20,Alibaba,8.0,307.6000061035156,309.80999755859375,297.79998779296875,299.3999938964844,True,7.7501702308654785,2020-10-19,False,0.0,0.0,309.05126982022404,-0.004706927408685502,False
2020-10-21,Alibaba,8.0,311.75,307.9700012207031,301.20001220703125,300.20001220703125,True,7.749969959259033,2020-10-20,False,0.0,0.0,309.8850847527497,0.00600005015105598,False
2020-10-22,Alibaba,8.0,311.4599914550781,306.2799987792969,298.6000061035156,300.0,True,7.751200199127197,2020-10-21,False,0.0,0.0,309.62946877184845,0.005894571074612109,False
2020-10-23,Alibaba,8.0,307.2699890136719,309.9200134277344,297.79998779296875,298.0,True,7.749800205230713,2020-10-22,False,0.0,0.0,307.6208336817411,-0.0011411609775056064,False
2020-10-27,Alibaba,8.0,307.75,317.1400146484375,296.6000061035156,300.0,True,7.749780178070068,2020-10-26,False,0.0,0.0,309.68620333146964,-0.006271772428478428,False
2020-10-28,Alibaba,8.0,313.5,307.94000244140625,304.3999938964844,307.3999938964844,True,7.754199981689453,2020-10-27,False,0.0,0.0,317.14425175762295,-0.01155736316231426,False
2020-10-29,Alibaba,8.0,309.44000244140625,312.55999755859375,300.0,302.6000061035156,True,7.7505998611450195,2020-10-28,False,0.0,0.0,312.337121280635,-0.009318901241663013,False
2020-10-30,Alibaba,8.0,308.54998779296875,304.69000244140625,301.0,293.20001220703125,True,7.750100135803223,2020-10-29,False,0.0,0.0,302.6541665984747,0.019293075908955792,False
2020-11-02,Alibaba,8.0,310.95001220703125,310.8399963378906,298.3999938964844,297.79998779296875,True,7.751430034637451,2020-10-30,False,0.0,0.0,307.3497266566219,0.011645892809877267,False
2020-11-03,Alibaba,8.0,286.20001220703125,285.57000732421875,300.3999938964844,299.79998779296875,True,7.752590179443359,2020-11-02,False,0.0,0.0,309.36755933562796,-0.0778391726269696,False
2020-11-04,Alibaba,8.0,287.7900085449219,295.7099914550781,272.0,277.20001220703125,True,7.750999927520752,2020-11-03,False,0.0,0.0,286.10503398179947,0.00587208210541057,False
2020-11-05,Alibaba,8.0,289.0899963378906,287.75,285.6000061035156,294.6000061035156,True,7.7530999183654785,2020-11-04,False,0.0,0.0,303.9816426517807,-0.05022926791992788,False
2020-11-06,Alibaba,8.0,291.489990234375,299.95001220703125,282.79998779296875,282.0,True,7.754380226135254,2020-11-05,False,0.0,0.0,290.93234200670344,0.0019149279387393747,False
2020-11-09,Alibaba,8.0,303.7699890136719,290.5299987792969,291.3999938964844,290.20001220703125,True,7.754020214080811,2020-11-06,False,0.0,0.0,299.40598986837443,0.014470321916158824,False
2020-11-10,Alibaba,8.0,279.9700012207031,266.5400085449219,283.3999938964844,275.3999938964844,True,7.753330230712891,2020-11-09,False,0.0,0.0,284.1617583170192,-0.01486118862368091,False
2020-11-11,Alibaba,8.0,261.9200134277344,265.6499938964844,255.0,248.3999938964844,True,7.752270221710205,2020-11-10,False,0.0,0.0,256.33780742146075,0.02154303002420921,False
2020-11-12,Alibaba,8.0,271.0400085449219,264.30999755859375,257.79998779296875,253.0,True,7.753600120544434,2020-11-11,False,0.0,0.0,261.0400289585583,0.037592679769724135,False
2020-11-13,Alibaba,8.0,264.7200012207031,260.8399963378906,258.6000061035156,257.0,True,7.753960132598877,2020-11-12,False,0.0,0.0,265.1548324779554,-0.0016412606419784481,False
2020-11-16,Alibaba,8.0,260.4200134277344,258.30999755859375,253.3999938964844,254.0,True,7.753789901733398,2020-11-13,False,0.0,0.0,262.0653932789353,-0.00629830142329979,False
2020-11-17,Alibaba,8.0,260.2799987792969,256.79998779296875,255.0,249.8000030517578,True,7.753339767456055,2020-11-16,False,0.0,0.0,257.74699475987967,0.00977950662322602,False
2020-11-18,Alibaba,8.0,257.760009765625,255.8300018310547,251.0,250.0,True,7.753349781036377,2020-11-17,False,0.0,0.0,257.95302114341905,-0.0007485224349110808,False
2020-11-19,Alibaba,8.0,255.0,259.8900146484375,250.0,245.1999969482422,True,7.752289772033691,2020-11-18,False,0.0,0.0,253.03491397630543,0.007736066045670675,False
2020-11-20,Alibaba,8.0,263.9700012207031,270.739990234375,251.0,253.0,True,7.752280235290527,2020-11-19,False,0.0,0.0,261.08447302848924,0.01099145854096939,False
2020-11-23,Alibaba,8.0,274.75,270.1099853515625,263.20001220703125,264.0,True,7.752600193023682,2020-11-20,False,0.0,0.0,272.42472814482574,0.00849924432959881,False
2020-11-24,Alibaba,8.0,276.2349853515625,279.9599914550781,273.0,270.0,True,7.752200126647949,2020-11-23,False,0.0,0.0,278.6305777343217,-0.00863491060561472,False
2020-11-25,Alibaba,8.0,275.70001220703125,277.7200012207031,274.79998779296875,267.0,True,7.752200126647949,2020-11-24,False,0.0,0.0,275.5346824261626,0.0005998526124564307,False
2020-11-27,Alibaba,8.0,278.79998779296875,276.4800109863281,271.0,269.6000061035156,True,7.751160144805908,2020-11-26,False,0.0,0.0,278.2551267855571,0.001956220010940868,False
2020-11-30,Alibaba,8.0,268.9700012207031,263.3599853515625,264.0,261.3999938964844,True,7.750699996948242,2020-11-27,False,0.0,0.0,269.80788212616454,-0.0031103042898772415,False
2020-12-01,Alibaba,8.0,265.4700012207031,264.010009765625,256.79998779296875,257.20001220703125,True,7.750470161437988,2020-11-30,False,0.0,0.0,265.4806811454767,-4.0229441752970274e-05,False
2020-12-02,Alibaba,8.0,262.0,261.32000732421875,257.0,255.1999969482422,True,7.75121021270752,2020-12-01,False,0.0,0.0,263.3911246838448,-0.005295589778583576,False
2020-12-03,Alibaba,8.0,263.7799987792969,266.9100036621094,255.1999969482422,257.3999938964844,True,7.75190019607544,2020-12-02,False,0.0,0.0,265.6380886088275,-0.00701939545735808,False
2020-12-04,Alibaba,8.0,271.0199890136719,267.25,259.0,264.0,True,7.751999855041504,2020-12-03,False,0.0,0.0,272.44582552803627,-0.0052472105795811075,False
2020-12-07,Alibaba,8.0,265.70001220703125,264.0,261.0,258.0,True,7.751200199127197,2020-12-04,False,0.0,0.0,266.2813431437897,-0.0021855321142654205,False
2020-12-08,Alibaba,8.0,265.20001220703125,266.0899963378906,257.0,258.0,True,7.750470161437988,2020-12-07,False,0.0,0.0,266.3064249017191,-0.004163314743069968,False
2020-12-09,Alibaba,8.0,267.55999755859375,263.79998779296875,262.0,260.79998779296875,True,7.750800132751465,2020-12-08,False,0.0,0.0,269.1850991651228,-0.006055412828986917,False
2020-12-10,Alibaba,8.0,261.989990234375,264.8699951171875,255.6000061035156,255.3999938964844,True,7.75137996673584,2020-12-09,False,0.0,0.0,263.5917681677371,-0.006095275823061463,False
2020-12-11,Alibaba,8.0,264.2900085449219,264.5400085449219,259.0,258.3999938964844,True,7.751410007476807,2020-12-10,False,0.0,0.0,266.68695749262497,-0.009028509269014329,False
2020-12-14,Alibaba,8.0,260.32000732421875,256.0299987792969,258.79998779296875,251.6000061035156,True,7.751369953155518,2020-12-11,False,0.0,0.0,259.6702339060376,0.0024991767339503923,False
2020-12-15,Alibaba,8.0,255.33999633789065,255.11000061035156,250.0,246.0,True,7.75121021270752,2020-12-14,False,0.0,0.0,253.89583639127906,0.005671886090406808,False
2020-12-16,Alibaba,8.0,257.739990234375,261.8900146484375,248.8000030517578,251.0,True,7.7515997886657715,2020-12-15,False,0.0,0.0,259.04330135000725,-0.005043947434165474,False
2020-12-17,Alibaba,8.0,264.70001220703125,264.42999267578125,255.3999938964844,258.0,True,7.751200199127197,2020-12-16,False,0.0,0.0,266.2813431437897,-0.0059562754734114876,False
2020-12-18,Alibaba,8.0,263.8999938964844,260.0,257.3999938964844,255.6000061035156,True,7.751399993896484,2020-12-17,False,0.0,0.0,263.7975140540053,0.0003884037435213372,False
2020-12-21,Alibaba,8.0,255.1699981689453,260.42999267578125,255.0,250.0,True,7.752089977264404,2020-12-18,False,0.0,0.0,257.9949414758689,-0.011009995520962157,False
2020-12-22,Alibaba,8.0,257.8699951171875,255.8300018310547,252.0,248.8000030517578,True,7.752140045166016,2020-12-21,False,0.0,0.0,256.75491062048235,0.004333588325704518,False
2020-12-23,Alibaba,8.0,255.5,256.17999267578125,249.1999969482422,248.3999938964844,True,7.752630233764648,2020-12-22,False,0.0,0.0,256.32590375807183,-0.0032272867349982803,False
2020-12-24,Alibaba,8.0,228.23500061035156,222.0,228.6000061035156,228.6000061035156,False,7.752600193023682,2020-12-23,False,0.0,0.0,235.89505498733234,-0.03301122129336509,False
2020-12-28,Alibaba,8.0,216.8800048828125,222.36000061035156,219.3999938964844,210.0,True,7.753300189971924,2020-12-25,False,0.0,0.0,216.68192367592098,0.0009137389960960363,False
2020-12-29,Alibaba,8.0,231.7599945068359,236.2599945068359,216.1999969482422,222.0,True,7.753469944000244,2020-12-28,False,0.0,0.0,229.0587327773543,0.011723884078716829,False
2020-12-30,Alibaba,8.0,243.34800720214844,238.38999938964844,229.8000030517578,236.1999969482422,True,7.7546000480651855,2020-12-29,False,0.0,0.0,243.67471744173355,-0.0013416634257970017,False
2020-12-31,Alibaba,8.0,237.4600067138672,232.72999572753903,232.1999969482422,232.1999969482422,False,7.753769874572754,2020-12-30,False,0.0,0.0,239.5737822549569,-0.00886222076686849,False
2021-01-04,Alibaba,8.0,226.5,227.8500061035156,224.8000030517578,227.6000061035156,True,7.753200054168701,2021-01-01,False,0.0,0.0,234.8449718963625,-0.03618065746916699,False
2021-01-05,Alibaba,8.0,229.0500030517578,240.3999938964844,220.0,223.0,True,7.753009796142578,2021-01-04,False,0.0,0.0,230.1041849434537,-0.00459185071834689,False
2021-01-06,Alibaba,8.0,234.9499969482422,227.61000061035156,228.0,230.0,True,7.7530198097229,2021-01-05,False,0.0,0.0,237.32687973949123,-0.010065717705411537,False
2021-01-07,Alibaba,8.0,229.30999755859375,226.8999938964844,221.0,221.0,True,7.752749919891357,2021-01-06,False,0.0,0.0,228.04811431667792,0.005518154860192581,False
2021-01-08,Alibaba,8.0,227.8800048828125,236.19000244140625,223.3999938964844,224.1999969482422,True,7.752900123596191,2021-01-07,False,0.0,0.0,231.345683162751,-0.015093859804186316,False
2021-01-11,Alibaba,8.0,229.8999938964844,227.3699951171875,227.1999969482422,221.0,True,7.752999782562256,2021-01-08,False,0.0,0.0,228.04076481164316,0.008119999214174278,False
2021-01-12,Alibaba,8.0,228.3849945068359,225.6000061035156,221.0,220.0,True,7.754350185394287,2021-01-11,False,0.0,0.0,226.96937305140662,0.006217689416872396,False
2021-01-13,Alibaba,8.0,229.94000244140625,235.3000030517578,221.6000061035156,223.8000030517578,True,7.755099773406982,2021-01-12,False,0.0,0.0,230.86743906938815,-0.00402527301728739,False
2021-01-14,Alibaba,8.0,245.30999755859375,242.97999572753903,231.8000030517578,235.0,True,7.754089832305908,2021-01-13,False,0.0,0.0,242.45269795138887,0.011716075533074743,False
2021-01-15,Alibaba,8.0,246.25,243.4600067138672,238.0,241.0,True,7.753399848937988,2021-01-14,False,0.0,0.0,248.6651066066308,-0.009759757763896815,False
2021-01-19,Alibaba,8.0,250.0,251.6499938964844,245.0,244.1999969482422,True,7.753250122070312,2021-01-18,False,0.0,0.0,251.97174666464616,-0.007856046953528484,False
2021-01-20,Alibaba,8.0,267.5,265.489990234375,245.1999969482422,265.0,True,7.7530999183654785,2021-01-19,False,0.0,0.0,273.4390143712919,-0.0219590484726897,False
2021-01-21,Alibaba,8.0,264.1300048828125,260.0,259.6000061035156,258.6000061035156,True,7.751979827880859,2021-01-20,False,0.0,0.0,266.8737657685144,-0.010334334543105506,False
2021-01-22,Alibaba,8.0,256.79998779296875,258.6199951171875,252.3999938964844,250.6000061035156,True,7.751800060272217,2021-01-21,False,0.0,0.0,258.6238077917767,-0.007077001979478581,False
2021-01-25,Alibaba,8.0,263.6199951171875,261.3800048828125,252.6000061035156,258.0,True,7.7515997886657715,2021-01-22,False,0.0,0.0,266.2676165270991,-0.009993226432643887,False
2021-01-26,Alibaba,8.0,263.79998779296875,265.9200134277344,255.3999938964844,253.3999938964844,True,7.751709938049316,2021-01-25,False,0.0,0.0,261.51648699099945,0.008693864725123568,False
2021-01-27,Alibaba,8.0,265.1300048828125,260.25,261.79998779296875,260.0,True,7.751399993896484,2021-01-26,False,0.0,0.0,268.33862291170743,-0.01202941111814848,False
2021-01-28,Alibaba,8.0,259.1700134277344,260.760009765625,252.8000030517578,251.6000061035156,True,7.751699924468994,2021-01-27,False,0.0,0.0,259.6591803656545,-0.0018856575100869577,False
2021-01-29,Alibaba,8.0,256.0299987792969,253.8300018310547,251.6000061035156,246.8000030517578,True,7.751659870147705,2021-01-28,False,0.0,0.0,254.70674119973236,0.005181771495387899,False
2021-02-01,Alibaba,8.0,258.79998779296875,264.69000244140625,246.0,251.1999969482422,True,7.752520084381104,2021-01-29,False,0.0,0.0,259.21893187154086,-0.001617485979787503,False
2021-02-02,Alibaba,8.0,264.57000732421875,254.5,260.0,260.0,True,7.75285005569458,2021-02-01,False,0.0,0.0,268.2884339382019,-0.013956753559680735,False
2021-02-03,Alibaba,8.0,264.70001220703125,263.42999267578125,249.8000030517578,261.0,True,7.752620220184326,2021-02-02,False,0.0,0.0,269.32829684650227,-0.017333914501267422,False
2021-02-04,Alibaba,8.0,269.5799865722656,266.9599914550781,260.79998779296875,262.20001220703125,True,7.751299858093262,2021-02-03,False,0.0,0.0,270.6126889757865,-0.003823464139168564,False
2021-02-05,Alibaba,8.0,264.6099853515625,265.6700134277344,259.79998779296875,258.0,True,7.751259803771973,2021-02-04,False,0.0,0.0,266.2792955276253,-0.0062887526184054465,False
2021-02-08,Alibaba,8.0,264.9800109863281,262.5899963378906,259.6000061035156,256.3999938964844,True,7.752500057220459,2021-02-05,False,0.0,0.0,264.58560929147563,0.0014895293526304698,False
2021-02-09,Alibaba,8.0,263.0,266.489990234375,255.8000030517578,255.3999938964844,True,7.75246000289917,2021-02-08,False,0.0,0.0,263.55504580581965,-0.0021082164754444577,False
2021-02-10,Alibaba,8.0,268.70001220703125,267.7900085449219,258.6000061035156,262.0,True,7.752190113067627,2021-02-09,False,0.0,0.0,270.3752061584297,-0.006215085712248047,False
2021-02-11,Alibaba,8.0,268.75,268.92999267578125,261.0,261.0,False,7.751629829406738,2021-02-10,False,0.0,0.0,269.362707708116,-0.0022772477368553368,False
2021-02-16,Alibaba,8.0,271.0,270.70001220703125,264.79998779296875,264.20001220703125,True,7.752289772033691,2021-02-15,False,0.0,0.0,272.6420399403853,-0.0060409049089678035,False
2021-02-17,Alibaba,8.0,270.8900146484375,270.8299865722656,263.3999938964844,267.0,True,7.752429962158203,2021-02-16,False,0.0,0.0,275.5265136771849,-0.016970973860505723,False
2021-02-18,Alibaba,8.0,265.2300109863281,264.510009765625,263.3999938964844,260.3999938964844,True,7.752079963684082,2021-02-17,False,0.0,0.0,268.7278718654831,-0.013101823299549231,False
2021-02-19,Alibaba,8.0,266.04998779296875,263.5899963378906,256.0,257.0,True,7.752500057220459,2021-02-18,False,0.0,0.0,265.2047706965316,0.0031819679582216764,False
2021-02-22,Alibaba,8.0,257.989990234375,254.0,256.0,250.6000061035156,True,7.752799987792969,2021-02-19,False,0.0,0.0,258.5904514478313,-0.0023247550059508626,False
2021-02-23,Alibaba,8.0,247.30999755859375,252.75,246.3999938964844,247.6000061035156,True,7.752749919891357,2021-02-22,False,0.0,0.0,255.49644568644652,-0.03256589778483043,False
2021-02-24,Alibaba,8.0,252.0,250.33999633789065,247.6000061035156,242.8000030517578,True,7.753699779510498,2021-02-23,False,0.0,0.0,250.51266874517663,0.005919594432276298,False
2021-02-25,Alibaba,8.0,250.0,240.17999267578125,243.3999938964844,243.3999938964844,True,7.753600120544434,2021-02-24,False,0.0,0.0,251.13494646344347,-0.004529512107978029,False
2021-02-26,Alibaba,8.0,244.6300048828125,237.7599945068359,232.8000030517578,232.3999938964844,True,7.754499912261963,2021-02-25,False,0.0,0.0,239.75755654236025,0.020118653223770266,False
2021-03-01,Alibaba,8.0,241.0500030517578,241.69000244140625,234.8000030517578,234.6000061035156,True,7.753900051116943,2021-02-26,False,0.0,0.0,242.04594287461484,-0.0041231612155199215,False
2021-03-02,Alibaba,8.0,238.7899932861328,234.4199981689453,234.6000061035156,229.3999938964844,True,7.7564802169799805,2021-03-01,False,0.0,0.0,236.60215714266573,0.009204407720234897,False
2021-03-03,Alibaba,8.0,237.5,236.27000427246097,229.6000061035156,232.3999938964844,True,7.75570011138916,2021-03-02,False,0.0,0.0,239.72045392029284,-0.009305845657183731,False
2021-03-04,Alibaba,8.0,235.0,230.5,231.0,227.1999969482422,True,7.757299900054932,2021-03-03,False,0.0,0.0,234.30832880047174,0.00294762167163487,False
2021-03-05,Alibaba,8.0,235.4199981689453,233.88999938964844,223.8000030517578,227.0,True,7.75600004196167,2021-03-04,False,0.0,0.0,234.1413086868282,0.005446328835900793,False
2021-03-08,Alibaba,8.0,229.02000427246097,226.69000244140625,228.8000030517578,220.6000061035156,True,7.759300231933594,2021-03-05,False,0.0,0.0,227.44319668996002,0.006908832305349222,False
2021-03-09,Alibaba,8.0,233.3800048828125,238.13999938964844,224.0,224.0,True,7.763850212097168,2021-03-08,False,0.0,0.0,230.8133144052435,0.011058826265750277,False
2021-03-10,Alibaba,8.0,241.0,234.3000030517578,231.0,228.3999938964844,True,7.76855993270874,2021-03-09,False,0.0,0.0,235.20446092957764,0.024341751108725163,False
2021-03-11,Alibaba,8.0,237.1999969482422,240.8000030517578,229.0,227.6000061035156,True,7.761640071868896,2021-03-10,False,0.0,0.0,234.5896011626962,0.011066044840564615,False
2021-03-12,Alibaba,8.0,233.69500732421875,231.8699951171875,233.0,226.0,True,7.761099815368652,2021-03-11,False,0.0,0.0,232.95667405536648,0.0031643896911255354,False
2021-03-15,Alibaba,8.0,228.41000366210935,230.27999877929688,227.0,221.3999938964844,True,7.758259773254395,2021-03-12,False,0.0,0.0,228.2986137275088,0.0004877943291106135,False
2021-03-16,Alibaba,8.0,228.07000732421875,226.92999267578125,222.3999938964844,221.3999938964844,True,7.762650012969971,2021-03-15,False,0.0,0.0,228.16949729957213,-0.0004361304793736309,False
2021-03-17,Alibaba,8.0,226.5,233.33999633789065,221.0,222.6000061035156,True,7.764259815216064,2021-03-16,False,0.0,0.0,229.3586370381616,-0.012541934177801473,False
2021-03-18,Alibaba,8.0,238.55999755859375,236.42999267578125,226.6000061035156,233.6000061035156,True,7.765200138092041,2021-03-17,False,0.0,0.0,240.66347493875423,-0.008778747326939396,False
2021-03-19,Alibaba,8.0,239.66000366210935,239.7899932861328,232.0,234.6000061035156,True,7.764999866485596,2021-03-18,False,0.0,0.0,241.69994605261417,-0.008475796974829919,False
2021-03-22,Alibaba,8.0,235.85499572753903,237.1199951171875,232.3999938964844,231.1999969482422,True,7.764750003814697,2021-03-19,False,0.0,0.0,238.2047039089808,-0.009913213148957212,False
2021-03-23,Alibaba,8.0,237.3000030517578,237.6699981689453,231.3999938964844,230.0,True,7.765250205993652,2021-03-22,False,0.0,0.0,236.95308601644098,0.001463004059188755,False
2021-03-24,Alibaba,8.0,236.8300018310547,229.58999633789065,232.6000061035156,230.0,True,7.765900135040283,2021-03-23,False,0.0,0.0,236.93325538629986,-0.0004358867231974983,False
2021-03-25,Alibaba,8.0,225.0,222.72000122070312,218.6000061035156,221.0,True,7.766930103302002,2021-03-24,False,0.0,0.0,227.6317639640351,-0.011628850784769718,False
2021-03-26,Alibaba,8.0,222.0,227.2599945068359,217.8000030517578,216.0,True,7.768499851226807,2021-03-25,False,0.0,0.0,222.43676811387377,-0.0019654910926290015,False
2021-03-29,Alibaba,8.0,225.4900054931641,231.86000061035156,216.0,216.1999969482422,True,7.768380165100098,2021-03-26,False,0.0,0.0,222.6461551606687,0.012692073338882004,False
2021-03-30,Alibaba,8.0,229.27000427246097,229.25,224.3999938964844,221.6000061035156,True,7.768849849700928,2021-03-29,False,0.0,0.0,228.193372651728,0.004706971805063631,False
2021-03-31,Alibaba,8.0,229.88999938964844,226.72999572753903,224.0,220.0,True,7.772729873657227,2021-03-30,False,0.0,0.0,226.43267276852944,0.015153280730108243,False
2021-04-01,Alibaba,8.0,230.67999267578125,224.36000061035156,223.0,225.6000061035156,True,7.775199890136719,2021-03-31,False,0.0,0.0,232.12265592266198,-0.006234484284515673,False
2021-04-07,Alibaba,8.0,226.11000061035156,225.4199981689453,224.1999969482422,222.0,True,7.775489807128906,2021-04-06,False,0.0,0.0,228.41004799101995,-0.010120860546777521,False
2021-04-08,Alibaba,8.0,228.5,228.2400054931641,221.8000030517578,223.0,True,7.776000022888184,2021-04-07,False,0.0,0.0,229.423867637462,-0.004035032704117647,False
2021-04-09,Alibaba,8.0,224.8500061035156,223.30999755859375,223.0,218.0,True,7.784480094909668,2021-04-08,False,0.0,0.0,224.03551409173943,0.003628956021039187,False
2021-04-12,Alibaba,8.0,237.88999938964844,244.0099945068359,230.0,232.1999969482422,True,7.776860237121582,2021-04-09,False,0.0,0.0,238.862461063526,-0.004079530168092482,False
2021-04-13,Alibaba,8.0,243.66000366210935,241.88999938964844,240.0,233.1999969482422,True,7.777659893035889,2021-04-12,False,0.0,0.0,239.86648956666187,0.01569135087472162,False
2021-04-14,Alibaba,8.0,244.3699951171875,239.22999572753903,236.6000061035156,237.8000030517578,True,7.773839950561523,2021-04-13,False,0.0,0.0,244.71818773123152,-0.0014238441454104134,False
2021-04-15,Alibaba,8.0,240.0,239.08999633789065,234.0,233.8000030517578,True,7.772459983825684,2021-04-14,False,0.0,0.0,240.64453574625324,-0.0026819659214263325,False
2021-04-16,Alibaba,8.0,241.88999938964844,238.69000244140625,232.0,235.6000061035156,True,7.765900135040283,2021-04-15,False,0.0,0.0,242.7020713701655,-0.0033515725480741665,False
2021-04-19,Alibaba,8.0,237.44000244140625,234.77999877929688,232.0,232.0,True,7.767099857330322,2021-04-16,False,0.0,0.0,238.95662912694124,-0.006367097114854836,True
2021-04-20,Alibaba,8.0,232.8699951171875,229.8800048828125,228.3999938964844,228.1999969482422,True,7.771160125732422,2021-04-19,False,0.0,0.0,234.91987631819347,-0.00876416719222295,True
2021-04-21,Alibaba,8.0,229.3300018310547,229.44000244140625,222.0,221.8000030517578,True,7.765699863433838,2021-04-20,False,0.0,0.0,228.4919653886106,0.003660974957282903,True
2021-04-22,Alibaba,8.0,228.76499938964844,229.3500061035156,221.8000030517578,221.3999938964844,True,7.761350154876709,2021-04-21,False,0.0,0.0,228.20771074978143,0.0024390468129729115,True
2021-04-23,Alibaba,8.0,230.6499938964844,232.0800018310547,223.6000061035156,224.3999938964844,True,7.762700080871582,2021-04-22,False,0.0,0.0,231.2597334006898,-0.002640082346530903,True
2021-04-26,Alibaba,8.0,231.5,232.6999969482422,226.0,224.6000061035156,True,7.75984001159668,2021-04-23,False,0.0,0.0,231.55117194979536,-0.00022102071262786183,True
2021-04-27,Alibaba,8.0,233.44000244140625,235.9199981689453,226.0,226.3999938964844,True,7.760900020599365,2021-04-26,False,0.0,0.0,233.3749882570963,0.00027854368872315405,True
2021-04-28,Alibaba,8.0,237.57000732421875,236.72000122070312,228.8000030517578,231.6000061035156,True,7.760900020599365,2021-04-27,False,0.0,0.0,238.73520389520945,-0.00489265650647841,True
2021-04-29,Alibaba,8.0,237.7899932861328,234.17999267578125,233.8000030517578,231.3999938964844,True,7.76230001449585,2021-04-28,False,0.0,0.0,238.4860090069719,-0.0029227431697584905,True
2021-04-30,Alibaba,8.0,231.77000427246097,230.9499969482422,227.0,225.0,True,7.762400150299072,2021-04-29,False,0.0,0.0,231.8870407538381,-0.0005048407443322134,True
2021-05-03,Alibaba,8.0,231.27000427246097,230.7100067138672,225.0,223.8000030517578,True,7.763329982757568,2021-04-30,False,0.0,0.0,230.62268747954272,0.0028028900576453353,True
2021-05-04,Alibaba,8.0,230.25,227.8999938964844,223.3999938964844,225.1999969482422,True,7.7667999267578125,2021-05-03,False,0.0,0.0,231.96168210528384,-0.007406519550634094,True
2021-05-05,Alibaba,8.0,228.0,226.77999877929688,221.6000061035156,220.0,True,7.76609992980957,2021-05-04,False,0.0,0.0,226.6259790508717,0.006044639752533776,True
2021-05-06,Alibaba,8.0,227.11000061035156,226.4199981689453,220.8000030517578,221.6000061035156,True,7.768179893493652,2021-05-05,False,0.0,0.0,228.21305288166127,-0.004845150803324927,True
2021-05-07,Alibaba,8.0,227.8999938964844,225.30999755859375,221.0,219.8000030517578,True,7.769390106201172,2021-05-06,False,0.0,0.0,226.3240743968549,0.0069389798248655765,True
2021-05-10,Alibaba,8.0,222.8699951171875,219.52999877929688,219.8000030517578,215.1999969482422,True,7.768199920654297,2021-05-07,False,0.0,0.0,221.62148157496586,0.005617731232948842,True
2021-05-11,Alibaba,8.0,213.7100067138672,221.3800048828125,210.6000061035156,207.6000061035156,True,7.765600204467773,2021-05-10,False,0.0,0.0,213.86628272114996,-0.0007309854082322431,True
2021-05-12,Alibaba,8.0,224.7400054931641,219.8999938964844,215.0,220.1999969482422,True,7.765359878540039,2021-05-11,False,0.0,0.0,226.85361697842328,-0.009360747422374693,True
2021-05-13,Alibaba,8.0,213.1499938964844,206.0800018310547,215.8000030517578,213.1999969482422,True,7.768430233001709,2021-05-12,False,0.0,0.0,219.55529295226694,-0.029607990326886657,True
2021-05-14,Alibaba,8.0,209.9239959716797,209.5099945068359,202.0,204.6000061035156,True,7.766240119934082,2021-05-13,False,0.0,0.0,210.75836228999026,-0.003966733550791801,True
2021-05-17,Alibaba,8.0,210.6150054931641,211.0500030517578,204.6000061035156,205.3999938964844,True,7.767899990081787,2021-05-14,False,0.0,0.0,211.53721768688402,-0.004369104839896387,True
2021-05-18,Alibaba,8.0,212.5,213.72000122070312,207.1999969482422,207.6000061035156,True,7.767199993133545,2021-05-17,False,0.0,0.0,213.82223327535348,-0.0062029958176959,True
2021-05-20,Alibaba,8.0,212.9949951171875,216.9900054931641,207.0,206.0,True,7.765309810638428,2021-05-19,False,0.0,0.0,212.22591759858054,0.003617312009921214,True
2021-05-21,Alibaba,8.0,215.22999572753903,211.05999755859375,210.1999969482422,208.0,True,7.764900207519531,2021-05-20,False,0.0,0.0,214.29766713403245,0.0043411874872489875,True
2021-05-24,Alibaba,8.0,210.02999877929688,210.44000244140625,206.0,205.0,True,7.76230001449585,2021-05-21,False,0.0,0.0,211.27758485723973,-0.005922465073255445,True
2021-05-25,Alibaba,8.0,212.8300018310547,211.1300048828125,203.6000061035156,206.0,True,7.764080047607422,2021-05-24,False,0.0,0.0,212.25953234573458,0.0026839984611219947,True
2021-05-26,Alibaba,8.0,212.3000030517578,211.77999877929688,207.8000030517578,207.0,True,7.764349937438965,2021-05-25,False,0.0,0.0,213.28250443928653,-0.004617215772282357,True
2021-05-27,Alibaba,8.0,214.1699981689453,212.7400054931641,205.3999938964844,208.8000030517578,True,7.762499809265137,2021-05-26,False,0.0,0.0,215.18841422969342,-0.00474390598279939,True
2021-05-28,Alibaba,8.0,212.7599945068359,213.9600067138672,208.3999938964844,207.3999938964844,True,7.762800216674805,2021-05-27,False,0.0,0.0,213.73729902359815,-0.004582942223282593,True
2021-06-01,Alibaba,8.0,223.02000427246097,219.47999572753903,213.6000061035156,218.1999969482422,True,7.761849880218506,2021-05-31,False,0.0,0.0,224.89483854031928,-0.008371435986585851,True
2021-06-02,Alibaba,8.0,219.42999267578125,219.58999633789065,215.8000030517578,214.3999938964844,True,7.761000156402588,2021-06-01,False,0.0,0.0,221.002437392929,-0.007140488714821203,True
2021-06-03,Alibaba,8.0,218.0,217.0399932861328,213.8000030517578,210.8000030517578,True,7.759200096130371,2021-06-02,False,0.0,0.0,217.34199447377253,0.0030229384514237623,True
2021-06-04,Alibaba,8.0,218.27999877929688,219.02000427246097,208.8000030517578,210.1999969482422,True,7.75846004486084,2021-06-03,False,0.0,0.0,216.74404016552484,0.007061517795865058,True
2021-06-07,Alibaba,8.0,218.0,216.8999938964844,211.6000061035156,212.0,True,7.757999897003174,2021-06-04,False,0.0,0.0,218.6130475014759,-0.0028081978211931258,True
2021-06-08,Alibaba,8.0,217.2899932861328,215.82000732421875,211.8000030517578,210.1999969482422,True,7.757130146026611,2021-06-07,False,0.0,0.0,216.78119922318095,0.0023442896222869436,True
2021-06-09,Alibaba,8.0,215.2100067138672,213.32000732421875,209.1999969482422,208.0,True,7.759200096130371,2021-06-08,False,0.0,0.0,214.45509580682958,0.0035139539115647267,True
2021-06-10,Alibaba,8.0,213.5,213.07000732421875,208.8000030517578,207.6000061035156,True,7.760000228881836,2021-06-09,False,0.0,0.0,214.02061853642948,-0.002435526013044864,True
2021-06-11,Alibaba,8.0,213.4499969482422,211.63999938964844,207.8000030517578,205.1999969482422,True,7.760000228881836,2021-06-10,False,0.0,0.0,211.54638236685736,0.008958322492548021,True
2021-06-15,Alibaba,8.0,214.1699981689453,210.05999755859375,209.6000061035156,206.3999938964844,True,7.761519908905029,2021-06-14,False,0.0,0.0,212.74183027958262,0.006690717482781494,True
2021-06-16,Alibaba,8.0,209.75,209.32000732421875,205.3999938964844,203.3999938964844,True,7.76200008392334,2021-06-15,False,0.0,0.0,209.6366830170658,0.0005403938192634072,True
2021-06-17,Alibaba,8.0,209.8999938964844,211.6000061035156,202.0,203.8000030517578,True,7.76308012008667,2021-06-16,False,0.0,0.0,210.01973433141123,-0.0005703015606224326,True
2021-06-18,Alibaba,8.0,212.0099945068359,212.3000030517578,204.3999938964844,207.0,True,7.762939929962158,2021-06-17,False,0.0,0.0,213.32124361911332,-0.006165798083423546,True
2021-06-21,Alibaba,8.0,210.5500030517578,211.05999755859375,206.0,205.3999938964844,True,7.764220237731934,2021-06-18,False,0.0,0.0,211.63747303127545,-0.005151608923330109,True
2021-06-22,Alibaba,8.0,210.4199981689453,211.32000732421875,204.0,203.0,True,7.764400005340576,2021-06-21,False,0.0,0.0,209.15975463435248,0.0060071884592423075,True
2021-06-23,Alibaba,8.0,214.19000244140625,214.86000061035156,205.0,207.1999969482422,True,7.764619827270508,2021-06-22,False,0.0,0.0,213.48115071444943,0.003314941261982618,True
2021-06-24,Alibaba,8.0,216.9900054931641,218.3800048828125,209.6000061035156,210.1999969482422,True,7.76609992980957,2021-06-23,False,0.0,0.0,216.53081865857106,0.0021184080705420882,True
2021-06-25,Alibaba,8.0,221.7100067138672,228.5,212.8000030517578,215.6000061035156,True,7.764750003814697,2021-06-24,False,0.0,0.0,222.13207739859726,-0.0019018963143189183,True
2021-06-28,Alibaba,8.0,229.5,228.58999633789065,220.8000030517578,222.0,True,7.763000011444092,2021-06-25,False,0.0,0.0,228.77753412106773,0.0031529648462118587,True
2021-06-29,Alibaba,8.0,226.6999969482422,229.44000244140625,222.0,219.3999938964844,True,7.761529922485352,2021-06-28,False,0.0,0.0,226.14097590309044,0.002468952072078423,True
2021-06-30,Alibaba,8.0,226.9900054931641,226.77999877929688,222.0,220.0,True,7.76278018951416,2021-06-29,False,0.0,0.0,226.7228952814328,0.0011774416911434216,True
2021-07-02,Alibaba,8.0,219.16000366210935,217.75,216.1999969482422,212.0,True,7.764359951019287,2021-07-01,False,0.0,0.0,218.4339740428125,0.0033182828031472766,True
2021-07-06,Alibaba,8.0,215.32000732421875,211.6000061035156,205.1999969482422,209.3999938964844,True,7.765339851379395,2021-07-05,False,0.0,0.0,215.72783461296947,-0.001892260537060153,True
2021-07-07,Alibaba,8.0,211.61000061035156,208.0,207.0,205.8000030517578,True,7.767399787902832,2021-07-06,False,0.0,0.0,211.96282789231634,-0.00166595843654882,True
2021-07-08,Alibaba,8.0,201.7100067138672,199.8500061035156,202.1999969482422,197.3000030517578,True,7.766849994659424,2021-07-07,False,0.0,0.0,203.22267399259528,-0.0074712384904644935,True
2021-07-09,Alibaba,8.0,202.0500030517578,205.94000244140625,195.0,195.5,True,7.7677998542785645,2021-07-08,False,0.0,0.0,201.34401366411836,0.0035002507681580752,True
2021-07-12,Alibaba,8.0,203.8999938964844,205.47999572753903,199.3000030517578,197.3999938964844,True,7.7677001953125,2021-07-09,False,0.0,0.0,203.30341175176406,0.0029301452948944373,True
2021-07-13,Alibaba,8.0,209.22999572753903,209.5099945068359,199.3999938964844,205.1999969482422,True,7.7671799659729,2021-07-12,False,0.0,0.0,211.35083553845712,-0.01008537541397736,True
2021-07-14,Alibaba,8.0,215.5,211.5,205.1999969482422,206.3999938964844,True,7.766300201416016,2021-07-13,False,0.0,0.0,212.61088399220196,0.013497250251147896,True
2021-07-15,Alibaba,8.0,215.11000061035156,214.7599945068359,206.3999938964844,210.6000061035156,True,7.765999794006348,2021-07-14,False,0.0,0.0,216.9456726136436,-0.008497437541756803,True
2021-07-16,Alibaba,8.0,214.8500061035156,212.1000061035156,210.3999938964844,209.3999938964844,True,7.76600980758667,2021-07-15,False,0.0,0.0,215.7092242576568,-0.00399117814288541,True
2021-07-19,Alibaba,8.0,206.1000061035156,208.91000366210935,205.8000030517578,202.6000061035156,True,7.767899990081787,2021-07-16,False,0.0,0.0,208.65356800391294,-0.012313789806731812,True
2021-07-20,Alibaba,8.0,209.0,210.58999633789065,204.0,202.8000030517578,True,7.767990112304688,2021-07-19,False,0.0,0.0,208.85711760164844,0.0006838816327476849,True
2021-07-21,Alibaba,8.0,209.1499938964844,211.0800018310547,205.6000061035156,203.0,True,7.770699977874756,2021-07-20,False,0.0,0.0,208.99018165981943,0.0007643955486162923,True
2021-07-22,Alibaba,8.0,212.63999938964844,214.0399932861328,205.6000061035156,207.3999938964844,True,7.772299766540527,2021-07-21,False,0.0,0.0,213.47606255675723,-0.003924115116173965,True
2021-07-23,Alibaba,8.0,206.2899932861328,206.52999877929688,208.8000030517578,205.1999969482422,True,7.772659778594971,2021-07-22,False,0.0,0.0,211.20183082073385,-0.023531307194166295,True
2021-07-26,Alibaba,8.0,198.3699951171875,191.7599945068359,199.1999969482422,192.1000061035156,True,7.770899772644043,2021-07-23,False,0.0,0.0,197.7634628924354,0.003062264428645989,True
2021-07-27,Alibaba,8.0,183.58999633789065,186.07000732421875,183.8000030517578,179.89999389648438,True,7.768970012664795,2021-07-26,False,0.0,0.0,185.2497755591442,-0.00900006209398807,True
2021-07-28,Alibaba,8.0,190.22999572753903,196.0099945068359,179.5,183.1999969482422,True,7.778800010681152,2021-07-27,False,0.0,0.0,188.40951992254676,0.009615952680502637,True
2021-07-29,Alibaba,8.0,201.0449981689453,197.5399932861328,191.8000030517578,197.3000030517578,True,7.782509803771973,2021-07-28,False,0.0,0.0,202.8137534306805,-0.00875933263215245,True
2021-07-30,Alibaba,8.0,190.5800018310547,195.19000244140625,190.3999938964844,189.0,True,7.780499935150147,2021-07-29,False,0.0,0.0,194.33198542540975,-0.019495898069129325,True
2021-08-02,Alibaba,8.0,196.27000427246097,200.08999633789065,189.0,191.8999938964844,True,7.770040035247803,2021-07-30,False,0.0,0.0,197.57941326011644,-0.006649311913682787,True
2021-08-03,Alibaba,8.0,195.0099945068359,197.3800048828125,195.5,193.5,True,7.77209997177124,2021-08-02,False,0.0,0.0,199.17396914893453,-0.021127848516817593,True
2021-08-04,Alibaba,8.0,197.4900054931641,200.7100067138672,191.3000030517578,192.3000030517578,True,7.773749828338623,2021-08-03,False,0.0,0.0,197.8967754796971,-0.002057580827775851,True
2021-08-05,Alibaba,8.0,199.27000427246097,199.27999877929688,194.8999938964844,192.5,True,7.777100086212158,2021-08-04,False,0.0,0.0,198.01725359433533,0.006306544221604149,True
2021-08-06,Alibaba,8.0,199.25,196.38999938964844,192.1999969482422,193.5,True,7.77554988861084,2021-08-05,False,0.0,0.0,199.08559808321954,0.0008254443082984508,True
2021-08-09,Alibaba,8.0,194.5800018310547,195.25,187.0,188.6999969482422,True,7.776370048522949,2021-08-06,False,0.0,0.0,194.12656112895147,0.002333075646228089,True
2021-08-10,Alibaba,8.0,197.27000427246097,195.72999572753903,190.0,192.8999938964844,True,7.780200004577637,2021-08-09,False,0.0,0.0,198.34965042851115,-0.005458014147851742,True
2021-08-11,Alibaba,8.0,196.6000061035156,194.86000061035156,190.6000061035156,191.1999969482422,True,7.783100128173828,2021-08-10,False,0.0,0.0,196.52836920971646,0.0003644453012832116,True
2021-08-12,Alibaba,8.0,191.1699981689453,191.66000366210935,190.0,188.6999969482422,True,7.780900001525879,2021-08-11,False,0.0,0.0,194.01354281508517,-0.014764889989243635,True
2021-08-13,Alibaba,8.0,188.61000061035156,188.6199951171875,185.5,184.0,True,7.778369903564453,2021-08-12,False,0.0,0.0,189.24273572094498,-0.0033491127160409917,True
2021-08-16,Alibaba,8.0,185.0,182.7100067138672,183.8999938964844,180.3999938964844,True,7.781660079956055,2021-08-13,False,0.0,0.0,185.4617056441799,-0.002492597081939607,True
2021-08-17,Alibaba,8.0,175.9199981689453,173.72999572753906,177.89999389648438,171.8000030517578,True,7.782199859619141,2021-08-16,False,0.0,0.0,176.608163399356,-0.0039041766278620216,True
2021-08-18,Alibaba,8.0,174.10000610351562,172.35000610351562,170.0,171.60000610351562,True,7.78400993347168,2021-08-17,False,0.0,0.0,176.36154893957774,-0.012906261447676926,True
2021-08-19,Alibaba,8.0,166.6999969482422,160.5500030517578,168.60000610351562,162.10000610351562,True,7.791800022125244,2021-08-18,False,0.0,0.0,166.43138236938705,0.0016126648748642225,True
2021-08-20,Alibaba,8.0,164.1199951171875,157.9600067138672,158.10000610351562,157.89999389648438,True,7.787899971008301,2021-08-19,False,0.0,0.0,162.20033075339157,0.011765656973165228,True
2021-08-23,Alibaba,8.0,159.27999877929688,161.05999755859375,155.89999389648438,152.10000610351562,True,7.789599895477295,2021-08-20,False,0.0,0.0,156.2082860680186,0.019473368282840298,True
2021-08-24,Alibaba,8.0,169.0399932861328,171.6999969482422,156.8000030517578,166.5,True,7.790709972381592,2021-08-23,False,0.0,0.0,170.9728644400829,-0.011369522835397383,True
2021-08-25,Alibaba,8.0,168.6999969482422,169.10000610351562,170.8000030517578,164.10000610351562,True,7.791600227355957,2021-08-24,False,0.0,0.0,168.48914350340297,0.0012506539922396698,True
2021-08-26,Alibaba,8.0,167.4600067138672,165.24000549316406,164.3000030517578,162.1999969482422,True,7.787799835205078,2021-08-25,False,0.0,0.0,166.61958486915418,0.005031277807678869,True
2021-08-27,Alibaba,8.0,159.99000549316406,159.47000122070312,160.6999969482422,155.89999389648438,True,7.78350019454956,2021-08-26,False,0.0,0.0,160.23638722913296,-0.0015387974894363055,True
2021-08-30,Alibaba,8.0,160.1699981689453,162.2899932861328,155.89999389648438,158.1999969482422,True,7.787179946899414,2021-08-27,False,0.0,0.0,162.52353024021946,-0.014587053017084628,True
2021-08-31,Alibaba,8.0,167.6999969482422,166.99000549316406,158.5,165.5,True,7.787399768829346,2021-08-30,False,0.0,0.0,170.01823963109993,-0.013729072611097237,True
2021-09-01,Alibaba,8.0,169.55999755859375,173.27999877929688,163.5,165.1999969482422,True,7.787089824676514,2021-08-31,False,0.0,0.0,169.71680118520254,-0.0009243404698109359,True
2021-09-02,Alibaba,8.0,178.00999450683594,172.0,170.0,171.0,True,7.777900218963623,2021-09-01,False,0.0,0.0,175.88294545931845,0.012021006475515073,True
2021-09-03,Alibaba,8.0,169.52499389648438,170.3000030517578,168.39999389648438,164.89999389648438,True,7.776700019836426,2021-09-02,False,0.0,0.0,169.63492841525638,-0.0006482754322663098,True
2021-09-07,Alibaba,8.0,174.14999389648438,175.16000366210938,168.39999389648438,170.0,True,7.770899772644043,2021-09-06,False,0.0,0.0,175.01190850351952,-0.004937058435306341,True
2021-09-08,Alibaba,8.0,174.25,170.7100067138672,170.0,170.89999389648438,True,7.77370023727417,2021-09-07,False,0.0,0.0,175.87505427804874,-0.009282774411064842,True
2021-09-09,Alibaba,8.0,167.3000030517578,167.32000732421875,165.0,161.0,True,7.774479866027832,2021-09-08,False,0.0,0.0,165.67024703841312,0.00978927713713329,True
2021-09-10,Alibaba,8.0,171.1999969482422,168.10000610351562,163.6999969482422,167.89999389648438,True,7.775489807128906,2021-09-09,False,0.0,0.0,172.7479534395854,-0.009001169746795767,True
2021-09-13,Alibaba,8.0,164.49000549316406,165.41000366210938,161.5,160.8000030517578,True,7.777239799499512,2021-09-10,False,0.0,0.0,165.40572974191255,-0.005551612239001358,True
2021-09-14,Alibaba,8.0,162.86000061035156,160.14999389648438,160.39999389648438,158.3000030517578,True,7.777910232543945,2021-09-13,False,0.0,0.0,162.82008747224344,0.0002451064082116261,True
2021-09-15,Alibaba,8.0,157.9499969482422,157.86000061035156,155.5,154.0,True,7.779339790344238,2021-09-14,False,0.0,0.0,158.3681948857878,-0.0026441614298349236,True
2021-09-16,Alibaba,8.0,154.9199981689453,156.25999450683594,153.60000610351562,151.5,True,7.779600143432617,2021-09-15,False,0.0,0.0,155.79206869946216,-0.005613382378234277,True
2021-09-17,Alibaba,8.0,158.47999572753906,160.0500030517578,150.60000610351562,154.89999389648438,True,7.781199932098389,2021-09-16,False,0.0,0.0,159.25563691790333,-0.004882315053255759,True
2021-09-20,Alibaba,8.0,154.39999389648438,151.49000549316406,154.1999969482422,151.5,True,7.782820224761963,2021-09-17,False,0.0,0.0,155.72761094286602,-0.00856179930886558,True
2021-09-21,Alibaba,8.0,151.5800018310547,150.17999267578125,146.0,148.6999969482422,True,7.781929969787598,2021-09-20,False,0.0,0.0,152.86695976504743,-0.008454448636764589,True
2021-09-23,Alibaba,8.0,152.5800018310547,151.19000244140625,148.0,148.39999389648438,True,7.786320209503174,2021-09-22,False,0.0,0.0,152.4725312122281,0.0007046040378737572,True
2021-09-24,Alibaba,8.0,147.7100067138672,145.0800018310547,146.6999969482422,144.3000030517578,True,7.785600185394287,2021-09-23,False,0.0,0.0,148.27373573327154,-0.003809193683299128,True
2021-09-27,Alibaba,8.0,144.9199981689453,150.17999267578125,142.1999969482422,141.89999389648438,True,7.784969806671143,2021-09-24,False,0.0,0.0,145.8194417400428,-0.006187302560708652,True
2021-09-28,Alibaba,8.0,152.16000366210938,152.38999938964844,145.39999389648438,150.89999389648438,True,7.785299777984619,2021-09-27,False,0.0,0.0,155.06146013614173,-0.018888932469948827,True
2021-09-29,Alibaba,8.0,150.4600067138672,147.5800018310547,148.3000030517578,148.3000030517578,True,7.782700061798096,2021-09-28,False,0.0,0.0,152.4406716169863,-0.013078169020840136,True
2021-09-30,Alibaba,8.0,147.02999877929688,148.0500030517578,144.89999389648438,142.1999969482422,True,7.782999992370605,2021-09-29,False,0.0,0.0,146.16471498150918,0.00590246869619282,True
2021-10-04,Alibaba,8.0,141.6999969482422,139.6300048828125,143.5,137.0,True,7.786139965057373,2021-10-01,False,0.0,0.0,140.76294607066237,0.006634883182253581,True
2021-10-05,Alibaba,8.0,139.3800048828125,143.13999938964844,132.0,135.3000030517578,True,7.785299777984619,2021-10-04,False,0.0,0.0,139.0312583049003,0.0025052633023792126,True
2021-10-06,Alibaba,8.0,140.55999755859375,144.10000610351562,138.60000610351562,137.3000030517578,True,7.787399768829346,2021-10-05,False,0.0,0.0,141.04836749368286,-0.0034684369165765006,True
2021-10-07,Alibaba,8.0,151.0500030517578,156.0,141.3000030517578,147.3000030517578,True,7.78508996963501,2021-10-06,False,0.0,0.0,151.36626924162698,-0.002091595817712566,True
2021-10-08,Alibaba,8.0,159.86000061035156,161.52000427246094,154.39999389648438,155.5,True,7.786280155181885,2021-10-07,False,0.0,0.0,159.76820448363904,0.0005743931716502004,True
2021-10-11,Alibaba,8.0,169.61000061035156,163.9499969482422,163.0,167.8000030517578,True,7.784860134124756,2021-10-08,False,0.0,0.0,172.4372694288601,-0.016531827365548146,True
2021-10-12,Alibaba,8.0,163.8249969482422,163.0,160.1999969482422,161.3000030517578,True,7.784299850463867,2021-10-11,False,0.0,0.0,165.769568131059,-0.011799913906195059,True
2021-10-15,Alibaba,8.0,166.99000549316406,168.0,161.3000030517578,161.8000030517578,True,7.778900146484375,2021-10-14,False,0.0,0.0,166.39884817123644,0.003546356964215569,True
2021-10-18,Alibaba,8.0,166.5800018310547,166.82000732421875,162.5,162.89999389648438,True,7.77934980392456,2021-10-15,False,0.0,0.0,167.52042060307292,-0.0056295723831656375,True
2021-10-19,Alibaba,8.0,170.60000610351562,177.0,162.6999969482422,164.8000030517578,True,7.77810001373291,2021-10-18,False,0.0,0.0,169.5015520610834,0.006459587353200291,True
2021-10-20,Alibaba,8.0,180.9499969482422,177.17999267578125,172.60000610351562,175.8000030517578,True,7.7771501541137695,2021-10-19,False,0.0,0.0,180.83745286441962,0.0006221558404595484,True
2021-10-21,Alibaba,8.0,177.0,177.4199981689453,173.0,173.89999389648438,True,7.774919986724853,2021-10-20,False,0.0,0.0,178.93431103435847,-0.010869028452534124,True
2021-10-22,Alibaba,8.0,179.0800018310547,177.6999969482422,172.60000610351562,174.39999389648438,True,7.77370023727417,2021-10-21,False,0.0,0.0,179.4769425867518,-0.0022141025242179424,True
2021-10-25,Alibaba,8.0,177.86000061035156,176.1699981689453,174.39999389648438,174.0,True,7.775109767913818,2021-10-22,False,0.0,0.0,179.0328421785735,-0.006572537465936001,True
2021-10-26,Alibaba,8.0,174.47999572753906,169.99000549316406,173.0,169.5,True,7.7725701332092285,2021-10-25,False,0.0,0.0,174.45966736360847,0.0001165150660922265,True
2021-10-27,Alibaba,8.0,167.52999877929688,169.22999572753906,165.3000030517578,164.5,True,7.774250030517578,2021-10-26,False,0.0,0.0,169.27677844603437,-0.010372685150893624,True
2021-10-28,Alibaba,8.0,168.49000549316406,169.7899932861328,166.89999389648438,165.1999969482422,True,7.776000022888184,2021-10-27,False,0.0,0.0,169.95884409669344,-0.008679880739417278,True
2021-10-29,Alibaba,8.0,167.07000732421875,164.94000244140625,165.0,163.0,True,7.778299808502197,2021-10-28,False,0.0,0.0,167.6458907606829,-0.0034410316808823893,True
2021-11-01,Alibaba,8.0,165.83999633789062,170.1699981689453,161.10000610351562,159.5,True,7.777999877929688,2021-10-29,False,0.0,0.0,164.0524582188139,0.010837202179853733,True
2021-11-02,Alibaba,8.0,167.10000610351562,162.89999389648438,166.1999969482422,161.60000610351562,True,7.7802300453186035,2021-11-01,False,0.0,0.0,166.16475879219126,0.0056126531515339195,True
2021-11-03,Alibaba,8.0,165.36000061035156,166.24000549316406,159.89999389648438,160.60000610351562,True,7.782310009002685,2021-11-02,False,0.0,0.0,165.09237582952238,0.0016197483112314615,True
2021-11-04,Alibaba,8.0,169.27999877929688,164.7899932861328,162.89999389648438,165.60000610351562,True,7.781280040740967,2021-11-03,False,0.0,0.0,170.25477066649458,-0.005741824714184496,True
2021-11-05,Alibaba,8.0,164.7949981689453,158.72999572753906,162.0,159.89999389648438,True,7.783199787139893,2021-11-04,False,0.0,0.0,164.35399143749143,0.002679680079682889,True
2021-11-08,Alibaba,8.0,161.76499938964844,162.16000366210938,156.10000610351562,157.3000030517578,True,7.782999992370605,2021-11-05,False,0.0,0.0,161.68572859406743,0.0004901568635338194,True
2021-11-09,Alibaba,8.0,162.16000366210938,160.19000244140625,160.3000030517578,157.10000610351562,True,7.783740043640137,2021-11-08,False,0.0,0.0,161.46480249620092,0.00429634701697168,True
2021-11-10,Alibaba,8.0,163.67999267578125,163.97000122070312,157.60000610351562,161.1999969482422,True,7.788380146026611,2021-11-09,False,0.0,0.0,165.57999884531205,-0.011541197280931392,True
2021-11-11,Alibaba,8.0,166.55999755859375,167.85000610351562,158.0,163.1999969482422,True,7.789999961853027,2021-11-10,False,0.0,0.0,167.59948420787555,-0.006221520315764728,True
2021-11-12,Alibaba,8.0,165.1739959716797,166.80999755859375,164.8000030517578,162.39999389648438,True,7.790890216827393,2021-11-11,False,0.0,0.0,166.75885746223946,-0.009549362275016904,True
2021-11-15,Alibaba,8.0,167.22000122070312,166.5399932861328,163.3000030517578,161.5,True,7.791699886322021,2021-11-12,False,0.0,0.0,165.81747485783532,0.008422683662079322,True
2021-11-16,Alibaba,8.0,168.60000610351562,168.42999267578125,162.0,165.1999969482422,True,7.791749954223633,2021-11-15,False,0.0,0.0,169.61529609526866,-0.006003826763054221,True
2021-11-17,Alibaba,8.0,168.02000427246094,161.5800018310547,164.89999389648438,164.8000030517578,True,7.788859844207764,2021-11-16,False,0.0,0.0,169.26739609963573,-0.007396644599811708,True
2021-11-18,Alibaba,8.0,146.91000366210938,143.60000610351562,158.1999969482422,156.0,True,7.787300109863281,2021-11-17,False,0.0,0.0,160.26093541962013,-0.08698315391066735,True
2021-11-19,Alibaba,8.0,143.0399932861328,140.33999633789062,140.0,139.3000030517578,True,7.788899898529053,2021-11-18,False,0.0,0.0,143.07540717329272,-0.0002475496759970497,True
2021-11-22,Alibaba,8.0,139.89999389648438,136.6199951171875,139.0,137.10000610351562,True,7.788909912109375,2021-11-19,False,0.0,0.0,140.81560336484776,-0.0065234188928116055,True
2021-11-23,Alibaba,8.0,136.03199768066406,133.66000366210938,133.0,133.0,True,7.790939807891846,2021-11-22,False,0.0,0.0,136.56888979198882,-0.0039390393076494945,True
2021-11-24,Alibaba,8.0,133.10000610351562,136.52000427246094,131.0,131.8000030517578,True,7.79040002822876,2021-11-23,False,0.0,0.0,135.34606959763437,-0.01673420557519023,True
2021-11-26,Alibaba,8.0,132.92999267578125,133.35000610351562,133.1999969482422,129.10000610351562,True,7.798389911651611,2021-11-25,False,0.0,0.0,132.437600649464,0.0037110227758878622,True
2021-11-29,Alibaba,8.0,134.25,131.61000061035156,133.0,130.0,True,7.796299934387207,2021-11-26,False,0.0,0.0,133.39661233566235,0.006376995015043185,True
2021-11-30,Alibaba,8.0,129.9010009765625,127.52999877929688,129.5,127.3000030517578,True,7.797920227050781,2021-11-29,False,0.0,0.0,130.59892827336952,-0.00535838123824206,True
2021-12-01,Alibaba,8.0,128.3699951171875,122.48999786376952,125.0,125.6999969482422,True,7.799530029296875,2021-11-30,False,0.0,0.0,128.93084221852686,-0.004359472712084589,True
2021-12-02,Alibaba,8.0,123.0199966430664,122.0,120.3000030517578,122.5999984741211,True,7.797399997711182,2021-12-01,False,0.0,0.0,125.78551672106971,-0.02223129174266525,True
2021-12-03,Alibaba,8.0,118.0,111.95999908447266,120.5,119.4000015258789,True,7.793489933013916,2021-12-02,False,0.0,0.0,122.56383474118817,-0.037947369721765156,True
2021-12-06,Alibaba,8.0,113.63999938964844,123.5999984741211,109.9000015258789,112.6999969482422,True,7.791699886322021,2021-12-03,False,0.0,0.0,115.71287251048464,-0.01807633404917297,True
2021-12-07,Alibaba,8.0,129.3000030517578,125.54000091552734,122.0,126.5,True,7.795400142669678,2021-12-06,False,0.0,0.0,129.8201479691358,-0.004014706027022363,True
2021-12-08,Alibaba,8.0,123.20999908447266,125.08000183105467,122.6999969482422,120.5999984741211,True,7.801539897918701,2021-12-07,False,0.0,0.0,123.66789126469232,-0.003709467094256347,True
2021-12-09,Alibaba,8.0,124.62999725341795,123.91000366210938,122.5999984741211,123.4000015258789,True,7.798500061035156,2021-12-08,False,0.0,0.0,126.58844707067841,-0.01559192437976531,True
2021-12-10,Alibaba,8.0,123.22000122070312,125.05999755859376,122.3000030517578,121.1999969482422,True,7.797800064086914,2021-12-09,False,0.0,0.0,124.34275919069403,-0.009070553794269465,True
2021-12-13,Alibaba,8.0,123.0,122.23999786376952,124.8000030517578,121.0999984741211,True,7.796750068664551,2021-12-10,False,0.0,0.0,124.256899254295,-0.010166835260288387,True
2021-12-14,Alibaba,8.0,120.93000030517578,126.58000183105467,121.0,118.6999969482422,True,7.79863977432251,2021-12-13,False,0.0,0.0,121.76482092589436,-0.006879618684025424,True
2021-12-15,Alibaba,8.0,122.62999725341795,122.47000122070312,122.1999969482422,121.0,True,7.801499843597412,2021-12-14,False,0.0,0.0,124.07870530106142,-0.01174441504861079,True
2021-12-16,Alibaba,8.0,122.31999969482422,120.25,119.4000015258789,120.6999969482422,True,7.800899982452393,2021-12-15,False,0.0,0.0,123.78058656795892,-0.011869975968381574,True
2021-12-17,Alibaba,8.0,119.48999786376952,122.0999984741211,118.0,117.0,True,7.802800178527832,2021-12-16,False,0.0,0.0,119.95693579027379,-0.0039001419752207056,True
2021-12-20,Alibaba,8.0,118.5,115.0,118.1999969482422,114.5,True,7.803249835968018,2021-12-17,False,0.0,0.0,117.38698865924076,0.009436888460835569,True
2021-12-21,Alibaba,8.0,116.8499984741211,122.9800033569336,112.5999984741211,113.9000015258789,True,7.802169799804688,2021-12-20,False,0.0,0.0,116.78802635516101,0.0005304968697519286,True
2021-12-22,Alibaba,8.0,117.08999633789062,117.80999755859376,119.9000015258789,114.9000015258789,True,7.800899982452393,2021-12-21,False,0.0,0.0,117.83255961167438,-0.006321791824790424,True
2021-12-23,Alibaba,8.0,116.8000030517578,118.66000366210938,114.9000015258789,113.3000030517578,True,7.801080226898193,2021-12-22,False,0.0,0.0,116.18904024198945,0.005244574607774943,True
2021-12-28,Alibaba,8.0,116.26000213623048,114.8000030517578,113.3000030517578,113.5,True,7.799349784851074,2021-12-27,False,0.0,0.0,116.41996128493139,-0.0013749286491906432,True
2021-12-29,Alibaba,8.0,113.8000030517578,112.08999633789062,112.3000030517578,110.5999984741211,True,7.798500061035156,2021-12-28,False,0.0,0.0,113.45771377419497,0.003012346873653371,True
2021-12-30,Alibaba,8.0,112.62999725341795,122.98999786376952,110.0,109.9000015258789,True,7.797999858856201,2021-12-29,False,0.0,0.0,112.74686177488479,-0.0010370588395325342,True
2021-12-31,Alibaba,8.0,121.2300033569336,118.79000091552734,119.5,118.9000015258789,True,7.7965497970581055,2021-12-30,False,0.0,0.0,122.00268541425211,-0.006353460634125341,True
2022-01-03,Alibaba,8.0,119.37999725341795,120.37999725341795,117.0,115.0,True,7.797560214996338,2021-12-31,False,0.0,0.0,117.98562301970401,0.01174888150680431,True
2022-01-04,Alibaba,8.0,119.52999877929688,119.55999755859376,118.4000015258789,116.9000015258789,True,7.795919895172119,2022-01-03,False,0.0,0.0,119.96018748040045,-0.003592541059845189,True
2022-01-05,Alibaba,8.0,118.0,121.16000366210938,119.0,114.5,True,7.797699928283691,2022-01-04,False,0.0,0.0,117.470537264136,0.004497069011862642,True
2022-01-06,Alibaba,8.0,124.26000213623048,126.62999725341795,117.5,121.0,True,7.793499946594238,2022-01-05,False,0.0,0.0,124.20607001133249,0.00043412064495473857,True
2022-01-07,Alibaba,8.0,130.24000549316406,129.80999755859375,126.5,128.8000030517578,True,7.795199871063232,2022-01-06,False,0.0,0.0,132.18391336430483,-0.014815291499591154,True
2022-01-10,Alibaba,8.0,131.99000549316406,128.3000030517578,128.8000030517578,127.5999984741211,True,7.800620079040527,2022-01-07,False,0.0,0.0,130.86139017791092,0.00858753097535736,True
2022-01-11,Alibaba,8.0,129.2100067138672,132.19000244140625,125.0,125.5999984741211,True,7.79817008972168,2022-01-10,False,0.0,0.0,128.85074013932294,0.0027843584197198012,True
2022-01-12,Alibaba,8.0,136.02000427246094,137.41000366210938,128.60000610351562,133.0,True,7.795499801635742,2022-01-11,False,0.0,0.0,136.48900353723815,-0.003442086055089,True
2022-01-13,Alibaba,8.0,135.1999969482422,131.3699951171875,135.0,132.1999969482422,True,7.796000003814697,2022-01-12,False,0.0,0.0,135.6593092699382,-0.003391522841701189,True
2022-01-14,Alibaba,8.0,132.80999755859375,131.57000732421875,126.9000015258789,129.3000030517578,True,7.791790008544922,2022-01-13,False,0.0,0.0,132.7551208746232,0.0004132823246925099,True
2022-01-18,Alibaba,8.0,126.2699966430664,128.60000610351562,129.1999969482422,126.4000015258789,True,7.784180164337158,2022-01-17,False,0.0,0.0,129.90449743696772,-0.028377100513511166,True
2022-01-19,Alibaba,8.0,128.10000610351562,127.73999786376952,126.1999969482422,124.1999969482422,True,7.789899826049805,2022-01-18,False,0.0,0.0,127.5497757061382,0.004304570440849531,True
2022-01-20,Alibaba,8.0,135.77000427246094,131.02999877929688,125.0,131.5,True,7.792449951171875,2022-01-19,False,0.0,0.0,135.00247118581672,0.005669225729544536,True
2022-01-21,Alibaba,8.0,128.22999572753906,123.2300033569336,126.0999984741211,127.0999984741211,True,7.791319847106934,2022-01-20,False,0.0,0.0,130.50420310629733,-0.017579940802888494,True
2022-01-24,Alibaba,8.0,119.31999969482422,120.37000274658205,122.0,119.0999984741211,True,7.786019802093506,2022-01-21,False,0.0,0.0,122.37317808218003,-0.025266255660567616,True
2022-01-25,Alibaba,8.0,119.91000366210938,119.13999938964844,116.4000015258789,116.8000030517578,True,7.787059783935547,2022-01-24,False,0.0,0.0,119.99394512697842,-0.000699792302030211,True
2022-01-26,Alibaba,8.0,120.93000030517578,113.37000274658205,116.3000030517578,116.9000015258789,True,7.786190032958984,2022-01-25,False,0.0,0.0,120.11009341517797,0.006803101007779588,True
2022-01-27,Alibaba,8.0,113.11000061035156,111.79000091552734,110.5,108.5,True,7.785369873046875,2022-01-26,False,0.0,0.0,111.49117051009169,0.014415402425058232,True
2022-01-28,Alibaba,8.0,113.25,115.2300033569336,110.0,110.0,True,7.786489963531494,2022-01-27,False,0.0,0.0,113.01626331267802,0.0020660328856969556,True
2022-01-31,Alibaba,8.0,118.16999816894533,125.79000091552734,114.6999969482422,114.6999969482422,False,7.789400100708008,2022-01-28,False,0.0,0.0,117.80110967756471,0.0031265589694342566,True
2022-02-04,Alibaba,8.0,121.2699966430664,122.22000122070312,120.0,120.4000015258789,True,7.795499801635742,2022-02-03,False,0.0,0.0,123.55846792593356,-0.018695031552280028,True
2022-02-07,Alibaba,8.0,116.0999984741211,114.81999969482422,117.4000015258789,115.0,True,7.7930498123168945,2022-02-04,False,0.0,0.0,118.05390985002335,-0.016689507710221818,True
2022-02-08,Alibaba,8.0,118.16000366210938,121.9000015258789,112.5999984741211,111.1999969482422,True,7.787899971008301,2022-02-07,False,0.0,0.0,114.22847993651888,0.03383901660125144,True
2022-02-09,Alibaba,8.0,123.08999633789062,126.5,118.0,118.8000030517578,True,7.791989803314209,2022-02-08,False,0.0,0.0,121.97141531291835,0.009129048803954376,True
2022-02-10,Alibaba,8.0,124.11000061035156,123.9800033569336,123.0,122.1999969482422,True,7.793300151824951,2022-02-09,False,0.0,0.0,125.44107843158251,-0.010667879696434568,True
2022-02-11,Alibaba,8.0,125.33499908447266,122.25,120.4000015258789,122.4000015258789,True,7.791130065917969,2022-02-10,False,0.0,0.0,125.68138433351385,-0.002759863433518639,True
2022-02-14,Alibaba,8.0,120.55999755859376,121.91999816894533,119.0,118.6999969482422,True,7.79656982421875,2022-02-11,False,0.0,0.0,121.79714887387566,-0.010209412673665597,True
2022-02-15,Alibaba,8.0,123.7699966430664,126.23999786376952,118.0,118.4000015258789,True,7.800829887390137,2022-02-14,False,0.0,0.0,121.42298010345776,0.01914482426750652,True
2022-02-16,Alibaba,8.0,125.61000061035156,125.55999755859376,122.4000015258789,122.5,True,7.802599906921387,2022-02-15,False,0.0,0.0,125.59916075290234,8.63014501311099e-05,True
2022-02-17,Alibaba,8.0,125.0,124.43000030517578,122.0,123.0,True,7.801259994506836,2022-02-16,False,0.0,0.0,126.13347083584856,-0.009026901342937599,True
2022-02-18,Alibaba,8.0,120.87999725341795,118.98999786376952,122.5999984741211,119.5,True,7.799499988555908,2022-02-17,False,0.0,0.0,122.57195992085708,-0.013899990198974699,True
2022-02-22,Alibaba,8.0,114.0,112.93000030517578,109.0,111.4000015258789,True,7.799739837646484,2022-02-21,False,0.0,0.0,114.26022287378555,-0.002280055484423116,True
2022-02-23,Alibaba,8.0,115.0999984741211,109.72000122070312,110.0,112.4000015258789,True,7.800899982452393,2022-02-22,False,0.0,0.0,115.26875286565935,-0.001465080838805477,True
2022-02-24,Alibaba,8.0,100.0739974975586,108.93000030517578,107.5,104.9000015258789,True,7.801599979400635,2022-02-23,False,0.0,0.0,107.5676802736435,-0.07221034608658172,True
2022-02-25,Alibaba,8.0,107.88999938964844,107.94000244140624,107.4000015258789,105.3000030517578,True,7.805069923400879,2022-02-24,False,0.0,0.0,107.9298497875604,-0.0003692931722145687,True
2022-02-28,Alibaba,8.0,105.97000122070312,105.19000244140624,103.3000030517578,104.1999969482422,True,7.807499885559082,2022-02-25,False,0.0,0.0,106.76913068263784,-0.007512799488249122,True
2022-03-01,Alibaba,8.0,105.8499984741211,107.08999633789062,102.1999969482422,103.8000030517578,True,7.807479858398437,2022-02-28,False,0.0,0.0,106.35954744357214,-0.004802328250884891,True
2022-03-02,Alibaba,8.0,107.38999938964844,105.41999816894533,103.9000015258789,103.9000015258789,True,7.813260078430176,2022-03-01,False,0.0,0.0,106.38325153180287,0.009418908084783517,True
2022-03-03,Alibaba,8.0,106.02999877929688,102.0500030517578,103.5,104.4000015258789,True,7.815899848937988,2022-03-02,False,0.0,0.0,106.85909854903231,-0.007789069256234349,True
2022-03-04,Alibaba,8.0,100.29000091552734,100.5999984741211,98.1999969482422,99.0,True,7.813720226287842,2022-03-03,False,0.0,0.0,101.36016866018058,-0.010614201754371777,True
2022-03-07,Alibaba,8.0,99.55999755859376,98.66000366210938,96.25,96.0,True,7.8155999183654785,2022-03-04,False,0.0,0.0,98.26500947103447,0.013092445742904246,True
2022-03-08,Alibaba,8.0,99.31999969482422,97.5,97.5500030517578,96.9000015258789,True,7.814599990844727,2022-03-07,False,0.0,0.0,99.19893700448195,0.001219659014525476,True
2022-03-09,Alibaba,8.0,100.26000213623048,100.93000030517578,96.9000015258789,96.25,True,7.818299770355225,2022-03-08,False,0.0,0.0,98.48688623063823,0.01784342854176657,True
2022-03-10,Alibaba,8.0,95.19000244140624,92.91999816894533,99.6999969482422,96.0999984741211,True,7.818600177764893,2022-03-09,False,0.0,0.0,98.32962043248335,-0.03245038873418782,True
2022-03-11,Alibaba,8.0,93.26000213623048,86.70999908447266,90.5500030517578,90.8000030517578,True,7.819069862365723,2022-03-10,False,0.0,0.0,92.90107867053693,0.0038560574410011483,True
2022-03-14,Alibaba,8.0,80.69999694824219,77.76000213623047,86.1500015258789,80.9000015258789,True,7.822770118713379,2022-03-11,False,0.0,0.0,82.73284301922924,-0.024878120185400476,True
2022-03-15,Alibaba,8.0,75.0999984741211,76.76000213623047,73.80000305175781,71.25,True,7.828020095825195,2022-03-14,False,0.0,0.0,72.81534705103655,0.030893794326420476,True
2022-03-16,Alibaba,8.0,92.0,104.9800033569336,74.5,90.6999969482422,True,7.828949928283691,2022-03-15,False,0.0,0.0,92.68164724934036,-0.0073818958718661065,True
2022-03-17,Alibaba,8.0,99.13999938964844,100.37000274658205,104.0,102.0,True,7.826700210571289,2022-03-16,False,0.0,0.0,104.25849694585891,-0.050340376397418396,True
2022-03-18,Alibaba,8.0,100.5,108.3000030517578,97.1500015258789,98.3499984741211,True,7.820419788360596,2022-03-17,False,0.0,0.0,100.60840838288384,-0.0010781090085290046,True
2022-03-21,Alibaba,8.0,102.80999755859376,103.58999633789062,104.8000030517578,99.0999984741211,True,7.818270206451416,2022-03-18,False,0.0,0.0,101.40350318651977,0.013774962057010676,True
2022-03-22,Alibaba,8.0,114.01000213623048,114.98999786376952,102.3000030517578,110.1999969482422,True,7.823939800262451,2022-03-21,False,0.0,0.0,112.67980047039276,0.011736010339531866,True
2022-03-23,Alibaba,8.0,115.6999969482422,117.23999786376952,114.5999984741211,117.5999984741211,True,7.825029850006104,2022-03-22,False,0.0,0.0,120.22957174945918,-0.038402405229836845,True
2022-03-24,Alibaba,8.0,112.86000061035156,115.1500015258789,116.4000015258789,113.8000030517578,True,7.826670169830322,2022-03-23,False,0.0,0.0,116.32022362759147,-0.030198818354884693,True
2022-03-25,Alibaba,8.0,110.52999877929688,112.98999786376952,111.4000015258789,107.4000015258789,True,7.823659896850586,2022-03-24,False,0.0,0.0,109.8207263013698,0.006437690888000169,True
2022-03-28,Alibaba,8.0,113.86000061035156,115.08999633789062,107.4000015258789,111.0999984741211,True,7.823400020599365,2022-03-25,False,0.0,0.0,113.60789240646244,0.0022166496007329783,True
2022-03-29,Alibaba,8.0,118.36000061035156,116.70999908447266,112.6999969482422,113.5,True,7.828410148620605,2022-03-28,False,0.0,0.0,115.9877909769448,0.020245897320325668,True
2022-03-30,Alibaba,8.0,115.54000091552734,116.58000183105467,115.0,113.9000015258789,True,7.828800201416016,2022-03-29,False,0.0,0.0,116.3907608783042,-0.007336359972313744,True
2022-03-31,Alibaba,8.0,115.02999877929688,108.8000030517578,114.9000015258789,112.0999984741211,True,7.827199935913086,2022-03-30,False,0.0,0.0,114.57481540470604,0.003964934032635092,True
2022-04-01,Alibaba,8.0,117.62000274658205,110.1999969482422,106.8000030517578,109.6999969482422,True,7.82705020904541,2022-03-31,False,0.0,0.0,112.12397418528506,0.04785394089520434,True
2022-04-04,Alibaba,8.0,115.6999969482422,117.5,110.5999984741211,113.6999969482422,True,7.833479881286621,2022-04-01,False,0.0,0.0,116.11697347418719,-0.0035974672163670007,True
2022-04-06,Alibaba,8.0,109.23999786376952,107.68000030517578,109.0999984741211,107.5999984741211,True,7.834459781646728,2022-04-05,False,0.0,0.0,109.8735601157221,-0.005782974120524642,True
2022-04-07,Alibaba,8.0,106.68000030517578,104.2699966430664,106.4000015258789,105.1999969482422,True,7.833759784698486,2022-04-06,False,0.0,0.0,107.43244606884892,-0.007028539199886552,True
2022-04-08,Alibaba,8.0,104.4800033569336,103.52999877929688,102.8000030517578,103.8000030517578,True,7.837110042572021,2022-04-07,False,0.0,0.0,105.95742817227786,-0.014041694766463664,True
2022-04-11,Alibaba,8.0,101.08999633789062,101.5500030517578,102.8000030517578,98.5,True,7.836470127105713,2022-04-08,False,0.0,0.0,100.5554780684191,0.005301577166634708,True
2022-04-12,Alibaba,8.0,101.18000030517578,99.75,98.5,99.0,True,7.838860034942627,2022-04-11,False,0.0,0.0,101.03509904113203,0.00143314014940632,True
2022-04-13,Alibaba,8.0,99.23999786376952,100.02999877929688,98.4000015258789,98.5,True,7.837800025939941,2022-04-12,False,0.0,0.0,100.53841605961358,-0.012998766512150262,True
2022-04-14,Alibaba,8.0,97.29000091552734,95.48999786376952,97.6500015258789,95.5,True,7.837430000305176,2022-04-13,False,0.0,0.0,97.48093443517214,-0.001960596230257572,True
2022-04-19,Alibaba,8.0,92.29000091552734,93.5,92.5500030517578,91.5,True,7.843599796295166,2022-04-18,False,0.0,0.0,93.32449627857757,-0.011146824091322394,True
2022-04-20,Alibaba,8.0,93.4800033569336,89.41000366210938,91.0999984741211,90.6999969482422,True,7.84149980545044,2022-04-19,False,0.0,0.0,92.53331551211546,0.010178798209262041,True
2022-04-21,Alibaba,8.0,89.55000305175781,85.98999786376953,88.75,87.9000015258789,True,7.841899871826172,2022-04-20,False,0.0,0.0,89.67214880330708,-0.0013630655496177368,True
2022-04-22,Alibaba,8.0,86.5,86.48999786376953,83.5,86.6500015258789,True,7.843900203704834,2022-04-21,False,0.0,0.0,88.37440485023238,-0.02143797588827656,True
2022-04-25,Alibaba,8.0,82.69999694824219,85.83999633789062,84.80000305175781,81.8499984741211,True,7.844600200653076,2022-04-22,False,0.0,0.0,83.47142888664429,-0.009284839153309576,True
2022-04-26,Alibaba,8.0,85.87000274658203,83.98999786376953,84.5,84.9000015258789,True,7.846290111541748,2022-04-25,False,0.0,0.0,86.56320408137096,-0.008040273470846238,True
2022-04-27,Alibaba,8.0,85.31999969482422,88.31999969482422,84.3499984741211,84.55000305175781,True,7.847109794616699,2022-04-26,False,0.0,0.0,86.1973442601872,-0.010230478122174702,True
2022-04-28,Alibaba,8.0,88.62000274658203,90.91000366210938,88.0,88.25,True,7.845600128173828,2022-04-27,False,0.0,0.0,89.98674269221662,-0.01530475929609132,True
2022-04-29,Alibaba,8.0,101.52999877929688,97.08999633789062,88.25,102.0999984741211,True,7.84630012512207,2022-04-28,False,0.0,0.0,104.10001845044911,-0.02499784356859802,True
2022-05-03,Alibaba,8.0,100.12999725341795,100.37999725341795,100.0,100.3000030517578,True,7.847000122070312,2022-05-02,False,0.0,0.0,102.25564061828527,-0.021006644082835813,True
2022-05-04,Alibaba,8.0,97.72000122070312,101.41000366210938,98.5,96.5500030517578,True,7.847499847412109,2022-05-03,False,0.0,0.0,98.42625542309233,-0.007201332991198406,True
2022-05-05,Alibaba,8.0,97.94000244140624,94.63999938964844,99.5,96.6999969482422,True,7.847259998321533,2022-05-04,False,0.0,0.0,98.5821771868658,-0.006535415314119497,True
2022-05-06,Alibaba,8.0,93.36000061035156,90.05000305175781,92.0500030517578,90.3499984741211,True,7.848000049591064,2022-05-05,False,0.0,0.0,92.09989592579473,0.013589181268377715,True
2022-05-10,Alibaba,8.0,88.63999938964844,84.56999969482422,83.5,86.0,True,7.849649906158447,2022-05-09,False,0.0,0.0,87.64722098755375,0.011263311038094415,True
2022-05-11,Alibaba,8.0,85.51000213623047,81.7300033569336,83.69999694824219,85.6500015258789,True,7.849400043487549,2022-05-10,False,0.0,0.0,87.29329737443113,-0.020640329822776415,True
2022-05-12,Alibaba,8.0,80.68000030517578,81.08999633789062,81.8499984741211,80.0,True,7.849649906158447,2022-05-11,False,0.0,0.0,81.53229859307326,-0.010508526626961334,True
2022-05-13,Alibaba,8.0,82.12000274658203,87.98999786376953,82.19999694824219,82.19999694824219,True,7.849760055541992,2022-05-12,False,0.0,0.0,83.77325815477211,-0.019932215865104297,True
2022-05-16,Alibaba,8.0,87.69999694824219,86.4800033569336,86.0,84.5999984741211,True,7.84984016418457,2022-05-13,False,0.0,0.0,86.21831446720593,0.017039244661473774,True
2022-05-17,Alibaba,8.0,92.75,91.98999786376952,87.5,90.5500030517578,True,7.849730014801025,2022-05-16,False,0.0,0.0,92.28343179296269,0.005043079959711427,True
2022-05-18,Alibaba,8.0,90.0,87.30999755859375,90.5500030517578,90.0,True,7.849999904632568,2022-05-17,False,0.0,0.0,91.71974633720721,-0.01892802203423649,True
2022-05-19,Alibaba,8.0,86.18000030517578,87.69000244140625,85.0,83.3499984741211,True,7.849380016326904,2022-05-18,False,0.0,0.0,84.949382805522,0.014382553022549871,True
2022-05-20,Alibaba,8.0,88.69999694824219,86.79000091552734,86.30000305175781,88.05000305175781,True,7.848800182342529,2022-05-19,False,0.0,0.0,89.74620426683221,-0.01172587927233426,True
2022-05-23,Alibaba,8.0,87.05999755859375,87.2300033569336,86.19999694824219,85.0999984741211,True,7.847899913787842,2022-05-20,False,0.0,0.0,86.74932087205684,0.0035749178492112677,True
2022-05-24,Alibaba,8.0,84.98999786376953,82.47000122070312,84.80000305175781,83.5999984741211,True,7.84827995300293,2022-05-23,False,0.0,0.0,85.21612274254701,-0.0026570726247614473,True
2022-05-25,Alibaba,8.0,83.72000122070312,82.30999755859375,82.0,82.3499984741211,True,7.849100112915039,2022-05-24,False,0.0,0.0,83.93318702980592,-0.0025431776899704772,True
2022-05-26,Alibaba,8.0,87.30000305175781,94.4800033569336,82.0,81.0999984741211,True,7.84906005859375,2022-05-25,False,0.0,0.0,82.65957744616988,0.054619800682691455,True
2022-05-27,Alibaba,8.0,92.20999908447266,93.41000366210938,91.0,91.0,True,7.8495001792907715,2022-05-26,False,0.0,0.0,92.74475869440354,-0.005782615235078836,True
2022-05-31,Alibaba,8.0,98.33000183105467,96.0500030517578,94.5999984741211,96.25,True,7.84906005859375,2022-05-30,False,0.0,0.0,98.10091835861866,0.002332459432283329,True
2022-06-01,Alibaba,8.0,95.9000015258789,93.37999725341795,96.0,94.5999984741211,True,7.848189830780029,2022-05-31,False,0.0,0.0,96.42987798598529,-0.00551009340917652,True
2022-06-02,Alibaba,8.0,93.66999816894533,97.5,91.75,92.3000030517578,True,7.847219944000244,2022-06-01,False,0.0,0.0,94.09702158005926,-0.004548446770748171,True
2022-06-06,Alibaba,8.0,99.63999938964844,99.01000213623048,92.8499984741211,96.9499969482422,True,7.844759941101074,2022-06-03,False,0.0,0.0,98.86854172838794,0.007772577852305673,True
2022-06-07,Alibaba,8.0,99.98999786376952,104.31999969482422,96.9499969482422,98.8000030517578,True,7.845729827880859,2022-06-06,False,0.0,0.0,100.74270230479634,-0.007499604880736754,True
2022-06-08,Alibaba,8.0,108.26000213623048,119.62000274658205,103.4000015258789,108.8000030517578,True,7.845600128173828,2022-06-07,False,0.0,0.0,110.94116577372138,-0.02446426161667592,True
2022-06-09,Alibaba,8.0,115.0,109.9000015258789,116.1999969482422,111.3000030517578,True,7.845359802246094,2022-06-08,False,0.0,0.0,113.49384181961223,0.01318355000968996,True
2022-06-10,Alibaba,8.0,113.66000366210938,109.83999633789062,107.5999984741211,112.8000030517578,True,7.847839832305908,2022-06-09,False,0.0,0.0,114.98705933055629,-0.011608026382333492,True
2022-06-13,Alibaba,8.0,103.61000061035156,98.5199966430664,106.1999969482422,103.8000030517578,True,7.848800182342529,2022-06-10,False,0.0,0.0,105.7996133322665,-0.020913008558529178,True
2022-06-14,Alibaba,8.0,101.98999786376952,105.2300033569336,98.25,101.1999969482422,True,7.849309921264648,2022-06-13,False,0.0,0.0,103.14282194319297,-0.011239900249536028,True
2022-06-15,Alibaba,8.0,106.80999755859376,108.02999877929688,105.0,105.5999984741211,True,7.849800109863281,2022-06-14,False,0.0,0.0,107.62057325911736,-0.007560298499823759,True
2022-06-16,Alibaba,8.0,102.79000091552734,101.4499969482422,108.8000030517578,102.4000015258789,True,7.849899768829346,2022-06-15,False,0.0,0.0,104.35802192786448,-0.015139424843991556,True
2022-06-17,Alibaba,8.0,112.54000091552734,102.23999786376952,100.0999984741211,104.5,True,7.848599910736084,2022-06-16,False,0.0,0.0,106.5158129485537,0.055015269622431084,True
2022-06-21,Alibaba,8.0,105.95999908447266,106.38999938964844,104.5,105.8000030517578,True,7.849679946899414,2022-06-20,False,0.0,0.0,107.82605534743952,-0.01745767431753098,True
2022-06-22,Alibaba,8.0,104.2300033569336,105.1500015258789,104.8000030517578,101.5,True,7.849699974060059,2022-06-21,False,0.0,0.0,103.44344404032216,0.007574998995491633,True
2022-06-23,Alibaba,8.0,109.95999908447266,112.11000061035156,104.9000015258789,108.0,True,7.849730014801025,2022-06-22,False,0.0,0.0,110.06747982043821,-0.0009769756491282422,True
2022-06-24,Alibaba,8.0,115.3000030517578,117.62000274658205,112.5999984741211,113.9000015258789,True,7.8495001792907715,2022-06-23,False,0.0,0.0,116.08382589900918,-0.006775113447357484,True
2022-06-27,Alibaba,8.0,119.97000122070312,118.7300033569336,117.3000030517578,118.0999984741211,True,7.849400043487549,2022-06-24,False,0.0,0.0,120.36588561655049,-0.0032944289686414052,True
2022-06-28,Alibaba,8.0,118.9800033569336,116.76000213623048,117.5999984741211,118.0999984741211,True,7.849090099334717,2022-06-27,False,0.0,0.0,120.37063861364635,-0.01162019782554502,True
2022-06-29,Alibaba,8.0,115.80999755859376,116.02999877929688,114.5,114.5,True,7.84660005569458,2022-06-28,False,0.0,0.0,116.73845914132242,-0.007985144509846442,True
2022-06-30,Alibaba,8.0,113.7699966430664,113.68000030517578,113.5999984741211,111.9000015258789,True,7.845799922943115,2022-06-29,False,0.0,0.0,114.09926597659451,-0.0028899866433471644,True
2022-07-05,Alibaba,8.0,114.51000213623048,120.12999725341795,116.3000030517578,115.1999969482422,True,7.846799850463867,2022-07-04,False,0.0,0.0,117.44915037325144,-0.02534330305388366,True
2022-07-06,Alibaba,8.0,118.93000030517578,119.12000274658205,119.0,117.0,True,7.84600019454956,2022-07-05,False,0.0,0.0,119.2964538351934,-0.0030765165890480617,True
2022-07-07,Alibaba,8.0,120.62999725341795,122.38999938964844,115.3000030517578,116.6999969482422,True,7.846620082855225,2022-07-06,False,0.0,0.0,118.98116204527895,0.013762808368733559,True
2022-07-08,Alibaba,8.0,122.26000213623048,120.9000015258789,122.0,121.0,True,7.84689998626709,2022-07-07,False,0.0,0.0,123.36081786362806,-0.008963597612837937,True
2022-07-11,Alibaba,8.0,115.45999908447266,109.56999969482422,117.3000030517578,114.0,True,7.847489833831787,2022-07-08,False,0.0,0.0,116.21550576188346,-0.006522134103644994,True
2022-07-12,Alibaba,8.0,110.86000061035156,109.20999908447266,108.3000030517578,107.8000030517578,True,7.848810195922852,2022-07-11,False,0.0,0.0,109.87652942124213,0.008910873941546882,True
2022-07-13,Alibaba,8.0,106.83999633789062,109.0999984741211,107.5,107.4000015258789,True,7.849699974060059,2022-07-12,False,0.0,0.0,109.45641426377112,-0.024194072797896204,True
2022-07-14,Alibaba,8.0,107.8000030517578,103.76000213623048,107.8000030517578,108.6999969482422,True,7.849699974060059,2022-07-13,False,0.0,0.0,110.78130099998701,-0.027280309748653586,True
2022-07-15,Alibaba,8.0,103.48999786376952,102.44000244140624,102.5,102.1999969482422,True,7.849299907684326,2022-07-14,False,0.0,0.0,104.16215270173608,-0.006473876467885553,True
2022-07-18,Alibaba,8.0,105.87999725341795,103.13999938964844,100.8000030517578,103.9000015258789,True,7.8496599197387695,2022-07-15,False,0.0,0.0,105.88993927200517,-9.389452306240997e-05,True
2022-07-19,Alibaba,8.0,103.97000122070312,104.75,101.8000030517578,100.9000015258789,True,7.849599838256836,2022-07-18,False,0.0,0.0,102.83326906334203,0.010993478045469907,True
2022-07-20,Alibaba,8.0,106.23999786376952,103.95999908447266,104.8000030517578,103.1999969482422,True,7.849800109863281,2022-07-19,False,0.0,0.0,105.17464954917394,0.010078368222957934,True
2022-07-21,Alibaba,8.0,104.05999755859376,105.12999725341795,102.8000030517578,102.0,True,7.850500106811523,2022-07-20,False,0.0,0.0,103.94242263521451,0.0011305150756619753,True
2022-07-22,Alibaba,8.0,104.30999755859376,100.61000061035156,102.6999969482422,102.0999984741211,True,7.849589824676514,2022-07-21,False,0.0,0.0,104.05639097538827,0.0024342381726620843,True
2022-07-25,Alibaba,8.0,100.5,101.05999755859376,100.0,99.5999984741211,True,7.848599910736084,2022-07-22,False,0.0,0.0,101.52129002053317,-0.010110802884317316,True
2022-07-26,Alibaba,8.0,104.30999755859376,101.44000244140624,103.0,104.4000015258789,True,7.849440097808838,2022-07-25,False,0.0,0.0,106.40249518436052,-0.019861816330820403,True
2022-07-27,Alibaba,8.0,102.1999969482422,102.77999877929688,101.0,101.0,True,7.849130153656006,2022-07-26,False,0.0,0.0,102.94134307655044,-0.007227693408992764,True
2022-07-28,Alibaba,8.0,101.91999816894533,100.5500030517578,100.8000030517578,99.1500015258789,True,7.849259853363037,2022-07-27,False,0.0,0.0,101.05411555042129,0.008532002976307851,True
2022-07-29,Alibaba,8.0,94.22000122070312,89.37000274658203,98.6999969482422,93.0999984741211,True,7.849100112915039,2022-07-28,False,0.0,0.0,94.88985706367313,-0.007084333419662414,True
2022-08-01,Alibaba,8.0,89.19000244140625,90.33999633789062,88.0999984741211,89.5999984741211,True,7.8495001792907715,2022-07-29,False,0.0,0.0,91.31791469781633,-0.023578033240333696,True
2022-08-02,Alibaba,8.0,88.19999694824219,92.62000274658205,89.0,87.05000305175781,True,7.849440097808838,2022-08-01,False,0.0,0.0,88.71970684997797,-0.005875110408578799,True
2022-08-03,Alibaba,8.0,92.0,95.72000122070312,90.8499984741211,90.3499984741211,True,7.849800109863281,2022-08-02,False,0.0,0.0,92.0787762333935,-0.0008558970220731155,True
2022-08-04,Alibaba,8.0,101.06999969482422,97.43000030517578,95.5500030517578,95.0,True,7.849699974060059,2022-08-03,False,0.0,0.0,96.81898703281385,0.04297022098570302,True
2022-08-05,Alibaba,8.0,93.06999969482422,92.55999755859376,95.4000015258789,92.9000015258789,True,7.849400043487549,2022-08-04,False,0.0,0.0,94.68239713730041,-0.017176207713585967,True
2022-08-08,Alibaba,8.0,91.47000122070312,90.83999633789062,90.0,88.80000305175781,True,7.8495001792907715,2022-08-05,False,0.0,0.0,90.5025808252481,0.010632695308342655,True
2022-08-09,Alibaba,8.0,91.19000244140624,91.19000244140624,90.0,89.5999984741211,True,7.849800109863281,2022-08-08,False,0.0,0.0,91.31442555999725,-0.0013635081540801508,True
2022-08-10,Alibaba,8.0,91.16999816894533,92.43000030517578,89.3499984741211,87.94999694824219,True,7.849770069122315,2022-08-09,False,0.0,0.0,89.63319554461894,0.017000138155903066,True
2022-08-11,Alibaba,8.0,94.48999786376952,94.87000274658205,91.0,91.75,True,7.849699974060059,2022-08-10,False,0.0,0.0,93.5067585290597,0.010460268770971837,True
2022-08-12,Alibaba,8.0,91.51000213623048,94.7699966430664,92.9000015258789,92.9000015258789,True,7.84660005569458,2022-08-11,False,0.0,0.0,94.71618368871272,-0.03443660060394027,True
2022-08-15,Alibaba,8.0,93.1999969482422,94.1999969482422,91.8000030517578,91.75,True,7.842800140380859,2022-08-12,False,0.0,0.0,93.58902265286538,-0.004165408308693941,True
2022-08-16,Alibaba,8.0,92.69000244140624,92.6500015258789,92.0,89.94999694824219,True,7.838600158691406,2022-08-15,False,0.0,0.0,91.80210254608383,0.009625417310945572,True
2022-08-17,Alibaba,8.0,91.87000274658205,89.7699966430664,90.8000030517578,90.3499984741211,True,7.837900161743164,2022-08-16,False,0.0,0.0,92.21857549563589,-0.0037870156744075345,True
2022-08-18,Alibaba,8.0,90.05000305175781,90.73999786376952,89.0,88.25,True,7.84089994430542,2022-08-17,False,0.0,0.0,90.04068474470763,0.00010348460736686604,True
2022-08-19,Alibaba,8.0,90.41000366210938,89.62999725341797,88.0,89.5,True,7.84250020980835,2022-08-18,False,0.0,0.0,91.29741547274975,-0.009767557870358878,True
2022-08-22,Alibaba,8.0,89.56999969482422,90.02999877929688,87.80000305175781,88.5,True,7.843500137329102,2022-08-19,False,0.0,0.0,90.26582362515147,-0.007738473790928069,True
2022-08-23,Alibaba,8.0,89.16999816894531,89.83000183105469,89.0,88.4000015258789,True,7.846199989318848,2022-08-22,False,0.0,0.0,90.1328048188618,-0.010739552175085265,True
2022-08-24,Alibaba,8.0,87.9000015258789,92.5199966430664,86.8499984741211,86.25,True,7.846199989318848,2022-08-23,False,0.0,0.0,87.94065929230807,-0.0004624387438552091,True
2022-08-25,Alibaba,8.0,96.05999755859376,99.88999938964844,90.0,93.8000030517578,True,7.846399784088135,2022-08-24,False,0.0,0.0,95.63622107757153,0.004421340956831443,True
2022-08-26,Alibaba,8.0,104.83999633789062,98.0,97.6500015258789,95.8000030517578,True,7.845799922943115,2022-08-25,False,0.0,0.0,97.68284074806874,0.07070943195773882,True
2022-08-29,Alibaba,8.0,98.95999908447266,96.5999984741211,94.75,95.1500015258789,True,7.84630012512207,2022-08-26,False,0.0,0.0,97.0138791619558,0.01986166642104603,True
2022-08-30,Alibaba,8.0,95.86000061035156,93.83999633789062,95.4000015258789,95.1999969482422,True,7.847700119018555,2022-08-29,False,0.0,0.0,97.04753800928678,-0.012312140923509851,True
2022-08-31,Alibaba,8.0,96.66000366210938,95.41000366210938,91.9000015258789,94.3000030517578,True,7.8471999168396,2022-08-30,False,0.0,0.0,96.13620557763122,0.005433710292475524,True
2022-09-01,Alibaba,8.0,92.75,93.70999908447266,93.8499984741211,92.1999969482422,True,7.848899841308594,2022-08-31,False,0.0,0.0,93.97495069359461,-0.013120563286791231,True
2022-09-02,Alibaba,8.0,91.7699966430664,91.8000030517578,92.0,90.6500015258789,True,7.848060131072998,2022-09-01,False,0.0,0.0,92.40500201262867,-0.0068957012671742035,True
2022-09-06,Alibaba,8.0,89.31999969482422,88.44999694824219,88.8499984741211,88.05000305175781,True,7.84867000579834,2022-09-05,False,0.0,0.0,89.74769278026403,-0.004776896298964495,True
2022-09-07,Alibaba,8.0,88.5199966430664,90.5999984741211,86.0999984741211,87.4000015258789,True,7.848800182342529,2022-09-06,False,0.0,0.0,89.08368106758836,-0.006347687440985794,True
2022-09-08,Alibaba,8.0,88.55999755859375,89.5199966430664,88.5,87.19999694824219,True,7.8495001792907715,2022-09-07,False,0.0,0.0,88.87189752876316,-0.003515718425708414,True
2022-09-09,Alibaba,8.0,91.0500030517578,92.13999938964844,87.19999694824219,89.80000305175781,True,7.849279880523682,2022-09-08,False,0.0,0.0,91.52432265749873,-0.005195918659657295,True
2022-09-13,Alibaba,8.0,90.76000213623048,89.47000122070312,91.8000030517578,91.1999969482422,True,7.848800182342529,2022-09-12,False,0.0,0.0,92.95687985882492,-0.02391704475014489,True
2022-09-14,Alibaba,8.0,89.45999908447266,88.91999816894531,87.80000305175781,87.0999984741211,True,7.848659992218018,2022-09-13,False,0.0,0.0,88.77948445770987,0.007635995346038982,True
2022-09-15,Alibaba,8.0,88.62999725341797,88.83000183105469,86.9000015258789,88.0999984741211,True,7.8495001792907715,2022-09-14,False,0.0,0.0,89.78915493911738,-0.01299382920183767,True
2022-09-16,Alibaba,8.0,87.69999694824219,86.43000030517578,86.69999694824219,86.80000305175781,True,7.84876012802124,2022-09-15,False,0.0,0.0,88.47257567917654,-0.008770760079581663,True
2022-09-19,Alibaba,8.0,85.0999984741211,87.66000366210938,85.05000305175781,83.69999694824219,True,7.848999977111816,2022-09-16,False,0.0,0.0,85.31022774092669,-0.002467332837079006,True
2022-09-20,Alibaba,8.0,87.94999694824219,85.80000305175781,85.30000305175781,86.19999694824219,True,7.849160194396973,2022-09-19,False,0.0,0.0,87.85652968048736,0.0010632970044213153,True
2022-09-21,Alibaba,8.0,85.12000274658203,81.5999984741211,84.0999984741211,83.05000305175781,True,7.848899841308594,2022-09-20,False,0.0,0.0,84.6488091130096,0.0055510177440636355,True
2022-09-22,Alibaba,8.0,82.62999725341797,80.70999908447266,80.0,80.8499984741211,True,7.849279880523682,2022-09-21,False,0.0,0.0,82.4024620905499,0.0027574612648475494,True
2022-09-23,Alibaba,8.0,79.26000213623047,78.80000305175781,79.1500015258789,78.4000015258789,True,7.849679946899414,2022-09-22,False,0.0,0.0,79.9013483925255,-0.008059113916925043,True
2022-09-26,Alibaba,8.0,79.94000244140625,78.91000366210938,77.4000015258789,78.69999694824219,True,7.848899841308594,2022-09-23,False,0.0,0.0,80.21506049451239,-0.003434900133708396,True
2022-09-27,Alibaba,8.0,79.43000030517578,77.87000274658203,78.5999984741211,77.9000015258789,True,7.849579811096191,2022-09-26,False,0.0,0.0,79.39278626431363,0.0004686234557018665,True
2022-09-28,Alibaba,8.0,76.48500061035156,80.98999786376953,76.55000305175781,74.69999694824219,True,7.849279880523682,2022-09-27,False,0.0,0.0,76.1343696087019,0.004594850811428408,True
2022-09-29,Alibaba,8.0,78.05000305175781,79.05999755859375,78.8499984741211,76.8499984741211,True,7.849599838256836,2022-09-28,False,0.0,0.0,78.32246234981294,-0.003484751270917741,True
2022-09-30,Alibaba,8.0,78.73999786376953,79.98999786376953,77.30000305175781,77.94999694824219,True,7.848800182342529,2022-09-29,False,0.0,0.0,79.45163096250715,-0.008997162549071014,True
2022-10-03,Alibaba,8.0,79.76000213623047,80.44999694824219,77.9000015258789,77.6500015258789,True,7.849599838256836,2022-09-30,False,0.0,0.0,79.13779364643146,0.007831595988313289,True
2022-10-05,Alibaba,8.0,84.0999984741211,84.38999938964844,82.0,84.19999694824219,True,7.85099983215332,2022-10-04,False,0.0,0.0,85.79798624211497,-0.019988987011585913,True
2022-10-06,Alibaba,8.0,84.06999969482422,84.31999969482422,83.0,83.1500015258789,True,7.849629878997803,2022-10-05,False,0.0,0.0,84.74285061348145,-0.007971602642000697,True
2022-10-07,Alibaba,8.0,82.3499984741211,81.23999786376953,81.69999694824219,81.3499984741211,True,7.849440097808838,2022-10-06,False,0.0,0.0,82.91037063581628,-0.006781714362795732,True
2022-10-10,Alibaba,8.0,79.7699966430664,79.23999786376953,79.25,78.69999694824219,True,7.849899768829346,2022-10-07,False,0.0,0.0,80.20484262563134,-0.005436443074905206,True
2022-10-11,Alibaba,8.0,77.37999725341797,75.37000274658203,78.1500015258789,76.0,True,7.849629878997803,2022-10-10,False,0.0,0.0,77.45588128005164,-0.0009801866780225765,True
2022-10-12,Alibaba,8.0,74.9000015258789,75.7300033569336,74.5,74.3499984741211,True,7.849689960479736,2022-10-11,False,0.0,0.0,75.77369180025772,-0.01159724763363279,True
2022-10-13,Alibaba,8.0,72.23999786376953,75.01000213623047,74.3499984741211,72.75,True,7.849800109863281,2022-10-12,False,0.0,0.0,74.1420153194368,-0.025988500435577322,True
2022-10-14,Alibaba,8.0,76.05000305175781,73.0199966430664,74.0,73.25,True,7.849480152130127,2022-10-13,False,0.0,0.0,74.65462535642901,0.018518576199514136,True
2022-10-17,Alibaba,8.0,75.1500015258789,76.7699966430664,72.1500015258789,73.19999694824219,True,7.849579811096191,2022-10-14,False,0.0,0.0,74.60271628274057,0.007309218659796279,True
2022-10-18,Alibaba,8.0,78.01000213623047,76.33999633789062,75.30000305175781,76.0,True,7.849400043487549,2022-10-17,False,0.0,0.0,77.45814923835388,0.007099270310489736,True
2022-10-19,Alibaba,8.0,73.27999877929688,71.2699966430664,75.0999984741211,72.69999694824219,True,7.849199771881104,2022-10-18,False,0.0,0.0,74.09672227600264,-0.011083593823753013,True
2022-10-20,Alibaba,8.0,71.5999984741211,72.0199966430664,69.0,69.9000015258789,True,7.849490165710449,2022-10-19,False,0.0,0.0,71.24029719150793,0.0050364225482981695,True
2022-10-21,Alibaba,8.0,71.19999694824219,72.18000030517578,70.0999984741211,69.5999984741211,True,7.849199771881104,2022-10-20,False,0.0,0.0,70.93716607744442,0.0036982751698362293,True
2022-10-24,Alibaba,8.0,63.38999938964844,63.150001525878906,66.0,61.650001525878906,True,7.848569869995117,2022-10-21,False,0.0,0.0,62.83947526447109,0.008722647657602778,True
2022-10-25,Alibaba,8.0,65.08000183105469,63.220001220703125,61.849998474121094,63.599998474121094,True,7.849400043487549,2022-10-24,False,0.0,0.0,64.82023912325725,0.0039994237445517555,True
2022-10-26,Alibaba,8.0,63.36000061035156,68.51000213623047,61.79999923706055,62.29999923706055,True,7.849629878997803,2022-10-25,False,0.0,0.0,63.493438745435135,-0.002103816577274209,True
2022-10-27,Alibaba,8.0,65.44000244140625,65.83999633789062,67.55000305175781,64.8499984741211,True,7.849299907684326,2022-10-26,False,0.0,0.0,66.09506502421607,-0.009960355228155748,True
2022-10-28,Alibaba,8.0,63.20000076293945,63.7400016784668,64.25,61.75,True,7.849299907684326,2022-10-27,False,0.0,0.0,62.935549133035764,0.004193140119446603,True
2022-10-31,Alibaba,8.0,63.4900016784668,63.58000183105469,61.0,61.45000076293945,True,7.849299907684326,2022-10-28,False,0.0,0.0,62.62979015774998,0.013641393594306273,True
2022-11-01,Alibaba,8.0,68.01000213623047,65.86000061035156,63.04999923706055,66.0999984741211,True,7.848740100860596,2022-10-31,False,0.0,0.0,67.37386905383542,0.009397541352692329,True
2022-11-02,Alibaba,8.0,66.4800033569336,64.69999694824219,65.30000305175781,67.4000015258789,True,7.849480152130127,2022-11-01,False,0.0,0.0,68.69244864078134,-0.03273807425175068,True
2022-11-03,Alibaba,8.0,63.41999816894531,65.20999908447266,63.599998474121094,63.0,True,7.849629878997803,2022-11-02,False,0.0,0.0,64.20684895583229,-0.012330646322543437,True
2022-11-04,Alibaba,8.0,71.16999816894531,69.80999755859375,64.0,69.9000015258789,True,7.8496599197387695,2022-11-03,False,0.0,0.0,71.2387565735002,-0.0009656486361695471,True
2022-11-07,Alibaba,8.0,71.30000305175781,69.70999908447266,66.69999694824219,69.69999694824219,True,7.849760055541992,2022-11-04,False,0.0,0.0,71.0340152616853,0.003737519713943094,True
2022-11-08,Alibaba,8.0,67.62000274658203,68.12999725341797,68.75,67.0999984741211,True,7.849510192871094,2022-11-07,False,0.0,0.0,68.38643107699754,-0.011270590984448603,True
2022-11-09,Alibaba,8.0,66.43000030517578,64.83999633789062,66.69999694824219,66.0,True,7.849999904632568,2022-11-08,False,0.0,0.0,67.26114731395195,-0.01243399778956622,True
2022-11-10,Alibaba,8.0,68.02999877929688,69.7699966430664,63.900001525878906,63.0,True,7.849100112915039,2022-11-09,False,0.0,0.0,64.21118252405904,0.057771388267742196,True
2022-11-11,Alibaba,8.0,72.31999969482422,70.7699966430664,68.75,70.80000305175781,True,7.849370002746582,2022-11-10,False,0.0,0.0,72.15866040406718,0.0022334005272615087,True
2022-11-14,Alibaba,8.0,73.16000366210938,71.33000183105469,73.0,71.05000305175781,True,7.845399856567383,2022-11-11,False,0.0,0.0,72.45010258314048,0.00975078889678116,True
2022-11-15,Alibaba,8.0,78.93000030517578,79.30000305175781,71.0,78.9000015258789,True,7.835639953613281,2022-11-14,False,0.0,0.0,80.555004561684,-0.020378849984418856,True
2022-11-16,Alibaba,8.0,80.31999969482422,78.16000366210938,77.75,78.80000305175781,True,7.835999965667725,2022-11-15,False,0.0,0.0,80.44921224809431,-0.0016074294266976707,True
2022-11-17,Alibaba,8.0,76.0,84.26000213623047,77.0,78.25,True,7.819900035858154,2022-11-16,False,0.0,0.0,80.05217421315832,-0.05194525947659656,True
2022-11-18,Alibaba,8.0,82.1500015258789,80.4800033569336,83.25,79.94999694824219,True,7.82420015335083,2022-11-17,False,0.0,0.0,81.74637190384493,0.00492543464615558,True
2022-11-21,Alibaba,8.0,78.69000244140625,76.93000030517578,77.1500015258789,76.1500015258789,True,7.826469898223877,2022-11-18,False,0.0,0.0,77.83841503629648,0.010881037717376252,True
2022-11-22,Alibaba,8.0,75.44000244140625,75.98999786376953,75.19999694824219,73.0999984741211,True,7.819139957427979,2022-11-21,False,0.0,0.0,74.7908326205907,0.008642351766160239,True
2022-11-23,Alibaba,8.0,78.19000244140625,78.5,73.75,75.4000015258789,True,7.804299831390381,2022-11-22,False,0.0,0.0,77.29072757825703,0.011567798671571872,True
2022-11-25,Alibaba,8.0,75.5,75.5,75.9000015258789,74.75,True,7.8180999755859375,2022-11-24,False,0.0,0.0,76.48917279996564,-0.013016542534315612,True
2022-11-28,Alibaba,8.0,74.73999786376953,75.87999725341797,70.5999984741211,72.19999694824219,True,7.8084001541137695,2022-11-25,False,0.0,0.0,73.97161571972401,0.010333947208399863,True
2022-11-29,Alibaba,8.0,80.23999786376953,79.86000061035156,73.6500015258789,78.75,True,7.8080902099609375,2022-11-28,False,0.0,0.0,80.68554320700552,-0.005537299781027016,True
2022-11-30,Alibaba,8.0,82.73999786376953,87.55999755859375,77.69999694824219,79.9000015258789,True,7.813419818878174,2022-11-29,False,0.0,0.0,81.80796975258467,0.01132846661373943,True
2022-12-01,Alibaba,8.0,84.3499984741211,85.94000244140625,85.5999984741211,82.80000305175781,True,7.810750007629395,2022-11-30,False,0.0,0.0,84.80619963089876,-0.005393858078346803,True
2022-12-02,Alibaba,8.0,86.05000305175781,90.05999755859375,83.5999984741211,84.80000305175781,True,7.80472993850708,2022-12-01,False,0.0,0.0,86.92165260798627,-0.01007861006229227,True
2022-12-05,Alibaba,8.0,92.9000015258789,90.5199966430664,88.80000305175781,92.6500015258789,True,7.779500007629395,2022-12-02,False,0.0,0.0,95.27604749407193,-0.02525477888214578,True
2022-12-06,Alibaba,8.0,91.87999725341795,91.4499969482422,88.1500015258789,89.8499984741211,True,7.785140037536621,2022-12-05,False,0.0,0.0,92.32974414425715,-0.004882996752078483,True
2022-12-07,Alibaba,8.0,87.05999755859375,88.33000183105469,89.19999694824219,85.05000305175781,True,7.768899917602539,2022-12-06,False,0.0,0.0,87.5799703472087,-0.005954814712359813,True
2022-12-08,Alibaba,8.0,91.97000122070312,94.16999816894533,86.80000305175781,89.4000015258789,True,7.775259971618652,2022-12-07,False,0.0,0.0,91.98406417504533,-0.00015289636942128482,True
2022-12-09,Alibaba,8.0,93.2699966430664,91.33999633789062,90.6500015258789,91.8499984741211,True,7.791500091552734,2022-12-08,False,0.0,0.0,94.30789695935609,-0.011066452327174403,True
2022-12-12,Alibaba,8.0,90.08999633789062,89.41000366210938,89.80000305175781,88.3499984741211,True,7.783840179443359,2022-12-09,False,0.0,0.0,90.80350720195717,-0.00788878041962171,True
2022-12-13,Alibaba,8.0,93.4499969482422,91.41000366210938,87.69999694824219,88.3499984741211,True,7.7868499755859375,2022-12-12,False,0.0,0.0,90.76840956342993,0.02911518847029093,True
2022-12-14,Alibaba,8.0,91.05999755859376,90.91000366210938,89.69999694824219,89.5,True,7.774799823760986,2022-12-13,False,0.0,0.0,92.09240317825208,-0.011273852271178164,True
2022-12-15,Alibaba,8.0,93.08999633789062,86.20999908447266,88.5,85.9000015258789,True,7.774799823760986,2022-12-14,False,0.0,0.0,88.3881293132258,0.051829050949263156,True
2022-12-16,Alibaba,8.0,88.80000305175781,86.79000091552734,84.1500015258789,86.44999694824219,True,7.775599956512451,2022-12-15,False,0.0,0.0,88.9449019309035,-0.001630414230527677,True
2022-12-19,Alibaba,8.0,89.75,87.16000366210938,86.9000015258789,87.05000305175781,True,7.775760173797607,2022-12-16,False,0.0,0.0,89.56037851588565,0.0021150092523303243,True
2022-12-20,Alibaba,8.0,85.04000091552734,85.91999816894531,85.0,84.05000305175781,True,7.778550148010254,2022-12-19,False,0.0,0.0,86.44284752552014,-0.016361728516836038,True
2022-12-21,Alibaba,8.0,86.01000213623047,87.80999755859375,84.44999694824219,84.44999694824219,True,7.780300140380859,2022-12-20,False,0.0,0.0,86.83469318612504,-0.009542639495101923,True
2022-12-22,Alibaba,8.0,89.08000183105469,87.97000122070312,86.5,87.9000015258789,True,7.787899971008301,2022-12-21,False,0.0,0.0,90.29391939095332,-0.01353525734810912,True
2022-12-23,Alibaba,8.0,87.8499984741211,85.6500015258789,85.4000015258789,86.5,True,7.79610013961792,2022-12-22,False,0.0,0.0,88.76232829327336,-0.010331531791151427,True
2022-12-28,Alibaba,8.0,88.9800033569336,87.19999694824219,87.30000305175781,87.69999694824219,True,7.805099964141846,2022-12-27,False,0.0,0.0,89.88994103973361,-0.01017438156461914,True
2022-12-29,Alibaba,8.0,87.625,89.12999725341797,85.4000015258789,85.55000305175781,True,7.800399780273437,2022-12-28,False,0.0,0.0,87.73909590439881,-0.0013012460721757435,True
2022-12-30,Alibaba,8.0,87.44999694824219,88.08999633789062,87.30000305175781,86.25,True,7.79380989074707,2022-12-29,False,0.0,0.0,88.53179762816366,-0.01229461614885885,True
2023-01-03,Alibaba,8.0,91.11000061035156,91.9800033569336,85.69999694824219,88.6500015258789,True,7.79925012588501,2023-01-02,False,0.0,0.0,90.9318204647983,0.001957574379351179,True
2023-01-04,Alibaba,8.0,98.8499984741211,103.91999816894533,90.75,96.4000015258789,True,7.805500030517578,2023-01-03,False,0.0,0.0,98.80212788313747,0.00048439237970221427,True
2023-01-05,Alibaba,8.0,101.4000015258789,104.58000183105467,102.0999984741211,99.5999984741211,True,7.813199996948242,2023-01-04,False,0.0,0.0,101.98126095635475,-0.005715974087031839,True
2023-01-06,Alibaba,8.0,104.11000061035156,107.4000015258789,101.5,101.5999984741211,True,7.815710067749023,2023-01-05,False,0.0,0.0,103.99566779567868,0.0010987958862624936,True
2023-01-09,Alibaba,8.0,111.98999786376952,110.83000183105467,105.5999984741211,110.4000015258789,True,7.811500072479248,2023-01-06,False,0.0,0.0,113.06407271487323,-0.0095451106764326,True
2023-01-10,Alibaba,8.0,112.97000122070312,114.87999725341795,109.0,109.5,True,7.807819843292236,2023-01-09,False,0.0,0.0,112.19521167007701,0.006881992103751955,True
2023-01-11,Alibaba,8.0,114.5999984741211,115.0199966430664,112.1999969482422,112.9000015258789,True,7.804800033569336,2023-01-10,False,0.0,0.0,115.72365830287322,-0.009757302044373084,True
2023-01-12,Alibaba,8.0,113.66000366210938,113.1500015258789,113.0999984741211,110.8000030517578,True,7.808499813079834,2023-01-11,False,0.0,0.0,113.51732671226739,0.0012560845606017779,True
2023-01-13,Alibaba,8.0,114.5199966430664,117.01000213623048,110.8000030517578,112.6999969482422,True,7.811100006103516,2023-01-12,False,0.0,0.0,115.42548103102462,-0.007875684944462336,True
2023-01-17,Alibaba,8.0,115.5199966430664,115.19000244140624,114.0,114.5,True,7.810210227966309,2023-01-16,False,0.0,0.0,117.28237438731738,-0.015140837306244492,True
2023-01-18,Alibaba,8.0,116.75,113.22000122070312,112.9000015258789,114.0999984741211,True,7.810420036315918,2023-01-17,False,0.0,0.0,116.86951323344265,-0.001023144361652406,True
2023-01-19,Alibaba,8.0,114.0199966430664,116.58000183105467,111.0,112.1999969482422,True,7.818160057067871,2023-01-18,False,0.0,0.0,114.80961876374967,-0.006901425354381985,True
2023-01-20,Alibaba,8.0,118.302001953125,119.86000061035156,114.8000030517578,116.3000030517578,True,7.823440074920654,2023-01-19,False,0.0,0.0,118.92466939148869,-0.005249568817773387,True
2023-01-26,Alibaba,8.0,121.0,120.56999969482422,117.8000030517578,117.5,True,7.831500053405762,2023-01-25,False,0.0,0.0,120.02809086251783,0.0080647396886242,True
2023-01-27,Alibaba,8.0,119.69000244140624,118.37999725341795,117.6999969482422,117.3000030517578,True,7.829500198364258,2023-01-26,False,0.0,0.0,119.85439691413677,-0.0013725597340750184,True
2023-01-30,Alibaba,8.0,111.69000244140624,111.1999969482422,114.5,109.0,True,7.828080177307129,2023-01-27,False,0.0,0.0,111.39385139767045,0.0026550663583462253,True
2023-01-31,Alibaba,8.0,109.41999816894533,110.1999969482422,109.5999984741211,107.5999984741211,True,7.828519821166992,2023-01-30,False,0.0,0.0,109.95692767686572,-0.004895050634766029,True
2023-02-01,Alibaba,8.0,111.86000061035156,112.81999969482422,109.0,110.0,True,7.835130214691162,2023-01-31,False,0.0,0.0,112.31466177166617,-0.004056317336567972,True
2023-02-02,Alibaba,8.0,112.5,109.73999786376952,111.4000015258789,109.0,True,7.839660167694092,2023-02-01,False,0.0,0.0,111.22931113689901,0.011359285200962077,True
2023-02-03,Alibaba,8.0,108.0500030517578,106.33000183105467,107.1999969482422,106.0999984741211,True,7.839000225067139,2023-02-02,False,0.0,0.0,108.27911256829937,-0.0021181578036308935,True
2023-02-06,Alibaba,8.0,103.81999969482422,105.4499969482422,102.1999969482422,103.1999969482422,True,7.844399929046631,2023-02-03,False,0.0,0.0,105.24705306378698,-0.013651845316939415,True
2023-02-07,Alibaba,8.0,106.83999633789062,105.5,103.5,104.8000030517578,True,7.846330165863037,2023-02-06,False,0.0,0.0,106.85250387011273,-0.00011706103138120483,True
2023-02-08,Alibaba,8.0,107.0999984741211,105.11000061035156,104.4000015258789,103.5,True,7.846759796142578,2023-02-07,False,0.0,0.0,105.52126247155418,0.014850490582075437,True
2023-02-09,Alibaba,8.0,108.5,108.45999908447266,103.5,107.5999984741211,True,7.848499774932861,2023-02-08,False,0.0,0.0,109.67700993535829,-0.010789600189303528,True
2023-02-10,Alibaba,8.0,105.8000030517578,103.6500015258789,107.3000030517578,104.0999984741211,True,7.848700046539307,2023-02-09,False,0.0,0.0,106.10674160750628,-0.0028950354598560324,True
2023-02-13,Alibaba,8.0,105.98999786376952,104.79000091552734,101.0999984741211,104.0,True,7.849699974060059,2023-02-10,False,0.0,0.0,105.99131212013306,-1.2399738106516622e-05,True
2023-02-14,Alibaba,8.0,103.5500030517578,104.22000122070312,103.5999984741211,102.5,True,7.849289894104004,2023-02-13,False,0.0,0.0,104.46804883788828,-0.00882665459254639,True
2023-02-15,Alibaba,8.0,102.38999938964844,103.08000183105467,102.3000030517578,100.9000015258789,True,7.849740028381348,2023-02-14,False,0.0,0.0,102.83143254280226,-0.004302024694131212,True
2023-02-16,Alibaba,8.0,102.70999908447266,103.11000061035156,102.0,102.0999984741211,True,7.848800182342529,2023-02-15,False,0.0,0.0,104.06685975144663,-0.01312410054256663,True
2023-02-17,Alibaba,8.0,101.0,100.01000213623048,102.0999984741211,99.4499969482422,True,7.846409797668457,2023-02-16,False,0.0,0.0,101.39668919947928,-0.003919922890061933,True
2023-02-21,Alibaba,8.0,96.5,95.0999984741211,99.5,95.1999969482422,True,7.84453010559082,2023-02-20,False,0.0,0.0,97.08675539955452,-0.006061955996414348,True
2023-02-22,Alibaba,8.0,95.5749969482422,94.77999877929688,92.0999984741211,92.9499969482422,True,7.833899974822998,2023-02-21,False,0.0,0.0,94.92079015251133,0.006868491714176805,True
2023-02-23,Alibaba,8.0,100.0999984741211,94.16000366210938,92.75,95.1500015258789,True,7.844799995422363,2023-02-22,False,0.0,0.0,97.03243073771294,0.031124410950379655,True
2023-02-24,Alibaba,8.0,90.06999969482422,89.0,93.25,90.05000305175781,True,7.845160007476807,2023-02-23,False,0.0,0.0,91.82732075923083,-0.019322722697733496,True
2023-02-27,Alibaba,8.0,90.8499984741211,89.25,88.0,89.4000015258789,True,7.846839904785156,2023-02-24,False,0.0,0.0,91.1449731210762,-0.003241572035357798,True
2023-02-28,Alibaba,8.0,88.45999908447266,87.79000091552734,88.25,86.5,True,7.847780227661133,2023-02-27,False,0.0,0.0,88.17780059142102,0.0031952247328783656,True
2023-03-01,Alibaba,8.0,92.91999816894533,89.94999694824219,86.69999694824219,91.9000015258789,True,7.844900131225586,2023-02-28,False,0.0,0.0,93.71693710677908,-0.008540043590006263,True
2023-03-02,Alibaba,8.0,88.95999908447266,89.75,88.5999984741211,87.5999984741211,True,7.849020004272461,2023-03-01,False,0.0,0.0,89.28503015809642,-0.0036470182115904137,True
2023-03-03,Alibaba,8.0,90.11000061035156,89.69999694824219,89.5,88.0,True,7.848100185394287,2023-03-02,False,0.0,0.0,89.70323815567234,0.004524284766913134,True
2023-03-06,Alibaba,8.0,89.58499908447266,89.62000274658203,87.3499984741211,87.25,True,7.849400043487549,2023-03-03,False,0.0,0.0,88.92399369797863,0.00740588356221572,True
2023-03-07,Alibaba,8.0,89.5199966430664,88.7300033569336,89.0,88.5999984741211,True,7.84945011138916,2023-03-06,False,0.0,0.0,90.29931749799077,-0.008667875728180618,True
2023-03-08,Alibaba,8.0,87.38999938964844,86.94999694824219,87.0,85.75,True,7.849420070648193,2023-03-07,False,0.0,0.0,87.39499145487204,-5.7122355882732734e-05,True
2023-03-09,Alibaba,8.0,85.12000274658203,83.37000274658203,86.30000305175781,84.5,True,7.849689960479736,2023-03-08,False,0.0,0.0,86.11805095531264,-0.011656982648392322,True
2023-03-10,Alibaba,8.0,82.63999938964844,82.95999908447266,81.5,81.1500015258789,True,7.849460124969482,2023-03-09,False,0.0,0.0,82.70632653345127,-0.0008022814778643195,True
2023-03-13,Alibaba,8.0,83.01000213623047,82.9000015258789,82.4000015258789,83.25,True,7.849579811096191,2023-03-10,False,0.0,0.0,84.84530586701472,-0.021868559226039253,True
2023-03-14,Alibaba,8.0,82.86000061035156,83.8499984741211,81.5,80.0,True,7.847519874572754,2023-03-13,False,0.0,0.0,81.55442868946461,0.015881809991628693,True
2023-03-15,Alibaba,8.0,81.55000305175781,81.51000213623047,82.69999694824219,82.05000305175781,True,7.844600200653076,2023-03-14,False,0.0,0.0,83.67539551084019,-0.025728607347679677,True
2023-03-16,Alibaba,8.0,81.45999908447266,82.22000122070312,80.19999694824219,80.5,True,7.848000049591064,2023-03-15,False,0.0,0.0,82.0591228250001,-0.007327906541062745,True
2023-03-17,Alibaba,8.0,84.0,81.66999816894531,81.4000015258789,81.5,True,7.848050117492676,2023-03-16,False,0.0,0.0,83.07796079777118,0.011037345180314517,True
2023-03-20,Alibaba,8.0,80.1500015258789,81.0,80.94999694824219,79.19999694824219,True,7.849219799041748,2023-03-17,False,0.0,0.0,80.72139547720258,-0.007103765676732543,True
2023-03-21,Alibaba,8.0,82.45999908447266,83.69999694824219,79.3499984741211,80.5,True,7.848849773406982,2023-03-20,False,0.0,0.0,82.05023902762969,0.004981585449457704,True
2023-03-22,Alibaba,8.0,84.83999633789062,83.6500015258789,82.19999694824219,82.8499984741211,True,7.842800140380859,2023-03-21,False,0.0,0.0,84.51063088811314,0.003889750755007526,True
2023-03-23,Alibaba,8.0,87.68000030517578,86.5199966430664,82.55000305175781,86.19999694824219,True,7.845620155334473,2023-03-22,False,0.0,0.0,87.8961716132864,-0.0024624231748386904,True
2023-03-24,Alibaba,8.0,85.87000274658203,86.9000015258789,85.44999694824219,85.30000305175781,True,7.847030162811279,2023-03-23,False,0.0,0.0,86.96283947627718,-0.012646338281204095,True
2023-03-27,Alibaba,8.0,87.12999725341797,86.12000274658203,86.3499984741211,85.25,True,7.849400043487549,2023-03-24,False,0.0,0.0,86.8856213496009,0.0028086681693038074,True
2023-03-28,Alibaba,8.0,95.3499984741211,98.4000015258789,85.0999984741211,84.25,True,7.849530220031738,2023-03-27,False,0.0,0.0,85.8650111671619,0.1047778905528105,True
2023-03-29,Alibaba,8.0,97.58999633789062,99.91999816894533,96.8499984741211,94.5500030517578,True,7.849699974060059,2023-03-28,False,0.0,0.0,96.36037388863839,0.01267993376591292,True
2023-03-30,Alibaba,8.0,101.33999633789062,103.37999725341795,97.0999984741211,96.9000015258789,True,7.849699974060059,2023-03-29,False,0.0,0.0,98.75536832856538,0.025835398786361985,True
2023-03-31,Alibaba,8.0,102.86000061035156,102.18000030517578,101.1999969482422,100.4000015258789,True,7.849899768829346,2023-03-30,False,0.0,0.0,102.31977934245806,0.005265845555924464,True
2023-04-03,Alibaba,8.0,100.88999938964844,98.38999938964844,99.0,98.5500030517578,True,7.849569797515869,2023-03-31,False,0.0,0.0,100.43862845369756,0.004483929553821042,True
2023-04-04,Alibaba,8.0,98.94000244140624,100.72000122070312,96.1500015258789,95.6500015258789,True,7.849599838256836,2023-04-03,False,0.0,0.0,97.48267784016868,0.014838931433113878,True
2023-04-06,Alibaba,8.0,98.52999877929688,102.73999786376952,96.1999969482422,97.75,True,7.849299907684326,2023-04-05,False,0.0,0.0,99.62671947780156,-0.011069338517349259,True
2023-04-11,Alibaba,8.0,102.45999908447266,99.76000213623048,100.1999969482422,99.3000030517578,True,7.849699974060059,2023-04-10,False,0.0,0.0,101.2013232402791,0.012360637310884215,True
2023-04-12,Alibaba,8.0,97.81999969482422,93.83999633789062,97.6500015258789,96.0500030517578,True,7.849400043487549,2023-04-11,False,0.0,0.0,97.89283514115002,-0.0007443093831769332,True
2023-04-13,Alibaba,8.0,95.875,96.16999816894533,91.5999984741211,94.1500015258789,True,7.849800109863281,2023-04-12,False,0.0,0.0,95.95148942208537,-0.0007974855440417983,True
2023-04-14,Alibaba,8.0,95.62999725341795,94.5500030517578,94.5,94.5,True,7.847209930419922,2023-04-13,False,0.0,0.0,96.33997391472165,-0.007396780798814007,True
2023-04-17,Alibaba,8.0,96.73999786376952,96.41999816894533,93.1999969482422,95.4000015258789,True,7.849699974060059,2023-04-14,False,0.0,0.0,97.22664748067885,-0.005017879617002841,True
2023-04-18,Alibaba,8.0,99.0199966430664,95.48999786376952,94.0999984741211,94.8000030517578,True,7.849279880523682,2023-04-17,False,0.0,0.0,96.62033154096986,0.02453262552062707,True
2023-04-19,Alibaba,8.0,94.5999984741211,93.48999786376952,94.5,92.25,True,7.849279880523682,2023-04-18,False,0.0,0.0,94.0213639000426,0.006135427948833261,True
2023-04-20,Alibaba,8.0,93.3499984741211,90.73999786376952,92.1999969482422,91.75,True,7.849170207977295,2023-04-19,False,0.0,0.0,93.51306960499069,-0.001745354755676054,True
2023-04-21,Alibaba,8.0,89.95999908447266,89.12999725341797,89.3499984741211,87.94999694824219,True,7.84896993637085,2023-04-20,False,0.0,0.0,89.64233285256574,0.0035374436371808926,True
2023-04-24,Alibaba,8.0,88.4000015258789,86.88999938964844,87.44999694824219,86.9000015258789,True,7.848790168762207,2023-04-21,False,0.0,0.0,88.57416203759563,-0.001968203317729511,True
2023-04-25,Alibaba,8.0,85.31999969482422,82.91999816894531,85.69999694824219,84.0999984741211,True,7.847899913787842,2023-04-24,False,0.0,0.0,85.7299398799592,-0.004793231392197228,True
2023-04-26,Alibaba,8.0,85.04000091552734,82.81999969482422,81.5999984741211,83.30000305175781,True,7.849100112915039,2023-04-25,False,0.0,0.0,84.90145555890629,0.001630507236898282,True
2023-04-27,Alibaba,8.0,83.06999969482422,84.47000122070312,81.80000305175781,81.80000305175781,True,7.849599838256836,2023-04-26,False,0.0,0.0,83.36731016843598,-0.003572645942069741,True
2023-04-28,Alibaba,8.0,84.18000030517578,84.69000244140625,82.8499984741211,82.05000305175781,True,7.849699974060059,2023-04-27,False,0.0,0.0,83.62103348958397,0.006662281756844912,True
2023-05-02,Alibaba,8.0,83.1500015258789,81.52999877929688,83.6500015258789,82.30000305175781,True,7.849899768829346,2023-05-01,False,0.0,0.0,83.87368549958563,-0.008665699043093333,True
2023-05-03,Alibaba,8.0,81.30500030517578,81.4800033569336,80.0999984741211,80.3499984741211,True,7.849629878997803,2023-05-02,False,0.0,0.0,81.88920977189282,-0.0071597143312942535,True
2023-05-04,Alibaba,8.0,82.38999938964844,82.48999786376953,80.5,80.69999694824219,True,7.849760055541992,2023-05-03,False,0.0,0.0,82.24454900760169,0.001766948933931367,True
2023-05-05,Alibaba,8.0,82.75,83.22000122070312,82.0,81.6500015258789,True,7.848790168762207,2023-05-04,False,0.0,0.0,83.22301885540713,-0.005699964239380684,True
2023-05-08,Alibaba,8.0,83.62999725341797,83.30999755859375,81.6500015258789,81.94999694824219,True,7.847099781036377,2023-05-05,False,0.0,0.0,83.54678720541916,0.0009954738050463874,True
2023-05-09,Alibaba,8.0,80.54499816894531,82.22000122070312,81.94999694824219,79.44999694824219,True,7.847179889678955,2023-05-08,False,0.0,0.0,80.99724799502988,-0.005599167008646155,True
2023-05-10,Alibaba,8.0,82.13999938964844,82.94999694824219,80.05000305175781,80.19999694824219,True,7.84867000579834,2023-05-09,False,0.0,0.0,81.74633092128278,0.004804174024484631,True
2023-05-11,Alibaba,8.0,85.43000030517578,87.88999938964844,81.80000305175781,82.6500015258789,True,7.841700077056885,2023-05-10,False,0.0,0.0,84.31845208433299,0.013096603744832791,True
2023-05-12,Alibaba,8.0,86.70999908447266,85.33999633789062,85.1500015258789,84.6500015258789,True,7.832149982452393,2023-05-11,False,0.0,0.0,86.46412718401331,0.0028395935463194633,True
2023-05-15,Alibaba,8.0,87.12999725341797,88.33999633789062,84.0,85.44999694824219,True,7.836800098419189,2023-05-12,False,0.0,0.0,87.22947721019844,-0.0011410904727808813,True
2023-05-16,Alibaba,8.0,87.11000061035156,88.76000213623047,86.80000305175781,85.75,True,7.842400074005127,2023-05-15,False,0.0,0.0,87.47322165746877,-0.00416101348648823,True
2023-05-17,Alibaba,8.0,88.45999908447266,90.68000030517578,87.3499984741211,85.44999694824219,True,7.838319778442383,2023-05-16,False,0.0,0.0,87.21256530845203,0.01420204398269398,True
2023-05-18,Alibaba,8.0,90.80999755859376,85.7699966430664,88.19999694824219,87.75,True,7.838300228118896,2023-05-17,False,0.0,0.0,89.56023366924185,0.013857984009399082,True
2023-05-19,Alibaba,8.0,83.8499984741211,83.9800033569336,83.44999694824219,82.44999694824219,True,7.829699993133545,2023-05-18,False,0.0,0.0,84.24332684066957,-0.004679889385026392,True
2023-05-22,Alibaba,8.0,85.66999816894531,86.0999984741211,82.44999694824219,83.5999984741211,True,7.827300071716309,2023-05-19,False,0.0,0.0,85.44453153261053,0.002635273196385235,True
2023-05-23,Alibaba,8.0,84.16000366210938,82.87999725341797,83.5999984741211,83.0,True,7.816800117492676,2023-05-22,False,0.0,0.0,84.94524485973236,-0.009287078294592632,True
2023-05-24,Alibaba,8.0,82.16500091552734,81.20999908447266,81.05000305175781,81.05000305175781,True,7.828499794006348,2023-05-23,False,0.0,0.0,82.82557852406028,-0.008007501282357943,True
2023-05-25,Alibaba,8.0,80.58999633789062,78.77999877929688,80.0,78.6500015258789,True,7.836820125579834,2023-05-24,False,0.0,0.0,80.28766797304509,0.0037584921690392292,True
2023-05-30,Alibaba,8.0,80.12000274658203,78.66999816894531,78.9000015258789,78.80000305175781,True,7.834549903869629,2023-05-29,False,0.0,0.0,80.46410223294338,-0.004285604892976025,True
2023-05-31,Alibaba,8.0,79.58000183105469,79.55000305175781,77.94999694824219,77.9000015258789,True,7.828000068664551,2023-05-30,False,0.0,0.0,79.61165134651674,-0.0003976278309485437,True
2023-06-01,Alibaba,8.0,79.3499984741211,83.0,77.05000305175781,77.30000305175781,True,7.834070205688477,2023-05-31,False,0.0,0.0,78.93725843368493,0.005215087859181011,True
2023-06-02,Alibaba,8.0,85.08000183105469,84.2699966430664,80.75,82.5,True,7.831210136413574,2023-06-01,False,0.0,0.0,84.27816244275337,0.009469226160126354,True
2023-06-05,Alibaba,8.0,83.98999786376953,84.4000015258789,82.80000305175781,82.75,True,7.831500053405762,2023-06-02,False,0.0,0.0,84.53042143722,-0.006413767877883281,True
2023-06-06,Alibaba,8.0,83.5,86.69999694824219,83.0,82.3499984741211,True,7.837470054626465,2023-06-05,False,0.0,0.0,84.05773587665303,-0.006657262747055803,True
2023-06-07,Alibaba,8.0,85.72000122070312,85.27999877929688,84.5999984741211,84.05000305175781,True,7.837860107421875,2023-06-06,False,0.0,0.0,85.7887248813422,-0.0008014013733186331,True
2023-06-08,Alibaba,8.0,85.16999816894531,86.13999938964844,83.4000015258789,83.3499984741211,True,7.842999935150147,2023-06-07,False,0.0,0.0,85.01848697008863,0.001780511046441724,True
2023-06-09,Alibaba,8.0,86.05999755859375,85.5,83.80000305175781,83.9000015258789,True,7.839739799499512,2023-06-08,False,0.0,0.0,85.61508792037723,0.005183170674134985,True
2023-06-12,Alibaba,8.0,86.01000213623047,85.86000061035156,84.5,84.0,True,7.836780071258545,2023-06-09,False,0.0,0.0,85.74950348097244,0.0030332976804627876,True
2023-06-13,Alibaba,8.0,87.95999908447266,87.51000213623047,83.55000305175781,85.69999694824219,True,7.838799953460693,2023-06-12,False,0.0,0.0,87.46236409353158,0.00567357909003352,True
2023-06-14,Alibaba,8.0,87.97000122070312,89.36000061035156,85.9000015258789,85.1500015258789,True,7.834420204162598,2023-06-13,False,0.0,0.0,86.94963946982253,0.011666766757266522,True
2023-06-15,Alibaba,8.0,91.45999908447266,92.1999969482422,87.30000305175781,89.0,True,7.833310127258301,2023-06-14,False,0.0,0.0,90.89388629238451,0.0062089668077449645,True
2023-06-16,Alibaba,8.0,94.0,92.0999984741211,90.5999984741211,91.5999984741211,True,7.830900192260742,2023-06-15,False,0.0,0.0,93.57800122611613,0.004499456045762074,True
2023-06-20,Alibaba,8.0,89.83000183105469,87.93000030517578,89.5,88.3499984741211,True,7.8211798667907715,2023-06-19,False,0.0,0.0,90.36999529880224,-0.005993286267529818,True
2023-06-21,Alibaba,8.0,87.37999725341797,86.7699966430664,85.30000305175781,84.69999694824219,True,7.8171000480651855,2023-06-20,False,0.0,0.0,86.68175812252149,0.008022932719563336,True
2023-06-23,Alibaba,8.0,85.80999755859375,84.91999816894531,85.0,84.05000305175781,True,7.8282999992370605,2023-06-22,False,0.0,0.0,85.89349213489443,-0.0009725438082917037,True
2023-06-26,Alibaba,8.0,85.31999969482422,85.47000122070312,83.0999984741211,83.25,True,7.830100059509277,2023-06-23,False,0.0,0.0,85.05638432949209,0.003094508399229312,True
2023-06-27,Alibaba,8.0,86.81999969482422,87.12999725341797,84.25,85.44999694824219,True,7.829730033874512,2023-06-26,False,0.0,0.0,87.30824340410376,-0.005607878195124982,True
2023-06-28,Alibaba,8.0,85.75,84.58999633789062,84.6500015258789,84.3499984741211,True,7.8302001953125,2023-06-27,False,0.0,0.0,86.17914880349208,-0.004992169131761592,True
2023-06-29,Alibaba,8.0,83.38999938964844,83.55000305175781,83.3499984741211,82.19999694824219,True,7.833109855651856,2023-06-28,False,0.0,0.0,83.9513281064808,-0.0067088128269876535,True
2023-06-30,Alibaba,8.0,83.2300033569336,83.3499984741211,81.4000015258789,81.19999694824219,True,7.832940101623535,2023-06-29,False,0.0,0.0,82.93181961793564,0.003589080256187316,True
2023-07-03,Alibaba,8.0,84.87000274658203,84.06999969482422,82.0,83.55000305175781,True,7.838799953460693,2023-06-30,False,0.0,0.0,85.26815690952485,-0.004680371417836504,True
2023-07-05,Alibaba,8.0,83.9800033569336,84.30000305175781,84.44999694824219,82.6500015258789,True,7.834099769592285,2023-07-04,False,0.0,0.0,84.40025422875645,-0.0049916985573732475,True
2023-07-06,Alibaba,8.0,83.12000274658203,83.83999633789062,81.75,81.5,True,7.831399917602539,2023-07-05,False,0.0,0.0,83.25459137063194,-0.0016178991043949154,True
2023-07-07,Alibaba,8.0,86.76000213623047,90.5500030517578,82.30000305175781,84.30000305175781,True,7.822100162506104,2023-07-06,False,0.0,0.0,86.21725756551717,0.0062753491731228905,True
2023-07-10,Alibaba,8.0,90.05000305175781,90.55999755859376,88.94999694824219,87.0,True,7.820400238037109,2023-07-07,False,0.0,0.0,88.99800250820581,0.011751179759306396,True
2023-07-11,Alibaba,8.0,91.0199966430664,91.79000091552734,88.5,88.75,True,7.827300071716309,2023-07-10,False,0.0,0.0,90.70816162594323,0.0034318877839920603,True
2023-07-12,Alibaba,8.0,94.11000061035156,94.0,89.9000015258789,89.8499984741211,True,7.828199863433838,2023-07-11,False,0.0,0.0,91.82187480298533,0.02461376050152886,True
2023-07-13,Alibaba,8.0,95.02999877929688,96.61000061035156,92.0,92.75,True,7.8267998695373535,2023-07-12,False,0.0,0.0,94.80247513264447,0.002397100463491064,True
2023-07-14,Alibaba,8.0,95.22000122070312,94.55999755859376,95.0,92.9499969482422,True,7.8254899978637695,2023-07-13,False,0.0,0.0,95.02280058998583,0.002073147572155598,True
2023-07-18,Alibaba,8.0,91.54000091552734,91.1999969482422,91.4499969482422,89.69999694824219,True,7.814700126647949,2023-07-17,False,0.0,0.0,91.82693692096232,-0.00312963986881698,True
2023-07-19,Alibaba,8.0,93.56999969482422,92.08999633789062,88.5,90.3499984741211,True,7.81397008895874,2023-07-18,False,0.0,0.0,92.5009923974877,0.011490442944034562,True
2023-07-20,Alibaba,8.0,91.69000244140624,91.9000015258789,90.4000015258789,89.5,True,7.813899993896484,2023-07-19,False,0.0,0.0,91.63157969250628,0.0006373799549166392,True
2023-07-21,Alibaba,8.0,92.88999938964844,92.16999816894533,89.5,91.3000030517578,True,7.8084001541137695,2023-07-20,False,0.0,0.0,93.54029122460626,-0.006976274833904839,True
2023-07-24,Alibaba,8.0,92.06999969482422,96.3499984741211,90.0,89.55000305175781,True,7.813700199127197,2023-07-21,False,0.0,0.0,91.6851179539862,0.004189078471392271,True
2023-07-25,Alibaba,8.0,98.16999816894533,94.9800033569336,94.0500030517578,95.1500015258789,True,7.817070007324219,2023-07-24,False,0.0,0.0,97.37664003185637,0.008114304571058994,True
2023-07-26,Alibaba,8.0,94.9499969482422,97.13999938964844,93.0,93.8499984741211,True,7.813469886779785,2023-07-25,False,0.0,0.0,96.09046923740058,-0.011939730471125287,True
2023-07-27,Alibaba,8.0,97.75,95.44000244140624,94.8499984741211,95.4499969482422,True,7.811200141906738,2023-07-26,False,0.0,0.0,97.75706187443053,-7.224163020946861e-05,True
2023-07-28,Alibaba,8.0,98.06999969482422,100.5500030517578,93.4000015258789,95.9000015258789,True,7.802000045776367,2023-07-27,False,0.0,0.0,98.33376156186476,-0.002685916236235819,True
2023-07-31,Alibaba,8.0,99.79000091552734,102.16000366210938,99.0,97.5,True,7.8029398918151855,2023-07-28,False,0.0,0.0,99.96232327999516,-0.0017253607226868084,True
2023-08-01,Alibaba,8.0,99.87000274658205,100.0999984741211,99.6999969482422,97.8499984741211,True,7.796470165252685,2023-07-31,False,0.0,0.0,100.40441009852798,-0.005336763820468882,True
2023-08-02,Alibaba,8.0,97.72000122070312,95.06999969482422,97.6500015258789,95.1500015258789,True,7.797920227050781,2023-08-01,False,0.0,0.0,97.61577318609241,0.0010671680066689504,True
2023-08-03,Alibaba,8.0,96.70999908447266,97.58000183105467,93.6999969482422,93.1500015258789,True,7.79419994354248,2023-08-02,False,0.0,0.0,95.60955808228039,0.011444005262276846,True
2023-08-04,Alibaba,8.0,97.73500061035156,96.9000015258789,95.25,95.1500015258789,True,7.8018798828125,2023-08-03,False,0.0,0.0,97.56623065729977,0.0017283044655327373,True
2023-08-07,Alibaba,8.0,97.77999877929688,96.55999755859376,94.3499984741211,95.5999984741211,True,7.808199882507324,2023-08-04,False,0.0,0.0,97.94831066073844,-0.0017198526203028308,True
2023-08-08,Alibaba,8.0,93.51000213623048,94.22000122070312,94.0999984741211,93.0500030517578,True,7.811500072479248,2023-08-07,False,0.0,0.0,95.29540005211847,-0.018913136124413477,True
2023-08-09,Alibaba,8.0,96.0250015258789,94.8499984741211,92.3499984741211,94.0999984741211,True,7.807400226593018,2023-08-08,False,0.0,0.0,96.42133949132445,-0.004118951014587147,True
2023-08-10,Alibaba,8.0,98.30999755859376,99.20999908447266,93.8000030517578,94.3000030517578,True,7.8140997886657715,2023-08-09,False,0.0,0.0,96.54343364136554,0.01813272991222803,True
2023-08-11,Alibaba,8.0,97.33999633789062,95.72000122070312,97.1500015258789,95.3000030517578,True,7.820419788360596,2023-08-10,False,0.0,0.0,97.48837594994184,-0.001523183086699298,True
2023-08-14,Alibaba,8.0,94.23999786376952,93.45999908447266,92.3000030517578,92.8000030517578,True,7.8196001052856445,2023-08-11,False,0.0,0.0,94.94091953784675,-0.0074101013038623265,True
2023-08-15,Alibaba,8.0,93.0,91.58999633789062,91.0999984741211,91.1999969482422,True,7.817599773406982,2023-08-14,False,0.0,0.0,93.32787514497831,-0.0035193390483092557,True
2023-08-16,Alibaba,8.0,89.62999725341797,89.12000274658203,90.0,89.25,True,7.819300174713135,2023-08-15,False,0.0,0.0,91.31251954094401,-0.018597848785938176,True
2023-08-17,Alibaba,8.0,91.94000244140624,90.6500015258789,86.5999984741211,90.0999984741211,True,7.824100017547607,2023-08-16,False,0.0,0.0,92.12561012466414,-0.0020167563466158,True
2023-08-18,Alibaba,8.0,87.77999877929688,88.02999877929688,89.25,87.0,True,7.831299781799316,2023-08-17,False,0.0,0.0,88.87413576192934,-0.012387493524728121,True
2023-08-21,Alibaba,8.0,87.5999984741211,88.56999969482422,85.69999694824219,85.69999694824219,True,7.829699993133545,2023-08-18,False,0.0,0.0,87.56401601430348,0.0004108430653273487,True
2023-08-22,Alibaba,8.0,89.27999877929688,88.08000183105469,86.3499984741211,87.3499984741211,True,7.832640171051025,2023-08-21,False,0.0,0.0,89.21640373263821,0.0007125639335532341,True
2023-08-23,Alibaba,8.0,88.37000274658203,89.83999633789062,86.5999984741211,87.30000305175781,True,7.839000225067139,2023-08-22,False,0.0,0.0,89.09299711215162,-0.008148158954343288,True
2023-08-24,Alibaba,8.0,90.48999786376952,89.11000061035156,88.0999984741211,89.55000305175781,True,7.83788013458252,2023-08-23,False,0.0,0.0,91.40226848496211,-0.010030973706741442,True
2023-08-25,Alibaba,8.0,89.25,89.81999969482422,87.80000305175781,87.5,True,7.840799808502197,2023-08-24,False,0.0,0.0,89.27660660854428,-0.0002980688340707971,True
2023-08-28,Alibaba,8.0,91.5,92.23999786376952,91.8499984741211,88.9000015258789,True,7.841300010681152,2023-08-25,False,0.0,0.0,90.69924773165913,0.00878990922279499,True
2023-08-29,Alibaba,8.0,93.4499969482422,94.02999877929688,90.05000305175781,90.9000015258789,True,7.843339920043945,2023-08-28,False,0.0,0.0,92.71560580316617,0.007889695450788103,True
2023-08-30,Alibaba,8.0,92.5500030517578,93.6500015258789,92.0,90.3499984741211,True,7.84591007232666,2023-08-29,False,0.0,0.0,92.12442930519423,0.00460891629092508,True
2023-08-31,Alibaba,8.0,92.9800033569336,92.9000015258789,91.25,90.1999969482422,True,7.846199989318848,2023-08-30,False,0.0,0.0,91.96808347585618,0.010942854248143341,True
2023-09-05,Alibaba,8.0,94.52999877929688,94.6500015258789,93.0,92.3499984741211,True,7.845590114593506,2023-09-04,False,0.0,0.0,94.16754852114107,0.0038416048230862643,True
2023-09-06,Alibaba,8.0,94.1500015258789,94.4499969482422,92.0999984741211,92.25,True,7.835700035095215,2023-09-05,False,0.0,0.0,94.18430985037475,-0.00036433430132376543,True
2023-09-07,Alibaba,8.0,91.63999938964844,89.97000122070312,93.0500030517578,90.8000030517578,True,7.841599941253662,2023-09-06,False,0.0,0.0,92.63416010201745,-0.010790122290254445,True
2023-09-11,Alibaba,8.0,89.7300033569336,88.70999908447266,87.94999694824219,88.05000305175781,True,7.836880207061768,2023-09-08,False,0.0,0.0,89.88270916522772,-0.001700390166634591,True
2023-09-12,Alibaba,8.0,88.19000244140625,88.30000305175781,86.69999694824219,86.30000305175781,True,7.840419769287109,2023-09-11,False,0.0,0.0,88.05651288194193,0.0015148053820555063,True
2023-09-13,Alibaba,8.0,87.94000244140625,87.63999938964844,86.8499984741211,85.55000305175781,True,7.831860065460205,2023-09-12,False,0.0,0.0,87.38665127999153,0.006312251868187957,True
2023-09-14,Alibaba,8.0,88.55000305175781,88.0,85.80000305175781,85.9000015258789,True,7.827400207519531,2023-09-13,False,0.0,0.0,87.79415821192589,0.008572435436688508,True
2023-09-15,Alibaba,8.0,87.7699966430664,87.06999969482422,86.0,86.25,True,7.826300144195557,2023-09-14,False,0.0,0.0,88.16426501502686,-0.004482003996963968,True
2023-09-18,Alibaba,8.0,86.1500015258789,87.0199966430664,85.0999984741211,84.19999694824219,True,7.82919979095459,2023-09-15,False,0.0,0.0,86.03688672808892,0.0013138609473566376,True
2023-09-19,Alibaba,8.0,86.12000274658203,87.11000061035156,84.80000305175781,84.80000305175781,True,7.82544994354248,2023-09-18,False,0.0,0.0,86.69150391459276,-0.006614180531428815,True
2023-09-20,Alibaba,8.0,86.97000122070312,85.73999786376953,84.8499984741211,84.5,True,7.81820011138916,2023-09-19,False,0.0,0.0,86.4649139659699,0.005824532875866595,True
2023-09-21,Alibaba,8.0,83.86000061035156,84.11000061035156,84.25,82.6500015258789,True,7.820899963378906,2023-09-20,False,0.0,0.0,84.54270164598415,-0.008108002621435517,True
2023-09-22,Alibaba,8.0,87.36499786376953,88.30000305175781,82.6500015258789,85.9000015258789,True,7.823800086975098,2023-09-21,False,0.0,0.0,87.8345566818697,-0.005360286943926873,True
2023-09-25,Alibaba,8.0,85.87999725341797,87.22000122070312,85.0,84.3499984741211,True,7.821000099182129,2023-09-22,False,0.0,0.0,86.2805241318863,-0.00465295525201892,True
2023-09-26,Alibaba,8.0,86.45999908447266,85.91000366210938,84.44999694824219,83.94999694824219,True,7.820409774780273,2023-09-25,False,0.0,0.0,85.87784974538718,0.006755933850546292,True
2023-09-27,Alibaba,8.0,86.37999725341797,86.19000244140625,83.9000015258789,84.5,True,7.816359996795654,2023-09-26,False,0.0,0.0,86.4852693935705,-0.0012179676716819188,True
2023-09-28,Alibaba,8.0,84.88999938964844,85.54000091552734,84.8499984741211,83.0,True,7.821300029754639,2023-09-27,False,0.0,0.0,84.89637240278971,-7.507096213821285e-05,True
2023-09-29,Alibaba,8.0,87.29000091552734,86.73999786376953,84.0,85.5999984741211,True,7.821080207824707,2023-09-28,False,0.0,0.0,87.55823615104359,-0.0030682087557165616,True
2023-10-03,Alibaba,8.0,84.5,84.54000091552734,84.1500015258789,83.0999984741211,True,7.831600189208984,2023-10-02,False,0.0,0.0,84.88686497415742,-0.004567835255484987,True
2023-10-04,Alibaba,8.0,84.2750015258789,84.08000183105469,82.0999984741211,81.75,True,7.831900119781494,2023-10-03,False,0.0,0.0,83.50463999766205,0.009183080078878803,True
2023-10-05,Alibaba,8.0,83.5199966430664,83.66999816894531,82.1500015258789,81.3499984741211,True,7.832600116729736,2023-10-04,False,0.0,0.0,83.08862677706703,0.005178253334681138,True
2023-10-06,Alibaba,8.0,84.25,86.05999755859375,82.0,82.9000015258789,True,7.828800201416016,2023-10-05,False,0.0,0.0,84.71285447891192,-0.005478785714579715,True
2023-10-09,Alibaba,8.0,83.91000366210938,84.8499984741211,83.19999694824219,82.0999984741211,True,7.831099987030029,2023-10-06,False,0.0,0.0,83.87071916854204,0.0004682837649339078,True
2023-10-10,Alibaba,8.0,85.66999816894531,87.16999816894531,83.9000015258789,83.4000015258789,True,7.831459999084473,2023-10-09,False,0.0,0.0,85.1948439096962,0.005561770090420914,True
2023-10-11,Alibaba,8.0,88.01000213623047,87.77999877929688,85.3499984741211,84.5999984741211,True,7.828700065612793,2023-10-10,False,0.0,0.0,86.45113264279746,0.017871154905205522,True
2023-10-12,Alibaba,8.0,87.58000183105469,84.51000213623047,86.9000015258789,85.8499984741211,True,7.819240093231201,2023-10-11,False,0.0,0.0,87.8346207053424,-0.0029030539122389953,True
2023-10-13,Alibaba,8.0,84.05999755859375,84.0199966430664,83.25,82.5999984741211,True,7.819699764251709,2023-10-12,False,0.0,0.0,84.50452162036463,-0.005274242698320997,True
2023-10-16,Alibaba,8.0,83.69999694824219,84.30999755859375,82.19999694824219,81.30000305175781,True,7.823800086975098,2023-10-13,False,0.0,0.0,83.13096157669406,0.00682172641450407,True
2023-10-17,Alibaba,8.0,82.75,83.91000366210938,81.8499984741211,82.0,True,7.823309898376465,2023-10-16,False,0.0,0.0,83.85197678748948,-0.013229049017271954,True
2023-10-18,Alibaba,8.0,82.95999908447266,83.01000213623047,81.9000015258789,81.44999694824219,True,7.817500114440918,2023-10-17,False,0.0,0.0,83.35145072556712,-0.004707461385590861,True
2023-10-19,Alibaba,8.0,81.4800033569336,81.61000061035156,80.9000015258789,79.1500015258789,True,7.8242998123168945,2023-10-18,False,0.0,0.0,80.92737080578857,0.0068055368414041695,True
2023-10-20,Alibaba,8.0,80.2300033569336,79.94000244140625,78.19999694824219,78.5,True,7.828589916229248,2023-10-19,False,0.0,0.0,80.21878866053635,0.0001397915967391583,True
2023-10-24,Alibaba,8.0,80.44999694824219,82.87000274658203,78.0,77.19999694824219,True,7.825240135192871,2023-10-23,False,0.0,0.0,78.92409241326308,0.01914930048367669,True
2023-10-25,Alibaba,8.0,81.30000305175781,81.02999877929688,80.80000305175781,79.30000305175781,True,7.8238701820373535,2023-10-24,False,0.0,0.0,81.08519308903759,0.0026456856058922895,True
2023-10-26,Alibaba,8.0,81.26499938964844,82.51000213623047,79.19999694824219,79.75,True,7.823550224304199,2023-10-25,False,0.0,0.0,81.54865524068923,-0.0034844268888747365,True
2023-10-27,Alibaba,8.0,83.87000274658203,82.81999969482422,80.44999694824219,82.4000015258789,True,7.821899890899658,2023-10-26,False,0.0,0.0,84.27620161362248,-0.004831505519368839,True
2023-10-30,Alibaba,8.0,83.62999725341797,83.13999938964844,80.75,81.8499984741211,True,7.820400238037109,2023-10-27,False,0.0,0.0,83.72972838501691,-0.0011918177210628045,True
2023-10-31,Alibaba,8.0,81.94000244140625,82.54000091552734,81.30000305175781,80.05000305175781,True,7.821569919586182,2023-10-30,False,0.0,0.0,81.8761490337664,0.000779574056632093,True
2023-11-01,Alibaba,8.0,81.70500183105469,82.4800033569336,80.0999984741211,79.5999984741211,True,7.820700168609619,2023-10-31,False,0.0,0.0,81.42493307043382,0.003433692730439475,True
2023-11-02,Alibaba,8.0,83.6500015258789,83.41000366210938,81.19999694824219,80.5,True,7.82436990737915,2023-11-01,False,0.0,0.0,82.30694709265275,0.01618592973513522,True
2023-11-03,Alibaba,8.0,84.94000244140625,85.30999755859375,81.9000015258789,82.8499984741211,True,7.822189807891846,2023-11-02,False,0.0,0.0,84.73330410932583,0.0024364284345281817,True
2023-11-06,Alibaba,8.0,86.55000305175781,85.36000061035156,84.30000305175781,84.8499984741211,True,7.824520111083984,2023-11-03,False,0.0,0.0,86.75292262734436,-0.002341791605946497,True
2023-11-07,Alibaba,8.0,84.86000061035156,85.41000366210938,84.4000015258789,83.1500015258789,True,7.824120044708252,2023-11-06,False,0.0,0.0,85.01914699748646,-0.0018736429506898133,True
2023-11-08,Alibaba,8.0,84.62000274658203,84.80000305175781,83.0,82.5,True,7.820899963378906,2023-11-07,False,0.0,0.0,84.38926505778456,0.002730475495815732,True
2023-11-09,Alibaba,8.0,84.58000183105469,82.7300033569336,82.5,82.1500015258789,True,7.819699764251709,2023-11-08,False,0.0,0.0,84.04414901086943,0.006355609457699529,True
2023-11-10,Alibaba,8.0,82.41000366210938,82.75,80.9000015258789,79.5999984741211,True,7.81466007232666,2023-11-09,False,0.0,0.0,81.48786791737881,0.011252683956354481,True
2023-11-13,Alibaba,8.0,82.75,82.26000213623047,80.0,80.6500015258789,True,7.808899879455566,2023-11-10,False,0.0,0.0,82.62367582717866,0.001527742511128416,True
2023-11-14,Alibaba,8.0,82.76000213623047,83.87000274658203,80.25,79.19999694824219,True,7.811180114746094,2023-11-13,False,0.0,0.0,81.1145007896842,0.020083132198929654,True
2023-11-15,Alibaba,8.0,86.95999908447266,87.06999969482422,82.1500015258789,83.19999694824219,True,7.808599948883057,2023-11-14,False,0.0,0.0,85.23934891569711,0.01998506333207395,True
2023-11-16,Alibaba,8.0,79.5199966430664,79.11000061035156,84.19999694824219,81.3499984741211,True,7.805319786071777,2023-11-15,False,0.0,0.0,83.37902938381723,-0.047388311376233894,True
2023-11-17,Alibaba,8.0,77.0199966430664,77.5999984741211,75.0,73.25,True,7.807069778442383,2023-11-16,False,0.0,0.0,75.06017195057208,0.025775000255670477,True
2023-11-20,Alibaba,8.0,76.91000366210938,78.45999908447266,74.80000305175781,74.44999694824219,True,7.802360057830811,2023-11-17,False,0.0,0.0,76.3358741677354,0.007492954312113831,True
2023-11-21,Alibaba,8.0,77.8499984741211,78.94000244140625,76.0,76.0,True,7.7954301834106445,2023-11-20,False,0.0,0.0,77.99441284124089,-0.001853315203757866,True
2023-11-22,Alibaba,8.0,79.27999877929688,78.95999908447266,76.55000305175781,76.8499984741211,True,7.792290210723877,2023-11-21,False,0.0,0.0,78.89849725397431,0.004823693164638598,True
2023-11-24,Alibaba,8.0,78.2699966430664,78.48999786376953,77.0999984741211,76.19999694824219,True,7.796500205993652,2023-11-23,False,0.0,0.0,78.18892573327969,0.001036322068578066,True
2023-11-27,Alibaba,8.0,77.55500030517578,77.52999877929688,75.94999694824219,76.0999984741211,True,7.798299789428711,2023-11-24,False,0.0,0.0,78.06829747918275,-0.006596686263711682,True
2023-11-28,Alibaba,8.0,76.55999755859375,76.73999786376953,75.0,74.3499984741211,True,7.791699886322021,2023-11-27,False,0.0,0.0,76.33764088336018,0.002908571175550989,True
2023-11-29,Alibaba,8.0,75.0,74.66999816894531,73.94999694824219,72.69999694824219,True,7.788690090179443,2023-11-28,False,0.0,0.0,74.6723735123653,0.004377922300899506,True
2023-11-30,Alibaba,8.0,74.69999694824219,74.87999725341797,72.5,72.75,True,7.794509887695312,2023-11-29,False,0.0,0.0,74.66794043314587,0.00042922887134277943,True
2023-12-01,Alibaba,8.0,73.12000274658203,73.98999786376953,72.5999984741211,71.8499984741211,True,7.804100036621094,2023-11-30,False,0.0,0.0,73.65359043268201,-0.007270926946424616,True
2023-12-04,Alibaba,8.0,72.66999816894531,73.02999877929688,72.3499984741211,70.80000305175781,True,7.810259819030762,2023-12-01,False,0.0,0.0,72.51999773860938,0.0020662647280422775,True
2023-12-05,Alibaba,8.0,72.04000091552734,72.37999725341797,70.80000305175781,70.5,True,7.814080238342285,2023-12-04,False,0.0,0.0,72.17740064051985,-0.0019054533652944627,True
2023-12-06,Alibaba,8.0,72.36000061035156,71.48999786376953,70.0,70.1500015258789,True,7.815529823303223,2023-12-05,False,0.0,0.0,71.80575404289621,0.007689056245667736,True
2023-12-07,Alibaba,8.0,71.54499816894531,72.33000183105469,69.4000015258789,69.69999694824219,True,7.8190999031066895,2023-12-06,False,0.0,0.0,71.31255291474042,0.0032542271314941473,True
2023-12-08,Alibaba,8.0,72.0199966430664,72.13999938964844,69.69999694824219,70.5,True,7.810770034790039,2023-12-07,False,0.0,0.0,72.207989415625,-0.0026068848932858657,True
2023-12-11,Alibaba,8.0,70.48999786376953,71.37000274658203,69.25,68.80000305175781,True,7.811500072479248,2023-12-08,False,0.0,0.0,70.4602213796529,0.00042251065261744714,True
2023-12-12,Alibaba,8.0,71.37999725341797,71.38999938964844,69.05000305175781,70.0999984741211,True,7.809460163116455,2023-12-11,False,0.0,0.0,71.8103397775929,-0.006010794146784626,True
2023-12-13,Alibaba,8.0,70.91000366210938,71.45999908447266,69.0,69.4000015258789,True,7.80620002746582,2023-12-12,False,0.0,0.0,71.12295486326009,-0.0029986189533470764,True
2023-12-14,Alibaba,8.0,71.47000122070312,72.51000213623047,69.55000305175781,69.0999984741211,True,7.809500217437744,2023-12-13,False,0.0,0.0,70.78557812939526,0.009622517098910599,True
2023-12-15,Alibaba,8.0,74.0,74.51000213623047,70.4000015258789,71.6500015258789,True,7.811399936676025,2023-12-14,False,0.0,0.0,73.37993405199329,0.008414572996526815,True
2023-12-18,Alibaba,8.0,74.05000305175781,73.83999633789062,71.9000015258789,72.0999984741211,True,7.8069000244140625,2023-12-15,False,0.0,0.0,73.88335779748374,0.002252978284372098,True
2023-12-19,Alibaba,8.0,74.4000015258789,75.38999938964844,71.8499984741211,71.6500015258789,True,7.802299976348877,2023-12-18,False,0.0,0.0,73.46551836568362,0.01263980409084109,True
2023-12-20,Alibaba,8.0,74.58000183105469,73.3499984741211,72.6500015258789,72.55000305175781,True,7.795100212097168,2023-12-19,False,0.0,0.0,74.45703180484368,0.0016501946008506962,True
2023-12-21,Alibaba,8.0,74.86000061035156,76.26000213623047,72.25,73.3499984741211,True,7.799600124359131,2023-12-20,False,0.0,0.0,75.23462465214321,-0.0049918485630007225,True
2023-12-22,Alibaba,8.0,74.5,75.27999877929688,74.19999694824219,71.8499984741211,True,7.806859970092773,2023-12-21,False,0.0,0.0,73.62755192163874,0.011779822939554485,True
2023-12-27,Alibaba,8.0,76.27999877929688,76.11000061035156,73.5,73.80000305175781,True,7.809899806976318,2023-12-26,False,0.0,0.0,75.59636346252204,0.009002585048353495,True
2023-12-28,Alibaba,8.0,77.2300033569336,77.23999786376953,73.80000305175781,75.8499984741211,True,7.80679988861084,2023-12-27,False,0.0,0.0,77.72710924462342,-0.006416066802755083,True
2023-12-29,Alibaba,8.0,77.05999755859375,77.51000213623047,76.0,75.5999984741211,True,7.809899806976318,2023-12-28,False,0.0,0.0,77.44017244020486,-0.004921362208562208,True
2020-06-18,JD,2.0,60.810001373291016,60.790000915527344,239.0,234.0,True,7.749800205230713,2020-06-17,False,0.0,0.0,60.388653591885415,0.006953038860395999,False
2020-06-19,JD,2.0,60.619998931884766,58.63999938964844,234.0,233.6000061035156,True,7.749899864196777,2020-06-18,False,0.0,0.0,60.284651465680994,0.005547318900706699,False
2020-06-22,JD,2.0,59.13999938964844,59.09000015258789,229.8000030517578,228.0,True,7.75,2020-06-19,False,0.0,0.0,58.83870967741935,0.005107537954748054,False
2020-06-23,JD,2.0,59.93000030517578,59.91999816894531,227.0,230.0,True,7.750010013580322,2020-06-22,False,0.0,0.0,59.354762018880386,0.009644865518458445,False
2020-06-24,JD,2.0,60.09000015258789,59.84000015258789,232.6000061035156,234.8000030517578,True,7.75,2020-06-23,False,0.0,0.0,60.59354917464718,-0.00834499726073723,False
2020-06-26,JD,2.0,60.45500183105469,59.650001525878906,234.8000030517578,234.3999938964844,True,7.7505998611450195,2020-06-25,False,0.0,0.0,60.48563933007781,-0.0005066535018229956,False
2020-06-29,JD,2.0,59.060001373291016,59.58000183105469,232.0,229.8000030517578,True,7.751500129699707,2020-06-26,False,0.0,0.0,59.291749779190226,-0.003916269929924887,False
2020-06-30,JD,2.0,59.36000061035156,60.18000030517578,231.1999969482422,231.8000030517578,True,7.75,2020-06-29,False,0.0,0.0,59.819355626260084,-0.007708672124491223,False
2020-07-02,JD,2.0,61.380001068115234,61.38999938964844,232.3999938964844,235.8000030517578,True,7.7505998611450195,2020-07-01,False,0.0,0.0,60.84690405290059,0.008723126795896263,False
2020-07-06,JD,2.0,63.59000015258789,63.2400016784668,237.0,244.8000030517578,True,7.750199794769287,2020-07-03,False,0.0,0.0,63.1725657490731,0.006586107017615639,False
2020-07-07,JD,2.0,62.93000030517578,61.66999816894531,248.3999938964844,242.0,True,7.750130176544189,2020-07-06,False,0.0,0.0,62.45056392276205,0.007647735869290351,False
2020-07-08,JD,2.0,63.47999954223633,65.37999725341797,237.0,247.6000061035156,True,7.750699996948242,2020-07-07,False,0.0,0.0,63.891004993356866,-0.006453696100712669,False
2020-07-09,JD,2.0,68.0,67.36000061035156,252.6000061035156,266.0,True,7.750500202178955,2020-07-08,False,0.0,0.0,68.64073106538787,-0.009378400666401276,False
2020-07-10,JD,2.0,66.27999877929688,65.61000061035156,264.0,260.3999938964844,True,7.750120162963867,2020-07-09,False,0.0,0.0,67.1989565118949,-0.0137695451707458,False
2020-07-13,JD,2.0,65.80000305175781,62.29999923706055,256.79998779296875,255.6000061035156,True,7.750120162963867,2020-07-10,False,0.0,0.0,65.96026919039842,-0.002432694088305709,False
2020-07-14,JD,2.0,60.900001525878906,62.130001068115234,243.1999969482422,241.8000030517578,True,7.751440048217773,2020-07-13,False,0.0,0.0,62.388408230636564,-0.024146292812822878,False
2020-07-15,JD,2.0,62.380001068115234,62.54999923706055,242.1999969482422,241.1999969482422,True,7.750800132751465,2020-07-14,False,0.0,0.0,62.23873479307957,0.0022671765135395816,False
2020-07-16,JD,2.0,60.71699905395508,61.709999084472656,243.8000030517578,235.0,True,7.750899791717529,2020-07-15,False,0.0,0.0,60.638121073663406,0.0012999532498767508,False
2020-07-17,JD,2.0,62.7599983215332,62.130001068115234,239.0,240.6000061035156,True,7.752200126647949,2020-07-16,False,0.0,0.0,62.07270250324434,0.011011582038490175,False
2020-07-20,JD,2.0,63.42499923706055,63.400001525878906,242.1999969482422,241.8000030517578,True,7.753699779510498,2020-07-17,False,0.0,0.0,62.37022580903255,0.01677008244975653,False
2020-07-21,JD,2.0,65.06999969482422,62.61000061035156,251.1999969482422,254.1999969482422,True,7.752799987792969,2020-07-20,False,0.0,0.0,65.57630723054592,-0.007750851629354294,False
2020-07-22,JD,2.0,61.959999084472656,61.84000015258789,244.3999938964844,242.1999969482422,True,7.751800060272217,2020-07-21,False,0.0,0.0,62.48871102584577,-0.008496916068919447,False
2020-07-23,JD,2.0,62.040000915527344,60.52000045776367,241.3999938964844,241.6000061035156,True,7.750790119171143,2020-07-22,False,0.0,0.0,62.342032847962585,-0.004856529788701103,False
2020-07-24,JD,2.0,59.34000015258789,60.880001068115234,235.0,234.8000030517578,True,7.752799987792969,2020-07-23,False,0.0,0.0,60.571665313553275,-0.020543597213387166,False
2020-07-27,JD,2.0,60.959999084472656,62.779998779296875,236.0,236.8000030517578,True,7.7515997886657715,2020-07-24,False,0.0,0.0,61.097066285078824,-0.0022459536907364352,False
2020-07-28,JD,2.0,62.869998931884766,61.4900016784668,242.0,243.3999938964844,True,7.750879764556885,2020-07-27,False,0.0,0.0,62.80577206461143,0.00102210429831473,False
2020-07-29,JD,2.0,61.81999969482422,62.59000015258789,239.1999969482422,239.8000030517578,True,7.751200199127197,2020-07-28,False,0.0,0.0,61.87428963033617,-0.0008778083336622444,False
2020-07-30,JD,2.0,62.58000183105469,62.290000915527344,241.6000061035156,240.8000030517578,True,7.750199794769287,2020-07-29,False,0.0,0.0,62.140334295453115,0.007050483835323362,False
2020-07-31,JD,2.0,62.95000076293945,63.790000915527344,243.1999969482422,240.8000030517578,True,7.750120162963867,2020-07-30,False,0.0,0.0,62.14097278194175,0.012935214085720403,False
2020-08-03,JD,2.0,64.0,64.52999877929688,245.0,247.1999969482422,True,7.749899864196777,2020-07-31,False,0.0,0.0,63.79437187060035,0.0032181120944683173,False
2020-08-04,JD,2.0,65.0,64.56999969482422,250.0,252.0,True,7.75,2020-08-03,False,0.0,0.0,65.03225806451613,-0.0004961548104764901,False
2020-08-05,JD,2.0,64.48999786376953,65.5199966430664,251.6000061035156,253.0,True,7.750699996948242,2020-08-04,False,0.0,0.0,65.28442594852494,-0.012243367916845216,False
2020-08-06,JD,2.0,65.48999786376953,64.91000366210938,253.6000061035156,254.0,True,7.750199794769287,2020-08-05,False,0.0,0.0,65.54669730486896,-0.0008653979645174559,False
2020-08-07,JD,2.0,63.130001068115234,62.060001373291016,250.8000030517578,246.3999938964844,True,7.751100063323975,2020-08-06,False,0.0,0.0,63.57807069537907,-0.007072501202801895,False
2020-08-10,JD,2.0,61.619998931884766,61.4900016784668,241.8000030517578,240.3999938964844,True,7.750400066375732,2020-08-07,False,0.0,0.0,62.03550573845436,-0.006720418496630742,False
2020-08-11,JD,2.0,61.9900016784668,61.18000030517578,240.3999938964844,242.3999938964844,True,7.749959945678711,2020-08-10,False,0.0,0.0,62.55516043838236,-0.009075625732965165,False
2020-08-12,JD,2.0,61.91999816894531,62.900001525878906,239.0,241.0,True,7.749929904937744,2020-08-11,False,0.0,0.0,62.194110903235575,-0.004417115540234384,False
2020-08-13,JD,2.0,63.45000076293945,62.540000915527344,244.3999938964844,244.3999938964844,True,7.749899864196777,2020-08-12,False,0.0,0.0,63.07178110147485,0.005978745833720822,False
2020-08-14,JD,2.0,62.72999954223633,62.060001373291016,244.3999938964844,243.0,True,7.750999927520752,2020-08-13,False,0.0,0.0,62.70158747833362,0.0004530288592139442,False
2020-08-17,JD,2.0,64.66000366210938,66.9800033569336,241.6000061035156,242.6000061035156,True,7.749579906463623,2020-08-14,False,0.0,0.0,62.60984699342796,0.032220262983505776,False
2020-08-18,JD,2.0,68.19000244140625,70.31999969482422,256.0,265.6000061035156,True,7.750589847564697,2020-08-17,False,0.0,0.0,68.53672077279884,-0.0050717089744996,False
2020-08-19,JD,2.0,70.80000305175781,72.55999755859375,268.3999938964844,278.0,True,7.750199794769287,2020-08-18,False,0.0,0.0,71.74008602658886,-0.013190627443797176,False
2020-08-20,JD,2.0,71.26000213623047,73.94000244140625,279.3999938964844,279.79998779296875,True,7.750199794769287,2020-08-19,False,0.0,0.0,72.20458703059745,-0.013168386004769772,False
2020-08-21,JD,2.0,74.55999755859375,74.9800033569336,286.6000061035156,287.6000061035156,True,7.750800132751465,2020-08-20,False,0.0,0.0,74.21169458060072,0.004682390975821349,False
2020-08-24,JD,2.0,76.98999786376953,76.18000030517578,290.0,299.0,True,7.7505998611450195,2020-08-21,False,0.0,0.0,77.15531838998274,-0.0021449965995437026,False
2020-08-25,JD,2.0,76.56999969482422,78.97000122070312,299.0,298.0,True,7.749989986419678,2020-08-24,False,0.0,0.0,76.90332517130628,-0.00434376463635644,False
2020-08-26,JD,2.0,81.05999755859375,80.37999725341797,310.79998779296875,315.79998779296875,True,7.750500202178955,2020-08-25,False,0.0,0.0,81.4915114005637,-0.005309269146385631,False
2020-08-27,JD,2.0,81.12999725341797,79.30000305175781,315.0,316.6000061035156,True,7.75029993057251,2020-08-26,False,0.0,0.0,81.70006553027132,-0.00700203139685307,False
2020-08-28,JD,2.0,79.68000030517578,79.95999908447266,309.0,308.3999938964844,True,7.750699996948242,2020-08-27,False,0.0,0.0,79.57990736782837,0.0012569761214695774,False
2020-08-31,JD,2.0,79.94000244140625,78.63999938964844,310.0,310.6000061035156,True,7.750100135803223,2020-08-28,False,0.0,0.0,80.1538046376029,-0.002670963071011556,False
2020-09-01,JD,2.0,79.48999786376953,82.48999786376953,306.3999938964844,309.20001220703125,True,7.750349998474121,2020-08-31,False,0.0,0.0,79.78994813599544,-0.00376633260283743,False
2020-09-02,JD,2.0,85.45899963378906,83.20999908447266,326.0,332.0,True,7.749969959259033,2020-09-01,False,0.0,0.0,85.6777514610501,-0.0025564578619015066,False
2020-09-03,JD,2.0,81.375,79.04000091552734,323.0,323.20001220703125,True,7.75029993057251,2020-09-02,False,0.0,0.0,83.40322699825029,-0.02461890111199594,False
2020-09-04,JD,2.0,77.96600341796875,80.0,305.0,307.79998779296875,True,7.750100135803223,2020-09-03,False,0.0,0.0,79.43122860336263,-0.018618720213155804,False
2020-09-08,JD,2.0,76.0,76.22000122070312,310.0,305.0,True,7.750189781188965,2020-09-07,False,0.0,0.0,78.70775003220879,-0.03500828592024341,False
2020-09-09,JD,2.0,77.13999938964844,77.19000244140625,293.20001220703125,295.6000061035156,True,7.750100135803223,2020-09-08,False,0.0,0.0,76.28288691082301,0.011173318616530814,False
2020-09-10,JD,2.0,77.12999725341797,74.52999877929688,298.3999938964844,295.0,True,7.750199794769287,2020-09-09,False,0.0,0.0,76.1270697044738,0.013088360439554414,False
2020-09-11,JD,2.0,75.18000030517578,74.18000030517578,291.79998779296875,295.0,True,7.7505998611450195,2020-09-10,False,0.0,0.0,76.1231402175415,-0.012467052896479203,False
2020-09-14,JD,2.0,75.69999694824219,76.58999633789062,292.79998779296875,293.79998779296875,True,7.750199794769287,2020-09-11,False,0.0,0.0,75.8173971182674,-0.001549659618193644,False
2020-09-15,JD,2.0,78.2300033569336,77.0,296.6000061035156,301.79998779296875,True,7.750120162963867,2020-09-14,False,0.0,0.0,77.88266025479322,0.004449910305411642,False
2020-09-16,JD,2.0,77.01000213623047,75.08999633789062,300.0,298.3999938964844,True,7.750199794769287,2020-09-15,False,0.0,0.0,77.00446486499058,7.190585858651843e-05,False
2020-09-17,JD,2.0,73.0199966430664,74.37000274658203,292.0,287.0,True,7.749810218811035,2020-09-16,False,0.0,0.0,74.06632985756679,-0.014227710894800794,False
2020-09-18,JD,2.0,75.08000183105469,74.5,289.0,291.79998779296875,True,7.750699996948242,2020-09-17,False,0.0,0.0,75.29642171877688,-0.002878377235396634,False
2020-09-21,JD,2.0,72.76000213623047,75.12999725341797,291.0,287.20001220703125,True,7.749899864196777,2020-09-18,False,0.0,0.0,74.11708983075938,-0.01847975469474683,False
2020-09-22,JD,2.0,75.30999755859375,75.0,290.0,290.0,True,7.749800205230713,2020-09-21,False,0.0,0.0,74.84063906686654,0.006251855217421998,False
2020-09-23,JD,2.0,75.04000091552734,74.58999633789062,291.6000061035156,292.3999938964844,True,7.749899864196777,2020-09-22,False,0.0,0.0,75.45903792830221,-0.005568648130239495,False
2020-09-24,JD,2.0,73.5,72.72000122070312,288.0,288.3999938964844,True,7.749899864196777,2020-09-23,False,0.0,0.0,74.4267665260666,-0.012530236055600774,False
2020-09-25,JD,2.0,72.87999725341797,74.66999816894531,284.6000061035156,282.20001220703125,True,7.749899864196777,2020-09-24,False,0.0,0.0,72.82675057796487,0.000730874562995254,False
2020-09-28,JD,2.0,75.88999938964844,76.0999984741211,286.6000061035156,290.0,True,7.75,2020-09-25,False,0.0,0.0,74.83870967741936,0.013949655198029376,False
2020-09-29,JD,2.0,76.0999984741211,75.16000366210938,297.0,295.20001220703125,True,7.749889850616455,2020-09-28,False,0.0,0.0,76.1817310690035,-0.0010734393807556586,False
2020-09-30,JD,2.0,76.29000091552734,77.61000061035156,292.6000061035156,293.79998779296875,True,7.750100135803223,2020-09-29,False,0.0,0.0,75.81837205836806,0.006201241382401967,False
2020-10-05,JD,2.0,76.87999725341797,76.4000015258789,300.0,297.3999938964844,True,7.75,2020-10-02,False,0.0,0.0,76.74838552167338,0.001713378238636487,False
2020-10-06,JD,2.0,76.88999938964844,76.69000244140625,297.20001220703125,298.6000061035156,True,7.75,2020-10-05,False,0.0,0.0,77.05806609122983,-0.0021834216341147794,False
2020-10-07,JD,2.0,78.55999755859375,78.12000274658203,298.0,305.20001220703125,True,7.750060081481934,2020-10-06,False,0.0,0.0,78.76068288458279,-0.0025512912133383026,False
2020-10-08,JD,2.0,78.51000213623047,78.1500015258789,305.20001220703125,305.0,True,7.749899864196777,2020-10-07,False,0.0,0.0,78.71069442046554,-0.002553002214553679,False
2020-10-09,JD,2.0,79.08999633789062,79.79000091552734,305.0,307.79998779296875,True,7.749820232391357,2020-10-08,False,0.0,0.0,79.43409745337824,-0.004341316801733441,False
2020-10-12,JD,2.0,82.13999938964844,84.31999969482422,310.20001220703125,316.79998779296875,True,7.749839782714844,2020-10-09,False,0.0,0.0,81.7565257283269,0.004679469083344934,False
2020-10-14,JD,2.0,82.80999755859375,81.0999984741211,323.20001220703125,324.0,True,7.749800205230713,2020-10-13,False,0.0,0.0,83.61505881953364,-0.009674835725972386,False
2020-10-15,JD,2.0,79.0,80.25,316.0,311.3999938964844,True,7.753200054168701,2020-10-14,False,0.0,0.0,80.32812044597054,-0.016671899535970702,False
2020-10-16,JD,2.0,81.43000030517578,81.5199966430664,309.20001220703125,315.0,True,7.749790191650391,2020-10-15,False,0.0,0.0,81.29252333550407,0.001689710794859245,False
2020-10-19,JD,2.0,82.0,80.61000061035156,318.6000061035156,317.0,True,7.749969959259033,2020-10-16,False,0.0,0.0,81.80676871431591,0.002359259960129201,False
2020-10-20,JD,2.0,81.0,82.56999969482422,316.3999938964844,317.6000061035156,True,7.7501702308654785,2020-10-19,False,0.0,0.0,81.95949163507562,-0.011775966081117417,False
2020-10-21,JD,2.0,83.37999725341797,82.62999725341797,324.0,322.79998779296875,True,7.749969959259033,2020-10-20,False,0.0,0.0,83.30354555950598,0.0009173275055580632,False
2020-10-22,JD,2.0,83.22000122070312,81.30999755859375,322.0,323.0,True,7.751200199127197,2020-10-21,False,0.0,0.0,83.34193201108921,-0.0014640897809092834,False
2020-10-23,JD,2.0,80.76000213623047,81.33999633789062,317.3999938964844,316.0,True,7.749800205230713,2020-10-22,False,0.0,0.0,81.55048946596492,-0.00974051118791408,False
2020-10-27,JD,2.0,81.7699966430664,83.01000213623047,313.3999938964844,316.3999938964844,True,7.749780178070068,2020-10-26,False,0.0,0.0,81.65392736991868,0.0014204688005765576,False
2020-10-28,JD,2.0,81.30000305175781,80.08000183105469,321.0,321.0,True,7.754199981689453,2020-10-27,False,0.0,0.0,82.79384095277405,-0.018207619905446393,False
2020-10-29,JD,2.0,81.2300033569336,83.04000091552734,314.79998779296875,318.0,True,7.7505998611450195,2020-10-28,False,0.0,0.0,82.05816470907864,-0.010143643142995984,False
2020-10-30,JD,2.0,82.08000183105469,81.5199966430664,321.6000061035156,315.20001220703125,True,7.750100135803223,2020-10-29,False,0.0,0.0,81.34088764889586,0.009045590489657584,False
2020-11-02,JD,2.0,82.83999633789062,82.31999969482422,317.0,320.3999938964844,True,7.751430034637451,2020-10-30,False,0.0,0.0,82.66861533027307,0.0020709625576937896,False
2020-11-03,JD,2.0,79.80000305175781,82.69000244140625,321.6000061035156,322.0,True,7.752590179443359,2020-11-02,False,0.0,0.0,83.06901114257526,-0.04014817917634872,False
2020-11-04,JD,2.0,86.69999694824219,89.30999755859375,318.79998779296875,330.0,True,7.750999927520752,2020-11-03,False,0.0,0.0,85.15030398292221,0.018035871515392543,False
2020-11-05,JD,2.0,91.68499755859376,91.58999633789062,350.0,361.0,True,7.7530999183654785,2020-11-04,False,0.0,0.0,93.12404168682676,-0.015573623662588076,False
2020-11-06,JD,2.0,92.0,92.48999786376952,355.6000061035156,358.20001220703125,True,7.754380226135254,2020-11-05,False,0.0,0.0,92.38649686012532,-0.004192253041986227,False
2020-11-09,JD,2.0,92.4000015258789,84.86000061035156,365.0,362.2000122070313,True,7.754020214080811,2020-11-06,False,0.0,0.0,93.42250915191038,-0.011005318381917206,False
2020-11-10,JD,2.0,82.5199966430664,80.08000183105469,335.0,330.3999938964844,True,7.753330230712891,2020-11-09,False,0.0,0.0,85.22789151626405,-0.03228809795452836,False
2020-11-11,JD,2.0,79.50499725341797,82.83999633789062,309.79998779296875,300.0,True,7.752270221710205,2020-11-10,False,0.0,0.0,77.39668288647913,0.02687595530486231,False
2020-11-12,JD,2.0,87.02999877929688,86.37999725341797,320.0,323.0,True,7.753600120544434,2020-11-11,False,0.0,0.0,83.31613572491534,0.043610636179555406,False
2020-11-13,JD,2.0,90.93399810791016,92.08000183105467,335.0,348.3999938964844,True,7.753960132598877,2020-11-12,False,0.0,0.0,89.86375682582003,0.011839237534164049,False
2020-11-16,JD,2.0,88.5,85.26000213623047,360.0,368.0,True,7.753789901733398,2020-11-13,False,0.0,0.0,94.92132354985057,-0.07004582330234133,False
2020-11-17,JD,2.0,87.37999725341797,86.97000122070312,339.0,341.79998779296875,True,7.753339767456055,2020-11-16,False,0.0,0.0,88.16845334900539,-0.008982835162281155,False
2020-11-18,JD,2.0,87.125,86.25,339.79998779296875,340.0,True,7.753349781036377,2020-11-17,False,0.0,0.0,87.70402718876248,-0.006623949297460463,False
2020-11-19,JD,2.0,85.20999908447266,86.04000091552734,336.79998779296875,332.20001220703125,True,7.752289772033691,2020-11-18,False,0.0,0.0,85.70371386411264,-0.005777373206526271,False
2020-11-20,JD,2.0,86.19000244140625,87.73999786376953,332.0,336.0,True,7.752280235290527,2020-11-19,False,0.0,0.0,86.68417286321382,-0.005717126539632744,False
2020-11-23,JD,2.0,88.54000091552734,87.55999755859375,341.0,344.6000061035156,True,7.752600193023682,2020-11-20,False,0.0,0.0,88.89920736880259,-0.004048788849375207,False
2020-11-24,JD,2.0,89.1240005493164,89.81999969482422,352.79998779296875,348.20001220703125,True,7.752200126647949,2020-11-23,False,0.0,0.0,89.83256534105833,-0.007918887926604334,False
2020-11-25,JD,2.0,87.96499633789062,88.2300033569336,349.0,343.0,True,7.752200126647949,2020-11-24,False,0.0,0.0,88.49100755821513,-0.0059619708800227045,False
2020-11-27,JD,2.0,89.05999755859375,89.41000366210938,346.6000061035156,342.79998779296875,True,7.751160144805908,2020-11-26,False,0.0,0.0,88.4512721679943,0.006858469072612117,False
2020-11-30,JD,2.0,88.23999786376953,85.3499984741211,343.6000061035156,338.6000061035156,True,7.750699996948242,2020-11-27,False,0.0,0.0,87.37275503808324,0.009876843924527812,False
2020-12-01,JD,2.0,86.25499725341797,85.36000061035156,333.6000061035156,335.6000061035156,True,7.750470161437988,2020-11-30,False,0.0,0.0,86.60119944033173,-0.0040056724196020355,False
2020-12-02,JD,2.0,84.48999786376953,84.37999725341797,331.79998779296875,326.0,True,7.75121021270752,2020-12-01,False,0.0,0.0,84.11589701580994,0.0044375846067650215,False
2020-12-03,JD,2.0,85.16000366210938,86.29000091552734,330.0,331.3999938964844,True,7.75190019607544,2020-12-02,False,0.0,0.0,85.50161522055262,-0.004003384204753324,False
2020-12-04,JD,2.0,87.12000274658203,85.19000244140625,333.0,339.3999938964844,True,7.751999855041504,2020-12-03,False,0.0,0.0,87.56449954672173,-0.005089149336722443,False
2020-12-07,JD,2.0,85.11000061035156,83.48999786376953,332.79998779296875,331.79998779296875,True,7.751200199127197,2020-12-04,False,0.0,0.0,85.61254496570226,-0.005887281087253449,False
2020-12-08,JD,2.0,84.01000213623047,82.01000213623047,324.79998779296875,325.79998779296875,True,7.750470161437988,2020-12-07,False,0.0,0.0,84.07231587419498,-0.00074146693783117,False
2020-12-09,JD,2.0,82.25,81.81999969482422,320.0,321.20001220703125,True,7.750800132751465,2020-12-08,False,0.0,0.0,82.88176877372481,-0.007651730019782477,False
2020-12-10,JD,2.0,81.5,81.70999908447266,318.6000061035156,319.0,True,7.75137996673584,2020-12-09,False,0.0,0.0,82.30792487762231,-0.009864375359578403,False
2020-12-11,JD,2.0,82.30000305175781,82.61000061035156,319.0,320.20001220703125,True,7.751410007476807,2020-12-10,False,0.0,0.0,82.61723012927318,-0.0038471112163369625,False
2020-12-14,JD,2.0,81.51000213623047,79.95999908447266,321.0,315.20001220703125,True,7.751369953155518,2020-12-11,False,0.0,0.0,81.32756251137671,0.0022407569357127954,False
2020-12-15,JD,2.0,79.94000244140625,79.5,309.0,306.3999938964844,True,7.75121021270752,2020-12-14,False,0.0,0.0,79.05862065104746,0.011086772969861158,False
2020-12-16,JD,2.0,80.5,81.7699966430664,308.79998779296875,311.6000061035156,True,7.7515997886657715,2020-12-15,False,0.0,0.0,80.39630904555487,0.0012889166869696211,False
2020-12-17,JD,2.0,83.1500015258789,82.70999908447266,317.0,323.0,True,7.751200199127197,2020-12-16,False,0.0,0.0,83.34193201108921,-0.0023055840142349737,False
2020-12-18,JD,2.0,82.33999633789062,81.52999877929688,321.0,320.3999938964844,True,7.751399993896484,2020-12-17,False,0.0,0.0,82.66893571452124,-0.003986933413412608,False
2020-12-21,JD,2.0,79.60700225830078,80.63999938964844,318.0,313.3999938964844,True,7.752089977264404,2020-12-18,False,0.0,0.0,80.85561308386116,-0.015562952460868473,False
2020-12-22,JD,2.0,81.25,82.79000091552734,315.0,315.20001220703125,True,7.752140045166016,2020-12-21,False,0.0,0.0,81.31948348987318,-0.0008548159545398448,False
2020-12-23,JD,2.0,85.04000091552734,85.45999908447266,320.6000061035156,333.0,True,7.752630233764648,2020-12-22,False,0.0,0.0,85.90632855148992,-0.010135754951769549,False
2020-12-24,JD,2.0,83.38999938964844,84.48999786376953,325.3999938964844,325.3999938964844,False,7.752600193023682,2020-12-23,False,0.0,0.0,83.94602734429708,-0.006645669936246712,False
2020-12-28,JD,2.0,82.68000030517578,81.61000061035156,323.0,318.3999938964844,True,7.753300189971924,2020-12-25,False,0.0,0.0,82.1327656855854,0.006640706832874876,False
2020-12-29,JD,2.0,83.08999633789062,86.13999938964844,317.6000061035156,322.0,True,7.753469944000244,2020-12-28,False,0.0,0.0,83.05958553413072,0.00036606537021466323,False
2020-12-30,JD,2.0,87.5,89.5199966430664,331.3999938964844,337.79998779296875,True,7.7546000480651855,2020-12-29,False,0.0,0.0,87.12247845129077,0.0043238664372449165,False
2020-12-31,JD,2.0,88.12000274658203,87.9000015258789,342.20001220703125,342.20001220703125,False,7.753769874572754,2020-12-30,False,0.0,0.0,88.26674449785294,-0.0016638640648141134,False
2021-01-04,JD,2.0,87.55999755859375,86.33000183105469,340.20001220703125,343.6000061035156,True,7.753200054168701,2021-01-01,False,0.0,0.0,88.63437127970677,-0.012195475304874748,False
2021-01-05,JD,2.0,88.1500015258789,95.5,335.3999938964844,338.79998779296875,True,7.753009796142578,2021-01-04,False,0.0,0.0,87.39831283627034,0.008563947611573752,False
2021-01-06,JD,2.0,92.52999877929688,88.18000030517578,363.7999877929687,365.0,True,7.7530198097229,2021-01-05,False,0.0,0.0,94.15685989664598,-0.017429210736247036,False
2021-01-07,JD,2.0,90.54000091552734,87.91999816894531,346.6000061035156,351.0,True,7.752749919891357,2021-01-06,False,0.0,0.0,90.54851597868094,-9.404310450911169e-05,False
2021-01-08,JD,2.0,89.0,91.54000091552734,342.0,347.6000061035156,True,7.752900123596191,2021-01-07,False,0.0,0.0,89.66967213870956,-0.007496238915436493,False
2021-01-11,JD,2.0,90.03500366210938,90.37999725341795,353.0,353.6000061035156,True,7.752999782562256,2021-01-08,False,0.0,0.0,91.21630749914864,-0.013035167097557476,False
2021-01-12,JD,2.0,90.62000274658205,88.54000091552734,350.3999938964844,352.79998779296875,True,7.754350185394287,2021-01-11,False,0.0,0.0,90.9940818658114,-0.004119500412610222,False
2021-01-13,JD,2.0,89.15499877929688,90.44000244140624,345.3999938964844,346.6000061035156,True,7.755099773406982,2021-01-12,False,0.0,0.0,89.38634349800165,-0.0025914989237483255,False
2021-01-14,JD,2.0,91.43000030517578,89.23999786376953,351.0,353.3999938964844,True,7.754089832305908,2021-01-13,False,0.0,0.0,91.15189571936915,0.0030463568068483937,False
2021-01-15,JD,2.0,89.80999755859375,87.7699966430664,349.3999938964844,350.3999938964844,True,7.753399848937988,2021-01-14,False,0.0,0.0,90.38615335812456,-0.006394784350344018,False
2021-01-19,JD,2.0,90.52999877929688,91.1500015258789,350.0,352.3999938964844,True,7.753250122070312,2021-01-18,False,0.0,0.0,90.90381152372387,-0.0041206572550267495,False
2021-01-20,JD,2.0,93.72000122070312,95.30999755859376,354.79998779296875,364.2000122070313,True,7.7530999183654785,2021-01-19,False,0.0,0.0,93.94952110556898,-0.002446001848933399,False
2021-01-21,JD,2.0,95.4000015258789,95.0999984741211,371.0,370.0,True,7.751979827880859,2021-01-20,False,0.0,0.0,95.45948472911495,-0.0006233193469098453,False
2021-01-22,JD,2.0,93.9499969482422,94.91000366210938,370.0,365.2000122070313,True,7.751800060272217,2021-01-21,False,0.0,0.0,94.22327959119387,-0.002904587092379174,False
2021-01-25,JD,2.0,99.3000030517578,98.37999725341795,370.0,387.6000061035156,True,7.7515997886657715,2021-01-22,False,0.0,0.0,100.00516452623272,-0.0070762281330143395,False
2021-01-26,JD,2.0,99.0199966430664,96.97000122070312,385.7999877929687,382.0,True,7.751709938049316,2021-01-25,False,0.0,0.0,98.55889940487856,0.004667483061293609,False
2021-01-27,JD,2.0,93.4000015258789,90.08999633789062,376.0,372.7999877929687,True,7.751399993896484,2021-01-26,False,0.0,0.0,96.18907244794862,-0.029424397630602783,False
2021-01-28,JD,2.0,90.36000061035156,91.41000366210938,351.79998779296875,350.3999938964844,True,7.751699924468994,2021-01-27,False,0.0,0.0,90.405974769589,-0.0005086594435939062,False
2021-01-29,JD,2.0,89.9800033569336,88.69000244140625,355.0,345.79998779296875,True,7.751659870147705,2021-01-28,False,0.0,0.0,89.21959775987428,0.008486739438218649,False
2021-02-01,JD,2.0,90.1500015258789,91.2699966430664,344.3999938964844,353.0,True,7.752520084381104,2021-01-29,False,0.0,0.0,91.06716168621975,-0.01012230823146787,False
2021-02-02,JD,2.0,94.98699951171876,95.41999816894533,360.0,372.3999938964844,True,7.75285005569458,2021-02-01,False,0.0,0.0,96.06789534719589,-0.011315149698142513,False
2021-02-03,JD,2.0,96.83999633789062,95.5,373.2000122070313,377.6000061035156,True,7.752620220184326,2021-02-02,False,0.0,0.0,97.41222847997004,-0.005891657589756072,False
2021-02-04,JD,2.0,95.59500122070312,94.62999725341795,370.0,368.0,True,7.751299858093262,2021-02-03,False,0.0,0.0,94.95181627266427,0.006750964401177839,False
2021-02-05,JD,2.0,95.23999786376952,96.63999938964844,371.6000061035156,369.6000061035156,True,7.751259803771973,2021-02-04,False,0.0,0.0,95.3651446242734,-0.001313152172639498,False
2021-02-08,JD,2.0,95.68000030517578,94.56999969482422,375.6000061035156,367.3999938964844,True,7.752500057220459,2021-02-05,False,0.0,0.0,94.78232600702748,0.009426336036994165,False
2021-02-09,JD,2.0,95.04000091552734,97.06999969482422,367.6000061035156,367.0,True,7.75246000289917,2021-02-08,False,0.0,0.0,94.67962423869426,0.003799049360090123,False
2021-02-10,JD,2.0,98.8000030517578,98.7699966430664,376.0,384.0,True,7.752190113067627,2021-02-09,False,0.0,0.0,99.06877782904294,-0.0027166988283378046,False
2021-02-11,JD,2.0,99.9499969482422,99.0,386.3999938964844,386.3999938964844,False,7.751629829406738,2021-02-10,False,0.0,0.0,99.69516150800432,0.0025528851349063686,False
2021-02-16,JD,2.0,102.8499984741211,103.43000030517578,393.0,391.6000061035156,True,7.752289772033691,2021-02-15,False,0.0,0.0,101.0282168543825,0.01787174864374741,False
2021-02-17,JD,2.0,106.63999938964844,106.87999725341795,399.6000061035156,416.7999877929687,True,7.752429962158203,2021-02-16,False,0.0,0.0,107.52757260045868,-0.0082886338395749,False
2021-02-18,JD,2.0,102.91500091552734,105.43000030517578,422.3999938964844,413.6000061035156,True,7.752079963684082,2021-02-17,False,0.0,0.0,106.7068472051615,-0.03618191503630541,False
2021-02-19,JD,2.0,106.58000183105467,106.08999633789062,406.3999938964844,410.6000061035156,True,7.752500057220459,2021-02-18,False,0.0,0.0,105.92712107653438,0.006144573412455223,False
2021-02-22,JD,2.0,102.1500015258789,97.66000366210938,413.7999877929687,395.0,True,7.752799987792969,2021-02-19,False,0.0,0.0,101.89866902846458,0.0024634576038646827,False
2021-02-23,JD,2.0,96.54000091552734,99.47000122070312,380.0,389.0,True,7.752749919891357,2021-02-22,False,0.0,0.0,100.35148921853815,-0.038721475661011695,False
2021-02-24,JD,2.0,96.44000244140624,96.37000274658205,389.0,373.7999877929687,True,7.753699779510498,2021-02-23,False,0.0,0.0,96.41848367169233,0.00022315605848532982,False
2021-02-25,JD,2.0,95.30999755859376,93.36000061035156,378.0,378.0,True,7.753600120544434,2021-02-24,False,0.0,0.0,97.50309382048917,-0.022749397658456516,False
2021-02-26,JD,2.0,92.43000030517578,93.87000274658205,356.79998779296875,360.0,True,7.754499912261963,2021-02-25,False,0.0,0.0,92.84931435249425,-0.00452629872881527,False
2021-03-01,JD,2.0,96.7300033569336,98.0199966430664,363.0,374.6000061035156,True,7.753900051116943,2021-02-26,False,0.0,0.0,96.6223458218435,0.0011135892237437162,False
2021-03-02,JD,2.0,97.97000122070312,96.37999725341795,384.3999938964844,377.7999877929687,True,7.7564802169799805,2021-03-01,False,0.0,0.0,97.41531654162247,0.005677869510383182,False
2021-03-03,JD,2.0,96.79000091552734,93.62000274658205,376.6000061035156,377.7999877929687,True,7.75570011138916,2021-03-02,False,0.0,0.0,97.42511504233475,-0.006540339433886544,False
2021-03-04,JD,2.0,92.73999786376952,90.7699966430664,364.7999877929687,362.7999877929687,True,7.757299900054932,2021-03-03,False,0.0,0.0,93.53769803083148,-0.008564686603230953,False
2021-03-05,JD,2.0,92.37999725341795,90.62000274658205,348.6000061035156,357.3999938964844,True,7.75600004196167,2021-03-04,False,0.0,0.0,92.16090561188025,0.0023744518540098625,False
2021-03-08,JD,2.0,87.0,85.36000061035156,354.6000061035156,336.20001220703125,True,7.759300231933594,2021-03-05,False,0.0,0.0,86.65730211685629,0.00394683464306933,False
2021-03-09,JD,2.0,87.36000061035156,89.52999877929688,330.0,327.0,True,7.763850212097168,2021-03-08,False,0.0,0.0,84.23655559209222,0.03640854002653082,False
2021-03-10,JD,2.0,90.70999908447266,89.33000183105469,347.0,341.3999938964844,True,7.76855993270874,2021-03-09,False,0.0,0.0,87.89273606786608,0.03155043184840345,False
2021-03-11,JD,2.0,94.197998046875,90.01000213623047,346.0,360.7999877929687,True,7.761640071868896,2021-03-10,False,0.0,0.0,92.97003840738341,0.01312165561660894,False
2021-03-12,JD,2.0,86.0199966430664,84.0199966430664,353.6000061035156,343.3999938964844,True,7.761099815368652,2021-03-11,False,0.0,0.0,88.49261111588291,-0.028339269981815463,False
2021-03-15,JD,2.0,83.58999633789062,85.12999725341797,329.0,322.20001220703125,True,7.758259773254395,2021-03-12,False,0.0,0.0,83.05986693505015,0.006362215733432208,False
2021-03-16,JD,2.0,85.12999725341797,85.76000213623047,331.6000061035156,331.0,True,7.762650012969971,2021-03-15,False,0.0,0.0,85.28015547447313,-0.0017623158892163815,False
2021-03-17,JD,2.0,83.54000091552734,85.37000274658203,329.0,329.0,True,7.764259815216064,2021-03-16,False,0.0,0.0,84.7472928083215,-0.014348232457541243,False
2021-03-18,JD,2.0,83.83999633789062,83.9000015258789,334.0,331.0,True,7.765200138092041,2021-03-17,False,0.0,0.0,85.2521491046408,-0.016703148391484568,False
2021-03-19,JD,2.0,83.77999877929688,84.98999786376953,325.0,326.3999938964844,True,7.764999866485596,2021-03-18,False,0.0,0.0,84.06954269381373,-0.0034500445955876202,False
2021-03-22,JD,2.0,85.30000305175781,84.97000122070312,326.20001220703125,328.0,True,7.764750003814697,2021-03-19,False,0.0,0.0,84.48436841852187,0.009607962153785898,False
2021-03-23,JD,2.0,83.47000122070312,83.51000213623047,333.0,323.0,True,7.765250205993652,2021-03-22,False,0.0,0.0,83.19113780794613,0.0033464750646619024,False
2021-03-24,JD,2.0,82.0999984741211,79.06999969482422,325.0,319.20001220703125,True,7.765900135040283,2021-03-23,False,0.0,0.0,82.20554131691149,-0.0012847145317333997,False
2021-03-25,JD,2.0,76.5,78.70999908447266,308.0,307.79998779296875,True,7.766930103302002,2021-03-24,False,0.0,0.0,79.25911105138229,-0.03543163126486348,False
2021-03-26,JD,2.0,79.54000091552734,82.06999969482422,308.79998779296875,313.20001220703125,True,7.768499851226807,2021-03-25,False,0.0,0.0,80.63333158397899,-0.013652055962874776,False
2021-03-29,JD,2.0,81.25,81.76000213623047,317.0,313.3999938964844,True,7.768380165100098,2021-03-26,False,0.0,0.0,80.68605995995206,0.006964999889100376,False
2021-03-30,JD,2.0,81.63999938964844,83.0,321.0,319.0,True,7.768849849700928,2021-03-29,False,0.0,0.0,82.12283830206356,-0.005896823947945329,False
2021-03-31,JD,2.0,83.68000030517578,84.33000183105469,326.0,322.0,True,7.772729873657227,2021-03-30,False,0.0,0.0,82.85377344484827,0.009922715626052181,False
2021-04-01,JD,2.0,86.5,84.30999755859375,328.6000061035156,336.20001220703125,True,7.775199890136719,2021-03-31,False,0.0,0.0,86.48009490624672,0.0002301431716977831,False
2021-04-07,JD,2.0,81.79000091552734,81.25,327.0,324.3999938964844,True,7.775489807128906,2021-04-06,False,0.0,0.0,83.4416871330885,-0.019993032263410093,False
2021-04-08,JD,2.0,82.66999816894531,82.13999938964844,317.0,320.79998779296875,True,7.776000022888184,2021-04-07,False,0.0,0.0,82.51028468331108,0.0019338087167382056,False
2021-04-09,JD,2.0,81.0,80.41000366210938,320.79998779296875,316.0,True,7.784480094909668,2021-04-08,False,0.0,0.0,81.18718171214411,-0.0023082193460028932,False
2021-04-12,JD,2.0,79.5,78.6500015258789,315.0,309.20001220703125,True,7.776860237121582,2021-04-09,False,0.0,0.0,79.51795526197452,-0.00022582685107774836,False
2021-04-13,JD,2.0,77.80999755859375,78.80000305175781,305.20001220703125,298.3999938964844,True,7.777659893035889,2021-04-12,False,0.0,0.0,76.73259000786895,0.013943405805524556,False
2021-04-14,JD,2.0,79.58000183105469,78.12000274658203,303.3999938964844,306.0,True,7.773839950561523,2021-04-13,False,0.0,0.0,78.72557241878819,0.010794789928809223,False
2021-04-15,JD,2.0,78.16000366210938,77.48999786376953,303.0,301.0,True,7.772459983825684,2021-04-14,False,0.0,0.0,77.45295585345548,0.009087323786957313,False
2021-04-16,JD,2.0,77.2699966430664,77.04000091552734,301.0,303.0,True,7.765900135040283,2021-04-15,False,0.0,0.0,78.03345258918354,-0.009831875594350059,False
2021-04-19,JD,2.0,77.01000213623047,76.94999694824219,299.0,301.3999938964844,True,7.767099857330322,2021-04-16,False,0.0,0.0,77.60940362110406,-0.007753289240909567,True
2021-04-20,JD,2.0,76.73999786376953,74.55000305175781,298.20001220703125,298.0,True,7.771160125732422,2021-04-19,False,0.0,0.0,76.69382567816125,0.0006018514814556397,True
2021-04-21,JD,2.0,74.0,75.72000122070312,289.79998779296875,287.20001220703125,True,7.765699863433838,2021-04-20,False,0.0,0.0,73.9662920941261,0.0004556160187565439,True
2021-04-22,JD,2.0,75.8270034790039,76.11000061035156,291.0,291.3999938964844,True,7.761350154876709,2021-04-21,False,0.0,0.0,75.09002636954558,0.009766730348223618,True
2021-04-23,JD,2.0,76.7300033569336,76.75,295.0,297.0,True,7.762700080871582,2021-04-22,False,0.0,0.0,76.51976680945101,0.0027437128178666725,True
2021-04-26,JD,2.0,76.12999725341797,76.13999938964844,298.0,299.20001220703125,True,7.75984001159668,2021-04-23,False,0.0,0.0,77.11499509265457,-0.012855381298264135,True
2021-04-27,JD,2.0,76.71499633789062,78.45999908447266,299.0,298.0,True,7.760900020599365,2021-04-26,False,0.0,0.0,76.79521684573533,-0.0010451488989993152,True
2021-04-28,JD,2.0,78.69000244140625,79.05999755859375,306.0,304.6000061035156,True,7.760900020599365,2021-04-27,False,0.0,0.0,78.496052080308,0.002467782019434317,True
2021-04-29,JD,2.0,79.83999633789062,77.83000183105469,309.6000061035156,307.0,True,7.76230001449585,2021-04-28,False,0.0,0.0,79.10026652582023,0.00930834188777574,True
2021-04-30,JD,2.0,76.37000274658203,77.36000061035156,302.0,298.79998779296875,True,7.762400150299072,2021-04-29,False,0.0,0.0,76.98649438510498,-0.008040024009247304,True
2021-05-03,JD,2.0,77.19999694824219,77.0199966430664,299.0,298.79998779296875,True,7.763329982757568,2021-04-30,False,0.0,0.0,76.97727352994306,0.0028891881733095204,True
2021-05-04,JD,2.0,76.76499938964844,76.08000183105469,297.0,300.79998779296875,True,7.7667999267578125,2021-05-03,False,0.0,0.0,77.4578953055471,-0.008985703185791394,True
2021-05-05,JD,2.0,76.08000183105469,75.54000091552734,295.20001220703125,296.0,True,7.76609992980957,2021-05-04,False,0.0,0.0,76.22873840802049,-0.0019530937490905842,True
2021-05-06,JD,2.0,75.38999938964844,76.38999938964844,296.6000061035156,295.3999938964844,True,7.768179893493652,2021-05-05,False,0.0,0.0,76.05384992278584,-0.008767008870062654,True
2021-05-07,JD,2.0,76.76000213623047,75.51000213623047,297.0,292.6000061035156,True,7.769390106201172,2021-05-06,False,0.0,0.0,75.32122910651009,0.01892167685232149,True
2021-05-10,JD,2.0,74.34500122070312,71.4000015258789,294.6000061035156,287.20001220703125,True,7.768199920654297,2021-05-07,False,0.0,0.0,73.94248735628345,0.005428844427370905,True
2021-05-11,JD,2.0,69.44999694824219,72.77999877929688,274.0,272.20001220703125,True,7.765600204467773,2021-05-10,False,0.0,0.0,70.10404992274177,-0.009373540618753395,True
2021-05-12,JD,2.0,72.81999969482422,71.25,278.79998779296875,286.3999938964844,True,7.765359878540039,2021-05-11,False,0.0,0.0,73.76348253684033,-0.012873154013863797,True
2021-05-13,JD,2.0,71.06999969482422,67.02999877929688,279.0,276.6000061035156,True,7.768430233001709,2021-05-12,False,0.0,0.0,71.21129953088034,-0.0019862045578369347,True
2021-05-14,JD,2.0,68.41000366210938,68.1500015258789,264.79998779296875,268.20001220703125,True,7.766240119934082,2021-05-13,False,0.0,0.0,69.06817406240786,-0.009574980402274669,True
2021-05-17,JD,2.0,68.23999786376953,68.20999908447266,264.79998779296875,265.79998779296875,True,7.767899990081787,2021-05-14,False,0.0,0.0,68.43548143831605,-0.002860552731833721,True
2021-05-18,JD,2.0,69.9000015258789,69.73999786376953,269.6000061035156,270.79998779296875,True,7.767199993133545,2021-05-17,False,0.0,0.0,69.72911423224963,0.0024477327385836745,True
2021-05-20,JD,2.0,72.44000244140625,73.69999694824219,275.3999938964844,280.79998779296875,True,7.765309810638428,2021-05-19,False,0.0,0.0,72.32164450368083,0.0016352116267865924,True
2021-05-21,JD,2.0,74.88899993896484,72.75,291.79998779296875,288.79998779296875,True,7.764900207519531,2021-05-20,False,0.0,0.0,74.3860140052527,0.006739076071993644,True
2021-05-24,JD,2.0,72.25,71.66000366210938,282.3999938964844,282.3999938964844,True,7.76230001449585,2021-05-21,False,0.0,0.0,72.76193740749812,-0.0070606536736601555,True
2021-05-25,JD,2.0,73.05999755859375,72.80999755859375,278.20001220703125,285.0,True,7.764080047607422,2021-05-24,False,0.0,0.0,73.4150081535611,-0.00484739752545682,True
2021-05-26,JD,2.0,73.55000305175781,73.19999694824219,286.0,287.6000061035156,True,7.764349937438965,2021-05-25,False,0.0,0.0,74.08218548129456,-0.007209603000370102,True
2021-05-27,JD,2.0,73.58000183105469,72.83000183105469,285.0,284.3999938964844,True,7.762499809265137,2021-05-26,False,0.0,0.0,73.27536254674847,0.004148840222122807,True
2021-05-28,JD,2.0,72.61000061035156,73.94000244140625,286.79998779296875,282.3999938964844,True,7.762800216674805,2021-05-27,False,0.0,0.0,72.75724893444453,-0.0020258810002298233,True
2021-06-01,JD,2.0,76.0999984741211,78.33000183105469,294.0,297.79998779296875,True,7.761849880218506,2021-05-31,False,0.0,0.0,76.734281746914,-0.00830032259083513,True
2021-06-02,JD,2.0,77.88999938964844,76.54000091552734,303.6000061035156,299.79998779296875,True,7.761000156402588,2021-06-01,False,0.0,0.0,77.25808059561574,0.008146053608970583,True
2021-06-03,JD,2.0,75.41999816894531,75.5199966430664,298.20001220703125,295.79998779296875,True,7.759200096130371,2021-06-02,False,0.0,0.0,76.24496961754824,-0.010878973530276781,True
2021-06-04,JD,2.0,76.0,75.43000030517578,294.0,295.3999938964844,True,7.75846004486084,2021-06-03,False,0.0,0.0,76.14913067501216,-0.001960323034485789,True
2021-06-07,JD,2.0,75.38999938964844,74.68000030517578,290.3999938964844,289.20001220703125,True,7.757999897003174,2021-06-04,False,0.0,0.0,74.5553018939188,0.01113347481504956,True
2021-06-08,JD,2.0,75.01300048828125,73.27999877929688,292.0,288.0,True,7.757130146026611,2021-06-07,False,0.0,0.0,74.25426532195557,0.010166216912018022,True
2021-06-09,JD,2.0,73.13999938964844,72.63999938964844,284.6000061035156,281.3999938964844,True,7.759200096130371,2021-06-08,False,0.0,0.0,72.53324837874017,0.00833034931225285,True
2021-06-10,JD,2.0,73.06500244140625,71.8499984741211,281.3999938964844,283.3999938964844,True,7.760000228881836,2021-06-09,False,0.0,0.0,73.04123338597385,0.00032536675122063485,True
2021-06-11,JD,2.0,71.27999877929688,71.19000244140625,279.0,279.20001220703125,True,7.760000228881836,2021-06-10,False,0.0,0.0,71.95876391031038,-0.009477465442323307,True
2021-06-15,JD,2.0,71.25,70.83999633789062,278.0,276.0,True,7.761519908905029,2021-06-14,False,0.0,0.0,71.12009071402026,0.0018249524374525095,True
2021-06-16,JD,2.0,71.0,71.48999786376953,276.0,273.79998779296875,True,7.76200008392334,2021-06-15,False,0.0,0.0,70.54882371363625,0.006374871969565987,True
2021-06-17,JD,2.0,71.37999725341797,73.5,275.20001220703125,276.6000061035156,True,7.76308012008667,2021-06-16,False,0.0,0.0,71.26037650643944,0.0016772358606154114,True
2021-06-18,JD,2.0,72.73999786376953,71.62000274658203,285.0,286.3999938964844,True,7.762939929962158,2021-06-17,False,0.0,0.0,73.78647689674457,-0.014284064743626423,True
2021-06-21,JD,2.0,71.61000061035156,72.62000274658203,278.0,280.0,True,7.764220237731934,2021-06-18,False,0.0,0.0,72.12572323471159,-0.007176014753532023,True
2021-06-22,JD,2.0,72.19000244140625,73.30000305175781,280.0,278.79998779296875,True,7.764400005340576,2021-06-21,False,0.0,0.0,71.81494709216479,0.005208934810745802,True
2021-06-23,JD,2.0,73.48999786376953,73.13999938964844,284.79998779296875,286.0,True,7.764619827270508,2021-06-22,False,0.0,0.0,73.66748311244426,-0.0024121822901195245,True
2021-06-24,JD,2.0,73.70999908447266,74.9000015258789,286.0,286.20001220703125,True,7.76609992980957,2021-06-23,False,0.0,0.0,73.70495223953397,6.847127642561901e-05,True
2021-06-25,JD,2.0,75.92500305175781,78.2300033569336,291.20001220703125,295.0,True,7.764750003814697,2021-06-24,False,0.0,0.0,75.9844167178779,-0.0007822249501012735,True
2021-06-28,JD,2.0,78.08000183105469,77.12000274658203,299.0,300.20001220703125,True,7.763000011444092,2021-06-25,False,0.0,0.0,77.34123708990883,0.009506684031270751,True
2021-06-29,JD,2.0,77.33999633789062,79.75,300.3999938964844,302.0,True,7.761529922485352,2021-06-28,False,0.0,0.0,77.81970900481831,-0.006183489384350871,True
2021-06-30,JD,2.0,78.88999938964844,79.80999755859375,309.6000061035156,305.3999938964844,True,7.76278018951416,2021-06-29,False,0.0,0.0,78.68314867629869,0.0026254578867987988,True
2021-07-02,JD,2.0,77.30000305175781,76.2300033569336,304.6000061035156,300.79998779296875,True,7.764359951019287,2021-07-01,False,0.0,0.0,77.48223670477319,-0.002354711205937221,True
2021-07-06,JD,2.0,74.25,72.38999938964844,292.0,293.20001220703125,True,7.765339851379395,2021-07-05,False,0.0,0.0,75.51504964845775,-0.016894191800124858,True
2021-07-07,JD,2.0,73.30000305175781,72.69999694824219,283.6000061035156,287.0,True,7.767399787902832,2021-07-06,False,0.0,0.0,73.89860386663293,-0.00813328505216937,True
2021-07-08,JD,2.0,70.36000061035156,70.88999938964844,279.0,276.6000061035156,True,7.766849994659424,2021-07-07,False,0.0,0.0,71.22578813642828,-0.01223001722521655,True
2021-07-09,JD,2.0,71.7699966430664,73.55999755859375,275.0,279.0,True,7.7677998542785645,2021-07-08,False,0.0,0.0,71.83501254768417,-0.0009054824678660367,True
2021-07-12,JD,2.0,73.08999633789062,73.16999816894531,284.0,281.3999938964844,True,7.7677001953125,2021-07-09,False,0.0,0.0,72.45387613345277,0.008741340245813412,True
2021-07-13,JD,2.0,74.15499877929688,76.5199966430664,285.0,291.0,True,7.7671799659729,2021-07-12,False,0.0,0.0,74.93067014665212,-0.010405807239895815,True
2021-07-14,JD,2.0,76.25,75.44999694824219,297.6000061035156,295.79998779296875,True,7.766300201416016,2021-07-13,False,0.0,0.0,76.17526495796186,0.0009806123420226243,True
2021-07-15,JD,2.0,76.16999816894531,76.86000061035156,295.20001220703125,297.0,True,7.765999794006348,2021-07-14,False,0.0,0.0,76.48725415347526,-0.004156454232591145,True
2021-07-16,JD,2.0,76.87000274658203,75.58999633789062,298.3999938964844,298.0,True,7.76600980758667,2021-07-15,False,0.0,0.0,76.74468804015201,0.0016315462223905897,True
2021-07-19,JD,2.0,74.0,74.22000122070312,292.6000061035156,289.6000061035156,True,7.767899990081787,2021-07-16,False,0.0,0.0,74.56326844405382,-0.007582912640137884,True
2021-07-20,JD,2.0,74.16000366210938,73.87000274658203,288.0,287.79998779296875,True,7.767990112304688,2021-07-19,False,0.0,0.0,74.09895832310251,0.000823496153476988,True
2021-07-21,JD,2.0,73.3499984741211,75.30000305175781,286.6000061035156,286.20001220703125,True,7.770699977874756,2021-07-20,False,0.0,0.0,73.66132086476601,-0.004235358983605053,True
2021-07-22,JD,2.0,76.0,75.91000366210938,291.20001220703125,295.20001220703125,True,7.772299766540527,2021-07-21,False,0.0,0.0,75.96207585246692,0.0004991264841267551,True
2021-07-23,JD,2.0,72.947998046875,72.29000091552734,297.0,289.79998779296875,True,7.772659778594971,2021-07-22,False,0.0,0.0,74.5690654288112,-0.021978916892864575,True
2021-07-26,JD,2.0,69.19000244140625,66.08000183105469,279.20001220703125,267.20001220703125,True,7.770899772644043,2021-07-23,False,0.0,0.0,68.76938836546508,0.006097669419067309,True
2021-07-27,JD,2.0,62.2239990234375,64.7699966430664,258.0,242.0,True,7.768970012664795,2021-07-26,False,0.0,0.0,62.29912063130562,-0.0012065489073780356,True
2021-07-28,JD,2.0,68.2300033569336,70.27999877929688,251.1999969482422,251.0,True,7.778800010681152,2021-07-27,False,0.0,0.0,64.53437539346666,0.05568636635755997,True
2021-07-29,JD,2.0,72.08000183105469,71.93000030517578,272.0,283.20001220703125,True,7.782509803771973,2021-07-28,False,0.0,0.0,72.7785815495592,-0.009645063727290903,True
2021-07-30,JD,2.0,69.97000122070312,70.87999725341797,276.0,276.6000061035156,True,7.780499935150147,2021-07-29,False,0.0,0.0,71.10083115711197,-0.01603243051041492,True
2021-08-02,JD,2.0,71.06999969482422,71.48999786376953,279.20001220703125,277.20001220703125,True,7.770040035247803,2021-07-30,False,0.0,0.0,71.35098685452031,-0.003945872459988564,True
2021-08-03,JD,2.0,70.66000366210938,70.23999786376953,285.79998779296875,275.79998779296875,True,7.77209997177124,2021-08-02,False,0.0,0.0,70.97180653740733,-0.004403013399176814,True
2021-08-04,JD,2.0,70.62999725341797,71.4000015258789,272.0,277.3999938964844,True,7.773749828338623,2021-08-03,False,0.0,0.0,71.36838720619578,-0.010400070550392826,True
2021-08-05,JD,2.0,70.88999938964844,70.73999786376953,277.3999938964844,273.6000061035156,True,7.777100086212158,2021-08-04,False,0.0,0.0,70.36041791170331,0.007498511784797657,True
2021-08-06,JD,2.0,71.0999984741211,69.58999633789062,273.0,276.3999938964844,True,7.77554988861084,2021-08-05,False,0.0,0.0,71.09464870165351,7.524576454009946e-05,True
2021-08-09,JD,2.0,69.93000030517578,71.7300033569336,270.0,273.3999938964844,True,7.776370048522949,2021-08-06,False,0.0,0.0,70.31558225509451,-0.005498681875053535,True
2021-08-10,JD,2.0,72.80000305175781,71.76000213623047,278.20001220703125,285.20001220703125,True,7.780200004577637,2021-08-09,False,0.0,0.0,73.3143137809383,-0.007039869390221831,True
2021-08-11,JD,2.0,72.54000091552734,71.06999969482422,280.0,281.6000061035156,True,7.783100128173828,2021-08-10,False,0.0,0.0,72.36191272528015,0.0024580528364364085,True
2021-08-12,JD,2.0,70.36000061035156,70.52999877929688,278.0,276.20001220703125,True,7.780900001525879,2021-08-11,False,0.0,0.0,70.99436110292302,-0.008975524257650136,True
2021-08-13,JD,2.0,69.94999694824219,69.86000061035156,273.6000061035156,274.0,True,7.778369903564453,2021-08-12,False,0.0,0.0,70.45177933089528,-0.007147837190578876,True
2021-08-16,JD,2.0,68.20999908447266,66.66999816894531,271.0,263.6000061035156,True,7.781660079956055,2021-08-13,False,0.0,0.0,67.74904156569231,0.006780855216542925,True
2021-08-17,JD,2.0,64.1500015258789,64.26000213623047,259.79998779296875,250.0,True,7.782199859619141,2021-08-16,False,0.0,0.0,64.24918519433525,-0.0015449270469307663,True
2021-08-18,JD,2.0,65.0,65.52999877929688,250.8000030517578,253.3999938964844,True,7.78400993347168,2021-08-17,False,0.0,0.0,65.10782901415637,-0.0016575334422386234,True
2021-08-19,JD,2.0,63.290000915527344,62.189998626708984,253.3999938964844,246.6000061035156,True,7.791800022125244,2021-08-18,False,0.0,0.0,63.29731394627206,-0.00011554128880675307,True
2021-08-20,JD,2.0,63.04999923706055,63.619998931884766,246.0,241.3999938964844,True,7.787899971008301,2021-08-19,False,0.0,0.0,61.99360412823338,0.01689682980861118,True
2021-08-23,JD,2.0,65.57499694824219,65.7300033569336,247.1999969482422,243.6000061035156,True,7.789599895477295,2021-08-20,False,0.0,0.0,62.544934110146464,0.04730923502750439,True
2021-08-24,JD,2.0,71.4000015258789,75.22000122070312,256.20001220703125,280.0,True,7.790709972381592,2021-08-23,False,0.0,0.0,71.88048354838321,-0.0067068983380425,True
2021-08-25,JD,2.0,74.75,76.13999938964844,295.0,294.0,True,7.791600227355957,2021-08-24,False,0.0,0.0,75.46588413706834,-0.009531476127903282,True
2021-08-26,JD,2.0,76.19000244140625,77.04000091552734,298.0,296.6000061035156,True,7.787799835205078,2021-08-25,False,0.0,0.0,76.17042358041171,0.00025700717192211897,True
2021-08-27,JD,2.0,77.25,76.43000030517578,299.0,304.79998779296875,True,7.78350019454956,2021-08-26,False,0.0,0.0,78.31951697165927,-0.013749915056373574,True
2021-08-30,JD,2.0,75.14800262451172,76.69000244140625,298.0,298.3999938964844,True,7.787179946899414,2021-08-27,False,0.0,0.0,76.63878218591749,-0.019643706148245066,True
2021-08-31,JD,2.0,78.08000183105469,78.55999755859375,298.3999938964844,306.3999938964844,True,7.787399768829346,2021-08-30,False,0.0,0.0,78.69121991731124,-0.007797619696032321,True
2021-09-01,JD,2.0,79.4800033569336,80.77999877929688,307.0,311.3999938964844,True,7.787089824676514,2021-08-31,False,0.0,0.0,79.97852879767451,-0.006252748701943034,True
2021-09-02,JD,2.0,80.51000213623047,80.23999786376953,315.0,315.0,True,7.777900218963623,2021-09-01,False,0.0,0.0,80.99872488258087,-0.006051985512551816,True
2021-09-03,JD,2.0,79.30000305175781,79.8550033569336,315.20001220703125,312.20001220703125,True,7.776700019836426,2021-09-02,False,0.0,0.0,80.29112899062244,-0.012420974383394068,True
2021-09-07,JD,2.0,81.08999633789062,83.23999786376953,318.0,317.3999938964844,True,7.770899772644043,2021-09-06,False,0.0,0.0,81.68938042768997,-0.007364407096865477,True
2021-09-08,JD,2.0,82.29000091552734,81.7300033569336,318.0,323.3999938964844,True,7.77370023727417,2021-09-07,False,0.0,0.0,83.2036183607419,-0.01104123205102514,True
2021-09-09,JD,2.0,78.75499725341797,80.26000213623047,320.0,305.20001220703125,True,7.774479866027832,2021-09-08,False,0.0,0.0,78.51329412805212,0.003073770479032234,True
2021-09-10,JD,2.0,82.19999694824219,80.63999938964844,313.0,321.20001220703125,True,7.775489807128906,2021-09-09,False,0.0,0.0,82.61859257086059,-0.005079481918387252,True
2021-09-13,JD,2.0,79.52400207519531,80.16999816894531,315.0,313.20001220703125,True,7.777239799499512,2021-09-10,False,0.0,0.0,80.54271702595221,-0.012728800977388488,True
2021-09-14,JD,2.0,80.0,77.9000015258789,318.0,313.6000061035156,True,7.777910232543945,2021-09-13,False,0.0,0.0,80.63862830181971,-0.00795115935841828,True
2021-09-15,JD,2.0,75.79399871826172,76.62999725341797,303.0,295.0,True,7.779339790344238,2021-09-14,False,0.0,0.0,75.84191151186266,-0.0006319452314791363,True
2021-09-16,JD,2.0,75.33000183105469,77.16999816894531,295.0,293.79998779296875,True,7.779600143432617,2021-09-15,False,0.0,0.0,75.53087109264577,-0.0026629751823978864,True
2021-09-17,JD,2.0,79.04000091552734,77.69000244140625,296.79998779296875,307.3999938964844,True,7.781199932098389,2021-09-16,False,0.0,0.0,79.01094858864178,0.0003676324287056332,True
2021-09-20,JD,2.0,74.55999755859375,74.1500015258789,300.79998779296875,294.6000061035156,True,7.782820224761963,2021-09-17,False,0.0,0.0,75.7052064921687,-0.015242798413036773,True
2021-09-21,JD,2.0,74.45600128173828,73.5,289.79998779296875,290.79998779296875,True,7.781929969787598,2021-09-20,False,0.0,0.0,74.73724099856065,-0.0037701446211899636,True
2021-09-23,JD,2.0,75.94999694824219,76.12999725341797,300.0,296.3999938964844,True,7.786320209503174,2021-09-22,False,0.0,0.0,76.13352287637215,-0.0024134898696077656,True
2021-09-24,JD,2.0,74.66999816894531,73.9800033569336,296.3999938964844,292.20001220703125,True,7.785600185394287,2021-09-23,False,0.0,0.0,75.06165362952896,-0.005231443707653938,True
2021-09-27,JD,2.0,74.5199966430664,76.43000030517578,293.3999938964844,292.3999938964844,True,7.784969806671143,2021-09-24,False,0.0,0.0,75.11910801398851,-0.008007459995357458,True
2021-09-28,JD,2.0,76.30999755859375,75.41999816894531,297.79998779296875,299.20001220703125,True,7.785299777984619,2021-09-27,False,0.0,0.0,76.86281087161558,-0.0072181964791946385,True
2021-09-29,JD,2.0,75.0999984741211,71.62000274658203,291.0,293.79998779296875,True,7.782700061798096,2021-09-28,False,0.0,0.0,75.50078647771758,-0.005322534672007606,True
2021-09-30,JD,2.0,72.08499908447266,72.23999786376953,281.20001220703125,283.20001220703125,True,7.782999992370605,2021-09-29,False,0.0,0.0,72.77399781180574,-0.00951275292324194,True
2021-10-04,JD,2.0,70.0199966430664,69.41000366210938,276.0,274.6000061035156,True,7.786139965057373,2021-10-01,False,0.0,0.0,70.53559461706702,-0.007336603006392828,True
2021-10-05,JD,2.0,70.45999908447266,71.62000274658203,269.0,275.6000061035156,True,7.785299777984619,2021-10-04,False,0.0,0.0,70.80010120685685,-0.004815270254515447,True
2021-10-06,JD,2.0,69.91000366210938,71.87000274658203,277.20001220703125,273.20001220703125,True,7.787399768829346,2021-10-05,False,0.0,0.0,70.16463012482548,-0.003635586776741029,True
2021-10-07,JD,2.0,74.95999908447266,76.30000305175781,279.0,290.0,True,7.78508996963501,2021-10-06,False,0.0,0.0,74.50138691553134,0.006136884188531866,True
2021-10-08,JD,2.0,76.83999633789062,78.61000061035156,301.3999938964844,296.20001220703125,True,7.786280155181885,2021-10-07,False,0.0,0.0,76.08254681406648,0.00990639709055774,True
2021-10-11,JD,2.0,80.04000091552734,78.0,305.0,311.6000061035156,True,7.784860134124756,2021-10-08,False,0.0,0.0,80.05282066343726,-0.0001601539383324635,True
2021-10-12,JD,2.0,77.9000015258789,78.41000366210938,305.3999938964844,304.3999938964844,True,7.784299850463867,2021-10-11,False,0.0,0.0,78.20870206543884,-0.003954948504977018,True
2021-10-15,JD,2.0,80.38999938964844,81.41999816894531,315.0,314.79998779296875,True,7.778900146484375,2021-10-14,False,0.0,0.0,80.93688872847677,-0.006779916728373081,True
2021-10-18,JD,2.0,81.55000305175781,82.41999816894531,317.0,317.79998779296875,True,7.77934980392456,2021-10-15,False,0.0,0.0,81.70348314524786,-0.001880267825003834,True
2021-10-19,JD,2.0,83.55000305175781,84.91000366210938,317.79998779296875,323.0,True,7.77810001373291,2021-10-18,False,0.0,0.0,83.0537019142761,0.005957881976941692,True
2021-10-20,JD,2.0,85.9800033569336,85.52999877929688,328.0,331.20001220703125,True,7.7771501541137695,2021-10-19,False,0.0,0.0,85.17259038179712,0.009435077169377415,True
2021-10-21,JD,2.0,84.11000061035156,83.97000122070312,332.0,327.0,True,7.774919986724853,2021-10-20,False,0.0,0.0,84.11662127927497,-7.871131040282364e-05,True
2021-10-22,JD,2.0,84.16000366210938,83.06999969482422,327.0,325.0,True,7.77370023727417,2021-10-21,False,0.0,0.0,83.61526430917807,0.0064937016490960175,True
2021-10-25,JD,2.0,83.68000030517578,84.25,325.0,325.0,True,7.775109767913818,2021-10-22,False,0.0,0.0,83.60010590235115,0.0009552170991620201,True
2021-10-26,JD,2.0,84.05000305175781,81.4800033569336,326.0,325.6000061035156,True,7.7725701332092285,2021-10-25,False,0.0,0.0,83.78181232803573,0.003195948889572975,True
2021-10-27,JD,2.0,79.88999938964844,80.86000061035156,319.20001220703125,312.6000061035156,True,7.774250030517578,2021-10-26,False,0.0,0.0,80.41933430913953,-0.006603942902869697,True
2021-10-28,JD,2.0,79.43000030517578,80.91999816894531,315.0,312.6000061035156,True,7.776000022888184,2021-10-27,False,0.0,0.0,80.40123590107935,-0.012153413483633635,True
2021-10-29,JD,2.0,79.7300033569336,78.27999877929688,312.0,310.3999938964844,True,7.778299808502197,2021-10-28,False,0.0,0.0,79.8117844614826,-0.0010251998906394277,True
2021-11-01,JD,2.0,78.66000366210938,82.5,304.20001220703125,306.3999938964844,True,7.777999877929688,2021-10-29,False,0.0,0.0,78.78632005791198,-0.001604564907196071,True
2021-11-02,JD,2.0,80.94999694824219,80.69999694824219,320.3999938964844,314.20001220703125,True,7.7802300453186035,2021-11-01,False,0.0,0.0,80.76882312653125,0.002240603751904935,True
2021-11-03,JD,2.0,81.51000213623047,81.36000061035156,315.0,316.3999938964844,True,7.782310009002685,2021-11-02,False,0.0,0.0,81.31261631327163,0.00242455159525079,True
2021-11-04,JD,2.0,82.62999725341797,80.30000305175781,318.6000061035156,323.79998779296875,True,7.781280040740967,2021-11-03,False,0.0,0.0,83.22537836901579,-0.007179552315617066,True
2021-11-05,JD,2.0,79.9000015258789,77.56999969482422,314.3999938964844,309.79998779296875,True,7.783199787139893,2021-11-04,False,0.0,0.0,79.60735848123758,0.0036693400602336723,True
2021-11-08,JD,2.0,79.04000091552734,77.47000122070312,305.20001220703125,305.6000061035156,True,7.782999992370605,2021-11-05,False,0.0,0.0,78.53013141541419,0.006471674195140054,True
2021-11-09,JD,2.0,77.04000091552734,77.19000244140625,303.20001220703125,301.6000061035156,True,7.783740043640137,2021-11-08,False,0.0,0.0,77.49488148693867,-0.005887109474726593,True
2021-11-10,JD,2.0,78.80000305175781,77.73999786376953,302.20001220703125,308.0,True,7.788380146026611,2021-11-09,False,0.0,0.0,79.09218456860557,-0.003701029857996474,True
2021-11-11,JD,2.0,81.55000305175781,84.19999694824219,303.0,313.3999938964844,True,7.789999961853027,2021-11-10,False,0.0,0.0,80.4621297641021,0.01342973046798246,True
2021-11-12,JD,2.0,84.08999633789062,85.94999694824219,329.0,329.6000061035156,True,7.790890216827393,2021-11-11,False,0.0,0.0,84.61164178430315,-0.006184256593434689,True
2021-11-15,JD,2.0,86.13999938964844,84.62000274658203,334.79998779296875,335.79998779296875,True,7.791699886322021,2021-11-12,False,0.0,0.0,86.19428178501859,-0.000629966328177467,True
2021-11-16,JD,2.0,85.94999694824219,85.7300033569336,332.0,338.0,True,7.791749954223633,2021-11-15,False,0.0,0.0,86.75843090082277,-0.009361903958670759,True
2021-11-17,JD,2.0,85.0,83.1500015258789,334.79998779296875,335.0,True,7.788859844207764,2021-11-16,False,0.0,0.0,86.02029223805457,-0.011931968186340569,True
2021-11-18,JD,2.0,87.98500061035156,88.0999984741211,324.0,323.0,True,7.787300109863281,2021-11-17,False,0.0,0.0,82.95558035342516,0.058861064266918284,True
2021-11-19,JD,2.0,89.86000061035156,91.5500030517578,339.0,352.3999938964844,True,7.788899898529053,2021-11-18,False,0.0,0.0,90.4877449928547,-0.0069615166586585175,True
2021-11-22,JD,2.0,89.33000183105469,87.70999908447266,364.0,359.20001220703125,True,7.788909912109375,2021-11-19,False,0.0,0.0,92.23370568160892,-0.031988236930262204,True
2021-11-23,JD,2.0,90.20999908447266,89.45999908447266,345.0,354.79998779296875,True,7.790939807891846,2021-11-22,False,0.0,0.0,91.08015118627242,-0.009599625602790596,True
2021-11-24,JD,2.0,90.0,89.36000061035156,349.3999938964844,352.3999938964844,True,7.79040002822876,2021-11-23,False,0.0,0.0,90.47032055338671,-0.0052121769020221365,True
2021-11-26,JD,2.0,86.87000274658203,88.66999816894531,352.3999938964844,346.0,True,7.798389911651611,2021-11-25,False,0.0,0.0,88.73626579841559,-0.02125588492413666,True
2021-11-29,JD,2.0,88.30000305175781,87.91000366210938,350.0,350.6000061035156,True,7.796299934387207,2021-11-26,False,0.0,0.0,89.94010211359908,-0.01840377452320663,True
2021-11-30,JD,2.0,87.16999816894531,84.11000061035156,345.0,339.79998779296875,True,7.797920227050781,2021-11-29,False,0.0,0.0,87.1514398452581,0.00021292072815271013,True
2021-12-01,JD,2.0,86.87999725341797,85.18000030517578,333.20001220703125,341.3999938964844,True,7.799530029296875,2021-11-30,False,0.0,0.0,87.54373471583683,-0.007610669244237478,True
2021-12-02,JD,2.0,86.5,84.45999908447266,336.0,342.0,True,7.797399997711182,2021-12-01,False,0.0,0.0,87.72154823412659,-0.014023159183944145,True
2021-12-03,JD,2.0,79.86000061035156,77.94999694824219,331.6000061035156,321.6000061035156,True,7.793489933013916,2021-12-02,False,0.0,0.0,82.53042189512286,-0.03289186633504215,True
2021-12-06,JD,2.0,76.5199966430664,75.19000244140625,309.79998779296875,306.0,True,7.791699886322021,2021-12-03,False,0.0,0.0,78.54511966950095,-0.026121131827559374,True
2021-12-07,JD,2.0,78.80999755859375,78.08999633789062,300.0,307.0,True,7.795400142669678,2021-12-06,False,0.0,0.0,78.76439807613576,0.0005787676804622777,True
2021-12-08,JD,2.0,78.29000091552734,78.29000091552734,307.0,307.0,True,7.801539897918701,2021-12-07,False,0.0,0.0,78.70241106679507,-0.005253898512949995,True
2021-12-09,JD,2.0,78.54000091552734,79.56999969482422,309.0,311.0,True,7.798500061035156,2021-12-08,False,0.0,0.0,79.75892737473892,-0.015400616596219052,True
2021-12-10,JD,2.0,79.81999969482422,79.70999908447266,311.0,312.20001220703125,True,7.797800064086914,2021-12-09,False,0.0,0.0,80.07386946092171,-0.0031754810958846136,True
2021-12-13,JD,2.0,78.54000091552734,78.05000305175781,315.6000061035156,310.6000061035156,True,7.796750068664551,2021-12-10,False,0.0,0.0,79.67422409801988,-0.014338061112545653,True
2021-12-14,JD,2.0,76.2300033569336,77.6500015258789,305.0,304.3999938964844,True,7.79863977432251,2021-12-13,False,0.0,0.0,78.06489405979224,-0.023785325878577623,True
2021-12-15,JD,2.0,75.88999938964844,73.66000366210938,302.6000061035156,299.3999938964844,True,7.801499843597412,2021-12-14,False,0.0,0.0,76.75447026822617,-0.011326713935069677,True
2021-12-16,JD,2.0,73.5,72.68000030517578,290.3999938964844,290.3999938964844,True,7.800899982452393,2021-12-15,False,0.0,0.0,74.45294633945312,-0.01288192686897549,True
2021-12-17,JD,2.0,70.0199966430664,71.04000091552734,288.0,280.20001220703125,True,7.802800178527832,2021-12-16,False,0.0,0.0,71.82037365972816,-0.02538732392564036,True
2021-12-20,JD,2.0,69.54499816894531,68.19000244140625,273.6000061035156,269.0,True,7.803249835968018,2021-12-17,False,0.0,0.0,68.94563307715232,0.008655731128024868,True
2021-12-21,JD,2.0,70.06999969482422,73.41000366210938,266.79998779296875,273.3999938964844,True,7.802169799804688,2021-12-20,False,0.0,0.0,70.08306686771374,-0.00018647002520744138,True
2021-12-22,JD,2.0,71.11699676513672,73.75,287.3999938964844,279.20001220703125,True,7.800899982452393,2021-12-21,False,0.0,0.0,71.58148747838663,-0.006510123162183135,True
2021-12-23,JD,2.0,67.87000274658203,68.6500015258789,261.3999938964844,259.6000061035156,True,7.801080226898193,2021-12-22,False,0.0,0.0,66.55488690102494,0.01956717701741084,True
2021-12-28,JD,2.0,67.30000305175781,65.87000274658203,263.0,260.79998779296875,True,7.799349784851074,2021-12-27,False,0.0,0.0,66.87736670037005,0.0062996874942271575,True
2021-12-29,JD,2.0,66.5,65.62999725341797,260.0,255.1999969482422,True,7.798500061035156,2021-12-28,False,0.0,0.0,65.4484823878728,0.0159386429257955,True
2021-12-30,JD,2.0,65.87000274658203,70.4000015258789,257.3999938964844,259.79998779296875,True,7.797999858856201,2021-12-29,False,0.0,0.0,66.63246793930459,-0.011508821000163927,True
2021-12-31,JD,2.0,69.56999969482422,70.06999969482422,275.0,274.0,True,7.7965497970581055,2021-12-30,False,0.0,0.0,70.28750078743529,-0.010260549272433472,True
2022-01-03,JD,2.0,68.9000015258789,68.33000183105469,276.20001220703125,270.3999938964844,True,7.797560214996338,2021-12-31,False,0.0,0.0,69.35502553130624,-0.006582410174244657,True
2022-01-04,JD,2.0,67.69999694824219,64.19999694824219,267.0,265.3999938964844,True,7.795919895172119,2022-01-03,False,0.0,0.0,68.0868960854362,-0.00569863814656113,True
2022-01-05,JD,2.0,63.56999969482422,63.02000045776367,251.0,246.3999938964844,True,7.797699928283691,2022-01-04,False,0.0,0.0,63.19812153908265,0.005867077919471164,True
2022-01-06,JD,2.0,65.25,66.77999877929688,248.0,256.6000061035156,True,7.793499946594238,2022-01-05,False,0.0,0.0,65.849748601243,-0.009149564230422236,True
2022-01-07,JD,2.0,68.38999938964844,68.23999786376953,264.6000061035156,268.79998779296875,True,7.795199871063232,2022-01-06,False,0.0,0.0,68.96551525017037,-0.008379994497646592,True
2022-01-10,JD,2.0,69.69000244140625,69.5999984741211,268.79998779296875,270.20001220703125,True,7.800620079040527,2022-01-07,False,0.0,0.0,69.27654711271767,0.005950447067688103,True
2022-01-11,JD,2.0,71.0,76.76000213623047,273.6000061035156,275.0,True,7.79817008972168,2022-01-10,False,0.0,0.0,70.52936697609654,0.006650701104713441,True
2022-01-12,JD,2.0,78.16999816894531,76.4000015258789,298.79998779296875,305.20001220703125,True,7.795499801635742,2022-01-11,False,0.0,0.0,78.3015893715989,-0.001681982470367771,True
2022-01-13,JD,2.0,74.47000122070312,71.44000244140625,298.20001220703125,293.20001220703125,True,7.796000003814697,2022-01-12,False,0.0,0.0,75.21806363867732,-0.009995033957183708,True
2022-01-14,JD,2.0,73.9000015258789,73.72000122070312,280.20001220703125,287.0,True,7.791790008544922,2022-01-13,False,0.0,0.0,73.66728304670927,0.003154068637504892,True
2022-01-18,JD,2.0,71.12000274658203,73.4000015258789,287.0,279.0,True,7.784180164337158,2022-01-17,False,0.0,0.0,71.6838495794907,-0.007896842470998422,True
2022-01-19,JD,2.0,73.18000030517578,72.30000305175781,286.0,281.3999938964844,True,7.789899826049805,2022-01-18,False,0.0,0.0,72.24739731709234,0.012825860710420578,True
2022-01-20,JD,2.0,77.25,77.0,284.0,299.79998779296875,True,7.792449951171875,2022-01-19,False,0.0,0.0,76.94627226906553,0.003939500213300029,True
2022-01-21,JD,2.0,77.60199737548828,73.45999908447266,302.0,306.20001220703125,True,7.791319847106934,2022-01-20,False,0.0,0.0,78.60029320211497,-0.01278226350223921,True
2022-01-24,JD,2.0,72.5199966430664,71.73999786376953,290.0,289.20001220703125,True,7.786019802093506,2022-01-21,False,0.0,0.0,74.28699632365978,-0.024073580977464815,True
2022-01-25,JD,2.0,70.27999877929688,72.1500015258789,280.0,280.6000061035156,True,7.787059783935547,2022-01-24,False,0.0,0.0,72.06828094022968,-0.02512677006203745,True
2022-01-26,JD,2.0,72.9000015258789,71.11000061035156,282.6000061035156,284.79998779296875,True,7.786190032958984,2022-01-25,False,0.0,0.0,73.15515973471207,-0.0034940013925259805,True
2022-01-27,JD,2.0,70.75,66.68000030517578,277.0,274.79998779296875,True,7.785369873046875,2022-01-26,False,0.0,0.0,70.59394538063823,0.002208155182749749,True
2022-01-28,JD,2.0,67.5999984741211,69.33999633789062,263.0,266.0,True,7.786489963531494,2022-01-27,False,0.0,0.0,68.3234682753917,-0.010645352870093383,True
2022-01-31,JD,2.0,71.83999633789062,74.87999725341797,279.6000061035156,279.6000061035156,False,7.789400100708008,2022-01-28,False,0.0,0.0,71.78986892151084,0.0006980082913043972,True
2022-02-04,JD,2.0,71.94000244140625,73.7699966430664,286.6000061035156,284.79998779296875,True,7.795499801635742,2022-02-03,False,0.0,0.0,73.0677942505261,-0.015555226343346717,True
2022-02-07,JD,2.0,74.08999633789062,73.1500015258789,288.0,292.20001220703125,True,7.7930498123168945,2022-02-04,False,0.0,0.0,74.98989978100997,-0.012072913880299296,True
2022-02-08,JD,2.0,73.12000274658203,75.36000061035156,288.0,285.6000061035156,True,7.787899971008301,2022-02-07,False,0.0,0.0,73.34454915104385,-0.003066224249890226,True
2022-02-09,JD,2.0,76.83000183105469,78.29000091552734,292.79998779296875,298.0,True,7.791989803314209,2022-02-08,False,0.0,0.0,76.48880645948742,0.004450803376546908,True
2022-02-10,JD,2.0,75.95500183105469,76.4000015258789,304.0,301.79998779296875,True,7.793300151824951,2022-02-09,False,0.0,0.0,77.45113928976455,-0.019506192991378235,True
2022-02-11,JD,2.0,75.97000122070312,73.9800033569336,301.0,298.6000061035156,True,7.791130065917969,2022-02-10,False,0.0,0.0,76.65126973293158,-0.008927628932313247,True
2022-02-14,JD,2.0,73.94000244140625,74.44999694824219,288.0,289.6000061035156,True,7.79656982421875,2022-02-11,False,0.0,0.0,74.28908164303776,-0.004710004775684951,True
2022-02-15,JD,2.0,75.3499984741211,76.12999725341797,290.3999938964844,290.3999938964844,True,7.800829887390137,2022-02-14,False,0.0,0.0,74.45361534313402,0.011967586184145063,True
2022-02-16,JD,2.0,75.58999633789062,75.30000305175781,296.0,297.20001220703125,True,7.802599906921387,2022-02-15,False,0.0,0.0,76.17973899786827,-0.0077715840634420275,True
2022-02-17,JD,2.0,74.93000030517578,74.55000305175781,292.6000061035156,295.3999938964844,True,7.801259994506836,2022-02-16,False,0.0,0.0,75.73135470539034,-0.010637923139311667,True
2022-02-18,JD,2.0,72.26000213623047,71.86000061035156,292.3999938964844,287.0,True,7.799499988555908,2022-02-17,False,0.0,0.0,73.59446129139326,-0.018299013427458988,True
2022-02-22,JD,2.0,70.36000061035156,70.9800033569336,280.0,275.20001220703125,True,7.799739837646484,2022-02-21,False,0.0,0.0,70.56645937823251,-0.0029300234406273162,True
2022-02-23,JD,2.0,72.44000244140625,70.54000091552734,280.0,285.0,True,7.800899982452393,2022-02-22,False,0.0,0.0,73.06849226142845,-0.008638584705718877,True
2022-02-24,JD,2.0,67.05000305175781,70.91000366210938,272.3999938964844,271.20001220703125,True,7.801599979400635,2022-02-23,False,0.0,0.0,69.52420347700689,-0.03623628817065949,True
2022-02-25,JD,2.0,71.27999877929688,72.5,276.20001220703125,275.79998779296875,True,7.805069923400879,2022-02-24,False,0.0,0.0,70.67200947580884,0.008566177101411832,True
2022-02-28,JD,2.0,70.91999816894531,71.62999725341797,283.0,279.20001220703125,True,7.807499885559082,2022-02-25,False,0.0,0.0,71.5209775983335,-0.008438344264929398,True
2022-03-01,JD,2.0,72.41999816894531,73.30000305175781,282.0,287.79998779296875,True,7.807479858398437,2022-02-28,False,0.0,0.0,73.72417041419195,-0.01784822314885126,True
2022-03-02,JD,2.0,72.69000244140625,71.79000091552734,290.0,285.0,True,7.813260078430176,2022-03-01,False,0.0,0.0,72.95290240927488,-0.003610203376289256,True
2022-03-03,JD,2.0,73.12000274658203,67.83000183105469,282.0,286.20001220703125,True,7.815899848937988,2022-03-02,False,0.0,0.0,73.23533252435921,-0.0015760245628975156,True
2022-03-04,JD,2.0,66.27999877929688,63.59000015258789,262.6000061035156,262.3999938964844,True,7.813720226287842,2022-03-03,False,0.0,0.0,67.1639081762071,-0.013247848397398343,True
2022-03-07,JD,2.0,63.20000076293945,60.52000045776367,246.0,247.0,True,7.8155999183654785,2022-03-04,False,0.0,0.0,63.206920154545614,-0.00010947805013916678,True
2022-03-08,JD,2.0,60.0,58.689998626708984,239.8000030517578,230.3999938964844,True,7.814599990844727,2022-03-07,False,0.0,0.0,58.966548298418815,0.017374257102084734,True
2022-03-09,JD,2.0,61.47999954223633,62.400001525878906,231.0,235.0,True,7.818299770355225,2022-03-08,False,0.0,0.0,60.115372114805155,0.022446326767789238,True
2022-03-10,JD,2.0,53.0099983215332,52.52000045776367,244.8000030517578,237.3999938964844,True,7.818600177764893,2022-03-09,False,0.0,0.0,60.7269814286245,-0.13590756055623876,True
2022-03-11,JD,2.0,53.9010009765625,47.9900016784668,208.0,211.1999969482422,True,7.819069862365723,2022-03-10,False,0.0,0.0,54.021770022743326,-0.0022380651547941888,True
2022-03-14,JD,2.0,43.00400161743164,42.939998626708984,190.8000030517578,180.0,True,7.822770118713379,2022-03-11,False,0.0,0.0,46.01950390167028,-0.06777213225562706,True
2022-03-15,JD,2.0,41.63999938964844,45.97999954223633,170.0,161.89999389648438,True,7.828020095825195,2022-03-14,False,0.0,0.0,41.36422541450249,0.006644842247598426,True
2022-03-16,JD,2.0,56.959999084472656,64.08000183105469,181.8000030517578,219.6000061035156,True,7.828949928283691,2022-03-15,False,0.0,0.0,56.09947901446282,0.01522272527474744,True
2022-03-17,JD,2.0,62.0,61.939998626708984,252.3999938964844,254.3999938964844,True,7.826700210571289,2022-03-16,False,0.0,0.0,65.00823771245868,-0.04737961085829134,True
2022-03-18,JD,2.0,61.16999816894531,65.12999725341797,241.0,243.8000030517578,True,7.820419788360596,2022-03-17,False,0.0,0.0,62.349594944919424,-0.0191003323115142,True
2022-03-21,JD,2.0,62.47999954223633,61.439998626708984,250.3999938964844,239.0,True,7.818270206451416,2022-03-18,False,0.0,0.0,61.138843679970016,0.021699094580985623,True
2022-03-22,JD,2.0,65.1500015258789,64.7300033569336,243.0,253.8000030517578,True,7.823939800262451,2022-03-21,False,0.0,0.0,64.87780057899836,0.004186817589801883,True
2022-03-23,JD,2.0,62.0099983215332,64.29000091552734,259.0,252.0,True,7.825029850006104,2022-03-22,False,0.0,0.0,64.40869998720923,-0.03795308166105471,True
2022-03-24,JD,2.0,61.349998474121094,61.52000045776367,249.0,241.6000061035156,True,7.826670169830322,2022-03-23,False,0.0,0.0,61.73762298935701,-0.006298371713285178,True
2022-03-25,JD,2.0,59.61000061035156,59.91999816894531,232.1999969482422,228.8000030517578,True,7.823659896850586,2022-03-24,False,0.0,0.0,58.48925082846744,0.018980364638489178,True
2022-03-28,JD,2.0,58.13999938964844,59.77000045776367,223.0,224.8000030517578,True,7.823400020599365,2022-03-25,False,0.0,0.0,57.46862041052465,0.011614817786240295,True
2022-03-29,JD,2.0,62.18000030517578,62.72999954223633,228.0,238.3999938964844,True,7.828410148620605,2022-03-28,False,0.0,0.0,60.906362689362,0.02069576262227546,True
2022-03-30,JD,2.0,61.20000076293945,61.4900016784668,244.0,238.0,True,7.828800201416016,2022-03-29,False,0.0,0.0,60.80114292786583,0.0065386150334854065,True
2022-03-31,JD,2.0,59.95000076293945,57.869998931884766,238.0,234.0,True,7.827199935913086,2022-03-30,False,0.0,0.0,59.79149681007928,0.0026474371650815343,True
2022-04-01,JD,2.0,61.25,59.09000015258789,226.3999938964844,229.0,True,7.82705020904541,2022-03-31,False,0.0,0.0,58.51502006090464,0.045680374964624626,True
2022-04-04,JD,2.0,62.27000045776367,63.310001373291016,235.0,246.6000061035156,True,7.833479881286621,2022-04-01,False,0.0,0.0,62.96052580478765,-0.01102817924886601,True
2022-04-06,JD,2.0,59.5,59.06999969482422,234.1999969482422,234.8000030517578,True,7.834459781646728,2022-04-05,False,0.0,0.0,59.94031741711363,-0.007373044903719261,True
2022-04-07,JD,2.0,57.849998474121094,57.099998474121094,230.1999969482422,227.1999969482422,True,7.833759784698486,2022-04-06,False,0.0,0.0,58.00535201297008,-0.002681855111720921,True
2022-04-08,JD,2.0,56.75,56.540000915527344,222.6000061035156,222.3999938964844,True,7.837110042572021,2022-04-07,False,0.0,0.0,56.75561340554971,-9.89097435075692e-05,True
2022-04-11,JD,2.0,55.779998779296875,56.83000183105469,221.0,215.3999938964844,True,7.836470127105713,2022-04-08,False,0.0,0.0,54.97372934567397,0.014559937453369365,True
2022-04-12,JD,2.0,57.47999954223633,56.47999954223633,220.1999969482422,224.1999969482422,True,7.838860034942627,2022-04-11,False,0.0,0.0,57.2021941835534,0.00484479574458252,True
2022-04-13,JD,2.0,57.7400016784668,58.279998779296875,223.3999938964844,227.8000030517578,True,7.837800025939941,2022-04-12,False,0.0,0.0,58.12855706903267,-0.006706855617467866,True
2022-04-14,JD,2.0,57.34000015258789,56.560001373291016,230.0,226.3999938964844,True,7.837430000305176,2022-04-13,False,0.0,0.0,57.774039165305155,-0.007541062275016053,True
2022-04-19,JD,2.0,56.349998474121094,56.88999938964844,222.0,222.1999969482422,True,7.843599796295166,2022-04-18,False,0.0,0.0,56.657657891519605,-0.005444943951612657,True
2022-04-20,JD,2.0,56.599998474121094,53.75,220.0,220.8000030517578,True,7.84149980545044,2022-04-19,False,0.0,0.0,56.315758089615706,0.005034567247987454,True
2022-04-21,JD,2.0,52.88999938964844,50.70000076293945,211.0,206.3999938964844,True,7.841899871826172,2022-04-20,False,0.0,0.0,52.64030331170736,0.004732224536888818,True
2022-04-22,JD,2.0,52.880001068115234,52.040000915527344,196.0,208.3999938964844,True,7.843900203704834,2022-04-21,False,0.0,0.0,53.136829506844784,-0.004845059784350347,True
2022-04-25,JD,2.0,50.83000183105469,53.720001220703125,203.8000030517578,200.8000030517578,True,7.844600200653076,2022-04-22,False,0.0,0.0,51.19445170323425,-0.007144393520405856,True
2022-04-26,JD,2.0,54.130001068115234,53.209999084472656,210.1999969482422,212.1999969482422,True,7.846290111541748,2022-04-25,False,0.0,0.0,54.08925592391745,0.0007530110121916067,True
2022-04-27,JD,2.0,55.4900016784668,57.41999816894531,212.3999938964844,219.8000030517578,True,7.847109794616699,2022-04-26,False,0.0,0.0,56.0206263973892,-0.009517096857752705,True
2022-04-28,JD,2.0,57.81999969482422,57.810001373291016,228.3999938964844,229.6000061035156,True,7.845600128173828,2022-04-27,False,0.0,0.0,58.52962229849412,-0.012198258845437238,True
2022-04-29,JD,2.0,65.08000183105469,61.65999984741211,227.0,265.6000061035156,True,7.84630012512207,2022-04-28,False,0.0,0.0,67.70070016901973,-0.03947921160918799,True
2022-05-03,JD,2.0,62.79999923706055,62.16999816894531,251.0,249.8000030517578,True,7.847000122070312,2022-05-02,False,0.0,0.0,63.6676434728669,-0.013721420441152432,True
2022-05-04,JD,2.0,60.22999954223633,63.18000030517578,244.0,239.6000061035156,True,7.847499847412109,2022-05-03,False,0.0,0.0,61.064035874439455,-0.013752522529809852,True
2022-05-05,JD,2.0,60.58000183105469,59.38999938964844,246.1999969482422,241.6000061035156,True,7.847259998321533,2022-05-04,False,0.0,0.0,61.57563433738449,-0.016301409994812666,True
2022-05-06,JD,2.0,58.11000061035156,55.61000061035156,231.0,226.6000061035156,True,7.848000049591064,2022-05-05,False,0.0,0.0,57.74719792855329,0.006262949083353675,True
2022-05-10,JD,2.0,53.69499969482422,51.650001525878906,199.3000030517578,208.0,True,7.849649906158447,2022-05-09,False,0.0,0.0,52.99599408549762,0.01310355422361198,True
2022-05-11,JD,2.0,52.31999969482422,49.83000183105469,204.0,208.1999969482422,True,7.849400043487549,2022-05-10,False,0.0,0.0,53.04863958895318,-0.013830519474546055,True
2022-05-12,JD,2.0,48.83000183105469,48.66999816894531,199.0,192.0,True,7.849649906158447,2022-05-11,False,0.0,0.0,48.919379155843956,-0.001828704157398331,True
2022-05-13,JD,2.0,49.959999084472656,51.54999923706055,196.1999969482422,199.6000061035156,True,7.849760055541992,2022-05-12,False,0.0,0.0,50.85505918428588,-0.017756942929706643,True
2022-05-16,JD,2.0,51.689998626708984,51.529998779296875,205.0,200.0,True,7.84984016418457,2022-05-13,False,0.0,0.0,50.95645154980699,0.014292935868788437,True
2022-05-17,JD,2.0,55.65999984741211,53.66999816894531,205.1999969482422,214.8000030517578,True,7.849730014801025,2022-05-16,False,0.0,0.0,54.72799768826255,0.016886334138108694,True
2022-05-18,JD,2.0,52.43000030517578,51.20000076293945,213.1999969482422,212.3999938964844,True,7.849999904632568,2022-05-17,False,0.0,0.0,54.114648783916415,-0.0316259691411056,True
2022-05-19,JD,2.0,51.09000015258789,52.779998779296875,198.8999938964844,199.8000030517578,True,7.849380016326904,2022-05-18,False,0.0,0.0,50.908480067513324,0.00355927414436108,True
2022-05-20,JD,2.0,54.25,52.16999816894531,206.8000030517578,211.6000061035156,True,7.848800182342529,2022-05-19,False,0.0,0.0,53.91907073377987,0.0061187601308310136,True
2022-05-23,JD,2.0,53.84000015258789,53.33000183105469,210.6000061035156,212.8000030517578,True,7.847899913787842,2022-05-20,False,0.0,0.0,54.2310695573202,-0.007237295101226948,True
2022-05-24,JD,2.0,51.060001373291016,49.58000183105469,208.6000061035156,201.6000061035156,True,7.84827995300293,2022-05-23,False,0.0,0.0,51.37431572541672,-0.006136914805427107,True
2022-05-25,JD,2.0,50.220001220703125,50.189998626708984,197.1999969482422,198.6000061035156,True,7.849100112915039,2022-05-24,False,0.0,0.0,50.60452873488921,-0.007627694941432228,True
2022-05-26,JD,2.0,50.77000045776367,52.720001220703125,199.5,197.3999938964844,True,7.84906005859375,2022-05-25,False,0.0,0.0,50.299014766833345,0.009320148202350609,True
2022-05-27,JD,2.0,53.459999084472656,53.68000030517578,207.1999969482422,208.3999938964844,True,7.8495001792907715,2022-05-26,False,0.0,0.0,53.09892073034236,0.006777090772932315,True
2022-05-31,JD,2.0,56.869998931884766,56.119998931884766,222.1999969482422,226.0,True,7.84906005859375,2022-05-30,False,0.0,0.0,57.58651311440991,-0.012520450428800345,True
2022-06-01,JD,2.0,56.83000183105469,55.790000915527344,223.1999969482422,224.1999969482422,True,7.848189830780029,2022-05-31,False,0.0,0.0,57.13419317890251,-0.005338379659193926,True
2022-06-02,JD,2.0,56.02000045776367,58.0,220.1999969482422,221.3999938964844,True,7.847219944000244,2022-06-01,False,0.0,0.0,56.42762544606906,-0.007250073455013606,True
2022-06-06,JD,2.0,59.88999938964844,60.209999084472656,229.1999969482422,231.8000030517578,True,7.844759941101074,2022-06-03,False,0.0,0.0,59.096774099430974,0.013333196928829949,True
2022-06-07,JD,2.0,60.224998474121094,61.7400016784668,242.0,238.8000030517578,True,7.845729827880859,2022-06-06,False,0.0,0.0,60.873878731625396,-0.010716638875475581,True
2022-06-08,JD,2.0,63.974998474121094,66.47000122070312,243.0,254.1999969482422,True,7.845600128173828,2022-06-07,False,0.0,0.0,64.8006507584808,-0.012823287682273588,True
2022-06-09,JD,2.0,62.0,61.400001525878906,259.0,249.0,True,7.845359802246094,2022-06-08,False,0.0,0.0,63.47701221522367,-0.023543442952579596,True
2022-06-10,JD,2.0,62.900001525878906,61.5099983215332,239.1999969482422,250.8000030517578,True,7.847839832305908,2022-06-09,False,0.0,0.0,63.91567830406803,-0.016018500194387997,True
2022-06-13,JD,2.0,59.900001525878906,58.93000030517578,237.8000030517578,239.1999969482422,True,7.848800182342529,2022-06-10,False,0.0,0.0,60.95199046763126,-0.0174099821841196,True
2022-06-14,JD,2.0,61.380001068115234,62.5099983215332,234.0,241.1999969482422,True,7.849309921264648,2022-06-13,False,0.0,0.0,61.45763114660684,-0.0012639463562900133,True
2022-06-15,JD,2.0,63.65999984741211,64.31999969482422,249.8000030517578,250.3999938964844,True,7.849800109863281,2022-06-14,False,0.0,0.0,63.797801317732045,-0.002162308195371665,True
2022-06-16,JD,2.0,61.65999984741211,62.0099983215332,259.20001220703125,246.1999969482422,True,7.849899768829346,2022-06-15,False,0.0,0.0,62.7269147883548,-0.01715519852071079,True
2022-06-17,JD,2.0,67.30999755859375,65.2300033569336,245.1999969482422,261.20001220703125,True,7.848599910736084,2022-06-16,False,0.0,0.0,66.55964507752174,0.011210313621771384,True
2022-06-21,JD,2.0,64.58999633789062,63.650001525878906,254.3999938964844,256.79998779296875,True,7.849679946899414,2022-06-20,False,0.0,0.0,65.42941611126541,-0.012912401626440584,True
2022-06-22,JD,2.0,60.97999954223633,61.41999816894531,249.8000030517578,240.8000030517578,True,7.849699974060059,2022-06-21,False,0.0,0.0,61.35266413939388,-0.006092661415740608,True
2022-06-23,JD,2.0,62.470001220703125,61.900001525878906,244.0,243.6000061035156,True,7.849730014801025,2022-06-22,False,0.0,0.0,62.065830453836405,0.006490857778824299,True
2022-06-24,JD,2.0,63.09000015258789,64.01000213623047,247.0,249.8000030517578,True,7.8495001792907715,2022-06-23,False,0.0,0.0,63.64736539806744,-0.008795651327655918,True
2022-06-27,JD,2.0,67.16000366210938,65.62000274658203,253.6000061035156,265.3999938964844,True,7.849400043487549,2022-06-24,False,0.0,0.0,67.62300110227663,-0.006870291430782771,True
2022-06-28,JD,2.0,65.69999694824219,64.54000091552734,258.6000061035156,259.3999938964844,True,7.849090099334717,2022-06-27,False,0.0,0.0,66.09683176358772,-0.006021935708903747,True
2022-06-29,JD,2.0,63.720001220703125,64.8499984741211,252.6000061035156,251.3999938964844,True,7.84660005569458,2022-06-28,False,0.0,0.0,64.07870723933068,-0.005613624189707345,True
2022-06-30,JD,2.0,63.88999938964844,64.22000122070312,252.0,252.8000030517578,True,7.845799922943115,2022-06-29,False,0.0,0.0,64.44212331046228,-0.008604662898232363,True
2022-07-05,JD,2.0,65.33000183105469,64.7300033569336,265.0,260.20001220703125,True,7.846799850463867,2022-07-04,False,0.0,0.0,66.32003292186671,-0.015040630355810158,True
2022-07-06,JD,2.0,63.220001220703125,61.7599983215332,251.3999938964844,250.0,True,7.84600019454956,2022-07-05,False,0.0,0.0,63.72673815982554,-0.007983499742528544,True
2022-07-07,JD,2.0,62.869998931884766,63.130001068115234,242.6000061035156,247.1999969482422,True,7.846620082855225,2022-07-06,False,0.0,0.0,63.008019844970285,-0.002192932010497195,True
2022-07-08,JD,2.0,61.959999084472656,62.0099983215332,248.0,245.8000030517578,True,7.84689998626709,2022-07-07,False,0.0,0.0,62.648945056502306,-0.011057841744617214,True
2022-07-11,JD,2.0,59.400001525878906,59.59000015258789,238.8000030517578,235.0,True,7.847489833831787,2022-07-08,False,0.0,0.0,59.891762837812756,-0.00824472838002066,True
2022-07-12,JD,2.0,58.83000183105469,60.15999984741211,234.0,230.8000030517578,True,7.848810195922852,2022-07-11,False,0.0,0.0,58.811462448575796,0.00031518449291478845,True
2022-07-13,JD,2.0,59.779998779296875,61.70000076293945,237.6000061035156,237.6000061035156,True,7.849699974060059,2022-07-12,False,0.0,0.0,60.53734713140202,-0.012589346101806953,True
2022-07-14,JD,2.0,61.45000076293945,61.040000915527344,242.0,244.0,True,7.849699974060059,2022-07-13,False,0.0,0.0,62.16798114738573,-0.01161624622653079,True
2022-07-15,JD,2.0,60.380001068115234,60.2599983215332,241.8000030517578,236.6000061035156,True,7.849299907684326,2022-07-14,False,0.0,0.0,60.285632829977196,0.0015641281503073756,True
2022-07-18,JD,2.0,62.959999084472656,62.04999923706055,238.3999938964844,244.0,True,7.8496599197387695,2022-07-15,False,0.0,0.0,62.16829837084716,0.012654392244194845,True
2022-07-19,JD,2.0,62.959999084472656,62.779998779296875,243.3999938964844,241.0,True,7.849599838256836,2022-07-18,False,0.0,0.0,61.40440403737039,0.02501802999389291,True
2022-07-20,JD,2.0,63.150001525878906,62.619998931884766,247.3999938964844,245.6000061035156,True,7.849800109863281,2022-07-19,False,0.0,0.0,62.57484335044887,0.0091495390333165,True
2022-07-21,JD,2.0,63.22999954223633,64.01000213623047,246.8000030517578,247.3999938964844,True,7.850500106811523,2022-07-20,False,0.0,0.0,63.02783020965165,0.003202486622303269,True
2022-07-22,JD,2.0,63.349998474121094,61.58000183105469,250.0,247.0,True,7.849589824676514,2022-07-21,False,0.0,0.0,62.933224669526986,0.006600644288327295,True
2022-07-25,JD,2.0,63.06999969482422,62.97999954223633,243.8000030517578,247.0,True,7.848599910736084,2022-07-22,False,0.0,0.0,62.94116219687264,0.002044859215825312,True
2022-07-26,JD,2.0,63.380001068115234,62.970001220703125,250.0,251.3999938964844,True,7.849440097808838,2022-07-25,False,0.0,0.0,64.0555226268081,-0.01060187719198602,True
2022-07-27,JD,2.0,63.95000076293945,63.31999969482422,247.1999969482422,248.8000030517578,True,7.849130153656006,2022-07-26,False,0.0,0.0,63.395560573261875,0.008707703467367267,True
2022-07-28,JD,2.0,62.119998931884766,62.130001068115234,248.8000030517578,245.0,True,7.849259853363037,2022-07-27,False,0.0,0.0,62.42626810094179,-0.004918168865269301,True
2022-07-29,JD,2.0,59.0,59.5,249.0,233.8000030517578,True,7.849100112915039,2022-07-28,False,0.0,0.0,59.57370900826183,-0.009676908819307606,True
2022-08-01,JD,2.0,57.58000183105469,58.7599983215332,230.0,235.0,True,7.8495001792907715,2022-07-29,False,0.0,0.0,59.87642388237592,-0.03910751938061008,True
2022-08-02,JD,2.0,57.0099983215332,59.72999954223633,231.6000061035156,228.1999969482422,True,7.849440097808838,2022-08-01,False,0.0,0.0,58.144273758314036,-0.019700738882213464,True
2022-08-03,JD,2.0,59.470001220703125,61.130001068115234,234.3999938964844,233.1999969482422,True,7.849800109863281,2022-08-02,False,0.0,0.0,59.41552490113122,0.0009164500534550868,True
2022-08-04,JD,2.0,64.3499984741211,63.349998474121094,239.8000030517578,246.0,True,7.849699974060059,2022-08-03,False,0.0,0.0,62.67755476334791,0.02633350503660381,True
2022-08-05,JD,2.0,61.47999954223633,61.90999984741211,249.0,245.3999938964844,True,7.849400043487549,2022-08-04,False,0.0,0.0,62.5270702313323,-0.016887675448015393,True
2022-08-08,JD,2.0,61.59000015258789,58.84000015258789,241.6000061035156,237.3999938964844,True,7.8495001792907715,2022-08-05,False,0.0,0.0,60.48792623072066,0.01805574349003347,True
2022-08-09,JD,2.0,58.63999938964844,57.08000183105469,231.6000061035156,228.6000061035156,True,7.849800109863281,2022-08-08,False,0.0,0.0,58.24352286787009,0.006784156308173195,True
2022-08-10,JD,2.0,56.36000061035156,55.5,224.0,218.3999938964844,True,7.849770069122315,2022-08-09,False,0.0,0.0,55.64494041821119,0.01276854218347534,True
2022-08-11,JD,2.0,56.4900016784668,56.939998626708984,217.6000061035156,221.1999969482422,True,7.849699974060059,2022-08-10,False,0.0,0.0,56.35884114786927,0.0023245358370127533,True
2022-08-12,JD,2.0,54.52000045776367,57.04999923706055,223.0,222.6000061035156,True,7.84660005569458,2022-08-11,False,0.0,0.0,56.73795134797681,-0.039875707546879635,True
2022-08-15,JD,2.0,56.58000183105469,57.97999954223633,221.1999969482422,222.1999969482422,True,7.842800140380859,2022-08-12,False,0.0,0.0,56.663434735301514,-0.001473514437087431,True
2022-08-16,JD,2.0,56.81999969482422,57.290000915527344,227.0,221.1999969482422,True,7.838600158691406,2022-08-15,False,0.0,0.0,56.43864783764396,0.006734201876203549,True
2022-08-17,JD,2.0,57.0,56.150001525878906,224.8000030517578,223.1999969482422,True,7.837900161743164,2022-08-16,False,0.0,0.0,56.954029100213006,0.0008068324155594553,True
2022-08-18,JD,2.0,55.619998931884766,55.189998626708984,223.0,217.6000061035156,True,7.84089994430542,2022-08-17,False,0.0,0.0,55.50383441930058,0.0020907226000952406,True
2022-08-19,JD,2.0,55.099998474121094,54.70000076293945,213.1999969482422,217.1999969482422,True,7.84250020980835,2022-08-18,False,0.0,0.0,55.39049821805487,-0.00525837826787523,True
2022-08-22,JD,2.0,55.36000061035156,55.31999969482422,213.1999969482422,218.8000030517578,True,7.843500137329102,2022-08-19,False,0.0,0.0,55.79141944817111,-0.0077627618981166435,True
2022-08-23,JD,2.0,55.79999923706055,57.20000076293945,218.8000030517578,221.3999938964844,True,7.846199989318848,2022-08-22,False,0.0,0.0,56.434960668318325,-0.011314980755086523,True
2022-08-24,JD,2.0,56.64500045776367,59.439998626708984,227.1999969482422,221.8000030517578,True,7.846199989318848,2022-08-23,False,0.0,0.0,56.536923186688476,0.0019097979685192001,True
2022-08-25,JD,2.0,62.0099983215332,64.91000366210938,230.0,246.1999969482422,True,7.846399784088135,2022-08-24,False,0.0,0.0,62.75489491308253,-0.011940946258419238,True
2022-08-26,JD,2.0,67.69000244140625,63.459999084472656,252.0,248.3999938964844,True,7.845799922943115,2022-08-25,False,0.0,0.0,63.320501755365854,0.06672933548517701,True
2022-08-29,JD,2.0,63.56999969482422,62.31999969482422,246.1999969482422,245.0,True,7.84630012512207,2022-08-26,False,0.0,0.0,62.44981611538556,0.017778364089878984,True
2022-08-30,JD,2.0,62.41999816894531,61.5099983215332,247.8000030517578,247.0,True,7.847700119018555,2022-08-29,False,0.0,0.0,62.948378825385134,-0.008429299280946267,True
2022-08-31,JD,2.0,63.0,63.4900016784668,241.8000030517578,246.8000030517578,True,7.8471999168396,2022-08-30,False,0.0,0.0,62.901418510350545,0.0015660111055542103,True
2022-09-01,JD,2.0,61.75,63.11000061035156,246.0,245.0,True,7.848899841308594,2022-08-31,False,0.0,0.0,62.4291314587989,-0.01093804122786235,True
2022-09-02,JD,2.0,62.0099983215332,61.290000915527344,246.6000061035156,244.0,True,7.848060131072998,2022-09-01,False,0.0,0.0,62.18097107434878,-0.002753386363939292,True
2022-09-06,JD,2.0,59.61000061035156,59.349998474121094,239.0,236.6000061035156,True,7.84867000579834,2022-09-05,False,0.0,0.0,60.29047110624431,-0.01135071100292695,True
2022-09-07,JD,2.0,58.95000076293945,59.880001068115234,232.0,233.8000030517578,True,7.848800182342529,2022-09-06,False,0.0,0.0,59.575985531581864,-0.010562925626302011,True
2022-09-08,JD,2.0,59.29999923706055,59.90999984741211,234.6000061035156,235.1999969482422,True,7.8495001792907715,2022-09-07,False,0.0,0.0,59.9273817634318,-0.010524232132056,True
2022-09-09,JD,2.0,61.470001220703125,60.40999984741211,236.6000061035156,243.3999938964844,True,7.849279880523682,2022-09-08,False,0.0,0.0,62.01842655666533,-0.008882272638593314,True
2022-09-13,JD,2.0,58.33000183105469,57.43000030517578,242.0,233.3999938964844,True,7.848800182342529,2022-09-12,False,0.0,0.0,59.4740567919069,-0.019423625006156797,True
2022-09-14,JD,2.0,57.40999984741211,57.400001525878906,225.3999938964844,223.6000061035156,True,7.848659992218018,2022-09-13,False,0.0,0.0,56.97788063827864,0.007555367979070304,True
2022-09-15,JD,2.0,57.505001068115234,57.650001525878906,223.1999969482422,226.8000030517578,True,7.8495001792907715,2022-09-14,False,0.0,0.0,57.78711965638809,-0.004893988411139638,True
2022-09-16,JD,2.0,56.5099983215332,55.369998931884766,223.3999938964844,223.0,True,7.84876012802124,2022-09-15,False,0.0,0.0,56.82426175921898,-0.005545794235817247,True
2022-09-19,JD,2.0,55.41999816894531,56.81999969482422,219.0,217.3999938964844,True,7.848999977111816,2022-09-16,False,0.0,0.0,55.395590401436266,0.0004405114518384323,True
2022-09-20,JD,2.0,56.6150016784668,56.79999923706055,220.8000030517578,225.0,True,7.849160194396973,2022-09-19,False,0.0,0.0,57.33097412398679,-0.012567040885433478,True
2022-09-21,JD,2.0,55.86000061035156,53.93000030517578,223.0,218.3999938964844,True,7.848899841308594,2022-09-20,False,0.0,0.0,55.6511099165898,0.003746549328010218,True
2022-09-22,JD,2.0,54.189998626708984,53.470001220703125,211.0,212.1999969482422,True,7.849279880523682,2022-09-21,False,0.0,0.0,54.06865347603959,0.0022417644988346197,True
2022-09-23,JD,2.0,52.369998931884766,52.310001373291016,212.1999969482422,205.0,True,7.849679946899414,2022-09-22,False,0.0,0.0,52.23142889563899,0.002649488065024741,True
2022-09-26,JD,2.0,53.22999954223633,53.34000015258789,202.8000030517578,210.0,True,7.848899841308594,2022-09-23,False,0.0,0.0,53.51068410754191,-0.005259198323755765,True
2022-09-27,JD,2.0,54.025001525878906,52.65999984741211,209.6000061035156,213.0,True,7.849579811096191,2022-09-26,False,0.0,0.0,54.2704208698923,-0.0045324125196901655,True
2022-09-28,JD,2.0,51.31999969482422,52.93000030517578,206.8000030517578,201.0,True,7.849279880523682,2022-09-27,False,0.0,0.0,51.214889278884996,0.0020502378031586055,True
2022-09-29,JD,2.0,51.380001068115234,51.25,207.1999969482422,202.0,True,7.849599838256836,2022-09-28,False,0.0,0.0,51.467591765762734,-0.0017033110141135843,True
2022-09-30,JD,2.0,50.27000045776367,50.29999923706055,204.0,198.6000061035156,True,7.848800182342529,2022-09-29,False,0.0,0.0,50.60646251392835,-0.006670798994196758,True
2022-10-03,JD,2.0,49.380001068115234,49.52000045776367,196.5,193.3999938964844,True,7.849599838256836,2022-09-30,False,0.0,0.0,49.27639570972902,0.0021003280042020123,True
2022-10-05,JD,2.0,53.68000030517578,52.97999954223633,204.1999969482422,213.0,True,7.85099983215332,2022-10-04,False,0.0,0.0,54.26060490478441,-0.010757957083752157,True
2022-10-06,JD,2.0,52.54999923706055,51.65999984741211,211.0,206.8000030517578,True,7.849629878997803,2022-10-05,False,0.0,0.0,52.69038317464234,-0.0026678736361560595,True
2022-10-07,JD,2.0,50.400001525878906,49.90999984741211,203.8000030517578,199.3999938964844,True,7.849440097808838,2022-10-06,False,0.0,0.0,50.80616997182938,-0.008026597994912787,True
2022-10-10,JD,2.0,48.97999954223633,47.58000183105469,194.1000061035156,192.0,True,7.849899768829346,2022-10-07,False,0.0,0.0,48.91782204975413,0.0012702530011714508,True
2022-10-11,JD,2.0,46.507999420166016,46.27000045776367,188.0,182.3999938964844,True,7.849629878997803,2022-10-10,False,0.0,0.0,46.473527212921844,0.0007414851115448151,True
2022-10-12,JD,2.0,46.34000015258789,46.400001525878906,182.6999969482422,185.3000030517578,True,7.849689960479736,2022-10-11,False,0.0,0.0,47.21205652316824,-0.018643772489458588,True
2022-10-13,JD,2.0,44.060001373291016,45.04999923706055,184.3000030517578,176.60000610351562,True,7.849800109863281,2022-10-12,False,0.0,0.0,44.994777862335006,-0.020994062989767137,True
2022-10-14,JD,2.0,45.26499938964844,42.33000183105469,179.0,174.8000030517578,True,7.849480152130127,2022-10-13,False,0.0,0.0,44.53798204823081,0.016191739146409923,True
2022-10-17,JD,2.0,44.25,44.439998626708984,168.1999969482422,171.89999389648438,True,7.849579811096191,2022-10-14,False,0.0,0.0,43.7985212032588,0.010255317124179264,True
2022-10-18,JD,2.0,45.84000015258789,44.66999816894531,176.10000610351562,178.3000030517578,True,7.849400043487549,2022-10-17,False,0.0,0.0,45.43022449204608,0.00897945448266757,True
2022-10-19,JD,2.0,42.52000045776367,41.220001220703125,175.0,168.39999389648438,True,7.849199771881104,2022-10-18,False,0.0,0.0,42.90883116512306,-0.009103095174089137,True
2022-10-20,JD,2.0,41.63999938964844,42.15999984741211,160.89999389648438,162.0,True,7.849490165710449,2022-10-19,False,0.0,0.0,41.27656614124506,0.00876629593853151,True
2022-10-21,JD,2.0,41.34000015258789,42.150001525878906,167.60000610351562,163.3000030517578,True,7.849199771881104,2022-10-20,False,0.0,0.0,41.609337970161526,-0.00649405456940455,True
2022-10-24,JD,2.0,35.775001525878906,36.65999984741211,156.0,141.8000030517578,True,7.848569869995117,2022-10-21,False,0.0,0.0,36.13397227789374,-0.009984115054018972,True
2022-10-25,JD,2.0,38.150001525878906,37.77000045776367,143.89999389648438,148.89999389648438,True,7.849400043487549,2022-10-24,False,0.0,0.0,37.93920377902588,0.005540819760462501,True
2022-10-26,JD,2.0,37.79999923706055,41.040000915527344,147.89999389648438,148.39999389648438,True,7.849629878997803,2022-10-25,False,0.0,0.0,37.81069838554764,-0.0002830062119492105,True
2022-10-27,JD,2.0,39.599998474121094,39.5,161.39999389648438,157.10000610351562,True,7.849299907684326,2022-10-26,False,0.0,0.0,40.029049202137756,-0.01077634086180046,True
2022-10-28,JD,2.0,37.13999938964844,37.86000061035156,156.6999969482422,146.60000610351562,True,7.849299907684326,2022-10-27,False,0.0,0.0,37.35365136449859,-0.005736128072815205,True
2022-10-31,JD,2.0,37.56999969482422,37.290000915527344,145.1999969482422,145.10000610351562,True,7.849299907684326,2022-10-28,False,0.0,0.0,36.97145167340727,0.016059813031461978,True
2022-11-01,JD,2.0,40.470001220703125,38.439998626708984,149.5,157.3000030517578,True,7.848740100860596,2022-10-31,False,0.0,0.0,40.082867066654494,0.009612001233567202,True
2022-11-02,JD,2.0,39.91999816894531,39.84000015258789,155.5,161.60000610351562,True,7.849480152130127,2022-11-01,False,0.0,0.0,41.17470277561297,-0.030946651898143163,True
2022-11-03,JD,2.0,38.34000015258789,40.439998626708984,156.0,152.5,True,7.849629878997803,2022-11-02,False,0.0,0.0,38.85533518160486,-0.013351653499546146,True
2022-11-04,JD,2.0,44.38999938964844,44.380001068115234,158.0,171.60000610351562,True,7.8496599197387695,2022-11-03,False,0.0,0.0,43.721640901158004,0.015171010443717492,True
2022-11-07,JD,2.0,45.40999984741211,44.5099983215332,170.0,177.0,True,7.849760055541992,2022-11-04,False,0.0,0.0,45.09691984152729,0.006918393770026121,True
2022-11-08,JD,2.0,45.0,45.4900016784668,175.89999389648438,178.1999969482422,True,7.849510192871094,2022-11-07,False,0.0,0.0,45.404106133929986,-0.008940054665851793,True
2022-11-09,JD,2.0,43.435001373291016,42.459999084472656,178.1999969482422,172.10000610351562,True,7.849999904632568,2022-11-08,False,0.0,0.0,43.84713584568407,-0.009443800267739721,True
2022-11-10,JD,2.0,45.38999938964844,46.029998779296875,168.0,165.8000030517578,True,7.849100112915039,2022-11-09,False,0.0,0.0,42.246881977960186,0.07176125127988842,True
2022-11-11,JD,2.0,49.470001220703125,48.93000030517578,183.0,192.5,True,7.849370002746582,2022-11-10,False,0.0,0.0,49.04852234832658,0.008556389774028172,True
2022-11-14,JD,2.0,50.939998626708984,50.849998474121094,210.8000030517578,200.8000030517578,True,7.845399856567383,2022-11-11,False,0.0,0.0,51.18923362042998,-0.0048807864900477504,True
2022-11-15,JD,2.0,55.0,54.47999954223633,198.6999969482422,217.3999938964844,True,7.835639953613281,2022-11-14,False,0.0,0.0,55.49004170265221,-0.008870390639606818,True
2022-11-16,JD,2.0,53.41999816894531,53.4900016784668,210.0,212.8000030517578,True,7.835999965667725,2022-11-15,False,0.0,0.0,54.313426233820714,-0.016586283262221002,True
2022-11-17,JD,2.0,52.0099983215332,57.52000045776367,212.6000061035156,210.3999938964844,True,7.819900035858154,2022-11-16,False,0.0,0.0,53.81142800590676,-0.0340498855642446,True
2022-11-18,JD,2.0,58.65999984741211,56.06999969482422,225.6000061035156,218.0,True,7.82420015335083,2022-11-17,False,0.0,0.0,55.72454582635856,0.051337331976591294,True
2022-11-21,JD,2.0,53.41999816894531,52.5,210.0,206.6000061035156,True,7.826469898223877,2022-11-18,False,0.0,0.0,52.79519599261501,0.011764971820759751,True
2022-11-22,JD,2.0,50.09000015258789,51.560001373291016,206.8000030517578,197.6000061035156,True,7.819139957427979,2022-11-21,False,0.0,0.0,50.5426446333911,-0.00899603770570323,True
2022-11-23,JD,2.0,52.869998931884766,52.2599983215332,198.3000030517578,204.1999969482422,True,7.804299831390381,2022-11-22,False,0.0,0.0,52.33012604844086,0.010263820941116109,True
2022-11-25,JD,2.0,50.04999923706055,49.47999954223633,199.3999938964844,198.6999969482422,True,7.8180999755859375,2022-11-24,False,0.0,0.0,50.830763886042625,-0.015479269080075575,True
2022-11-28,JD,2.0,49.40999984741211,49.90999984741211,185.0,190.1000061035156,True,7.8084001541137695,2022-11-25,False,0.0,0.0,48.69115371946288,0.014655464651985639,True
2022-11-29,JD,2.0,53.459999084472656,53.25,198.0,210.8000030517578,True,7.8080902099609375,2022-11-28,False,0.0,0.0,53.995278584982536,-0.009962915544990736,True
2022-11-30,JD,2.0,56.540000915527344,57.18000030517578,205.6000061035156,218.8000030517578,True,7.813419818878174,2022-11-29,False,0.0,0.0,56.0062067887637,0.0094858483510194,True
2022-12-01,JD,2.0,55.33000183105469,55.849998474121094,224.0,217.0,True,7.810750007629395,2022-11-30,False,0.0,0.0,55.56444638172734,-0.0042282531494892694,True
2022-12-02,JD,2.0,55.09000015258789,58.63999938964844,219.1999969482422,217.1999969482422,True,7.80472993850708,2022-12-01,False,0.0,0.0,55.658555429731905,-0.010267588034231778,True
2022-12-05,JD,2.0,60.70000076293945,59.18000030517578,232.0,241.6000061035156,True,7.779500007629395,2022-12-02,False,0.0,0.0,62.11196243115296,-0.022994891495443426,True
2022-12-06,JD,2.0,60.20000076293945,60.349998474121094,231.8000030517578,235.8000030517578,True,7.785140037536621,2022-12-05,False,0.0,0.0,60.57694580054588,-0.006242023370115035,True
2022-12-07,JD,2.0,57.06999969482422,58.45000076293945,236.1999969482422,221.8000030517578,True,7.768899917602539,2022-12-06,False,0.0,0.0,57.099462061342834,-0.0005161164241194172,True
2022-12-08,JD,2.0,60.415000915527344,60.369998931884766,225.6000061035156,234.0,True,7.775259971618652,2022-12-07,False,0.0,0.0,60.19091344962088,0.003716032086032328,True
2022-12-09,JD,2.0,59.869998931884766,58.31999969482422,236.0,236.8000030517578,True,7.791500091552734,2022-12-08,False,0.0,0.0,60.78418796618841,-0.015154161706734115,True
2022-12-12,JD,2.0,58.68000030517578,57.41999816894531,226.6000061035156,230.0,True,7.783840179443359,2022-12-09,False,0.0,0.0,59.09679404965579,-0.0070777182664985006,True
2022-12-13,JD,2.0,60.5099983215332,57.810001373291016,225.6000061035156,228.0,True,7.7868499755859375,2022-12-12,False,0.0,0.0,58.56026524585602,0.032752213781177986,True
2022-12-14,JD,2.0,58.25,58.56999969482422,227.0,228.0,True,7.774799823760986,2022-12-13,False,0.0,0.0,58.651027722462224,-0.006861005474781301,True
2022-12-15,JD,2.0,60.08000183105469,56.650001525878906,227.0,221.6000061035156,True,7.774799823760986,2022-12-14,False,0.0,0.0,57.00468465471531,0.052543586550600985,True
2022-12-16,JD,2.0,57.630001068115234,56.59000015258789,221.6000061035156,225.0,True,7.775599956512451,2022-12-15,False,0.0,0.0,57.87334771808864,-0.0042136788687781035,True
2022-12-19,JD,2.0,57.41999816894531,57.189998626708984,226.8000030517578,224.1999969482422,True,7.775760173797607,2022-12-16,False,0.0,0.0,57.66638680646063,-0.0042818099466162,True
2022-12-20,JD,2.0,55.65999984741211,56.41999816894531,221.3999938964844,220.3999938964844,True,7.778550148010254,2022-12-19,False,0.0,0.0,56.668656678356065,-0.01795951226256065,True
2022-12-21,JD,2.0,56.13999938964844,58.119998931884766,220.6000061035156,219.0,True,7.780300140380859,2022-12-20,False,0.0,0.0,56.29602870032198,-0.002775434413370803,True
2022-12-22,JD,2.0,58.75,57.66999816894531,227.8000030517578,232.6000061035156,True,7.787899971008301,2022-12-21,False,0.0,0.0,59.73369123111653,-0.016605050422855427,True
2022-12-23,JD,2.0,57.849998474121094,56.439998626708984,225.6000061035156,227.8000030517578,True,7.79610013961792,2022-12-22,False,0.0,0.0,58.4394758846497,-0.010138191143917119,True
2022-12-28,JD,2.0,58.349998474121094,56.150001525878906,229.0,230.3999938964844,True,7.805099964141846,2022-12-27,False,0.0,0.0,59.038319804995965,-0.011727388717685194,True
2022-12-29,JD,2.0,56.13999938964844,57.09000015258789,218.8000030517578,218.0,True,7.800399780273437,2022-12-28,False,0.0,0.0,55.894571083729296,0.004381302976067758,True
2022-12-30,JD,2.0,55.869998931884766,56.130001068115234,224.0,220.1999969482422,True,7.79380989074707,2022-12-29,False,0.0,0.0,56.5063813552001,-0.011326031761297983,True
2023-01-03,JD,2.0,57.970001220703125,57.63999938964844,213.0,224.8000030517578,True,7.79925012588501,2023-01-02,False,0.0,0.0,57.64656843243604,0.005594935621192398,True
2023-01-04,JD,2.0,61.68000030517578,66.0999984741211,227.1999969482422,241.0,True,7.805500030517578,2023-01-03,False,0.0,0.0,61.751328949522645,-0.001155762523461945,True
2023-01-05,JD,2.0,63.5,65.9000015258789,258.0,247.3999938964844,True,7.813199996948242,2023-01-04,False,0.0,0.0,63.32872420854871,0.002700900709039722,True
2023-01-06,JD,2.0,63.95500183105469,64.30000305175781,251.0,250.0,True,7.815710067749023,2023-01-05,False,0.0,0.0,63.97371392565018,-0.0002925393977148971,True
2023-01-09,JD,2.0,64.80999755859375,63.130001068115234,250.0,250.0,True,7.811500072479248,2023-01-06,False,0.0,0.0,64.00819245480821,0.012448792495574956,True
2023-01-10,JD,2.0,64.0999984741211,63.650001525878906,248.0,250.0,True,7.807819843292236,2023-01-09,False,0.0,0.0,64.03836282538643,0.000962017195523579,True
2023-01-11,JD,2.0,63.279998779296875,63.040000915527344,246.6000061035156,246.6000061035156,True,7.804800033569336,2023-01-10,False,0.0,0.0,63.191883211065196,0.0013934414686112007,True
2023-01-12,JD,2.0,63.02000045776367,63.16999816894531,247.0,247.3999938964844,True,7.808499813079834,2023-01-11,False,0.0,0.0,63.36684377761539,-0.005488612247057212,True
2023-01-13,JD,2.0,63.84000015258789,63.599998474121094,248.1999969482422,248.1999969482422,True,7.811100006103516,2023-01-12,False,0.0,0.0,63.55058743436934,0.004543714282493561,True
2023-01-17,JD,2.0,61.119998931884766,59.959999084472656,241.0,239.6000061035156,True,7.810210227966309,2023-01-16,False,0.0,0.0,61.3555843210394,-0.0038470636097542865,True
2023-01-18,JD,2.0,60.709999084472656,58.52000045776367,232.1999969482422,235.3999938964844,True,7.810420036315918,2023-01-17,False,0.0,0.0,60.27844669094641,0.007133808868190705,True
2023-01-19,JD,2.0,59.09000015258789,59.41999816894531,228.3999938964844,231.8000030517578,True,7.818160057067871,2023-01-18,False,0.0,0.0,59.29784024879436,-0.003511176638227198,True
2023-01-20,JD,2.0,60.494998931884766,60.43000030517578,235.0,238.8000030517578,True,7.823440074920654,2023-01-19,False,0.0,0.0,61.0473144204865,-0.00908851041552694,True
2023-01-26,JD,2.0,62.52000045776367,63.11000061035156,244.6000061035156,245.3999938964844,True,7.831500053405762,2023-01-25,False,0.0,0.0,62.66998460652883,-0.0023961057339700886,True
2023-01-27,JD,2.0,64.19999694824219,63.7400016784668,250.1999969482422,251.3999938964844,True,7.829500198364258,2023-01-26,False,0.0,0.0,64.21865700929594,-0.00029061293838594793,True
2023-01-30,JD,2.0,60.61000061035156,59.83000183105469,246.3999938964844,237.3999938964844,True,7.828080177307129,2023-01-27,False,0.0,0.0,60.65343954567168,-0.0007164391365153122,True
2023-01-31,JD,2.0,59.029998779296875,59.529998779296875,238.0,231.6000061035156,True,7.828519821166992,2023-01-30,False,0.0,0.0,59.16827481928535,-0.0023397313490205462,True
2023-02-01,JD,2.0,60.130001068115234,60.470001220703125,232.3999938964844,238.0,True,7.835130214691162,2023-01-31,False,0.0,0.0,60.75202159467397,-0.010291456130655519,True
2023-02-02,JD,2.0,60.29999923706055,59.310001373291016,240.8000030517578,236.3999938964844,True,7.839660167694092,2023-02-01,False,0.0,0.0,60.30873503181901,-0.00014486172708316758,True
2023-02-03,JD,2.0,58.689998626708984,57.630001068115234,228.6000061035156,230.8000030517578,True,7.839000225067139,2023-02-02,False,0.0,0.0,58.88506095808438,-0.0033180933274410407,True
2023-02-06,JD,2.0,56.470001220703125,56.72999954223633,222.0,222.6000061035156,True,7.844399929046631,2023-02-03,False,0.0,0.0,56.7538646976071,-0.005014209139559966,True
2023-02-07,JD,2.0,56.88999938964844,57.09000015258789,223.0,222.6000061035156,True,7.846330165863037,2023-02-06,False,0.0,0.0,56.73990296048962,0.002641848903371269,True
2023-02-08,JD,2.0,56.790000915527344,55.349998474121094,223.3999938964844,219.1999969482422,True,7.846759796142578,2023-02-07,False,0.0,0.0,55.870194231254445,0.016329230059932698,True
2023-02-09,JD,2.0,56.41999816894531,55.45000076293945,217.0,224.6000061035156,True,7.848499774932861,2023-02-08,False,0.0,0.0,57.23386954048473,-0.014322174862813952,True
2023-02-10,JD,2.0,53.41999816894531,52.290000915527344,217.0,210.3999938964844,True,7.848700046539307,2023-02-09,False,0.0,0.0,53.61397241553527,-0.0036245400948629047,True
2023-02-13,JD,2.0,52.900001525878906,52.43000030517578,200.3999938964844,207.3999938964844,True,7.849699974060059,2023-02-10,False,0.0,0.0,52.842782420182616,0.0010822319811474301,True
2023-02-14,JD,2.0,51.63999938964844,52.31999969482422,205.6000061035156,203.6000061035156,True,7.849289894104004,2023-02-13,False,0.0,0.0,51.87730580735712,-0.004584872702386722,True
2023-02-15,JD,2.0,51.63999938964844,52.22999954223633,205.0,202.0,True,7.849740028381348,2023-02-14,False,0.0,0.0,51.4666725954371,0.0033620900402091536,True
2023-02-16,JD,2.0,53.790000915527344,54.099998474121094,205.0,212.6000061035156,True,7.848800182342529,2023-02-15,False,0.0,0.0,54.17388675069153,-0.007111404772214502,True
2023-02-17,JD,2.0,53.11000061035156,53.02000045776367,213.0,210.6000061035156,True,7.846409797668457,2023-02-16,False,0.0,0.0,53.68060336743944,-0.010686486752710334,True
2023-02-21,JD,2.0,48.11000061035156,47.16999816894531,205.3999938964844,189.6999969482422,True,7.84453010559082,2023-02-20,False,0.0,0.0,48.364910171749464,-0.005284485936161598,True
2023-02-22,JD,2.0,48.244998931884766,46.529998779296875,183.3999938964844,184.0,True,7.833899974822998,2023-02-21,False,0.0,0.0,46.975325340213416,0.02666970224125853,True
2023-02-23,JD,2.0,47.900001525878906,46.650001525878906,178.8000030517578,187.3000030517578,True,7.844799995422363,2023-02-22,False,0.0,0.0,47.7513775140353,0.0031076213002756425,True
2023-02-24,JD,2.0,44.737998962402344,44.79999923706055,183.8000030517578,178.39999389648438,True,7.845160007476807,2023-02-23,False,0.0,0.0,45.480269038862374,-0.016455355263945926,True
2023-02-27,JD,2.0,45.5,44.7400016784668,176.0,178.0,True,7.846839904785156,2023-02-24,False,0.0,0.0,45.368582043187125,0.002892485950222845,True
2023-02-28,JD,2.0,44.275001525878906,44.439998626708984,177.5,173.6999969482422,True,7.847780227661133,2023-02-27,False,0.0,0.0,44.26729391223277,0.00017410015467644868,True
2023-03-01,JD,2.0,46.540000915527344,45.72999954223633,174.10000610351562,183.3000030517578,True,7.844900131225586,2023-02-28,False,0.0,0.0,46.73099720470792,-0.004095518649938512,True
2023-03-02,JD,2.0,45.619998931884766,47.06999969482422,178.8000030517578,179.10000610351562,True,7.849020004272461,2023-03-01,False,0.0,0.0,45.63627204568877,-0.0003566464814346304,True
2023-03-03,JD,2.0,47.16999816894531,47.459999084472656,185.6000061035156,184.6999969482422,True,7.848100185394287,2023-03-02,False,0.0,0.0,47.06871537954581,0.002149495140212121,True
2023-03-06,JD,2.0,47.66999816894531,47.91999816894531,188.0,187.3000030517578,True,7.849400043487549,2023-03-03,False,0.0,0.0,47.723393383971036,-0.001119474205347526,True
2023-03-07,JD,2.0,47.36000061035156,46.56999969482422,188.3999938964844,186.3999938964844,True,7.84945011138916,2023-03-06,False,0.0,0.0,47.4937712199807,-0.0028205667678418145,True
2023-03-08,JD,2.0,45.5099983215332,46.97999954223633,182.0,178.3000030517578,True,7.849420070648193,2023-03-07,False,0.0,0.0,45.43010858050156,0.0017569753171522429,True
2023-03-09,JD,2.0,44.5099983215332,41.68000030517578,182.8999938964844,179.3000030517578,True,7.849689960479736,2023-03-08,False,0.0,0.0,45.68333372514495,-0.0260196973394895,True
2023-03-10,JD,2.0,40.880001068115234,40.470001220703125,161.5,158.6999969482422,True,7.849460124969482,2023-03-09,False,0.0,0.0,40.435901175779065,0.010922938700978158,True
2023-03-13,JD,2.0,39.68399810791016,40.11000061035156,159.0,159.0,True,7.849579811096191,2023-03-10,False,0.0,0.0,40.51172262118721,-0.02064334355864128,True
2023-03-14,JD,2.0,39.97999954223633,40.439998626708984,157.60000610351562,155.5,True,7.847519874572754,2023-03-13,False,0.0,0.0,39.63035519128671,0.008783947773235212,True
2023-03-15,JD,2.0,39.380001068115234,39.34000015258789,158.89999389648438,159.1999969482422,True,7.844600200653076,2023-03-14,False,0.0,0.0,40.588428441512804,-0.030224911893434125,True
2023-03-16,JD,2.0,39.06999969482422,39.790000915527344,154.6999969482422,155.0,True,7.848000049591064,2023-03-15,False,0.0,0.0,39.50050943439446,-0.01095866764120812,True
2023-03-17,JD,2.0,39.47999954223633,38.83000183105469,157.8000030517578,154.60000610351562,True,7.848050117492676,2023-03-16,False,0.0,0.0,39.398322841727165,0.0020709550414421685,True
2023-03-20,JD,2.0,38.0,38.65999984741211,152.39999389648438,150.39999389648438,True,7.849219799041748,2023-03-17,False,0.0,0.0,38.322278582349185,-0.008445253569577371,True
2023-03-21,JD,2.0,38.619998931884766,39.540000915527344,149.39999389648438,150.10000610351562,True,7.848849773406982,2023-03-20,False,0.0,0.0,38.247644033671214,0.009688284858704321,True
2023-03-22,JD,2.0,39.5,38.5,155.0,152.89999389648438,True,7.842800140380859,2023-03-21,False,0.0,0.0,38.991174366215404,0.012965349688923045,True
2023-03-23,JD,2.0,40.29999923706055,40.06999969482422,151.60000610351562,158.8000030517578,True,7.845620155334473,2023-03-22,False,0.0,0.0,40.48118565714271,-0.0044858644783083435,True
2023-03-24,JD,2.0,39.91999816894531,40.290000915527344,155.8000030517578,158.8000030517578,True,7.847030162811279,2023-03-23,False,0.0,0.0,40.47391172378674,-0.013780206012157237,True
2023-03-27,JD,2.0,39.34000015258789,39.779998779296875,157.60000610351562,153.1999969482422,True,7.849400043487549,2023-03-24,False,0.0,0.0,39.03482969385626,0.007787500185639562,True
2023-03-28,JD,2.0,41.08000183105469,41.54999923706055,157.0,156.10000610351562,True,7.849530220031738,2023-03-27,False,0.0,0.0,39.77308239546709,0.03233106787350293,True
2023-03-29,JD,2.0,40.91999816894531,41.18000030517578,166.1999969482422,159.10000610351562,True,7.849699974060059,2023-03-28,False,0.0,0.0,40.536582704886534,0.009414053268752554,True
2023-03-30,JD,2.0,43.63999938964844,44.400001525878906,160.5,163.1999969482422,True,7.849699974060059,2023-03-29,False,0.0,0.0,41.58120628496611,0.04832585378731524,True
2023-03-31,JD,2.0,44.459999084472656,43.88999938964844,174.8000030517578,172.0,True,7.849899768829346,2023-03-30,False,0.0,0.0,43.82221558623807,0.014448993981301506,True
2023-04-03,JD,2.0,43.27000045776367,42.400001525878906,171.60000610351562,169.6999969482422,True,7.849569797515869,2023-03-31,False,0.0,0.0,43.23803758059369,0.0007389574275231681,True
2023-04-04,JD,2.0,42.130001068115234,41.84000015258789,165.0,164.0,True,7.849599838256836,2023-04-03,False,0.0,2.4327652,42.40541393940912,-0.006515939993037012,True
2023-04-06,JD,2.0,40.5,40.7599983215332,158.0,159.0,True,7.849299907684326,2023-04-05,False,0.0,0.0,40.513167255678894,-0.000325064584953072,True
2023-04-11,JD,2.0,40.540000915527344,40.0099983215332,159.0,158.60000610351562,True,7.849699974060059,2023-04-10,False,0.0,0.0,40.40918930089599,0.0032319465617240972,True
2023-04-12,JD,2.0,39.0099983215332,36.95000076293945,157.6999969482422,153.0,True,7.849400043487549,2023-04-11,False,0.0,0.0,38.98387116272416,0.0006699798319824701,True
2023-04-13,JD,2.0,37.66999816894531,37.45000076293945,144.39999389648438,149.89999389648438,True,7.849800109863281,2023-04-12,False,0.0,0.0,38.19205375895748,-0.013763504096641288,True
2023-04-14,JD,2.0,37.29999923706055,36.849998474121094,149.39999389648438,147.6999969482422,True,7.847209930419922,2023-04-13,False,0.0,0.0,37.64395199258762,-0.009178997499589503,True
2023-04-17,JD,2.0,37.86199951171875,38.04999923706055,145.0,149.39999389648438,True,7.849699974060059,2023-04-14,False,0.0,0.0,38.065147557279445,-0.005351143514807255,True
2023-04-18,JD,2.0,38.29999923706055,37.72999954223633,148.60000610351562,148.5,True,7.849279880523682,2023-04-17,False,0.0,0.0,37.83786595977324,0.012139530085081951,True
2023-04-19,JD,2.0,36.81999969482422,37.099998474121094,148.5,144.1999969482422,True,7.849279880523682,2023-04-18,False,0.0,0.0,36.7422232722377,0.002114575890463044,True
2023-04-20,JD,2.0,36.459999084472656,36.189998626708984,144.10000610351562,142.89999389648438,True,7.849170207977295,2023-04-19,False,0.0,0.0,36.411490669740296,0.0013313415729787614,True
2023-04-21,JD,2.0,35.5,35.630001068115234,141.5,139.6999969482422,True,7.84896993637085,2023-04-20,False,0.0,0.0,35.59702689161673,-0.0027294236086738977,True
2023-04-24,JD,2.0,35.290000915527344,34.68000030517578,138.6999969482422,138.39999389648438,True,7.848790168762207,2023-04-21,False,0.0,0.0,35.26658017876677,0.0006638852749816238,True
2023-04-25,JD,2.0,33.86000061035156,33.70000076293945,136.6999969482422,132.6999969482422,True,7.847899913787842,2023-04-24,False,0.0,0.0,33.81796363511309,0.0012422649266468078,True
2023-04-26,JD,2.0,34.959999084472656,34.22999954223633,132.6999969482422,136.10000610351562,True,7.849100112915039,2023-04-25,False,0.0,0.0,34.67913624380314,0.008066279462041859,True
2023-04-27,JD,2.0,34.33000183105469,34.75,136.10000610351562,135.89999389648438,True,7.849599838256836,2023-04-26,False,0.0,0.0,34.625967360563884,-0.008584241522001879,True
2023-04-28,JD,2.0,34.68000030517578,35.720001220703125,136.3000030517578,135.89999389648438,True,7.849699974060059,2023-04-27,False,0.0,0.0,34.625525649534744,0.0015720151058351561,True
2023-05-02,JD,2.0,35.0099983215332,34.22999954223633,139.10000610351562,138.1999969482422,True,7.849899768829346,2023-05-01,False,0.0,0.0,35.210639885368096,-0.00571461937644635,True
2023-05-03,JD,2.0,34.11000061035156,34.68000030517578,134.8000030517578,134.3000030517578,True,7.849629878997803,2023-05-02,False,0.0,0.0,34.21817464568266,-0.0031663109778903298,True
2023-05-04,JD,2.0,35.20000076293945,35.779998779296875,135.5,137.5,True,7.849760055541992,2023-05-03,False,0.0,0.0,35.03291795598871,0.00475797176606374,True
2023-05-05,JD,2.0,35.85499954223633,35.880001068115234,140.6999969482422,140.8000030517578,True,7.848790168762207,2023-05-04,False,0.0,0.0,35.878141732501604,-0.0006452301030432928,True
2023-05-08,JD,2.0,35.650001525878906,35.900001525878906,140.8000030517578,139.5,True,7.847099781036377,2023-05-05,False,0.0,0.0,35.5545370627557,0.002681416724678254,True
2023-05-09,JD,2.0,34.689998626708984,35.619998931884766,140.1999969482422,136.5,True,7.847179889678955,2023-05-08,False,0.0,0.0,34.789568206415744,-0.0028661562645706518,True
2023-05-10,JD,2.0,34.56999969482422,35.099998474121094,136.5,135.60000610351562,True,7.84867000579834,2023-05-09,False,0.0,0.0,34.553626538850224,0.00047373545551154805,True
2023-05-11,JD,2.0,36.45000076293945,37.630001068115234,138.10000610351562,135.0,True,7.841700077056885,2023-05-10,False,0.0,0.0,34.43130919913164,0.05697517780529271,True
2023-05-12,JD,2.0,36.939998626708984,35.29999923706055,146.0,144.8000030517578,True,7.832149982452393,2023-05-11,False,0.0,0.0,36.975799333816695,-0.0009686889919344743,True
2023-05-15,JD,2.0,36.220001220703125,37.66999816894531,139.8000030517578,141.10000610351562,True,7.836800098419189,2023-05-12,False,0.0,0.0,36.00959685879389,0.005826003816653547,True
2023-05-16,JD,2.0,37.314998626708984,37.91999816894531,147.0,146.8000030517578,True,7.842400074005127,2023-05-15,False,0.0,0.0,37.43751955178864,-0.0032780443462847586,True
2023-05-17,JD,2.0,36.904998779296875,37.34000015258789,149.1999969482422,143.60000610351562,True,7.838319778442383,2023-05-16,False,0.0,0.0,36.640507190956065,0.007192627887061764,True
2023-05-18,JD,2.0,37.0,35.79999923706055,145.89999389648438,144.0,True,7.838300228118896,2023-05-17,False,0.0,0.0,36.74265996686845,0.006979435726525374,True
2023-05-19,JD,2.0,35.61000061035156,35.060001373291016,141.8000030517578,137.1999969482422,True,7.829699993133545,2023-05-18,False,0.0,0.0,35.04604188374094,0.01596383503646548,True
2023-05-22,JD,2.0,35.9900016784668,35.9900016784668,138.5,140.10000610351562,True,7.827300071716309,2023-05-19,False,0.0,0.0,35.7977859082629,0.005355123371775239,True
2023-05-23,JD,2.0,35.20000076293945,35.040000915527344,141.3000030517578,138.39999389648438,True,7.816800117492676,2023-05-22,False,0.0,0.0,35.410907741332316,-0.00597379668571385,True
2023-05-24,JD,2.0,34.380001068115234,33.880001068115234,137.0,135.3000030517578,True,7.828499794006348,2023-05-23,False,0.0,0.0,34.566010503148036,-0.005395812813408618,True
2023-05-25,JD,2.0,33.29999923706055,32.439998626708984,132.6999969482422,130.10000610351562,True,7.836820125579834,2023-05-24,False,0.0,0.0,33.2022437720273,0.002939916941723464,True
2023-05-30,JD,2.0,32.9900016784668,32.099998474121094,129.10000610351562,130.0,True,7.834549903869629,2023-05-29,False,0.0,0.0,33.186335295609155,-0.005933667596877967,True
2023-05-31,JD,2.0,32.25,32.599998474121094,126.0999984741211,125.9000015258789,True,7.828000068664551,2023-05-30,False,0.0,0.0,32.16658160999667,0.0025899678172551788,True
2023-06-01,JD,2.0,33.279998779296875,34.529998779296875,128.3000030517578,130.0,True,7.834070205688477,2023-05-31,False,0.0,0.0,33.18836737143468,0.002757145126803362,True
2023-06-02,JD,2.0,35.84000015258789,35.43000030517578,136.10000610351562,138.5,True,7.831210136413574,2023-06-01,False,0.0,0.0,35.37128938885255,0.013164135503862084,True
2023-06-05,JD,2.0,35.38999938964844,36.290000915527344,135.0,138.39999389648438,True,7.831500053405762,2023-06-02,False,0.0,0.0,35.34444051655136,0.0012881668238957644,True
2023-06-06,JD,2.0,36.01499938964844,37.75,141.8000030517578,141.39999389648438,True,7.837470054626465,2023-06-05,False,0.0,0.0,36.0830709172575,-0.0018883042929207505,True
2023-06-07,JD,2.0,36.849998474121094,36.95000076293945,147.0,144.1999969482422,True,7.837860107421875,2023-06-06,False,0.0,0.0,36.7957567427608,0.0014730446040953638,True
2023-06-08,JD,2.0,37.04999923706055,37.2400016784668,143.8000030517578,144.6999969482422,True,7.842999935150147,2023-06-07,False,0.0,0.0,36.89914526193912,0.004079944004823144,True
2023-06-09,JD,2.0,37.040000915527344,36.58000183105469,144.8000030517578,145.0,True,7.839739799499512,2023-06-08,False,0.0,0.0,36.991023607507174,0.001323156486926269,True
2023-06-12,JD,2.0,36.720001220703125,36.70000076293945,145.0,143.8000030517578,True,7.836780071258545,2023-06-09,False,0.0,0.0,36.69874661384093,0.0005789967299327792,True
2023-06-13,JD,2.0,37.900001525878906,37.9900016784668,143.6999969482422,147.39999389648438,True,7.838799953460693,2023-06-12,False,0.0,0.0,37.60779577782435,0.00773978892741356,True
2023-06-14,JD,2.0,37.96500015258789,38.63999938964844,149.10000610351562,147.5,True,7.834420204162598,2023-06-13,False,0.0,0.0,37.654349947078416,0.00821620266930223,True
2023-06-15,JD,2.0,39.59000015258789,39.959999084472656,150.0,155.1999969482422,True,7.833310127258301,2023-06-14,False,0.0,0.0,39.625648525820075,-0.0009000336734819037,True
2023-06-16,JD,2.0,40.66999816894531,39.849998474121094,156.0,157.39999389648438,True,7.830900192260742,2023-06-15,False,0.0,0.0,40.19971906985671,0.011630667608352407,True
2023-06-20,JD,2.0,38.040000915527344,37.16999816894531,153.8000030517578,149.6999969482422,True,7.8211798667907715,2023-06-19,False,0.0,0.0,38.28066851751561,-0.006306768572524213,True
2023-06-21,JD,2.0,36.755001068115234,36.59000015258789,144.6999969482422,142.60000610351562,True,7.8171000480651855,2023-06-20,False,0.0,0.0,36.484119488482335,0.007397216481200619,True
2023-06-23,JD,2.0,35.869998931884766,34.869998931884766,142.1999969482422,140.10000610351562,True,7.8282999992370605,2023-06-22,False,0.0,0.0,35.79321337127337,0.0021429569657449576,True
2023-06-26,JD,2.0,34.915000915527344,34.970001220703125,136.10000610351562,136.10000610351562,True,7.830100059509277,2023-06-23,False,0.0,0.0,34.76328656572626,0.004354716369728173,True
2023-06-27,JD,2.0,35.779998779296875,35.75,136.8000030517578,139.6999969482422,True,7.829730033874512,2023-06-26,False,0.0,0.0,35.684499042456046,0.002672649961822593,True
2023-06-28,JD,2.0,34.994998931884766,34.790000915527344,138.6999969482422,138.0,True,7.8302001953125,2023-06-27,False,0.0,0.0,35.248140930703876,-0.0072076246934345,True
2023-06-29,JD,2.0,33.81999969482422,34.02000045776367,137.3000030517578,132.89999389648438,True,7.833109855651856,2023-06-28,False,0.0,0.0,33.9328814086764,-0.0033321628972924344,True
2023-06-30,JD,2.0,34.189998626708984,34.130001068115234,133.0,132.39999389648438,True,7.832940101623535,2023-06-29,False,0.0,0.0,33.80595081252869,0.011296316950176521,True
2023-07-03,JD,2.0,35.099998474121094,35.150001525878906,134.5,138.3000030517578,True,7.838799953460693,2023-06-30,False,0.0,0.0,35.28601415340387,-0.005285598811671566,True
2023-07-05,JD,2.0,35.224998474121094,35.20000076293945,141.3000030517578,138.6999969482422,True,7.834099769592285,2023-07-04,False,0.0,0.0,35.40930062866959,-0.005218500789103686,True
2023-07-06,JD,2.0,34.33000183105469,34.08000183105469,136.89999389648438,135.5,True,7.831399917602539,2023-07-05,False,0.0,0.0,34.60428567705714,-0.007957877085522647,True
2023-07-07,JD,2.0,34.65999984741211,35.7599983215332,133.89999389648438,134.6999969482422,True,7.822100162506104,2023-07-06,False,0.0,0.0,34.440877552016914,0.006342120045694788,True
2023-07-10,JD,2.0,35.29999923706055,35.95000076293945,139.3000030517578,137.0,True,7.820400238037109,2023-07-07,False,0.0,0.0,35.03656995294309,0.007490570520333861,True
2023-07-11,JD,2.0,35.900001525878906,36.02000045776367,139.60000610351562,139.5,True,7.827300071716309,2023-07-10,False,0.0,0.0,35.64447477977206,0.00714318828858973,True
2023-07-12,JD,2.0,37.34000015258789,37.40999984741211,141.60000610351562,141.60000610351562,True,7.828199863433838,2023-07-11,False,0.0,0.0,36.17690109444978,0.03164431834874426,True
2023-07-13,JD,2.0,38.70000076293945,39.36000061035156,146.89999389648438,150.6999969482422,True,7.8267998695373535,2023-07-12,False,0.0,0.0,38.508713512601965,0.004955079061186751,True
2023-07-14,JD,2.0,38.400001525878906,38.13999938964844,155.1999969482422,150.5,True,7.8254899978637695,2023-07-13,False,0.0,0.0,38.46404507349291,-0.0016664114177635803,True
2023-07-18,JD,2.0,36.702999114990234,36.060001373291016,147.5,143.5,True,7.814700126647949,2023-07-17,False,0.0,0.0,36.72565745950207,-0.0006171526564160423,True
2023-07-19,JD,2.0,36.91999816894531,36.40999984741211,140.39999389648438,142.8000030517578,True,7.81397008895874,2023-07-18,False,0.0,0.0,36.54992313152987,0.010074276950394534,True
2023-07-20,JD,2.0,36.95000076293945,36.66999816894531,143.3000030517578,142.89999389648438,True,7.813899993896484,2023-07-19,False,0.0,0.0,36.57584407481667,0.010177643485135945,True
2023-07-21,JD,2.0,37.369998931884766,37.06999969482422,142.6999969482422,145.1999969482422,True,7.8084001541137695,2023-07-20,False,0.0,0.0,37.19071617295258,0.0048090500259312385,True
2023-07-24,JD,2.0,36.474998474121094,38.36000061035156,141.89999389648438,141.39999389648438,True,7.813700199127197,2023-07-21,False,0.0,0.0,36.19283829504464,0.0077657904693824165,True
2023-07-25,JD,2.0,39.56999969482422,38.529998779296875,148.5,152.3000030517578,True,7.817070007324219,2023-07-24,False,0.0,0.0,38.966007189154,0.015381592163226099,True
2023-07-26,JD,2.0,38.18000030517578,39.130001068115234,150.5,149.5,True,7.813469886779785,2023-07-25,False,0.0,0.0,38.26724929290395,-0.0022825942350888084,True
2023-07-27,JD,2.0,38.869998931884766,37.97999954223633,152.0,151.3000030517578,True,7.811200141906738,2023-07-26,False,0.0,0.0,38.739246288170264,0.0033695152440542664,True
2023-07-28,JD,2.0,39.529998779296875,40.529998779296875,148.3000030517578,153.39999389648438,True,7.802000045776367,2023-07-27,False,0.0,0.0,39.32324865328035,0.005243933675032952,True
2023-07-31,JD,2.0,41.08000183105469,41.310001373291016,162.6999969482422,159.8000030517578,True,7.8029398918151855,2023-07-28,False,0.0,0.0,40.95892196206161,0.0029517685339670585,True
2023-08-01,JD,2.0,40.41999816894531,40.040000915527344,160.0,158.1999969482422,True,7.796470165252685,2023-07-31,False,0.0,0.0,40.582467089608855,-0.004011461577455577,True
2023-08-02,JD,2.0,39.0099983215332,38.25,158.0,152.6999969482422,True,7.797920227050781,2023-08-01,False,0.0,0.0,39.16428804145236,-0.003947331723388903,True
2023-08-03,JD,2.0,39.130001068115234,39.560001373291016,149.8000030517578,150.3000030517578,True,7.79419994354248,2023-08-02,False,0.0,0.0,38.56714073040476,0.014488826004031452,True
2023-08-04,JD,2.0,39.880001068115234,39.09000015258789,155.10000610351562,155.0,True,7.8018798828125,2023-08-03,False,0.0,0.0,39.734013424498926,0.0036673896718162347,True
2023-08-07,JD,2.0,39.68000030517578,38.90999984741211,154.39999389648438,155.1999969482422,True,7.808199882507324,2023-08-04,False,0.0,0.0,39.7530799117825,-0.0018400300485885701,True
2023-08-08,JD,2.0,37.555999755859375,38.04999923706055,151.5,148.39999389648438,True,7.811500072479248,2023-08-07,False,0.0,0.0,37.99526147847414,-0.011628308120468667,True
2023-08-09,JD,2.0,38.33000183105469,37.66999816894531,148.0,149.10000610351562,True,7.807400226593018,2023-08-08,False,0.0,0.0,38.194533846404255,0.003540514815581819,True
2023-08-10,JD,2.0,38.56999969482422,38.4900016784668,147.39999389648438,149.10000610351562,True,7.8140997886657715,2023-08-09,False,0.0,0.0,38.161787060816096,0.010640088090143163,True
2023-08-11,JD,2.0,37.099998474121094,36.459999084472656,150.0,146.10000610351562,True,7.820419788360596,2023-08-10,False,0.0,0.0,37.36372472510015,-0.00708337811584725,True
2023-08-14,JD,2.0,36.400001525878906,36.7599983215332,141.39999389648438,144.1999969482422,True,7.8196001052856445,2023-08-11,False,0.0,0.0,36.8816806503367,-0.013146151866826994,True
2023-08-15,JD,2.0,36.20000076293945,35.970001220703125,142.89999389648438,142.1999969482422,True,7.817599773406982,2023-08-14,False,0.0,0.0,36.3794517677822,-0.0049449634643607965,True
2023-08-16,JD,2.0,34.95500183105469,34.880001068115234,139.8000030517578,140.60000610351562,True,7.819300174713135,2023-08-15,False,0.0,0.0,35.96229917306476,-0.028409572171925745,True
2023-08-17,JD,2.0,35.52000045776367,34.7599983215332,135.39999389648438,138.60000610351562,True,7.824100017547607,2023-08-16,False,0.0,0.0,35.42899650890673,0.0025653357384989306,True
2023-08-18,JD,2.0,33.029998779296875,33.11000061035156,134.60000610351562,131.1999969482422,True,7.831299781799316,2023-08-17,False,0.0,0.0,33.50656994466319,-0.014325334908297016,True
2023-08-21,JD,2.0,33.0099983215332,33.220001220703125,127.8000030517578,129.0,True,7.829699993133545,2023-08-18,False,0.0,0.0,32.951454107597954,0.0017751043117448795,True
2023-08-22,JD,2.0,33.79999923706055,33.279998779296875,129.1999969482422,131.3000030517578,True,7.832640171051025,2023-08-21,False,0.0,0.0,33.52637174296219,0.00812843457011203,True
2023-08-23,JD,2.0,33.16999816894531,33.810001373291016,131.3000030517578,131.0,True,7.839000225067139,2023-08-22,False,0.0,0.0,33.42262947795183,-0.007587402086478345,True
2023-08-24,JD,2.0,33.86000061035156,33.02000045776367,131.8000030517578,133.1999969482422,True,7.83788013458252,2023-08-23,False,0.0,0.0,33.98878131869696,-0.003796114221457536,True
2023-08-25,JD,2.0,33.16999816894531,32.959999084472656,130.1999969482422,130.0,True,7.840799808502197,2023-08-24,False,0.0,0.0,33.15988245460216,0.0003050122908856423,True
2023-08-28,JD,2.0,33.689998626708984,33.810001373291016,136.39999389648438,131.10000610351562,True,7.841300010681152,2023-08-25,False,0.0,0.0,33.438334440701325,0.0074980370751136505,True
2023-08-29,JD,2.0,34.599998474121094,34.5,132.0,133.8000030517578,True,7.843339920043945,2023-08-28,False,0.0,0.0,34.11811917263128,0.014025040756120877,True
2023-08-30,JD,2.0,33.790000915527344,33.970001220703125,134.60000610351562,131.8000030517578,True,7.84591007232666,2023-08-29,False,0.0,0.0,33.59712304545272,0.005724488164817743,True
2023-08-31,JD,2.0,33.13999938964844,33.209999084472656,132.0,128.8000030517578,True,7.846199989318848,2023-08-30,False,0.0,0.0,32.83118024702282,0.009362312454137989,True
2023-09-05,JD,2.0,33.71500015258789,34.2599983215332,133.8000030517578,132.1999969482422,True,7.845590114593506,2023-09-04,False,0.0,0.0,33.70045975313909,0.0004313669207212101,True
2023-09-06,JD,2.0,33.90999984741211,33.790000915527344,133.0,132.60000610351562,True,7.835700035095215,2023-09-05,False,0.0,0.0,33.84509501630108,0.001915866285615131,True
2023-09-07,JD,2.0,32.47999954223633,32.34000015258789,131.10000610351562,128.5,True,7.841599941253662,2023-09-06,False,0.0,0.0,32.77392393457305,-0.009008696013932393,True
2023-09-11,JD,2.0,32.209999084472656,31.920000076293945,124.1999969482422,125.5999984741211,True,7.836880207061768,2023-09-08,False,0.0,0.0,32.0535711037011,0.0048683348674081195,True
2023-09-12,JD,2.0,31.719999313354492,31.729999542236328,123.5,124.6999969482422,True,7.840419769287109,2023-09-11,False,0.0,0.0,31.80952056590729,-0.0028182587236740275,True
2023-09-13,JD,2.0,31.6299991607666,31.690000534057617,124.6999969482422,123.6999969482422,True,7.831860065460205,2023-09-12,False,0.0,0.0,31.58891908546211,0.001299613540570288,True
2023-09-14,JD,2.0,31.899999618530273,31.719999313354492,124.3000030517578,124.0,True,7.827400207519531,2023-09-13,False,0.0,0.0,31.683572249411036,0.006807676845175248,True
2023-09-15,JD,2.0,31.780000686645508,31.56999969482422,124.8000030517578,124.5999984741211,True,7.826300144195557,2023-09-14,False,0.0,0.0,31.84135445317204,-0.0019287167150432438,True
2023-09-18,JD,2.0,31.079999923706055,31.1200008392334,123.4000015258789,121.0,True,7.82919979095459,2023-09-15,False,0.0,0.0,30.90992776549054,0.005487103833494267,True
2023-09-19,JD,2.0,30.600000381469727,30.63999938964844,121.0999984741211,119.5999984741211,True,7.82544994354248,2023-09-18,False,0.0,0.0,30.566932083646996,0.001081247651686823,True
2023-09-20,JD,2.0,30.31999969482422,30.350000381469727,119.6999969482422,118.0,True,7.81820011138916,2023-09-19,False,0.0,0.0,30.185975881610794,0.004430108964642354,True
2023-09-21,JD,2.0,29.649999618530273,29.809999465942383,118.0,116.6999969482422,True,7.820899963378906,2023-09-20,False,0.0,0.0,29.84311204456927,-0.006491948357495669,True
2023-09-22,JD,2.0,30.954999923706055,30.40999984741211,116.3000030517578,120.3000030517578,True,7.823800086975098,2023-09-21,False,0.0,0.0,30.75232028283309,0.006569086748387409,True
2023-09-25,JD,2.0,29.399999618530273,29.780000686645508,116.0999984741211,115.4000015258789,True,7.821000099182129,2023-09-22,False,0.0,0.0,29.510292817397282,-0.0037444501860011137,True
2023-09-26,JD,2.0,28.950000762939453,29.030000686645508,115.0,112.3000030517578,True,7.820409774780273,2023-09-25,False,0.0,0.0,28.719723463573377,0.00798611494469359,True
2023-09-27,JD,2.0,29.100000381469727,28.950000762939453,113.4000015258789,113.4000015258789,True,7.816359996795654,2023-09-26,False,0.0,0.0,29.016064145553084,0.0028885746122848666,True
2023-09-28,JD,2.0,28.3799991607666,28.549999237060547,113.0999984741211,111.0999984741211,True,7.821300029754639,2023-09-27,False,0.0,0.0,28.40959892894082,-0.0010424363563164007,True
2023-09-29,JD,2.0,29.299999237060547,29.1299991607666,111.9000015258789,115.0999984741211,True,7.821080207824707,2023-09-28,False,0.0,0.0,29.43327402753592,-0.004538314036138136,True
2023-10-03,JD,2.0,28.280000686645508,28.459999084472656,112.3000030517578,111.4000015258789,True,7.831600189208984,2023-10-02,False,0.0,0.0,28.4488479581414,-0.005952800881137588,True
2023-10-04,JD,2.0,28.43000030517578,28.38999938964844,110.6999969482422,110.3000030517578,True,7.831900119781494,2023-10-03,False,0.0,0.0,28.166856411553702,0.009298954220001487,True
2023-10-05,JD,2.0,28.600000381469727,28.649999618530273,111.0,111.5,True,7.832600116729736,2023-10-04,False,0.0,0.0,28.47075002893252,0.004529485685234036,True
2023-10-06,JD,2.0,28.700000762939453,29.61000061035156,113.5999984741211,113.1999969482422,True,7.828800201416016,2023-10-05,False,0.0,0.0,28.918862159176683,-0.007596902740911737,True
2023-10-09,JD,2.0,29.09000015258789,29.229999542236328,111.5,113.8000030517578,True,7.831099987030029,2023-10-06,False,0.0,0.0,29.063606195869,0.0009077324757154059,True
2023-10-10,JD,2.0,29.649999618530273,30.270000457763672,116.0999984741211,115.4000015258789,True,7.831459999084473,2023-10-09,False,0.0,0.0,29.470878109412446,0.006059519549773906,True
2023-10-11,JD,2.0,30.459999084472656,30.34000015258789,118.6999969482422,117.0999984741211,True,7.828700065612793,2023-10-10,False,0.0,0.0,29.91556643956191,0.01803535577976989,True
2023-10-12,JD,2.0,29.950000762939453,27.829999923706055,119.5999984741211,117.6999969482422,True,7.819240093231201,2023-10-11,False,0.0,0.0,30.10522647849893,-0.0051694438058467185,True
2023-10-13,JD,2.0,26.479999542236328,27.049999237060547,109.0,104.1999969482422,True,7.819699764251709,2023-10-12,False,0.0,0.0,26.65063879424108,-0.006423406308067481,True
2023-10-16,JD,2.0,26.61000061035156,27.63999938964844,104.9000015258789,103.6999969482422,True,7.823800086975098,2023-10-13,False,0.0,0.0,26.508856513570645,0.003808222710149245,True
2023-10-17,JD,2.0,26.959999084472656,26.649999618530273,107.5,106.0,True,7.823309898376465,2023-10-16,False,0.0,0.0,27.098504693517942,-0.0051242969169909,True
2023-10-18,JD,2.0,26.239999771118164,25.8799991607666,103.6999969482422,102.8000030517578,True,7.817500114440918,2023-10-17,False,0.0,0.0,26.299968416210177,-0.0022827829251843568,True
2023-10-19,JD,2.0,24.969999313354492,25.06999969482422,99.0,97.1999969482422,True,7.8242998123168945,2023-10-18,False,0.0,0.0,24.845672911263303,0.0049914677317048906,True
2023-10-20,JD,2.0,24.510000228881836,24.3799991607666,96.0500030517578,96.6500015258789,True,7.828589916229248,2023-10-19,False,0.0,0.0,24.691547918614635,-0.007379788665637932,True
2023-10-24,JD,2.0,24.399999618530273,25.25,95.5,93.9000015258789,True,7.825240135192871,2023-10-23,False,0.0,0.0,23.999263895705234,0.01655995779985231,True
2023-10-25,JD,2.0,24.86000061035156,25.1200008392334,98.1999969482422,96.6500015258789,True,7.8238701820373535,2023-10-24,False,0.0,0.0,24.706443045994156,0.006196048951627731,True
2023-10-26,JD,2.0,25.209999084472656,25.920000076293945,97.8000030517578,98.0999984741211,True,7.823550224304199,2023-10-25,False,0.0,0.0,25.078128384571286,0.005244617718255462,True
2023-10-27,JD,2.0,26.219999313354492,25.649999618530273,101.0,101.4000015258789,True,7.821899890899658,2023-10-26,False,0.0,0.0,25.92720513947056,0.01122964323199227,True
2023-10-30,JD,2.0,26.100000381469727,25.940000534057617,100.0,101.3000030517578,True,7.820400238037109,2023-10-27,False,0.0,0.0,25.906603234717235,0.007437441585991245,True
2023-10-31,JD,2.0,25.459999084472656,25.420000076293945,101.3000030517578,99.8000030517578,True,7.821569919586182,2023-10-30,False,0.0,0.0,25.519174303318877,-0.0023215458977148273,True
2023-11-01,JD,2.0,25.450000762939453,25.329999923706055,99.1999969482422,98.75,True,7.820700168609619,2023-10-31,False,0.0,0.0,25.25349338831794,0.007751274810302355,True
2023-11-02,JD,2.0,25.690000534057617,25.809999465942383,100.5,99.4000015258789,True,7.82436990737915,2023-11-01,False,0.0,0.0,25.4077971012426,0.011045732502390493,True
2023-11-03,JD,2.0,26.65999984741211,26.940000534057617,101.1999969482422,103.0999984741211,True,7.822189807891846,2023-11-02,False,0.0,0.0,26.360904300763195,0.011282294185944508,True
2023-11-06,JD,2.0,27.34000015258789,27.11000061035156,106.8000030517578,107.0,True,7.824520111083984,2023-11-03,False,0.0,0.0,27.34992011802154,-0.00036277125632500073,True
2023-11-07,JD,2.0,26.719999313354492,26.81999969482422,106.1999969482422,104.5999984741211,True,7.824120044708252,2023-11-06,False,0.0,0.0,26.737830676528546,-0.0006671188800124739,True
2023-11-08,JD,2.0,26.559999465942383,26.450000762939453,103.5999984741211,103.6999969482422,True,7.820899963378906,2023-11-07,False,0.0,0.0,26.518686451383818,0.001556670900461743,True
2023-11-09,JD,2.0,26.260000228881836,25.75,103.1999969482422,102.0999984741211,True,7.819699764251709,2023-11-08,False,0.0,0.0,26.11353416428549,0.0055931473069996684,True
2023-11-10,JD,2.0,25.649999618530273,25.760000228881836,99.8000030517578,99.0,True,7.81466007232666,2023-11-09,False,0.0,0.0,25.336994593169734,0.01227799215435077,True
2023-11-13,JD,2.0,25.969999313354492,25.75,99.8000030517578,100.8000030517578,True,7.808899879455566,2023-11-10,False,0.0,0.0,25.816697513807934,0.005920526186891095,True
2023-11-14,JD,2.0,26.329999923706055,26.709999084472656,100.4000015258789,99.5500030517578,True,7.811180114746094,2023-11-13,False,0.0,0.0,25.489107046405298,0.03245778436208768,True
2023-11-15,JD,2.0,28.520000457763672,28.59000015258789,104.4000015258789,105.9000015258789,True,7.808599948883057,2023-11-14,False,0.0,0.0,27.123940839363108,0.05018884789521261,True
2023-11-16,JD,2.0,27.11000061035156,28.079999923706055,111.4000015258789,108.0,True,7.805319786071777,2023-11-15,False,0.0,0.0,27.67343375033035,-0.0205701965813736,True
2023-11-17,JD,2.0,27.649999618530273,27.61000061035156,107.4000015258789,105.4000015258789,True,7.807069778442383,2023-11-16,False,0.0,0.0,27.00116804820147,0.02374558805887439,True
2023-11-20,JD,2.0,28.15999984741211,28.549999237060547,107.8000030517578,108.5999984741211,True,7.802360057830811,2023-11-17,False,0.0,0.0,27.837730550546713,0.011510211308694007,True
2023-11-21,JD,2.0,28.364999771118164,28.079999923706055,110.5999984741211,110.8000030517578,True,7.7954301834106445,2023-11-20,False,0.0,0.0,28.426911779044566,-0.002180311624057296,True
2023-11-22,JD,2.0,28.3799991607666,28.309999465942383,110.5999984741211,110.1999969482422,True,7.792290210723877,2023-11-21,False,0.0,0.0,28.284366718422053,0.00337540292416616,True
2023-11-24,JD,2.0,28.13999938964844,28.760000228881836,111.4000015258789,110.5,True,7.796500205993652,2023-11-23,False,0.0,0.0,28.346051967022795,-0.007295730057229832,True
2023-11-27,JD,2.0,28.459999084472656,28.34000015258789,112.6999969482422,110.6999969482422,True,7.798299789428711,2023-11-24,False,0.0,0.0,28.390803107699423,0.002434302007194411,True
2023-11-28,JD,2.0,28.09000015258789,28.15999984741211,109.5,108.3000030517578,True,7.791699886322021,2023-11-27,False,0.0,0.0,27.798812744796187,0.010420333785358782,True
2023-11-29,JD,2.0,27.43000030517578,27.440000534057617,109.4000015258789,106.5999984741211,True,7.788690090179443,2023-11-28,False,0.0,0.0,27.373023509699085,0.0020793311039914997,True
2023-11-30,JD,2.0,27.40999984741211,27.43000030517578,104.5,106.6999969482422,True,7.794509887695312,2023-11-29,False,0.0,0.0,27.378244042433657,0.0011592197989918063,True
2023-12-01,JD,2.0,26.90999984741211,27.15999984741211,106.5,105.8000030517578,True,7.804100036621094,2023-11-30,False,0.0,0.0,27.11395357703937,-0.007550528447344718,True
2023-12-04,JD,2.0,26.68000030517578,26.59000015258789,106.6999969482422,103.8000030517578,True,7.810259819030762,2023-12-01,False,0.0,0.0,26.580422535710003,0.003739282573474334,True
2023-12-05,JD,2.0,26.010000228881836,26.1200008392334,102.5999984741211,102.0999984741211,True,7.814080238342285,2023-12-04,False,0.0,0.0,26.132313812989732,-0.004691537408885171,True
2023-12-06,JD,2.0,26.5,26.600000381469727,102.0999984741211,103.4000015258789,True,7.815529823303223,2023-12-05,False,0.0,0.0,26.46013868888982,0.0015053328644616393,True
2023-12-07,JD,2.0,26.799999237060547,26.93000030517578,102.8000030517578,104.0,True,7.8190999031066895,2023-12-06,False,0.0,0.0,26.60152735960789,0.007433225375574004,True
2023-12-08,JD,2.0,26.790000915527344,26.450000762939453,103.4000015258789,104.8000030517578,True,7.810770034790039,2023-12-07,False,0.0,0.0,26.834742947229767,-0.001668708840802502,True
2023-12-11,JD,2.0,25.299999237060547,25.600000381469727,102.0,98.25,True,7.811500072479248,2023-12-08,False,0.0,0.0,25.155219634739627,0.0057389504168008365,True
2023-12-12,JD,2.0,25.579999923706055,25.18000030517578,99.5,100.3000030517578,True,7.809460163116455,2023-12-11,False,0.0,0.0,25.68679549079918,-0.004166272563278284,True
2023-12-13,JD,2.0,25.0,25.290000915527344,98.0,97.9000015258789,True,7.80620002746582,2023-12-12,False,0.0,0.0,25.0826269328025,-0.003299627548705608,True
2023-12-14,JD,2.0,25.489999771118164,26.239999771118164,99.5999984741211,98.8000030517578,True,7.809500217437744,2023-12-13,False,0.0,0.0,25.30251624326699,0.007382362365103479,True
2023-12-15,JD,2.0,27.59000015258789,27.40999984741211,102.1999969482422,105.6999969482422,True,7.811399936676025,2023-12-14,False,0.0,0.0,27.0630099099037,0.019285546238148488,True
2023-12-18,JD,2.0,26.690000534057617,26.63999938964844,105.0999984741211,105.5,True,7.8069000244140625,2023-12-15,False,0.0,0.0,27.027373136603778,-0.012561188884170793,True
2023-12-19,JD,2.0,26.770000457763672,27.600000381469727,104.0999984741211,102.6999969482422,True,7.802299976348877,2023-12-18,False,0.0,0.0,26.32556996258971,0.016741165845918005,True
2023-12-20,JD,2.0,27.020000457763672,26.43000030517578,107.0,106.0999984741211,True,7.795100212097168,2023-12-19,False,0.0,0.0,27.222228217018984,-0.00745650395179398,True
2023-12-21,JD,2.0,27.06999969482422,27.979999542236328,104.5,105.3000030517578,True,7.799600124359131,2023-12-20,False,0.0,0.0,27.001385038418228,0.002537929944791184,True
2023-12-22,JD,2.0,27.3799991607666,27.59000015258789,109.1999969482422,105.8000030517578,True,7.806859970092773,2023-12-21,False,0.0,0.0,27.10436807040629,0.010117890902141546,True
2023-12-27,JD,2.0,27.56999969482422,27.75,108.1999969482422,107.1999969482422,True,7.809899806976318,2023-12-26,False,0.0,0.0,27.452336034447992,0.004276948194877228,True
2023-12-28,JD,2.0,28.56999969482422,28.510000228881836,107.5999984741211,112.5999984741211,True,7.80679988861084,2023-12-27,False,0.0,0.0,28.846646533976266,-0.009636542646530355,True
2023-12-29,JD,2.0,28.6200008392334,28.88999938964844,112.5999984741211,112.5,True,7.809899806976318,2023-12-28,False,0.0,0.0,28.80958854286647,-0.006602463795743141,True
2020-06-11,NetEase,5.0,82.23600006103516,82.28800201416016,133.0,130.0,True,7.750999927520752,2020-06-10,False,0.0,0.0,83.86014786196884,-0.019557341807381334,False
2020-06-12,NetEase,5.0,83.11000061035156,81.89600372314453,126.0,128.5,True,7.749899864196777,2020-06-11,False,0.0,0.0,82.90429699204773,0.002478144672439342,False
2020-06-15,NetEase,5.0,80.99600219726562,82.63999938964844,127.0,125.0999984741211,True,7.750199794769287,2020-06-12,False,0.0,0.0,80.70759579549984,0.0035671031585948754,False
2020-06-16,NetEase,5.0,84.86199951171875,82.53199768066406,128.60000610351562,129.6999969482422,True,7.75,2020-06-15,False,0.0,0.0,83.6774173859627,0.014057265110767325,False
2020-06-17,NetEase,5.0,83.18000030517578,81.4739990234375,129.0,128.10000610351562,True,7.750010013580322,2020-06-16,False,0.0,0.0,82.6450584444706,0.0064519044396478265,False
2020-06-18,NetEase,5.0,81.91000366210938,81.86000061035156,125.5,126.6999969482422,True,7.749800205230713,2020-06-17,False,0.0,0.0,81.74404087393523,0.0020282156244597616,False
2020-06-19,NetEase,5.0,83.197998046875,82.64199829101562,127.0,128.8000030517578,True,7.749899864196777,2020-06-18,False,0.0,0.0,83.09784984886835,0.001204458335925196,False
2020-06-22,NetEase,5.0,83.30000305175781,83.63999938964844,129.5,129.3000030517578,True,7.75,2020-06-19,False,0.0,0.0,83.41935680758569,-0.0014317926402611647,False
2020-06-23,NetEase,5.0,85.0,87.01399993896484,129.0,132.60000610351562,True,7.750010013580322,2020-06-22,False,0.0,0.0,85.54828049974192,-0.006429644285772973,False
2020-06-24,NetEase,5.0,87.4000015258789,87.49199676513672,134.60000610351562,136.0,True,7.75,2020-06-23,False,0.0,0.0,87.74193548387096,-0.003904654684838249,False
2020-06-26,NetEase,5.0,87.28600311279297,87.61000061035156,136.0,136.0,True,7.7505998611450195,2020-06-25,False,0.0,0.0,87.73514465750546,-0.005132437266825107,False
2020-06-29,NetEase,5.0,87.01399993896484,86.52799987792969,136.0,135.0,True,7.751500129699707,2020-06-26,False,0.0,0.0,87.0799185584416,-0.0007572765688301786,False
2020-06-30,NetEase,5.0,86.88400268554688,85.8759994506836,134.3000030517578,133.60000610351562,True,7.75,2020-06-29,False,0.0,0.0,86.1935523248488,0.007978550694628161,False
2020-07-02,NetEase,5.0,87.36000061035156,86.18199920654297,133.60000610351562,134.89999389648438,True,7.7505998611450195,2020-07-01,False,0.0,0.0,87.02551822650486,0.0038361303881373487,False
2020-07-06,NetEase,5.0,88.12999725341797,88.00800323486328,136.0,136.0,True,7.750199794769287,2020-07-03,False,0.0,0.0,87.73967355769861,0.004438790779484947,False
2020-07-07,NetEase,5.0,87.87799835205078,88.85800170898438,137.0,136.0,True,7.750130176544189,2020-07-06,False,0.0,0.0,87.7404617096657,0.001566312225438793,False
2020-07-08,NetEase,5.0,90.56999969482422,90.91200256347656,137.0,140.39999389648438,True,7.750699996948242,2020-07-07,False,0.0,0.0,90.57246052083387,-2.7170062798731465e-05,False
2020-07-09,NetEase,5.0,98.84600067138672,96.6520004272461,141.89999389648438,154.5,True,7.750500202178955,2020-07-08,False,0.0,0.0,99.67098636844386,-0.008311535034176032,False
2020-07-10,NetEase,5.0,98.2020034790039,96.89199829101562,152.0,152.5,True,7.750120162963867,2020-07-09,False,0.0,0.0,98.38557131589019,-0.0018675431591290703,False
2020-07-13,NetEase,5.0,97.10399627685548,95.39800262451172,151.60000610351562,150.6999969482422,True,7.750120162963867,2020-07-10,False,0.0,0.0,97.22429702987354,-0.0012381189207069099,False
2020-07-14,NetEase,5.0,92.38400268554688,95.20999908447266,145.0,147.0,True,7.751440048217773,2020-07-13,False,0.0,0.0,94.82109071707168,-0.02603802788543863,False
2020-07-15,NetEase,5.0,96.11399841308594,94.44200134277344,148.89999389648438,148.89999389648438,True,7.750800132751465,2020-07-14,False,0.0,0.0,96.05459523288353,0.0006182402750365412,False
2020-07-16,NetEase,5.0,91.59600067138672,90.0,146.89999389648438,142.5,True,7.750899791717529,2020-07-15,False,0.0,0.0,91.92481120209612,-0.0035833634255801883,False
2020-07-17,NetEase,5.0,90.61599731445312,91.4540023803711,139.6999969482422,140.5,True,7.752200126647949,2020-07-16,False,0.0,0.0,90.61943558257454,-3.794255976163896e-05,False
2020-07-20,NetEase,5.0,91.9980010986328,94.1780014038086,141.6999969482422,141.3000030517578,True,7.753699779510498,2020-07-17,False,0.0,0.0,91.1177934856012,0.009613746256976974,False
2020-07-21,NetEase,5.0,95.99600219726562,94.37200164794922,145.5,149.10000610351562,True,7.752799987792969,2020-07-20,False,0.0,0.0,96.15881122838094,-0.0016945614546131083,False
2020-07-22,NetEase,5.0,93.51599884033205,93.02200317382812,147.89999389648438,145.0,True,7.751800060272217,2020-07-21,False,0.0,0.0,93.52666404743938,-0.00011404036869677725,False
2020-07-23,NetEase,5.0,93.05999755859376,91.08399963378906,145.0,145.6999969482422,True,7.750790119171143,2020-07-22,False,0.0,0.0,93.99041562734453,-0.009948395478609484,False
2020-07-24,NetEase,5.0,88.29000091552734,89.66600036621094,141.6999969482422,140.10000610351562,True,7.752799987792969,2020-07-23,False,0.0,0.0,90.3544566634684,-0.0231134811957725,False
2020-07-27,NetEase,5.0,90.35800170898438,90.38200378417967,139.0,138.8000030517578,True,7.7515997886657715,2020-07-24,False,0.0,0.0,89.52990791314349,0.00920684049397913,False
2020-07-28,NetEase,5.0,88.81999969482422,90.05599975585938,140.8000030517578,141.6999969482422,True,7.750879764556885,2020-07-27,False,0.0,0.0,91.40897630499055,-0.02873183623600184,False
2020-07-29,NetEase,5.0,90.05599975585938,90.4800033569336,140.10000610351562,140.89999389648438,True,7.751200199127197,2020-07-28,False,0.0,0.0,90.88914637526072,-0.009208895900640002,False
2020-07-30,NetEase,5.0,90.21600341796876,90.24400329589844,141.0,139.8000030517578,True,7.750199794769287,2020-07-29,False,0.0,0.0,90.19122522887132,0.00027469175641225974,False
2020-07-31,NetEase,5.0,90.78800201416016,91.68399810791016,140.0,140.8000030517578,True,7.750120162963867,2020-07-30,False,0.0,0.0,90.8373032231231,-0.0005428892203038771,False
2020-08-03,NetEase,5.0,92.78600311279295,93.7979965209961,141.3000030517578,143.8000030517578,True,7.749899864196777,2020-07-31,False,0.0,0.0,92.77539424482724,0.00011434348014560669,False
2020-08-04,NetEase,5.0,93.43399810791016,95.95600128173828,146.1999969482422,147.0,True,7.75,2020-08-03,False,0.0,0.0,94.83870967741936,-0.014922371408681023,False
2020-08-05,NetEase,5.0,96.02400207519533,96.16600036621094,147.8000030517578,150.0,True,7.750699996948242,2020-08-04,False,0.0,0.0,96.76545348101523,-0.0076918632227744865,False
2020-08-06,NetEase,5.0,97.12799835205078,96.40599822998048,152.0,150.0,True,7.750199794769287,2020-08-05,False,0.0,0.0,96.77169877687346,0.0036750957477282853,False
2020-08-07,NetEase,5.0,94.1999969482422,93.3000030517578,151.0,147.5,True,7.751100063323975,2020-08-06,False,0.0,0.0,95.14778469828336,-0.010011162081323022,False
2020-08-10,NetEase,5.0,92.88800048828124,91.2760009765625,145.5,144.3000030517578,True,7.750400066375732,2020-08-07,False,0.0,0.0,93.09197061825729,-0.0021934642805065963,False
2020-08-11,NetEase,5.0,92.18599700927734,90.9020004272461,142.8000030517578,143.0,True,7.749959945678711,2020-08-10,False,0.0,0.0,92.25854133590404,-0.0007866248685735044,False
2020-08-12,NetEase,5.0,91.21600341796876,94.90599822998048,142.5,142.89999389648438,True,7.749929904937744,2020-08-11,False,0.0,0.0,92.19437830362693,-0.010668798097555054,False
2020-08-13,NetEase,5.0,93.36000061035156,92.9739990234375,147.6999969482422,148.0,True,7.749899864196777,2020-08-12,False,0.0,0.0,95.48510470679427,-0.022507269149323328,False
2020-08-14,NetEase,5.0,93.02400207519533,92.27799987792967,144.39999389648438,144.5,True,7.750999927520752,2020-08-13,False,0.0,0.0,93.21377973888075,-0.0020380153535315415,False
2020-08-17,NetEase,5.0,92.61399841308594,94.91400146484376,143.60000610351562,143.3000030517578,True,7.749579906463623,2020-08-14,False,0.0,0.0,92.4566265406444,0.0017006687086196237,False
2020-08-18,NetEase,5.0,95.9980010986328,95.96399688720705,147.0,147.60000610351562,True,7.750589847564697,2020-08-17,False,0.0,0.0,95.21856336514364,0.00815245324188485,False
2020-08-19,NetEase,5.0,96.0,95.1439971923828,148.0,147.60000610351562,True,7.750199794769287,2020-08-18,False,0.0,0.0,95.223355534094,0.008122948518821005,False
2020-08-20,NetEase,5.0,94.9980010986328,95.85800170898438,149.6999969482422,147.89999389648438,True,7.750199794769287,2020-08-19,False,0.0,0.0,95.41689105634673,-0.004399767567660362,False
2020-08-21,NetEase,5.0,95.5479965209961,96.99600219726562,148.39999389648438,150.0,True,7.750800132751465,2020-08-20,False,0.0,0.0,96.76420332796746,-0.012648422951960114,False
2020-08-24,NetEase,5.0,98.0,98.5780029296875,151.89999389648438,153.89999389648438,True,7.7505998611450195,2020-08-21,False,0.0,0.0,99.28263402424459,-0.013003193141403635,False
2020-08-25,NetEase,5.0,99.95600128173828,102.83200073242188,152.60000610351562,155.5,True,7.749989986419678,2020-08-24,False,0.0,0.0,100.32271026961516,-0.0036619907811363817,False
2020-08-26,NetEase,5.0,102.5999984741211,102.802001953125,159.0,162.10000610351562,True,7.750500202178955,2020-08-25,False,0.297,0.0,104.57389966775516,-0.01616552226250967,False
2020-08-27,NetEase,5.0,103.4980010986328,102.3759994506836,161.8000030517578,160.10000610351562,True,7.75029993057251,2020-08-26,False,0.0,0.0,103.28632926318836,0.0020472722377578023,False
2020-08-28,NetEase,5.0,101.80999755859376,100.83399963378906,159.39999389648438,157.10000610351562,True,7.750699996948242,2020-08-27,False,0.0,0.0,101.34568888317966,0.00457097206557755,False
2020-08-31,NetEase,5.0,98.33799743652344,97.44200134277344,159.0,155.60000610351562,True,7.750100135803223,2020-08-28,False,0.0,0.0,100.38580365219319,-0.020610301268748188,False
2020-09-01,NetEase,5.0,98.06999969482422,98.35800170898438,151.89999389648438,153.0,True,7.750349998474121,2020-08-31,False,0.0,0.0,98.70521978370166,-0.006456324095163168,False
2020-09-02,NetEase,5.0,99.54399871826172,98.7239990234375,153.60000610351562,153.6999969482422,True,7.749969959259033,2020-09-01,False,0.0,0.0,99.16167272662389,0.0038481686069715693,False
2020-09-03,NetEase,5.0,97.81199645996094,97.06600189208984,153.6999969482422,153.39999389648438,True,7.75029993057251,2020-09-02,False,0.0,0.0,98.96390802333299,-0.011707985535539756,False
2020-09-04,NetEase,5.0,95.77200317382812,97.0500030517578,148.8000030517578,149.39999389648438,True,7.750100135803223,2020-09-03,False,0.0,0.0,96.38584745911835,-0.006388980427423974,False
2020-09-08,NetEase,5.0,92.77400207519533,91.5479965209961,146.0,146.10000610351562,True,7.750189781188965,2020-09-07,False,0.0,0.0,94.25576032868595,-0.0158454915152344,False
2020-09-09,NetEase,5.0,93.55799865722656,94.4020004272461,143.0,142.8000030517578,True,7.750100135803223,2020-09-08,False,0.0,0.0,92.12784386621217,0.015404330798642007,False
2020-09-10,NetEase,5.0,93.61799621582033,91.90399932861328,147.0,144.1999969482422,True,7.750199794769287,2020-09-09,False,0.0,0.0,93.02985778867577,0.006302139147211783,False
2020-09-11,NetEase,5.0,92.1500015258789,91.14199829101562,144.0,143.60000610351562,True,7.7505998611450195,2020-09-10,False,0.0,0.0,92.6379949140486,-0.005281669069353789,False
2020-09-14,NetEase,5.0,92.6719970703125,93.08999633789062,143.89999389648438,144.1999969482422,True,7.750199794769287,2020-09-11,False,0.0,0.0,93.02985778867577,-0.003854147408708819,False
2020-09-15,NetEase,5.0,93.9980010986328,95.49600219726562,144.0,146.0,True,7.750120162963867,2020-09-14,False,0.0,0.0,94.19208794832765,-0.002062668863076489,False
2020-09-16,NetEase,5.0,95.77999877929688,94.85800170898438,148.0,149.6999969482422,True,7.750199794769287,2020-09-15,False,0.0,0.0,96.57815341049447,-0.008298678301072115,False
2020-09-17,NetEase,5.0,92.19000244140624,94.0019989013672,148.39999389648438,146.10000610351562,True,7.749810218811035,2020-09-16,False,0.0,0.0,94.26037669212117,-0.022209226504133817,False
2020-09-18,NetEase,5.0,97.03600311279295,93.21399688720705,147.39999389648438,147.6999969482422,True,7.750699996948242,2020-09-17,False,0.0,0.0,95.28171455894147,0.018244155913304638,False
2020-09-21,NetEase,5.0,92.87000274658205,95.97799682617188,147.1999969482422,146.0,True,7.749899864196777,2020-09-18,False,0.0,0.0,94.19476545399975,-0.01416391624706037,False
2020-09-22,NetEase,5.0,96.00800323486328,96.8560028076172,148.60000610351562,148.89999389648438,True,7.749800205230713,2020-09-21,False,0.0,0.0,96.06698879539152,-0.0006141930478200663,False
2020-09-23,NetEase,5.0,96.19200134277344,94.1959991455078,150.0,149.39999389648438,True,7.749899864196777,2020-09-22,False,0.0,0.0,96.38833824594754,-0.002039013656505162,False
2020-09-24,NetEase,5.0,93.3759994506836,94.04199981689452,148.0,146.89999389648438,True,7.749899864196777,2020-09-23,False,0.0,0.0,94.7754141799544,-0.014875684514696452,False
2020-09-25,NetEase,5.0,93.14600372314452,94.4280014038086,145.39999389648438,146.3000030517578,True,7.749899864196777,2020-09-24,False,0.0,0.0,94.38831831082038,-0.013249124182358685,False
2020-09-28,NetEase,5.0,94.17400360107422,92.78800201416016,145.5,144.0,True,7.75,2020-09-25,False,0.0,0.0,92.90322580645162,0.013585804586066175,False
2020-09-29,NetEase,5.0,92.90599822998048,90.1520004272461,144.10000610351562,143.5,True,7.749889850616455,2020-09-28,False,0.0,0.0,92.58196101237844,0.0034938930651904343,False
2020-09-30,NetEase,5.0,89.80400085449219,90.93399810791016,141.0,137.89999389648438,True,7.750100135803223,2020-09-29,False,0.0,0.0,88.96658848279021,0.009368638318726141,False
2020-10-05,NetEase,5.0,89.80000305175781,90.62000274658205,139.5,138.6999969482422,True,7.75,2020-10-02,False,0.0,0.0,89.48386899886593,0.0035266349050422363,False
2020-10-06,NetEase,5.0,90.13999938964844,89.38999938964844,139.8000030517578,138.3000030517578,True,7.75,2020-10-05,False,0.0,0.0,89.22580842048892,0.010193680685577355,False
2020-10-07,NetEase,5.0,89.5999984741211,86.94000244140625,137.39999389648438,138.0,True,7.750060081481934,2020-10-06,False,0.0,0.0,89.03156785180188,0.006364301144168749,False
2020-10-08,NetEase,5.0,86.5,88.41999816894531,135.0,133.89999389648438,True,7.749899864196777,2020-10-07,False,0.0,0.0,86.38820903679003,0.0012932169222281686,False
2020-10-09,NetEase,5.0,89.30000305175781,90.5999984741211,136.1999969482422,138.1999969482422,True,7.749820232391357,2020-10-08,False,0.0,0.0,89.16335657091616,0.0015313676469448367,False
2020-10-12,NetEase,5.0,91.79000091552734,91.5,140.0,142.10000610351562,True,7.749839782714844,2020-10-09,False,0.0,0.0,91.67931859730436,0.0012065486692174332,False
2020-10-14,NetEase,5.0,91.45999908447266,89.56999969482422,141.60000610351562,142.1999969482422,True,7.749800205230713,2020-10-13,False,0.0,0.0,91.74429868028376,-0.0031036370597297136,False
2020-10-15,NetEase,5.0,88.05000305175781,88.33000183105469,140.0,137.0,True,7.753200054168701,2020-10-14,False,0.0,0.0,88.35061590235797,-0.003408300304029055,False
2020-10-16,NetEase,5.0,88.98999786376953,88.5199966430664,136.0,138.10000610351562,True,7.749790191650391,2020-10-15,False,0.0,0.0,89.09919022859762,-0.0012262662285200676,False
2020-10-19,NetEase,5.0,89.19999694824219,87.3499984741211,138.8000030517578,138.89999389648438,True,7.749969959259033,2020-10-16,False,0.0,0.0,89.61324664912925,-0.004622145746067119,False
2020-10-20,NetEase,5.0,88.08000183105469,88.37000274658203,136.10000610351562,137.60000610351562,True,7.7501702308654785,2020-10-19,False,0.0,0.0,88.77224757948932,-0.007828560690334996,False
2020-10-21,NetEase,5.0,88.0999984741211,88.23999786376953,137.0,136.89999389648438,True,7.749969959259033,2020-10-20,False,0.0,0.0,88.32291906688451,-0.0025271173893655074,False
2020-10-22,NetEase,5.0,88.26000213623047,87.56999969482422,135.3000030517578,137.8000030517578,True,7.751200199127197,2020-10-21,False,0.0,0.0,88.88946196182263,-0.007106569336194468,False
2020-10-23,NetEase,5.0,87.43000030517578,85.87000274658203,136.8000030517578,135.6999969482422,True,7.749800205230713,2020-10-22,False,0.0,0.0,87.55064218084728,-0.00137891703988835,False
2020-10-27,NetEase,5.0,87.16000366210938,88.41999816894531,134.8000030517578,134.3000030517578,True,7.749780178070068,2020-10-26,False,0.0,0.0,86.64762094271596,0.0058959922486225835,False
2020-10-28,NetEase,5.0,87.5999984741211,86.23999786376953,136.89999389648438,138.39999389648438,True,7.754199981689453,2020-10-27,False,0.0,0.0,89.24195547142077,-0.01857030129973225,False
2020-10-29,NetEase,5.0,87.30999755859375,88.20999908447266,135.0,136.10000610351562,True,7.7505998611450195,2020-10-28,False,0.0,0.0,87.79965973073028,-0.0055926492691389385,False
2020-10-30,NetEase,5.0,87.05000305175781,86.79000091552734,137.0,134.89999389648438,True,7.750100135803223,2020-10-29,False,0.0,0.0,87.03112961940026,0.00021683489924395616,False
2020-11-02,NetEase,5.0,86.25,84.33000183105469,135.0,133.39999389648438,True,7.751430034637451,2020-10-30,False,0.0,0.0,86.04863444576246,0.002337402691141577,False
2020-11-03,NetEase,5.0,82.93000030517578,85.91000366210938,131.5,131.39999389648438,True,7.752590179443359,2020-11-02,False,0.0,0.0,84.74586612671881,-0.021660085662022155,False
2020-11-04,NetEase,5.0,89.81999969482422,93.68000030517578,131.39999389648438,136.3000030517578,True,7.750999927520752,2020-11-03,False,0.0,0.0,87.92414161159395,0.02133324868378139,False
2020-11-05,NetEase,5.0,96.0999984741211,91.58000183105467,145.0,146.1999969482422,True,7.7530999183654785,2020-11-04,False,0.0,0.0,94.28486572314439,0.019068614079600366,False
2020-11-06,NetEase,5.0,91.91000366210938,92.04000091552734,141.3000030517578,141.5,True,7.754380226135254,2020-11-05,False,0.0,0.0,91.238755305737,0.007330121871483186,False
2020-11-09,NetEase,5.0,91.36000061035156,87.83999633789062,144.0,144.5,True,7.754020214080811,2020-11-06,False,0.0,0.0,93.17747182138957,-0.019698221229833557,False
2020-11-10,NetEase,5.0,87.9000015258789,87.55000305175781,137.10000610351562,138.0,True,7.753330230712891,2020-11-09,False,0.0,0.0,88.99401669578532,-0.012369317284592896,False
2020-11-11,NetEase,5.0,88.38999938964844,89.58999633789062,138.5,136.5,True,7.752270221710205,2020-11-10,False,0.0,0.0,88.03872678337001,0.003982039411209115,False
2020-11-12,NetEase,5.0,90.88999938964844,87.33999633789062,140.1999969482422,139.39999389648438,True,7.753600120544434,2020-11-11,False,0.0,0.0,89.893721451485,0.011021877626033572,False
2020-11-13,NetEase,5.0,89.2300033569336,88.2699966430664,136.89999389648438,136.6999969482422,True,7.753960132598877,2020-11-12,False,0.0,0.0,88.14850386806462,0.012194407402097873,False
2020-11-16,NetEase,5.0,87.87999725341797,87.0999984741211,139.8000030517578,137.8000030517578,True,7.753789901733398,2020-11-13,False,0.0,0.0,88.85977360629279,-0.01108733348465929,False
2020-11-17,NetEase,5.0,87.7300033569336,86.8499984741211,137.8000030517578,136.10000610351562,True,7.753339767456055,2020-11-16,False,0.0,0.0,87.76863273474945,-0.0004402242581482696,False
2020-11-18,NetEase,5.0,87.29000091552734,85.5,136.5,135.89999389648438,True,7.753349781036377,2020-11-17,False,0.0,0.0,87.63953499742588,-0.003996289651778007,False
2020-11-19,NetEase,5.0,87.25,89.22000122070312,134.0,134.10000610351562,True,7.752289772033691,2020-11-18,False,0.0,0.0,86.49057894306277,0.00874206702928948,False
2020-11-20,NetEase,5.0,91.0199966430664,93.51000213623048,139.0,141.8000030517578,True,7.752280235290527,2020-11-19,False,0.0,0.0,91.4569641111817,-0.0047892983481263585,False
2020-11-23,NetEase,5.0,94.68000030517578,94.79000091552734,147.1999969482422,148.5,True,7.752600193023682,2020-11-20,False,0.0,0.0,95.7743184884153,-0.011491786935817316,False
2020-11-24,NetEase,5.0,97.0,97.5199966430664,152.0,150.8000030517578,True,7.752200126647949,2020-11-23,False,0.0,0.0,97.2627128996499,-0.0027047193554032845,False
2020-11-25,NetEase,5.0,95.5199966430664,93.8000030517578,153.10000610351562,148.8000030517578,True,7.752200126647949,2020-11-24,False,0.0,0.0,95.97275652125026,-0.004728750455411657,False
2020-11-27,NetEase,5.0,93.51000213623048,93.33999633789062,144.8000030517578,144.39999389648438,True,7.751160144805908,2020-11-26,False,0.0,0.0,93.14734259054597,0.0038858369334846543,False
2020-11-30,NetEase,5.0,93.12999725341795,90.37000274658205,145.5,144.5,True,7.750699996948242,2020-11-27,False,0.0,0.0,93.217386853378,-0.0009379214716140893,False
2020-12-01,NetEase,5.0,90.70999908447266,89.9800033569336,143.1999969482422,141.8000030517578,True,7.750470161437988,2020-11-30,False,0.0,0.0,91.47832331338778,-0.00843444600259513,False
2020-12-02,NetEase,5.0,89.56999969482422,88.12999725341797,141.8000030517578,138.0,True,7.75121021270752,2020-12-01,False,0.0,0.0,89.0183572713326,0.006177829141170044,False
2020-12-03,NetEase,5.0,87.94999694824219,87.83000183105469,137.0,136.0,True,7.75190019607544,2020-12-02,False,0.0,0.0,87.72042761131833,0.0026136382169479333,False
2020-12-04,NetEase,5.0,89.0,87.37999725341797,137.1999969482422,137.8000030517578,True,7.751999855041504,2020-12-03,False,0.0,0.0,88.88029258807309,0.0013459324611666545,False
2020-12-07,NetEase,5.0,89.13999938964844,89.41000366210938,137.60000610351562,138.89999389648438,True,7.751200199127197,2020-12-04,False,0.0,0.0,89.59902358871135,-0.005136261802791253,False
2020-12-08,NetEase,5.0,91.1999969482422,91.61000061035156,139.89999389648438,142.0,True,7.750470161437988,2020-12-07,False,0.0,0.0,91.60734577530064,-0.004456598900184794,False
2020-12-09,NetEase,5.0,91.01000213623048,89.01000213623047,143.0,143.5,True,7.750800132751465,2020-12-08,False,0.0,0.0,92.57108785042222,-0.017007452600287465,False
2020-12-10,NetEase,5.0,88.05999755859375,87.37000274658203,138.39999389648438,137.3000030517578,True,7.75137996673584,2020-12-09,False,0.0,0.0,88.5648772482868,-0.005716987093306258,False
2020-12-11,NetEase,5.0,87.29000091552734,88.26000213623047,137.0,137.0,True,7.751410007476807,2020-12-10,False,0.0,0.0,88.37101886486033,-0.012308155761178163,False
2020-12-14,NetEase,5.0,87.41000366210938,86.87999725341797,139.60000610351562,135.0,True,7.751369953155518,2020-12-11,False,0.0,0.0,87.08138097901174,0.003766639508342884,False
2020-12-15,NetEase,5.0,87.05999755859375,85.58000183105469,135.89999389648438,135.39999389648438,True,7.75121021270752,2020-12-14,False,0.0,0.0,87.34119587835869,-0.00322473210076879,False
2020-12-16,NetEase,5.0,86.75,88.38999938964844,133.5,135.0,True,7.7515997886657715,2020-12-15,False,0.0,0.0,87.07879900958909,-0.0037830256389081995,False
2020-12-17,NetEase,5.0,90.81999969482422,90.88999938964844,138.0,141.0,True,7.751200199127197,2020-12-16,False,0.0,0.0,90.95365645173048,-0.0014705847241796022,False
2020-12-18,NetEase,5.0,91.91000366210938,94.79000091552734,141.89999389648438,141.89999389648438,True,7.751399993896484,2020-12-17,False,0.0,0.0,91.53184844558247,0.004122895051995812,False
2020-12-21,NetEase,5.0,92.55999755859376,92.93000030517578,147.0,143.8000030517578,True,7.752089977264404,2020-12-18,False,0.0,0.0,92.74918342892008,-0.002041840938979078,False
2020-12-22,NetEase,5.0,93.04000091552734,92.5,145.1999969482422,142.5,True,7.752140045166016,2020-12-21,False,0.0,0.0,91.91010428717577,0.01221854601492467,False
2020-12-23,NetEase,5.0,92.8000030517578,92.58000183105467,142.5,144.8000030517578,True,7.752630233764648,2020-12-22,False,0.0,0.0,93.38766243559347,-0.006312569994833872,False
2020-12-24,NetEase,5.0,91.5500030517578,92.66000366210938,141.89999389648438,141.89999389648438,False,7.752600193023682,2020-12-23,False,0.0,0.0,91.51767817472108,0.00035314673956765574,False
2020-12-28,NetEase,5.0,92.6500015258789,91.12999725341795,141.89999389648438,141.3000030517578,True,7.753300189971924,2020-12-25,False,0.0,0.0,91.12248951389401,0.016624329167449048,False
2020-12-29,NetEase,5.0,92.31999969482422,93.44000244140624,140.0,143.5,True,7.753469944000244,2020-12-28,False,0.0,0.0,92.53921214400434,-0.0023716703079292856,False
2020-12-30,NetEase,5.0,94.9000015258789,95.93000030517578,144.0,145.89999389648438,True,7.7546000480651855,2020-12-29,False,0.0,0.0,94.07319074623791,0.008750617435866026,False
2020-12-31,NetEase,5.0,96.0500030517578,95.7699966430664,147.39999389648438,147.39999389648438,False,7.753769874572754,2020-12-30,False,0.0,0.0,95.05053430838787,0.010460230728303266,False
2021-01-04,NetEase,5.0,96.05999755859376,96.73999786376952,149.0,148.6999969482422,True,7.753200054168701,2021-01-01,False,0.0,0.0,95.89588551135729,0.0017098938005633002,False
2021-01-05,NetEase,5.0,96.93000030517578,101.56999969482422,150.0,151.5,True,7.753009796142578,2021-01-04,False,0.0,0.0,97.70399108445413,-0.007953336965280222,False
2021-01-06,NetEase,5.0,99.95999908447266,103.61000061035156,154.89999389648438,157.39999389648438,True,7.7530198097229,2021-01-05,False,0.0,0.0,101.50882995235762,-0.015375692494725257,False
2021-01-07,NetEase,5.0,104.83999633789062,111.88999938964844,161.0,163.8000030517578,True,7.752749919891357,2021-01-06,False,0.0,0.0,105.63993727663875,-0.007601150157690029,False
2021-01-08,NetEase,5.0,111.62000274658205,114.56999969482422,171.89999389648438,172.10000610351562,True,7.752900123596191,2021-01-07,False,0.0,0.0,110.99072821776971,0.005653601712924505,False
2021-01-11,NetEase,5.0,111.0,109.1999969482422,176.1999969482422,173.0,True,7.752999782562256,2021-01-08,False,0.0,0.0,111.56971807809465,-0.005119468428350871,False
2021-01-12,NetEase,5.0,108.75,107.4499969482422,169.0,167.5,True,7.754350185394287,2021-01-11,False,0.0,0.0,108.00389200599605,0.006884406401337806,False
2021-01-13,NetEase,5.0,105.5999984741211,107.0500030517578,166.0,163.0,True,7.755099773406982,2021-01-12,False,0.0,0.0,105.09213598962543,0.004820905814981735,False
2021-01-14,NetEase,5.0,108.48999786376952,104.7699966430664,163.0,164.0,True,7.754089832305908,2021-01-13,False,0.0,0.0,105.75064485113771,0.02557406735289014,False
2021-01-15,NetEase,5.0,105.33000183105467,105.08000183105467,162.39999389648438,164.5,True,7.753399848937988,2021-01-14,False,0.0,0.0,106.08249490868975,-0.007118749052700046,False
2021-01-19,NetEase,5.0,107.73999786376952,110.0999984741211,165.8000030517578,167.5,True,7.753250122070312,2021-01-18,False,0.0,0.0,108.01921604669792,-0.002588240230774197,False
2021-01-20,NetEase,5.0,112.7300033569336,112.9499969482422,171.1999969482422,173.0,True,7.7530999183654785,2021-01-19,False,0.0,0.0,111.56827709017334,0.010358854760396774,False
2021-01-21,NetEase,5.0,115.0,116.02999877929688,178.0,179.5,True,7.751979827880859,2021-01-20,False,0.0,0.0,115.77687505997388,-0.006732719596656445,False
2021-01-22,NetEase,5.0,114.69000244140624,116.76000213623048,181.3000030517578,178.0,True,7.751800060272217,2021-01-21,False,0.0,0.0,114.81204276168421,-0.0010635228254560758,False
2021-01-25,NetEase,5.0,125.83999633789062,124.29000091552734,183.8000030517578,193.0,True,7.7515997886657715,2021-01-22,False,0.0,0.0,124.49043117667182,0.010782374716374221,False
2021-01-26,NetEase,5.0,122.29000091552734,121.93000030517578,193.0,188.8000030517578,True,7.751709938049316,2021-01-25,False,0.0,0.0,121.7795844791817,0.00418255457444161,False
2021-01-27,NetEase,5.0,119.54000091552734,119.08999633789062,186.0,187.8999938964844,True,7.751399993896484,2021-01-26,False,0.0,0.0,121.20390770985783,-0.013823263891105775,False
2021-01-28,NetEase,5.0,117.94000244140624,117.23999786376952,184.3000030517578,178.8000030517578,True,7.751699924468994,2021-01-27,False,0.0,0.0,115.32954370908904,0.02238241343666747,False
2021-01-29,NetEase,5.0,114.76000213623048,114.98999786376952,179.6999969482422,178.1999969482422,True,7.751659870147705,2021-01-28,False,0.0,0.0,114.94312181737061,-0.001594403391481869,False
2021-02-01,NetEase,5.0,116.1999969482422,118.25,177.0,182.1000061035156,True,7.752520084381104,2021-01-29,False,0.0,0.0,117.44568483633469,-0.01066315184376343,False
2021-02-02,NetEase,5.0,120.4499969482422,123.37000274658205,185.3000030517578,186.8999938964844,True,7.75285005569458,2021-02-01,False,0.0,0.0,120.53631409987328,-0.0007163656304536303,False
2021-02-03,NetEase,5.0,122.75,122.93000030517578,191.0,192.8000030517578,True,7.752620220184326,2021-02-02,False,0.0,0.0,124.34505855826238,-0.012910664612804545,False
2021-02-04,NetEase,5.0,121.08000183105467,122.27999877929688,192.3999938964844,187.3000030517578,True,7.751299858093262,2021-02-03,False,0.0,0.0,120.81844753831497,0.0021625140247962804,False
2021-02-05,NetEase,5.0,122.12999725341795,124.0199966430664,191.1000061035156,191.6999969482422,True,7.751259803771973,2021-02-04,False,0.0,0.0,123.65731623068278,-0.012428132392273916,False
2021-02-08,NetEase,5.0,124.8000030517578,124.12999725341795,196.0,193.6000061035156,True,7.752500057220459,2021-02-05,False,0.0,0.0,124.86295045119158,-0.0005042590411150627,False
2021-02-09,NetEase,5.0,130.80999755859375,132.4199981689453,193.6000061035156,195.5,True,7.75246000289917,2021-02-08,False,0.0,0.0,126.08900911896953,0.03675779090405218,False
2021-02-10,NetEase,5.0,133.1999969482422,131.0500030517578,205.0,204.3999938964844,True,7.752190113067627,2021-02-09,False,0.0,0.0,131.83370822648791,0.010310392969464566,False
2021-02-11,NetEase,5.0,132.36000061035156,132.47000122070312,205.3999938964844,205.3999938964844,False,7.751629829406738,2021-02-10,False,0.0,0.0,132.48826273751806,-0.00096857072477885,False
2021-02-16,NetEase,5.0,128.52999877929688,126.9800033569336,204.3999938964844,196.8000030517578,True,7.752289772033691,2021-02-15,False,0.0,0.0,126.93024179882431,0.012524672248612312,False
2021-02-17,NetEase,5.0,126.0999984741211,126.9000015258789,197.6000061035156,196.3000030517578,True,7.752429962158203,2021-02-16,False,0.0,0.0,126.60546693743348,-0.004000460667537453,False
2021-02-18,NetEase,5.0,121.5,124.31999969482422,196.8999938964844,190.1999969482422,True,7.752079963684082,2021-02-17,False,0.0,0.0,122.67675116824513,-0.009638593951805774,False
2021-02-19,NetEase,5.0,124.77999877929688,123.88999938964844,187.1000061035156,191.5,True,7.752500057220459,2021-02-18,False,0.0,0.0,123.50854471883707,0.010241835218367079,False
2021-02-22,NetEase,5.0,120.16999816894533,117.45999908447266,194.0,184.0,True,7.752799987792969,2021-02-19,False,0.0,0.0,118.66680443821193,0.012587788506590591,False
2021-02-23,NetEase,5.0,114.9800033569336,120.25,183.6000061035156,183.8999938964844,True,7.752749919891357,2021-02-22,False,0.0,0.0,118.60307361691699,-0.031024172662474037,False
2021-02-24,NetEase,5.0,114.23999786376952,117.5,187.0,179.60000610351562,True,7.753699779510498,2021-02-23,False,0.0,0.0,115.81568232633714,-0.013698502039310334,False
2021-02-25,NetEase,5.0,114.7699966430664,108.66000366210938,183.0,181.8000030517578,True,7.753600120544434,2021-02-24,False,0.0,0.0,117.23586477593093,-0.021257747333505606,False
2021-02-26,NetEase,5.0,108.0,109.8499984741211,166.0,166.0,True,7.754499912261963,2021-02-25,False,0.0,0.0,107.03462626745863,0.008978835036479005,False
2021-03-01,NetEase,5.0,111.4800033569336,110.58999633789062,170.0,171.60000610351562,True,7.753900051116943,2021-02-26,False,0.0,0.0,110.6539966805458,0.0074370468584223914,False
2021-03-02,NetEase,5.0,111.41000366210938,110.12999725341795,176.0,172.0,True,7.7564802169799805,2021-03-01,False,0.0,0.0,110.8750329972278,0.004813384704621448,False
2021-03-03,NetEase,5.0,109.83999633789062,107.2300033569336,171.6999969482422,174.3000030517578,True,7.75570011138916,2021-03-02,False,0.0,0.0,112.36896769370968,-0.022763083086672964,False
2021-03-04,NetEase,5.0,106.22000122070312,106.26000213623048,166.1999969482422,166.6999969482422,True,7.757299900054932,2021-03-03,False,0.0,0.0,107.44717820375988,-0.011486934775218671,False
2021-03-05,NetEase,5.0,107.55999755859376,108.26000213623048,164.89999389648438,166.89999389648438,True,7.75600004196167,2021-03-04,False,0.0,0.0,107.5941161639496,-0.00031715503879059526,False
2021-03-08,NetEase,5.0,105.72000122070312,102.08000183105467,168.39999389648438,165.3000030517578,True,7.759300231933594,2021-03-05,False,0.0,0.0,106.51733926434598,-0.007513680608574269,False
2021-03-09,NetEase,5.0,105.51000213623048,110.68000030517578,160.0,160.0,True,7.763850212097168,2021-03-08,False,0.0,0.0,103.04165821662656,0.023672400233294866,False
2021-03-10,NetEase,5.0,112.36000061035156,105.6999969482422,169.8000030517578,168.1999969482422,True,7.76855993270874,2021-03-09,False,0.0,0.0,108.25687025986181,0.03720117619566654,False
2021-03-11,NetEase,5.0,110.29000091552734,108.38999938964844,165.60000610351562,170.10000610351562,True,7.761640071868896,2021-03-10,False,0.0,0.0,109.57736027983445,0.0064824822329212495,False
2021-03-12,NetEase,5.0,106.48999786376952,107.9499969482422,172.10000610351562,167.39999389648438,True,7.761099815368652,2021-03-11,False,0.0,0.0,107.84553599284747,-0.012648917124728598,False
2021-03-15,NetEase,5.0,106.63999938964844,107.08000183105467,170.6999969482422,165.39999389648438,True,7.758259773254395,2021-03-12,False,0.0,0.0,106.59606582566339,0.0004120650468983911,False
2021-03-16,NetEase,5.0,107.9000015258789,108.3000030517578,169.10000610351562,169.0,True,7.762650012969971,2021-03-15,False,0.0,0.0,108.85457911771873,-0.008807968536269861,False
2021-03-17,NetEase,5.0,107.76000213623048,108.26000213623048,169.8000030517578,169.5,True,7.764259815216064,2021-03-16,False,0.0,0.0,109.1539979560068,-0.012853158488934646,False
2021-03-18,NetEase,5.0,105.41999816894533,104.98999786376952,168.0,167.0,True,7.765200138092041,2021-03-17,False,0.0,0.0,107.53103399150312,-0.01982714014040088,False
2021-03-19,NetEase,5.0,104.8499984741211,109.06999969482422,163.6999969482422,163.39999389648438,True,7.764999866485596,2021-03-18,False,0.0,0.0,105.21570940505275,-0.003481875305562099,False
2021-03-22,NetEase,5.0,109.3000030517578,110.05999755859376,168.5,171.3000030517578,True,7.764750003814697,2021-03-19,False,0.0,0.0,110.30619335303832,-0.009163651652554172,False
2021-03-23,NetEase,5.0,108.5,106.52999877929688,175.39999389648438,167.10000610351562,True,7.765250205993652,2021-03-22,False,0.0,0.0,107.59473402063628,0.008378466779106475,False
2021-03-24,NetEase,5.0,106.05999755859376,102.69000244140624,166.89999389648438,164.8000030517578,True,7.765900135040283,2021-03-23,False,0.0,0.0,106.10489459436177,-0.00042322776386427563,False
2021-03-25,NetEase,5.0,100.91000366210938,101.5500030517578,160.0,161.10000610351562,True,7.766930103302002,2021-03-24,False,0.0,0.0,103.70893259038485,-0.027359183527848607,False
2021-03-26,NetEase,5.0,101.77999877929688,103.94000244140624,161.0,159.1999969482422,True,7.768499851226807,2021-03-25,False,0.0,0.0,102.46508334752765,-0.0067084811088165,False
2021-03-29,NetEase,5.0,102.4000015258789,103.08999633789062,156.8000030517578,156.10000610351562,True,7.768380165100098,2021-03-26,False,0.0,0.0,100.47139994821832,0.019013618137003974,False
2021-03-30,NetEase,5.0,102.72000122070312,102.9000015258789,159.1999969482422,158.8000030517578,True,7.768849849700928,2021-03-29,False,0.0,0.0,102.20303270365757,0.005045500292022886,False
2021-03-31,NetEase,5.0,103.79000091552734,103.26000213623048,161.60000610351562,158.1999969482422,True,7.772729873657227,2021-03-30,False,0.0,0.0,101.76604585501046,0.019693125087862917,False
2021-04-01,NetEase,5.0,107.22000122070312,106.5999984741211,162.39999389648438,165.6999969482422,True,7.775199890136719,2021-03-31,False,0.0,0.0,106.55674406418927,0.0062051584123352654,False
2021-04-07,NetEase,5.0,103.33000183105467,103.38999938964844,166.1999969482422,160.8000030517578,True,7.775489807128906,2021-04-06,False,0.0,0.0,103.40184801241035,-0.0006950664283476016,False
2021-04-08,NetEase,5.0,104.62000274658205,104.93000030517578,160.6999969482422,162.8000030517578,True,7.776000022888184,2021-04-07,False,0.0,0.0,104.68107161301819,-0.0005835504510045553,False
2021-04-09,NetEase,5.0,105.2699966430664,103.94000244140624,162.8000030517578,162.8000030517578,True,7.784480094909668,2021-04-08,False,0.0,0.0,104.56703663370789,0.006700081754870801,False
2021-04-12,NetEase,5.0,102.33999633789062,104.75,163.60000610351562,161.10000610351562,True,7.776860237121582,2021-04-09,False,0.0,0.0,103.57650850823502,-0.012009984669090201,False
2021-04-13,NetEase,5.0,103.81999969482422,106.20999908447266,161.1999969482422,159.8000030517578,True,7.777659893035889,2021-04-12,False,0.0,0.0,102.73013043090418,0.010553170584586269,False
2021-04-14,NetEase,5.0,108.33999633789062,106.9000015258789,167.6999969482422,168.89999389648438,True,7.773839950561523,2021-04-13,False,0.0,0.0,108.63356781887715,-0.00270605924987688,False
2021-04-15,NetEase,5.0,106.27999877929688,105.83999633789062,166.8000030517578,163.60000610351562,True,7.772459983825684,2021-04-14,False,0.0,0.0,105.24338912259671,0.00980145000282917,False
2021-04-16,NetEase,5.0,105.91000366210938,106.8000030517578,162.1999969482422,165.0,True,7.765900135040283,2021-04-15,False,0.0,0.0,106.2336607030964,-0.003051302927867816,False
2021-04-19,NetEase,5.0,107.30999755859376,106.83000183105467,166.8000030517578,167.0,True,7.767099857330322,2021-04-16,False,0.0,0.0,107.50473347036419,-0.0018130596927141696,True
2021-04-20,NetEase,5.0,106.83000183105467,106.7300033569336,165.0,166.0,True,7.771160125732422,2021-04-19,False,0.0,0.0,106.80515992092926,0.00023256387229153574,True
2021-04-21,NetEase,5.0,106.0999984741211,108.93000030517578,166.0,165.3000030517578,True,7.765699863433838,2021-04-20,False,0.0,0.0,106.42955944647173,-0.003101321432402493,True
2021-04-22,NetEase,5.0,109.1999969482422,111.3499984741211,167.89999389648438,167.5,True,7.761350154876709,2021-04-21,False,0.0,0.0,107.9064831875639,0.011916079756377762,True
2021-04-23,NetEase,5.0,113.54000091552734,112.62000274658205,173.0,174.1999969482422,True,7.762700080871582,2021-04-22,False,0.0,0.0,112.20322512362434,0.011843468713246708,True
2021-04-26,NetEase,5.0,110.5,112.37999725341795,173.89999389648438,172.39999389648438,True,7.75984001159668,2021-04-23,False,0.0,0.0,111.08476053555324,-0.00527799738235224,True
2021-04-27,NetEase,5.0,111.16999816894533,111.6999969482422,173.39999389648438,172.3000030517578,True,7.760900020599365,2021-04-26,False,0.0,0.0,111.0051685979916,0.0014837806006235965,True
2021-04-28,NetEase,5.0,112.48999786376952,114.2699966430664,175.0,174.8000030517578,True,7.760900020599365,2021-04-27,False,0.0,0.0,112.61580653519243,-0.0011177737940410992,True
2021-04-29,NetEase,5.0,116.37000274658205,115.0999984741211,177.0,179.39999389648438,True,7.76230001449585,2021-04-28,False,0.0,0.0,115.55852876174623,0.006997649584979726,True
2021-04-30,NetEase,5.0,112.33999633789062,112.05999755859376,177.6999969482422,175.1999969482422,True,7.762400150299072,2021-04-29,False,0.0,0.0,112.85169120113707,-0.0045445349204404906,True
2021-05-03,NetEase,5.0,111.8499984741211,110.41000366210938,175.1999969482422,174.3000030517578,True,7.763329982757568,2021-04-30,False,0.0,0.0,112.25853044948484,-0.003645844536566578,True
2021-05-04,NetEase,5.0,110.8499984741211,109.11000061035156,173.0,173.5,True,7.7667999267578125,2021-05-03,False,0.0,0.0,111.69336254064302,-0.007579359815953701,True
2021-05-05,NetEase,5.0,109.0999984741211,107.69000244140624,169.1999969482422,168.10000610351562,True,7.76609992980957,2021-05-04,False,0.0,0.0,108.22678540246233,0.008035988525749715,True
2021-05-06,NetEase,5.0,107.66000366210938,109.76000213623048,169.1999969482422,168.0,True,7.768179893493652,2021-05-05,False,0.0,0.0,108.13343814341295,-0.004387855691436293,True
2021-05-07,NetEase,5.0,110.45999908447266,109.86000061035156,169.39999389648438,168.89999389648438,True,7.769390106201172,2021-05-06,False,0.0,0.0,108.69578666263399,0.016100423962115862,True
2021-05-10,NetEase,5.0,109.5,105.54000091552734,169.89999389648438,169.60000610351562,True,7.768199920654297,2021-05-07,False,0.0,0.0,109.16300290661843,0.003082344573294371,True
2021-05-11,NetEase,5.0,103.05999755859376,106.4499969482422,162.10000610351562,161.10000610351562,True,7.765600204467773,2021-05-10,False,0.0,0.0,103.72669327660607,-0.006448171546808545,True
2021-05-12,NetEase,5.0,105.6500015258789,104.62999725341795,162.39999389648438,169.3000030517578,True,7.765359878540039,2021-05-11,False,0.0,0.0,109.0097598178462,-0.0313056593291412,True
2021-05-13,NetEase,5.0,103.55999755859376,101.51000213623048,164.0,162.10000610351562,True,7.768430233001709,2021-05-12,False,0.0,0.0,104.33253645948008,-0.007432132765777588,True
2021-05-14,NetEase,5.0,103.04000091552734,105.33999633789062,160.0,160.60000610351562,True,7.766240119934082,2021-05-13,False,0.0,0.0,103.39624040936734,-0.003451330494792515,True
2021-05-17,NetEase,5.0,104.91999816894533,104.9000015258789,159.89999389648438,163.89999389648438,True,7.767899990081787,2021-05-14,False,0.0,0.0,105.49826472132445,-0.00549636709498369,True
2021-05-18,NetEase,5.0,107.41999816894533,108.61000061035156,165.89999389648438,165.0,True,7.767199993133545,2021-05-17,False,0.0,0.0,106.21588226507964,0.011272719286646193,True
2021-05-20,NetEase,5.0,114.41999816894533,119.06999969482422,169.39999389648438,178.60000610351562,True,7.765309810638428,2021-05-19,False,0.0,0.0,114.9986352500931,-0.0050443880648796124,True
2021-05-21,NetEase,5.0,120.0,117.38999938964844,184.6000061035156,187.1999969482422,True,7.764900207519531,2021-05-20,False,0.0,0.0,120.54243579779536,-0.0045101124504292045,True
2021-05-24,NetEase,5.0,115.93000030517578,113.5,180.0,179.8000030517578,True,7.76230001449585,2021-05-21,False,0.0,0.0,115.81619025030403,0.0009821957698505912,True
2021-05-25,NetEase,5.0,115.68000030517578,114.47000122070312,177.39999389648438,180.8999938964844,True,7.764080047607422,2021-05-24,False,0.0,0.0,116.49802216569786,-0.00704653469461114,True
2021-05-26,NetEase,5.0,116.48999786376952,116.31999969482422,177.39999389648438,180.5,True,7.764349937438965,2021-05-25,False,0.0,0.0,116.23638904375368,0.002179459955302221,True
2021-05-27,NetEase,5.0,116.02999877929688,116.36000061035156,181.1000061035156,182.0,True,7.762499809265137,2021-05-26,False,0.0,0.0,117.2302766325154,-0.010291408983746031,True
2021-05-28,NetEase,5.0,116.83999633789062,117.93000030517578,183.0,180.3000030517578,True,7.762800216674805,2021-05-27,False,0.0,0.0,116.13077627868499,0.006088508374967994,True
2021-06-01,NetEase,5.0,118.77999877929688,118.58000183105467,187.8000030517578,189.1999969482422,True,7.761849880218506,2021-05-31,False,0.0,0.0,121.8781604050528,-0.02574882819972757,True
2021-06-02,NetEase,5.0,117.62000274658205,115.41000366210938,184.1999969482422,182.3999938964844,True,7.761000156402588,2021-06-01,False,0.0,0.0,117.51062377315505,0.0009303677954308753,True
2021-06-03,NetEase,5.0,113.76000213623048,113.66000366210938,180.1999969482422,180.3000030517578,True,7.759200096130371,2021-06-02,False,0.0,0.0,116.18465873929203,-0.021089826249636623,True
2021-06-04,NetEase,5.0,113.16000366210938,114.44000244140624,178.89999389648438,177.10000610351562,True,7.75846004486084,2021-06-03,False,0.0,0.0,114.13347821570962,-0.008565846216424866,True
2021-06-07,NetEase,5.0,114.19000244140624,113.88999938964844,176.60000610351562,175.89999389648438,True,7.757999897003174,2021-06-04,False,0.0,0.0,113.36684469693827,0.007234775356502077,True
2021-06-08,NetEase,5.0,115.16000366210938,113.2300033569336,177.0,175.1999969482422,True,7.757130146026611,2021-06-07,False,0.0,0.0,112.92835987674117,0.019568863275940984,True
2021-06-09,NetEase,5.0,113.7300033569336,110.31999969482422,174.89999389648438,174.3000030517578,True,7.759200096130371,2021-06-08,False,0.0,0.0,112.31828081008236,0.012490613730728128,True
2021-06-10,NetEase,5.0,110.87000274658205,113.11000061035156,173.10000610351562,171.8000030517578,True,7.760000228881836,2021-06-09,False,0.0,0.0,110.69587499001469,0.0015717924997762367,True
2021-06-11,NetEase,5.0,113.3000030517578,113.08999633789062,175.1999969482422,175.39999389648438,True,7.760000228881836,2021-06-10,False,0.0,0.0,113.01545665144802,0.0025146010848775546,True
2021-06-15,NetEase,5.0,112.87999725341795,111.12999725341795,182.8999938964844,175.0,True,7.761519908905029,2021-06-14,False,0.0,0.0,112.73565104124589,0.001279576420857076,True
2021-06-16,NetEase,5.0,109.4499969482422,108.88999938964844,173.0,171.60000610351562,True,7.76200008392334,2021-06-15,False,0.0,0.0,110.53852373625561,-0.009896295211238026,True
2021-06-17,NetEase,5.0,109.68000030517578,110.8499984741211,168.6999969482422,170.3000030517578,True,7.76308012008667,2021-06-16,False,0.0,0.0,109.68584660817369,-5.330185242247154e-05,True
2021-06-18,NetEase,5.0,110.62999725341795,107.41000366210938,172.3000030517578,173.6999969482422,True,7.762939929962158,2021-06-17,False,0.0,0.0,111.87771547595172,-0.011215173491109454,True
2021-06-21,NetEase,5.0,107.5999984741211,107.94000244140624,168.10000610351562,168.6999969482422,True,7.764220237731934,2021-06-18,False,0.0,0.0,108.63936865701433,-0.009613218915976773,True
2021-06-22,NetEase,5.0,106.5999984741211,105.93000030517578,168.6999969482422,166.6999969482422,True,7.764400005340576,2021-06-21,False,0.0,0.0,107.34892382771442,-0.007001001963652165,True
2021-06-23,NetEase,5.0,106.26000213623048,106.52999877929688,164.60000610351562,167.0,True,7.764619827270508,2021-06-22,False,0.0,0.0,107.53907062743174,-0.011965288107038674,True
2021-06-24,NetEase,5.0,107.62000274658205,107.5999984741211,166.89999389648438,167.10000610351562,True,7.76609992980957,2021-06-23,False,0.0,0.0,107.58296159834053,0.00034424385110209954,True
2021-06-25,NetEase,5.0,107.91999816894533,106.8000030517578,167.8000030517578,168.5,True,7.764750003814697,2021-06-24,False,0.0,0.0,108.50317133019006,-0.005389206470314711,True
2021-06-28,NetEase,5.0,108.22000122070312,111.3000030517578,167.1999969482422,167.0,True,7.763000011444092,2021-06-25,False,0.0,0.0,107.56150956705606,0.006103337541290443,True
2021-06-29,NetEase,5.0,111.3000030517578,114.73999786376952,173.5,173.10000610351562,True,7.761529922485352,2021-06-28,False,0.0,0.0,111.5115240373167,-0.0018986544535177785,True
2021-06-30,NetEase,5.0,114.20999908447266,115.25,178.10000610351562,175.89999389648438,True,7.76278018951416,2021-06-29,False,0.0,0.0,113.29703379601504,0.008025863443212877,True
2021-07-02,NetEase,5.0,113.5,113.30999755859376,173.8000030517578,173.89999389648438,True,7.764359951019287,2021-07-01,False,0.0,0.0,111.9860458515033,0.013428563999995369,True
2021-07-06,NetEase,5.0,110.97000122070312,109.62000274658205,171.0,174.0,True,7.765339851379395,2021-07-05,False,0.0,0.0,112.03630705814604,-0.00956308341254708,True
2021-07-07,NetEase,5.0,110.76000213623048,107.41000366210938,172.0,170.89999389648438,True,7.767399787902832,2021-07-06,False,0.0,0.0,110.0110709909955,0.006784711489085993,True
2021-07-08,NetEase,5.0,105.54000091552734,105.36000061035156,168.5,165.0,True,7.766849994659424,2021-07-07,False,0.0,0.0,106.22066868386534,-0.006428673594912837,True
2021-07-09,NetEase,5.0,106.8499984741211,108.33000183105467,165.0,167.1999969482422,True,7.7677998542785645,2021-07-08,False,0.0,0.0,107.62378027553525,-0.007215662103016385,True
2021-07-12,NetEase,5.0,109.0500030517578,108.93000030517578,169.3000030517578,169.10000610351562,True,7.7677001953125,2021-07-09,False,0.0,0.0,108.8481801895243,0.0018524516078617381,True
2021-07-13,NetEase,5.0,110.4000015258789,112.16999816894533,172.6999969482422,172.10000610351562,True,7.7671799659729,2021-07-12,False,0.0,0.0,110.78667344999437,-0.0034963436930448566,True
2021-07-14,NetEase,5.0,113.2699966430664,112.83000183105467,174.8000030517578,175.5,True,7.766300201416016,2021-07-13,False,0.0,0.0,112.98816389302168,0.0024912506593279815,True
2021-07-15,NetEase,5.0,112.4800033569336,114.41000366210938,176.0,175.89999389648438,True,7.765999794006348,2021-07-14,False,0.0,0.0,113.2500634575349,-0.00682286678735089,True
2021-07-16,NetEase,5.0,114.68000030517578,112.0999984741211,177.0,177.6999969482422,True,7.76600980758667,2021-07-15,False,0.0,0.0,114.40881569235582,0.002367507451701556,True
2021-07-19,NetEase,5.0,110.72000122070312,112.25,175.1999969482422,174.1999969482422,True,7.767899990081787,2021-07-16,False,0.0,0.0,112.12811517312548,-0.012637600136431004,True
2021-07-20,NetEase,5.0,112.66000366210938,113.22000122070312,173.0,174.6999969482422,True,7.767990112304688,2021-07-19,False,0.0,0.0,112.44864786292214,0.0018778119797868698,True
2021-07-21,NetEase,5.0,112.44000244140624,113.04000091552734,176.0,174.8000030517578,True,7.770699977874756,2021-07-20,False,0.0,0.0,112.47378199483946,-0.0003003777982915068,True
2021-07-22,NetEase,5.0,113.30999755859376,112.5500030517578,176.1999969482422,175.60000610351562,True,7.772299766540527,2021-07-21,False,0.0,0.0,112.96528143411771,0.003046876288830269,True
2021-07-23,NetEase,5.0,108.5,103.52999877929688,175.1999969482422,173.0,True,7.772659778594971,2021-07-22,False,0.0,0.0,111.28751606780892,-0.025366914300340326,True
2021-07-26,NetEase,5.0,96.83999633789062,89.4000015258789,162.8000030517578,150.0,True,7.770899772644043,2021-07-23,False,0.0,0.0,96.5139201306174,0.0033728462536632975,True
2021-07-27,NetEase,5.0,83.58000183105469,88.31999969482422,140.0,130.39999389648438,True,7.768970012664795,2021-07-26,False,0.0,0.0,83.92360485618384,-0.004102640102804145,True
2021-07-28,NetEase,5.0,94.94000244140624,100.13999938964844,138.0,140.60000610351562,True,7.778800010681152,2021-07-27,False,0.0,0.0,90.37384038055758,0.04929028963896709,True
2021-07-29,NetEase,5.0,101.33000183105467,100.9000015258789,155.0,157.6999969482422,True,7.782509803771973,2021-07-28,False,0.0,0.0,101.31692790917478,0.00012903153198351447,True
2021-07-30,NetEase,5.0,99.62000274658205,102.20999908447266,156.3000030517578,155.5,True,7.780499935150147,2021-07-29,False,0.0,0.0,99.92931128852916,-0.0031000736951565244,True
2021-08-02,NetEase,5.0,102.87000274658205,105.04000091552734,160.89999389648438,158.1999969482422,True,7.770040035247803,2021-07-30,False,0.0,0.0,101.80127530269338,0.010443450273158739,True
2021-08-03,NetEase,5.0,95.8499984741211,93.05999755859376,157.0,145.89999389648438,True,7.77209997177124,2021-08-02,False,0.0,0.0,93.86137236165412,0.020965521944255272,True
2021-08-04,NetEase,5.0,93.6500015258789,93.0199966430664,145.0,143.60000610351562,True,7.773749828338623,2021-08-03,False,0.0,0.0,92.36212206111429,0.01384748498548305,True
2021-08-05,NetEase,5.0,89.3499984741211,87.70999908447266,138.5,138.1999969482422,True,7.777100086212158,2021-08-04,False,0.0,0.0,88.85059689102741,0.005604951986627249,True
2021-08-06,NetEase,5.0,87.5999984741211,87.0,135.0,135.60000610351562,True,7.77554988861084,2021-08-05,False,0.0,0.0,87.1964092868431,0.00461782835971114,True
2021-08-09,NetEase,5.0,88.41000366210938,92.4499969482422,135.10000610351562,139.10000610351562,True,7.776370048522949,2021-08-06,False,0.0,0.0,89.43762014639235,-0.011556273832053598,True
2021-08-10,NetEase,5.0,92.52999877929688,91.3499984741211,143.0,144.39999389648438,True,7.780200004577637,2021-08-09,False,0.0,0.0,92.79966698254785,-0.0029101481671576224,True
2021-08-11,NetEase,5.0,92.93000030517578,93.0,143.3000030517578,144.3000030517578,True,7.783100128173828,2021-08-10,False,0.0,0.0,92.70085227955005,0.002468858369480742,True
2021-08-12,NetEase,5.0,90.86000061035156,92.0,144.3000030517578,143.39999389648438,True,7.780900001525879,2021-08-11,False,0.0,0.0,92.14871921523398,-0.014083918058216405,True
2021-08-13,NetEase,5.0,90.7300033569336,89.66000366210938,141.0,142.0,True,7.778369903564453,2021-08-12,False,0.0,0.0,91.2787651914884,-0.006030077581016258,True
2021-08-16,NetEase,5.0,86.88999938964844,85.33999633789062,141.5,136.39999389648438,True,7.781660079956055,2021-08-13,False,0.0,0.0,87.64196360094327,-0.00861697595472144,True
2021-08-17,NetEase,5.0,82.44000244140625,83.76000213623047,133.3000030517578,129.10000610351562,True,7.782199859619141,2021-08-16,False,0.0,0.0,82.94570200734587,-0.006115415400016033,True
2021-08-18,NetEase,5.0,83.37000274658203,83.76000213623047,131.89999389648438,129.39999389648438,True,7.78400993347168,2021-08-17,False,0.0,0.0,83.1191089184362,0.003013939056550896,True
2021-08-19,NetEase,5.0,80.73999786376953,78.91999816894531,132.6999969482422,125.9000015258789,True,7.791800022125244,2021-08-18,False,0.0,0.0,80.79006209629286,-0.0006198751382715528,True
2021-08-20,NetEase,5.0,78.97000122070312,80.62999725341797,122.6999969482422,120.0,True,7.787899971008301,2021-08-19,False,0.0,0.0,77.04259199958855,0.024709637188931488,True
2021-08-23,NetEase,5.0,82.47000122070312,85.0199966430664,126.3000030517578,126.8000030517578,True,7.789599895477295,2021-08-20,False,0.0,0.0,81.39057509576256,0.013175124406504146,True
2021-08-24,NetEase,5.0,89.56999969482422,92.6500015258789,132.6999969482422,136.60000610351562,True,7.790709972381592,2021-08-23,False,0.0,0.0,87.66852224493572,0.021457529502288963,True
2021-08-25,NetEase,5.0,90.6500015258789,91.9499969482422,144.39999389648438,140.10000610351562,True,7.791600227355957,2021-08-24,False,0.0,0.0,89.90451384532719,0.00825780419094535,True
2021-08-26,NetEase,5.0,91.5199966430664,91.26000213623048,140.1999969482422,141.60000610351562,True,7.787799835205078,2021-08-25,False,0.0,0.0,90.91143140544446,0.006671739639458885,True
2021-08-27,NetEase,5.0,92.0,92.76000213623048,141.6999969482422,143.39999389648438,True,7.78350019454956,2021-08-26,False,0.0,0.0,92.11793557665807,-0.0012810874988167242,True
2021-08-30,NetEase,5.0,84.58999633789062,89.62000274658203,146.5,144.6999969482422,True,7.787179946899414,2021-08-27,False,0.0,0.0,92.90911339852671,-0.0938057270002961,True
2021-08-31,NetEase,5.0,93.62000274658205,97.41999816894533,139.0,141.6999969482422,True,7.787399768829346,2021-08-30,False,0.0,0.0,90.98030225404973,0.028601040869912886,True
2021-09-01,NetEase,5.0,97.41999816894533,96.9000015258789,151.0,150.8000030517578,True,7.787089824676514,2021-08-31,False,0.0,0.0,96.82693178515008,0.006106333075686976,True
2021-09-02,NetEase,5.0,95.0,94.91000366210938,151.1999969482422,148.89999389648438,True,7.777900218963623,2021-09-01,False,0.0,0.0,95.71991778285165,-0.007549512505410583,True
2021-09-03,NetEase,5.0,94.0,92.98999786376952,148.5,146.10000610351562,True,7.776700019836426,2021-09-02,False,0.0,0.0,93.93444888632123,0.0006975955363746067,True
2021-09-07,NetEase,5.0,96.30999755859376,95.7300033569336,148.10000610351562,149.60000610351562,True,7.770899772644043,2021-09-06,False,0.0,0.0,96.2565536040972,0.0005550699801810666,True
2021-09-08,NetEase,5.0,92.79000091552734,90.77999877929688,149.60000610351562,150.5,True,7.77370023727417,2021-09-07,False,0.0,0.0,96.80074829639462,-0.042315839355559604,True
2021-09-09,NetEase,5.0,85.33000183105469,88.91000366210938,140.3000030517578,133.89999389648438,True,7.774479866027832,2021-09-08,False,0.0,0.0,86.11508178289044,-0.009158447974158435,True
2021-09-10,NetEase,5.0,88.63999938964844,88.44999694824219,138.0,138.10000610351562,True,7.775489807128906,2021-09-09,False,0.0,0.0,88.80469882225269,-0.0018563471499621897,True
2021-09-13,NetEase,5.0,87.5199966430664,88.18000030517578,137.1999969482422,134.3000030517578,True,7.777239799499512,2021-09-10,False,0.0,0.0,86.34168838435482,0.013554755315854372,True
2021-09-14,NetEase,5.0,86.23999786376953,84.5199966430664,136.3000030517578,133.8000030517578,True,7.777910232543945,2021-09-13,False,0.0,0.0,86.01282288648595,0.0026376939199819205,True
2021-09-15,NetEase,5.0,83.0,84.95999908447266,131.10000610351562,128.8000030517578,True,7.779339790344238,2021-09-14,False,0.0,0.0,82.78337656083947,0.002613332735046825,True
2021-09-16,NetEase,5.0,84.05999755859375,84.33999633789062,131.0,131.60000610351562,True,7.779600143432617,2021-09-15,False,0.0,0.0,84.58018643452371,-0.006169235747428559,True
2021-09-17,NetEase,5.0,83.80999755859375,82.87999725341797,130.0,128.6999969482422,True,7.781199932098389,2021-09-16,False,0.0,0.0,82.69932534270143,0.013340858871722538,True
2021-09-20,NetEase,5.0,80.41000366210938,80.05999755859375,125.1999969482422,126.8000030517578,True,7.782820224761963,2021-09-17,False,0.0,0.0,81.4614750115444,-0.012991617141438816,True
2021-09-21,NetEase,5.0,79.97000122070312,79.94999694824219,126.0,124.9000015258789,True,7.781929969787598,2021-09-20,False,0.0,0.0,80.25001639104185,-0.0034953866515357035,True
2021-09-23,NetEase,5.0,81.75,81.58999633789062,125.6999969482422,127.1999969482422,True,7.786320209503174,2021-09-22,False,0.0,0.0,81.68171454918789,0.0008356450885207423,True
2021-09-24,NetEase,5.0,80.37000274658203,81.33999633789062,127.1999969482422,125.6999969482422,True,7.785600185394287,2021-09-23,False,0.0,0.0,80.72595172820088,-0.004419099933825166,True
2021-09-27,NetEase,5.0,81.52999877929688,83.98999786376953,126.0,127.8000030517578,True,7.784969806671143,2021-09-24,False,0.0,0.0,82.08124515925716,-0.00673851567393946,True
2021-09-28,NetEase,5.0,83.63999938964844,84.69000244140625,129.8000030517578,133.39999389648438,True,7.785299777984619,2021-09-27,False,0.0,0.0,85.67428210902987,-0.024030821227364108,True
2021-09-29,NetEase,5.0,84.79000091552734,81.69999694824219,132.0,131.89999389648438,True,7.782700061798096,2021-09-28,False,0.0,0.0,84.73922472222996,0.0005990258567480922,True
2021-09-30,NetEase,5.0,83.5,85.4000015258789,128.0,131.5,True,7.782999992370605,2021-09-29,False,0.0,0.0,84.4789927591576,-0.011656265198122462,True
2021-10-04,NetEase,5.0,82.06999969482422,82.13999938964844,127.0,126.9000015258789,True,7.786139965057373,2021-10-01,False,0.0,0.0,81.49095835380595,0.007080464274767273,True
2021-10-05,NetEase,5.0,83.18000030517578,83.18000030517578,125.0,126.9000015258789,True,7.785299777984619,2021-10-04,False,0.0,0.0,81.4997528320801,0.020406950476621333,True
2021-10-06,NetEase,5.0,82.55000305175781,88.70999908447266,128.3000030517578,128.0,True,7.787399768829346,2021-10-05,False,0.0,0.0,82.18404332621145,0.004443044235431515,True
2021-10-07,NetEase,5.0,90.0,96.05999755859376,138.1999969482422,139.0,True,7.78508996963501,2021-10-06,False,0.0,0.0,89.27321363154186,0.008108186777848303,True
2021-10-08,NetEase,5.0,95.73999786376952,96.31999969482422,150.0,145.0,True,7.786280155181885,2021-10-07,False,0.0,0.0,93.11249859376069,0.027827737251720386,True
2021-10-11,NetEase,5.0,97.93000030517578,96.0,150.60000610351562,151.60000610351562,True,7.784860134124756,2021-10-08,False,0.0,0.0,97.36848414204674,0.005750353997902913,True
2021-10-12,NetEase,5.0,95.87000274658205,94.86000061035156,149.60000610351562,148.8000030517578,True,7.784299850463867,2021-10-11,False,0.0,0.0,95.5769985163732,0.0030609459228765346,True
2021-10-15,NetEase,5.0,95.11000061035156,95.55999755859376,148.89999389648438,149.3000030517578,True,7.778900146484375,2021-10-14,False,0.0,0.0,95.9647252441163,-0.008946555657837862,True
2021-10-18,NetEase,5.0,95.16000366210938,97.9000015258789,150.39999389648438,149.3000030517578,True,7.77934980392456,2021-10-15,False,0.0,0.0,95.95917834703764,-0.008363151563661297,True
2021-10-19,NetEase,5.0,99.0999984741211,100.38999938964844,149.5,153.39999389648438,True,7.77810001373291,2021-10-18,False,0.0,0.0,98.6101963369225,0.0049547585515750114,True
2021-10-20,NetEase,5.0,101.0,101.37000274658205,154.89999389648438,156.6999969482422,True,7.7771501541137695,2021-10-19,False,0.0,0.0,100.74384179489887,0.002539441506424822,True
2021-10-21,NetEase,5.0,100.98999786376952,101.75,157.8000030517578,156.1999969482422,True,7.774919986724853,2021-10-20,False,0.0,0.0,100.45119256207335,0.005349517499253054,True
2021-10-22,NetEase,5.0,105.01000213623048,102.23999786376952,160.0,160.5,True,7.77370023727417,2021-10-21,False,0.0,0.0,103.23269170479293,0.017070021092568943,True
2021-10-25,NetEase,5.0,103.69000244140624,102.4800033569336,160.5,162.0,True,7.775109767913818,2021-10-22,False,0.0,0.0,104.17859350908373,-0.004700969525760712,True
2021-10-26,NetEase,5.0,101.6999969482422,98.9000015258789,162.0,157.6999969482422,True,7.7725701332092285,2021-10-25,False,0.0,0.0,101.44649340277435,0.0024957721555187717,True
2021-10-27,NetEase,5.0,97.7699966430664,100.3499984741211,151.39999389648438,155.10000610351562,True,7.774250030517578,2021-10-26,False,0.0,0.0,99.75239122402505,-0.020073280470749744,True
2021-10-28,NetEase,5.0,99.18000030517578,99.9800033569336,156.0,156.5,True,7.776000022888184,2021-10-27,False,0.0,0.0,100.6301437367231,-0.014515468174754353,True
2021-10-29,NetEase,5.0,98.25,97.58999633789062,156.10000610351562,153.6999969482422,True,7.778299808502197,2021-10-28,False,0.0,0.0,98.80050957937999,-0.005587511677183521,True
2021-11-01,NetEase,5.0,98.5199966430664,102.68000030517578,152.8000030517578,152.60000610351562,True,7.777999877929688,2021-10-29,False,0.0,0.0,98.09720268608051,0.004300687936678926,True
2021-11-02,NetEase,5.0,101.58999633789062,100.29000091552734,160.89999389648438,157.1999969482422,True,7.7802300453186035,2021-11-01,False,0.0,0.0,101.02528847641855,0.005574202599702538,True
2021-11-03,NetEase,5.0,100.9000015258789,102.37999725341795,156.5,158.0,True,7.782310009002685,2021-11-02,False,0.0,0.0,101.51227580064493,-0.006049792535194776,True
2021-11-04,NetEase,5.0,104.0999984741211,101.27999877929688,159.1999969482422,160.10000610351562,True,7.781280040740967,2021-11-03,False,0.0,0.0,102.87510876441237,0.011836244718192113,True
2021-11-05,NetEase,5.0,101.66999816894533,101.51000213623048,160.0,158.60000610351562,True,7.783199787139893,2021-11-04,False,0.0,0.0,101.88612038815252,-0.0021234665108478268,True
2021-11-08,NetEase,5.0,103.47000122070312,103.51000213623048,158.60000610351562,160.89999389648438,True,7.782999992370605,2021-11-05,False,0.0,0.0,103.3663073713278,0.001002665912658074,True
2021-11-09,NetEase,5.0,103.11000061035156,100.83000183105467,162.0,160.0,True,7.783740043640137,2021-11-08,False,0.0,0.0,102.778355329795,0.0032216058638239176,True
2021-11-10,NetEase,5.0,105.0199966430664,103.18000030517578,158.10000610351562,166.89999389648438,True,7.788380146026611,2021-11-09,False,0.0,0.0,107.1467948194796,-0.020049032203188766,True
2021-11-11,NetEase,5.0,106.9499969482422,110.2699966430664,162.6999969482422,166.39999389648438,True,7.789999961853027,2021-11-10,False,0.0,0.0,106.80359095720867,0.0013698578382941307,True
2021-11-12,NetEase,5.0,111.3499984741211,111.1500015258789,175.89999389648438,174.10000610351562,True,7.790890216827393,2021-11-11,False,0.0,0.0,111.73306339722282,-0.0034342840409937736,True
2021-11-15,NetEase,5.0,112.52999877929688,111.18000030517578,174.10000610351562,176.10000610351562,True,7.791699886322021,2021-11-12,False,0.0,0.0,113.0048697156902,-0.00421107069879767,True
2021-11-16,NetEase,5.0,116.12000274658205,111.19000244140624,178.0,183.1000061035156,True,7.791749954223633,2021-11-15,False,0.0,0.0,117.49607416769294,-0.011780758877867115,True
2021-11-17,NetEase,5.0,112.62999725341795,112.48999786376952,174.0,176.5,True,7.788859844207764,2021-11-16,False,0.0,0.0,113.30284761206441,-0.0059562154253756106,True
2021-11-18,NetEase,5.0,111.5199966430664,112.44000244140624,176.39999389648438,177.8000030517578,True,7.787300109863281,2021-11-17,False,0.0,0.0,114.16023560371002,-0.02339912005851197,True
2021-11-19,NetEase,5.0,113.4800033569336,115.5500030517578,175.6999969482422,179.0,True,7.788899898529053,2021-11-18,False,0.0,0.0,114.90711289909147,-0.01249744854328938,True
2021-11-22,NetEase,5.0,116.2300033569336,113.26000213623048,185.3000030517578,184.3999938964844,True,7.788909912109375,2021-11-19,False,0.0,0.0,118.37342835985223,-0.018273259089560234,True
2021-11-23,NetEase,5.0,114.0199966430664,111.55999755859376,179.8000030517578,180.1999969482422,True,7.790939807891846,2021-11-22,False,0.0,0.0,115.64715001758087,-0.01416990304364063,True
2021-11-24,NetEase,5.0,112.37999725341795,113.6500015258789,175.8000030517578,177.0,True,7.79040002822876,2021-11-23,False,0.0,0.0,113.60135510284127,-0.010809473694179061,True
2021-11-26,NetEase,5.0,113.0999984741211,114.33000183105467,181.8999938964844,178.6999969482422,True,7.798389911651611,2021-11-25,False,0.0,0.0,114.57493083363636,-0.01295665708672189,True
2021-11-29,NetEase,5.0,114.08999633789062,110.12000274658205,177.60000610351562,178.8000030517578,True,7.796299934387207,2021-11-26,False,0.0,0.0,114.66978217649317,-0.005068959970171427,True
2021-11-30,NetEase,5.0,107.62999725341795,107.7300033569336,172.10000610351562,168.60000610351562,True,7.797920227050781,2021-11-29,False,0.0,0.0,108.10575204311954,-0.00441053986170914,True
2021-12-01,NetEase,5.0,111.7300033569336,111.80999755859376,168.60000610351562,175.60000610351562,True,7.799530029296875,2021-11-30,False,0.0,0.0,112.57088917147608,-0.007497872562844954,True
2021-12-02,NetEase,5.0,112.6999969482422,107.47000122070312,174.60000610351562,177.6999969482422,True,7.797399997711182,2021-12-01,False,0.0,0.0,113.94823723318257,-0.011014891953148087,True
2021-12-03,NetEase,5.0,103.23999786376952,100.0500030517578,168.60000610351562,169.1999969482422,True,7.793489933013916,2021-12-02,False,0.0,0.0,108.55213672086491,-0.05017422618084133,True
2021-12-06,NetEase,5.0,99.80999755859376,104.08000183105467,160.3000030517578,161.1999969482422,True,7.791699886322021,2021-12-03,False,0.0,0.0,103.4434072795986,-0.035756319354439015,True
2021-12-07,NetEase,5.0,108.5199966430664,107.33999633789062,163.10000610351562,170.60000610351562,True,7.795400142669678,2021-12-06,False,0.0,0.0,109.4235080824796,-0.0082912919710596,True
2021-12-08,NetEase,5.0,106.16000366210938,105.7699966430664,168.89999389648438,167.39999389648438,True,7.801539897918701,2021-12-07,False,0.0,0.0,107.28650759136887,-0.010555472488406714,True
2021-12-09,NetEase,5.0,103.73999786376952,103.3000030517578,164.5,166.6999969482422,True,7.798500061035156,2021-12-08,False,0.0,0.0,106.87952532125439,-0.029814520216599583,True
2021-12-10,NetEase,5.0,104.20999908447266,102.83999633789062,162.0,162.8000030517578,True,7.797800064086914,2021-12-09,False,0.0,0.0,104.38841834477128,-0.001710648680913529,True
2021-12-13,NetEase,5.0,101.95999908447266,103.01000213623048,159.89999389648438,159.89999389648438,True,7.796750068664551,2021-12-10,False,0.0,0.0,102.54272131867405,-0.005698934568522773,True
2021-12-14,NetEase,5.0,101.62999725341795,102.8499984741211,159.10000610351562,159.3000030517578,True,7.79863977432251,2021-12-13,False,0.0,0.0,102.13319736620137,-0.0049390778021995985,True
2021-12-15,NetEase,5.0,102.2300033569336,100.45999908447266,159.1999969482422,159.3000030517578,True,7.801499843597412,2021-12-14,False,0.0,0.0,102.09575481982046,0.0013140639499296114,True
2021-12-16,NetEase,5.0,101.0,98.83999633789062,158.89999389648438,158.0,True,7.800899982452393,2021-12-15,False,0.0,0.0,101.27036646759382,-0.0026733192146028983,True
2021-12-17,NetEase,5.0,96.98999786376952,93.75,154.10000610351562,153.5,True,7.802800178527832,2021-12-16,False,0.0,0.0,98.36212416563582,-0.014047954562555809,True
2021-12-20,NetEase,5.0,92.47000122070312,90.27999877929688,147.0,146.0,True,7.803249835968018,2021-12-17,False,0.0,0.0,93.55076607122899,-0.01161996079203842,True
2021-12-21,NetEase,5.0,93.86000061035156,97.26000213623048,141.89999389648438,145.39999389648438,True,7.802169799804688,2021-12-20,False,0.0,0.0,93.17920375183591,0.007279755785903674,True
2021-12-22,NetEase,5.0,95.5,97.62000274658205,152.10000610351562,150.0,True,7.800899982452393,2021-12-21,False,0.0,0.0,96.14275297556375,-0.0067078496384676,True
2021-12-23,NetEase,5.0,96.6500015258789,97.83999633789062,155.5,153.0,True,7.801080226898193,2021-12-22,False,0.0,0.0,98.06334222307743,-0.014517397649941977,True
2021-12-28,NetEase,5.0,96.88999938964844,97.1500015258789,153.89999389648438,151.60000610351562,True,7.799349784851074,2021-12-27,False,0.0,0.0,97.18759273880315,-0.003066748501241001,True
2021-12-29,NetEase,5.0,96.66000366210938,95.25,151.10000610351562,150.0,True,7.798500061035156,2021-12-28,False,0.0,0.0,96.17234008208068,0.005057913109352441,True
2021-12-30,NetEase,5.0,96.77999877929688,103.75,149.8000030517578,151.60000610351562,True,7.797999858856201,2021-12-29,False,0.0,0.0,97.20441706044868,-0.004375804690624818,True
2021-12-31,NetEase,5.0,101.6999969482422,101.77999877929688,162.10000610351562,157.5,True,7.7965497970581055,2021-12-30,False,0.0,0.0,101.00621691625052,0.006845204473906463,True
2022-01-03,NetEase,5.0,101.41999816894533,100.63999938964844,158.10000610351562,158.6999969482422,True,7.797560214996338,2021-12-31,False,0.0,0.0,101.7625978976276,-0.003372336607600168,True
2022-01-04,NetEase,5.0,99.22000122070312,97.5999984741211,158.6999969482422,155.6999969482422,True,7.795919895172119,2022-01-03,False,0.0,0.0,99.85992611639362,-0.006428846024408408,True
2022-01-05,NetEase,5.0,95.91999816894533,95.45999908447266,153.0,150.0,True,7.797699928283691,2022-01-04,False,0.0,0.0,96.18220845862663,-0.0027299056801641797,True
2022-01-06,NetEase,5.0,96.69000244140624,97.22000122070312,147.8000030517578,150.0,True,7.793499946594238,2022-01-05,False,0.0,0.0,96.23404184762332,0.004726849309296455,True
2022-01-07,NetEase,5.0,98.9000015258789,99.70999908447266,152.10000610351562,155.3000030517578,True,7.795199871063232,2022-01-06,False,0.0,0.0,99.61258570691116,-0.007179265069501284,True
2022-01-10,NetEase,5.0,100.54000091552734,100.0999984741211,157.0,158.3000030517578,True,7.800620079040527,2022-01-07,False,0.0,0.0,101.46629463284195,-0.009171003380165743,True
2022-01-11,NetEase,5.0,101.0,103.63999938964844,158.0,157.60000610351562,True,7.79817008972168,2022-01-10,False,0.0,0.0,101.04935150827188,-0.0004885094545947766,True
2022-01-12,NetEase,5.0,107.9499969482422,106.01000213623048,163.0,168.3000030517578,True,7.795499801635742,2022-01-11,False,0.0,0.0,107.94689714214549,2.8715615479235623e-05,True
2022-01-13,NetEase,5.0,103.2699966430664,101.16999816894533,168.0,162.8000030517578,True,7.796000003814697,2022-01-12,False,0.0,0.0,104.41252114680438,-0.01100271743641823,True
2022-01-14,NetEase,5.0,102.1500015258789,103.36000061035156,158.1999969482422,160.0,True,7.791790008544922,2022-01-13,False,0.0,0.0,102.67217149367146,-0.005098775111638254,True
2022-01-18,NetEase,5.0,102.26000213623048,101.73999786376952,162.6999969482422,160.6999969482422,True,7.784180164337158,2022-01-17,False,0.0,0.0,103.22217212063089,-0.009365065559442165,True
2022-01-19,NetEase,5.0,104.31999969482422,103.45999908447266,162.0,160.89999389648438,True,7.789899826049805,2022-01-18,False,0.0,0.0,103.27475159463987,0.01007016725368537,True
2022-01-20,NetEase,5.0,107.19000244140624,103.36000061035156,167.0,167.6999969482422,True,7.792449951171875,2022-01-19,False,0.0,0.0,107.6041540202786,-0.0038562696390398443,True
2022-01-21,NetEase,5.0,102.62999725341795,96.98999786376952,162.0,162.3000030517578,True,7.791319847106934,2022-01-20,False,0.0,0.0,104.15437065648314,-0.014743870947472537,True
2022-01-24,NetEase,5.0,95.7300033569336,95.29000091552734,152.39999389648438,150.1999969482422,True,7.786019802093506,2022-01-21,False,0.0,0.0,96.45492868375213,-0.0075440749413742125,True
2022-01-25,NetEase,5.0,95.30999755859376,98.62000274658205,150.0,150.10000610351562,True,7.787059783935547,2022-01-24,False,0.0,0.0,96.37784367160445,-0.011141626434231888,True
2022-01-26,NetEase,5.0,99.98999786376952,96.76000213623048,156.3000030517578,156.5,True,7.786190032958984,2022-01-25,False,0.0,0.0,100.49844618326463,-0.0050721068932544355,True
2022-01-27,NetEase,5.0,96.23999786376952,94.54000091552734,149.6999969482422,150.10000610351562,True,7.785369873046875,2022-01-26,False,0.0,0.0,96.39876367541972,-0.0016483271209661865,True
2022-01-28,NetEase,5.0,95.1500015258789,96.4000015258789,150.10000610351562,148.60000610351562,True,7.786489963531494,2022-01-27,False,0.0,0.0,95.42168987534365,-0.0028513000176877412,True
2022-01-31,NetEase,5.0,98.19000244140624,103.36000061035156,153.89999389648438,153.89999389648438,False,7.789400100708008,2022-01-28,False,0.0,0.0,98.78809144910647,-0.00607266355233449,True
2022-02-04,NetEase,5.0,98.5,100.5999984741211,159.60000610351562,157.5,True,7.795499801635742,2022-02-03,False,0.0,0.0,101.01982169696902,-0.025260203833271433,True
2022-02-07,NetEase,5.0,99.97000122070312,99.08999633789062,158.6999969482422,157.10000610351562,True,7.7930498123168945,2022-02-04,False,0.0,0.0,100.7949454238182,-0.008218056585223898,True
2022-02-08,NetEase,5.0,99.0,103.63999938964844,157.10000610351562,155.6999969482422,True,7.787899971008301,2022-02-07,False,0.0,0.0,99.96276116017171,-0.009677878101441273,True
2022-02-09,NetEase,5.0,105.61000061035156,107.86000061035156,160.89999389648438,163.3000030517578,True,7.791989803314209,2022-02-08,False,0.0,0.0,104.78710006929202,0.007822396168919887,True
2022-02-10,NetEase,5.0,104.13999938964844,103.3000030517578,166.0,164.60000610351562,True,7.793300151824951,2022-02-09,False,0.0,0.0,105.60353309693286,-0.013955686195918027,True
2022-02-11,NetEase,5.0,102.91000366210938,99.04000091552734,160.1999969482422,161.0,True,7.791130065917969,2022-02-10,False,0.0,0.0,103.32262370017989,-0.004001506395203691,True
2022-02-14,NetEase,5.0,97.63999938964844,97.98999786376952,153.39999389648438,154.1999969482422,True,7.79656982421875,2022-02-11,False,0.0,0.0,98.88964020385318,-0.012717243654440935,True
2022-02-15,NetEase,5.0,98.97000122070312,99.87999725341795,152.5,153.5,True,7.800829887390137,2022-02-14,False,0.0,0.0,98.38696793537906,0.005908430636480055,True
2022-02-16,NetEase,5.0,100.30999755859376,100.20999908447266,156.1999969482422,157.6999969482422,True,7.802599906921387,2022-02-15,False,0.0,0.0,101.0560574869106,-0.007410020938158013,True
2022-02-17,NetEase,5.0,100.69000244140624,99.83999633789062,158.5,158.89999389648438,True,7.801259994506836,2022-02-16,False,0.0,0.0,101.84251903434311,-0.01138117498442437,True
2022-02-18,NetEase,5.0,99.22000122070312,98.5199966430664,156.3000030517578,156.6999969482422,True,7.799499988555908,2022-02-17,False,0.0,0.0,100.45515557289941,-0.012371795535515595,True
2022-02-22,NetEase,5.0,95.37999725341795,91.37000274658205,145.60000610351562,150.3000030517578,True,7.799739837646484,2022-02-21,False,0.0,0.0,96.34936945352639,-0.010111966432202024,True
2022-02-23,NetEase,5.0,93.93000030517578,91.55999755859376,145.5,147.10000610351562,True,7.800899982452393,2022-02-22,False,0.0,0.0,94.28399699676149,-0.0037616448731814245,True
2022-02-24,NetEase,5.0,88.0,92.8000030517578,140.3000030517578,144.39999389648438,True,7.801599979400635,2022-02-23,False,0.0,0.0,92.54511528260774,-0.05035944392214642,True
2022-02-25,NetEase,5.0,94.1999969482422,99.72000122070312,149.39999389648438,146.3000030517578,True,7.805069923400879,2022-02-24,False,0.0,0.0,93.72113542066191,0.005096420588992068,True
2022-02-28,NetEase,5.0,97.0,95.33999633789062,153.8000030517578,152.5,True,7.807499885559082,2022-02-25,False,0.0,0.0,97.66250543408091,-0.006806734460905517,True
2022-03-01,NetEase,5.0,95.2699966430664,93.48999786376952,152.0,151.60000610351562,True,7.807479858398437,2022-02-28,False,0.0,0.0,97.08638949637562,-0.018886265024627313,True
2022-03-02,NetEase,5.0,93.44000244140624,92.37999725341795,144.10000610351562,146.10000610351562,True,7.813260078430176,2022-03-01,False,0.0,0.0,93.49490778301964,-0.0005874273898474058,True
2022-03-03,NetEase,5.0,92.26000213623048,86.54000091552734,146.0,142.39999389648438,True,7.815899848937988,2022-03-02,False,0.0,0.0,91.09635272247856,0.01269293379686598,True
2022-03-04,NetEase,5.0,85.13999938964844,85.5,133.0,134.3000030517578,True,7.813720226287842,2022-03-03,False,0.0,0.0,85.93857929538471,-0.009335893624386138,True
2022-03-07,NetEase,5.0,85.29000091552734,81.80999755859375,130.10000610351562,132.3000030517578,True,7.8155999183654785,2022-03-04,False,0.0,0.0,84.63841831314369,0.0076689443564870174,True
2022-03-08,NetEase,5.0,82.22000122070312,84.70999908447266,132.0,129.3000030517578,True,7.814599990844727,2022-03-07,False,0.0,0.0,82.72976428943295,-0.006180847726825256,True
2022-03-09,NetEase,5.0,86.83000183105469,88.58000183105469,133.5,132.5,True,7.818299770355225,2022-03-08,False,0.0,0.0,84.73709367246471,0.02439875754721932,True
2022-03-10,NetEase,5.0,84.0,81.7300033569336,138.6999969482422,135.39999389648438,True,7.818600177764893,2022-03-09,False,0.0,0.0,86.58838591180604,-0.03034889585836531,True
2022-03-11,NetEase,5.0,82.91999816894531,79.08999633789062,128.60000610351562,129.0,True,7.819069862365723,2022-03-10,False,0.0,0.0,82.4906301329363,0.005191552741018235,True
2022-03-14,NetEase,5.0,71.27999877929688,71.52999877929688,128.0,118.5,True,7.822770118713379,2022-03-11,False,0.0,0.0,75.74043350483232,-0.060696380011840745,True
2022-03-15,NetEase,5.0,69.5199966430664,74.23999786376953,110.3000030517578,109.4000015258789,True,7.828020095825195,2022-03-14,False,0.0,0.0,69.8771848990421,-0.005124766996967622,True
2022-03-16,NetEase,5.0,87.6500015258789,93.30999755859376,117.3000030517578,135.0,True,7.828949928283691,2022-03-15,False,0.0,0.0,86.21845920375908,0.016467330136783254,True
2022-03-17,NetEase,5.0,88.88999938964844,85.0999984741211,145.5,142.3000030517578,True,7.826700210571289,2022-03-16,False,0.0,0.0,90.90676736254537,-0.022434803457914043,True
2022-03-18,NetEase,5.0,85.51000213623047,90.18000030517578,131.39999389648438,138.60000610351562,True,7.820419788360596,2022-03-17,False,0.0,0.0,88.61417280297336,-0.035658455584257176,True
2022-03-21,NetEase,5.0,86.9000015258789,88.91000366210938,141.5,134.1999969482422,True,7.818270206451416,2022-03-18,False,0.0,0.0,85.82460915555473,0.01245226446663139,True
2022-03-22,NetEase,5.0,94.6999969482422,94.70999908447266,136.60000610351562,145.60000610351562,True,7.823939800262451,2022-03-21,False,0.0,0.0,93.04775459713501,0.0176011163124965,True
2022-03-23,NetEase,5.0,94.52999877929688,95.47000122070312,149.10000610351562,151.3000030517578,True,7.825029850006104,2022-03-22,False,0.0,0.0,96.67694945063998,-0.022457770758547824,True
2022-03-24,NetEase,5.0,93.0500030517578,92.16000366210938,150.89999389648438,148.1999969482422,True,7.826670169830322,2022-03-23,False,0.0,0.0,94.67627594651474,-0.017326434933704782,True
2022-03-25,NetEase,5.0,90.2699966430664,93.66000366210938,144.0,141.0,True,7.823659896850586,2022-03-24,False,0.0,0.0,90.11127902988187,0.0017598018813593796,True
2022-03-28,NetEase,5.0,95.37999725341795,93.81999969482422,142.5,148.60000610351562,True,7.823400020599365,2022-03-25,False,0.0,0.0,94.9714994198463,0.004292043591047623,True
2022-03-29,NetEase,5.0,95.0199966430664,93.91999816894533,147.3000030517578,146.60000610351562,True,7.828410148620605,2022-03-28,False,0.0,0.0,93.63331974203415,0.014701060142486178,True
2022-03-30,NetEase,5.0,92.05999755859376,92.0199966430664,146.8000030517578,145.60000610351562,True,7.828800201416016,2022-03-29,False,0.0,0.0,92.98998719955873,-0.010051310966775695,True
2022-03-31,NetEase,5.0,90.8499984741211,89.69000244140625,145.60000610351562,143.8000030517578,True,7.827199935913086,2022-03-30,False,0.0,0.0,91.85916051024111,-0.011046762013747546,True
2022-04-01,NetEase,5.0,96.30999755859376,95.80999755859376,142.8000030517578,146.60000610351562,True,7.82705020904541,2022-03-31,False,0.0,0.0,93.64958840694278,0.028012096356833993,True
2022-04-04,NetEase,5.0,99.44000244140624,98.06999969482422,151.6999969482422,156.3000030517578,True,7.833479881286621,2022-04-01,False,0.0,0.0,99.76409298321073,-0.003253857076164657,True
2022-04-06,NetEase,5.0,95.30999755859376,94.83000183105467,149.3000030517578,151.3000030517578,True,7.834459781646728,2022-04-05,False,0.0,0.0,96.56058443633749,-0.013035918008696967,True
2022-04-07,NetEase,5.0,93.75,92.97000122070312,146.3000030517578,148.60000610351562,True,7.833759784698486,2022-04-06,False,0.0,0.0,94.84590425773126,-0.011621849340720303,True
2022-04-08,NetEase,5.0,92.68000030517578,93.04000091552734,146.0,147.39999389648438,True,7.837110042572021,2022-04-07,False,0.0,0.0,94.03976280528909,-0.014564998537042406,True
2022-04-11,NetEase,5.0,101.18000030517578,95.01000213623048,146.5,142.39999389648438,True,7.836470127105713,2022-04-08,False,0.0,0.0,90.85723009645272,0.10761173741452623,True
2022-04-12,NetEase,5.0,96.43000030517578,92.23999786376952,148.8000030517578,148.39999389648438,True,7.838860034942627,2022-04-11,False,0.0,0.0,94.65661667319878,0.01856157773233935,True
2022-04-13,NetEase,5.0,93.54000091552734,95.69000244140624,143.89999389648438,149.1999969482422,True,7.837800025939941,2022-04-12,False,0.0,0.0,95.17976757154474,-0.017378231616300255,True
2022-04-14,NetEase,5.0,95.18000030517578,95.05999755859376,150.3000030517578,150.5,True,7.837430000305176,2022-04-13,False,0.0,0.0,96.01361670479979,-0.008720183185130459,True
2022-04-19,NetEase,5.0,90.87000274658205,93.6500015258789,148.8000030517578,146.0,True,7.843599796295166,2022-04-18,False,0.0,0.0,93.06951131606779,-0.023916703537391726,True
2022-04-20,NetEase,5.0,92.31999969482422,88.97000122070312,143.89999389648438,142.89999389648438,True,7.84149980545044,2022-04-19,False,0.0,0.0,91.11776920351257,0.013107962578128074,True
2022-04-21,NetEase,5.0,88.05999755859375,85.69999694824219,139.6999969482422,138.1999969482422,True,7.841899871826172,2022-04-20,False,0.0,0.0,88.11639985659436,-0.0006402934871543309,True
2022-04-22,NetEase,5.0,86.80999755859375,85.86000061035156,133.6999969482422,137.3000030517578,True,7.843900203704834,2022-04-21,False,0.0,0.0,87.5202383292104,-0.008148267529779929,True
2022-04-25,NetEase,5.0,84.9000015258789,88.37000274658203,133.10000610351562,133.39999389648438,True,7.844600200653076,2022-04-22,False,0.0,0.0,85.02663646604871,-0.0014904662989803086,True
2022-04-26,NetEase,5.0,88.06999969482422,87.4800033569336,137.0,142.3000030517578,True,7.846290111541748,2022-04-25,False,0.0,0.0,90.67979964342456,-0.029202666794424736,True
2022-04-27,NetEase,5.0,88.62000274658203,89.05999755859375,140.0,140.60000610351562,True,7.847109794616699,2022-04-26,False,0.0,0.0,89.58712811688356,-0.010854053486958115,True
2022-04-28,NetEase,5.0,90.66000366210938,91.29000091552734,141.0,143.0,True,7.845600128173828,2022-04-27,False,0.0,0.0,91.13388247157916,-0.00521337535441635,True
2022-04-29,NetEase,5.0,96.0,95.33000183105467,143.89999389648438,154.0,True,7.84630012512207,2022-04-28,False,0.0,0.0,98.1354253241773,-0.02200022433303417,True
2022-05-03,NetEase,5.0,95.5999984741211,95.9499969482422,150.0,150.6999969482422,True,7.847000122070312,2022-05-02,False,0.0,0.0,96.02395476227053,-0.004424885018082136,True
2022-05-04,NetEase,5.0,94.45999908447266,96.9800033569336,153.0,150.0,True,7.847499847412109,2022-05-03,False,0.0,0.0,95.57184002333297,-0.011701761464776972,True
2022-05-05,NetEase,5.0,92.48999786376952,91.19000244140624,152.1999969482422,147.5,True,7.847259998321533,2022-05-04,False,0.0,0.0,93.98184846146877,-0.016001154680489904,True
2022-05-06,NetEase,5.0,90.1500015258789,88.41000366210938,144.1999969482422,141.3000030517578,True,7.848000049591064,2022-05-05,False,0.0,0.0,90.02293715525687,0.0014104714350295922,True
2022-05-10,NetEase,5.0,88.33000183105469,88.0,133.89999389648438,138.60000610351562,True,7.849649906158447,2022-05-09,False,0.0,0.0,88.28419595807509,0.0005187111181328419,True
2022-05-11,NetEase,5.0,88.76000213623047,87.83999633789062,138.60000610351562,142.5,True,7.849400043487549,2022-05-10,False,0.0,0.0,90.77126863869596,-0.022406688718545453,True
2022-05-12,NetEase,5.0,85.76000213623047,87.95999908447266,139.1999969482422,137.0,True,7.849649906158447,2022-05-11,False,0.0,0.0,87.26503833789872,-0.017397183172129793,True
2022-05-13,NetEase,5.0,90.5999984741211,92.45999908447266,140.3000030517578,143.3000030517578,True,7.849760055541992,2022-05-12,False,0.0,0.0,91.27667727282115,-0.007441107203341346,True
2022-05-16,NetEase,5.0,93.23999786376952,93.25,148.3000030517578,142.10000610351562,True,7.84984016418457,2022-05-13,False,0.0,0.0,90.51140095301339,0.029700971103701512,True
2022-05-17,NetEase,5.0,96.88999938964844,94.5999984741211,148.5,151.1999969482422,True,7.849730014801025,2022-05-16,False,0.0,0.0,96.30904289902179,0.006014090285421325,True
2022-05-18,NetEase,5.0,94.6500015258789,93.58000183105467,148.60000610351562,152.5,True,7.849999904632568,2022-05-17,False,0.0,0.0,97.13375914183403,-0.025903095059358172,True
2022-05-19,NetEase,5.0,95.18000030517578,95.3499984741211,148.0,148.39999389648438,True,7.849380016326904,2022-05-18,False,0.0,0.0,94.52975495377261,0.006855186724164852,True
2022-05-20,NetEase,5.0,97.98999786376952,96.87000274658205,153.0,156.0,True,7.848800182342529,2022-05-19,False,0.0,0.0,99.3782465955457,-0.014067831737461844,True
2022-05-23,NetEase,5.0,97.0,97.04000091552734,153.10000610351562,153.89999389648438,True,7.847899913787842,2022-05-20,False,0.0,0.0,98.05170528876145,-0.010783966019975999,True
2022-05-24,NetEase,5.0,99.1999969482422,95.41000366210938,150.60000610351562,151.0,True,7.84827995300293,2022-05-23,False,0.0,0.0,96.19942261503043,0.030714627796250227,True
2022-05-25,NetEase,5.0,97.8499984741211,97.48999786376952,151.0,155.60000610351562,True,7.849100112915039,2022-05-24,False,0.0,0.0,99.11964675255498,-0.012891995230304154,True
2022-05-26,NetEase,5.0,99.0,101.48999786376952,155.60000610351562,155.89999389648438,True,7.84906005859375,2022-05-25,False,0.0,0.0,99.31125047628676,-0.003139012346623282,True
2022-05-27,NetEase,5.0,103.11000061035156,104.0,162.8000030517578,162.8000030517578,True,7.8495001792907715,2022-05-26,False,0.0,0.0,103.70087224233131,-0.005714140959429237,True
2022-05-31,NetEase,5.0,106.6999969482422,103.7300033569336,166.0,170.1999969482422,True,7.84906005859375,2022-05-30,False,0.0,0.0,108.42062341075747,-0.01599719407011513,True
2022-06-01,NetEase,5.0,103.44000244140624,100.76000213623048,163.5,163.3000030517578,True,7.848189830780029,2022-05-31,False,0.0,0.0,104.0367311270346,-0.005752262634659111,True
2022-06-02,NetEase,5.0,101.5,104.36000061035156,158.10000610351562,160.3000030517578,True,7.847219944000244,2022-06-01,False,0.0,0.0,102.13808469477048,-0.006266870797305479,True
2022-06-06,NetEase,5.0,106.29000091552734,103.7699966430664,161.6999969482422,165.10000610351562,True,7.844759941101074,2022-06-03,False,0.0,0.0,105.22948270125302,0.010027701304938574,True
2022-06-07,NetEase,5.0,103.31999969482422,103.5,160.10000610351562,160.8000030517578,True,7.845729827880859,2022-06-06,False,0.0,0.0,102.47612814829112,0.008201089934225969,True
2022-06-08,NetEase,5.0,107.0,106.83999633789062,163.0,169.89999389648438,True,7.845600128173828,2022-06-07,False,0.0,0.0,108.27724528450506,-0.011866189292908835,True
2022-06-09,NetEase,5.0,104.61000061035156,103.76000213623048,168.6999969482422,167.39999389648438,True,7.845359802246094,2022-06-08,False,0.0,0.0,106.68726362846893,-0.01966262981161293,True
2022-06-10,NetEase,5.0,108.0,105.6500015258789,165.0,172.5,True,7.847839832305908,2022-06-09,False,0.0,0.0,109.90285459821548,-0.01746560845407963,True
2022-06-13,NetEase,5.0,103.4800033569336,101.33999633789062,163.89999389648438,162.60000610351562,True,7.848800182342529,2022-06-10,False,0.0,0.0,103.58271476277189,-0.0009920802276255358,True
2022-06-14,NetEase,5.0,103.33999633789062,105.1500015258789,161.5,163.10000610351562,True,7.849309921264648,2022-06-13,False,0.0,0.0,103.89448737503642,-0.005351352250415609,True
2022-06-15,NetEase,5.0,102.93000030517578,102.8000030517578,163.10000610351562,162.60000610351562,True,7.849800109863281,2022-06-14,False,0.0,0.0,103.5695201328812,-0.0061939308230245516,True
2022-06-16,NetEase,5.0,97.80999755859376,94.7699966430664,161.10000610351562,154.0,True,7.849899768829346,2022-06-15,False,0.0,0.0,98.09042442268405,-0.00286295509522283,True
2022-06-17,NetEase,5.0,96.9800033569336,93.16999816894533,148.0,151.10000610351562,True,7.848599910736084,2022-06-16,False,0.0,0.0,96.2592104464557,0.0074601447521009945,True
2022-06-21,NetEase,5.0,91.2699966430664,92.01000213623048,141.5,142.6999969482422,True,7.849679946899414,2022-06-20,False,0.0,0.0,90.89542370743918,0.004112454085008821,True
2022-06-22,NetEase,5.0,89.37000274658203,91.66000366210938,146.0,139.1999969482422,True,7.849699974060059,2022-06-21,False,0.0,0.0,88.66580723354991,0.007910758914094096,True
2022-06-23,NetEase,5.0,91.70999908447266,90.86000061035156,142.3000030517578,142.39999389648438,True,7.849730014801025,2022-06-22,False,0.0,0.0,90.70375263097117,0.011032684221679467,True
2022-06-24,NetEase,5.0,92.83000183105467,93.5999984741211,146.0,147.3000030517578,True,7.8495001792907715,2022-06-23,False,0.0,0.0,93.8276321340672,-0.010689515144724382,True
2022-06-27,NetEase,5.0,97.0,95.87999725341795,149.10000610351562,153.0,True,7.849400043487549,2022-06-24,False,0.0,0.0,97.4596779068104,-0.00472775403077641,True
2022-06-28,NetEase,5.0,96.16000366210938,93.72000122070312,152.3000030517578,151.39999389648438,True,7.849090099334717,2022-06-27,False,0.0,0.0,96.44429607790903,-0.0029520900898560853,True
2022-06-29,NetEase,5.0,92.2699966430664,92.5199966430664,146.6999969482422,145.1999969482422,True,7.84660005569458,2022-06-28,False,0.0,0.0,92.52414798614907,-0.002750644549220027,True
2022-06-30,NetEase,5.0,91.9000015258789,93.36000061035156,143.0,144.10000610351562,True,7.845799922943115,2022-06-29,False,0.0,0.0,91.83257763311714,0.0007339351147948037,True
2022-07-05,NetEase,5.0,92.11000061035156,92.31999969482422,146.0,145.10000610351562,True,7.846799850463867,2022-07-04,False,0.0,0.0,92.45807773148309,-0.0037718064458296396,True
2022-07-06,NetEase,5.0,91.01000213623048,89.2300033569336,144.3000030517578,142.3000030517578,True,7.84600019454956,2022-07-05,False,0.0,0.0,90.68315034621745,0.003597847669273513,True
2022-07-07,NetEase,5.0,88.98999786376953,88.5999984741211,136.10000610351562,139.1999969482422,True,7.846620082855225,2022-07-06,False,0.0,0.0,88.7006096117694,0.0032572178345953162,True
2022-07-08,NetEase,5.0,88.08999633789062,90.97000122070312,141.0,140.1999969482422,True,7.84689998626709,2022-07-07,False,0.0,0.0,89.33463991742414,-0.014030340127763274,True
2022-07-11,NetEase,5.0,87.69999694824219,86.70999908447266,139.8000030517578,137.8000030517578,True,7.847489833831787,2022-07-08,False,0.0,0.0,87.79877767899737,-0.001125714312210313,True
2022-07-12,NetEase,5.0,86.61000061035156,86.48999786376953,135.5,136.39999389648438,True,7.848810195922852,2022-07-11,False,0.0,0.0,86.89214702079228,-0.0032523707977443195,True
2022-07-13,NetEase,5.0,86.4800033569336,89.38999938964844,137.10000610351562,138.89999389648438,True,7.849699974060059,2022-07-12,False,0.0,0.0,88.47471518369503,-0.022803594905233204,True
2022-07-14,NetEase,5.0,88.33000183105469,87.94000244140625,140.39999389648438,140.60000610351562,True,7.849699974060059,2022-07-13,False,0.0,0.0,89.55756689309096,-0.013801802535456709,True
2022-07-15,NetEase,5.0,86.4800033569336,86.43000030517578,137.6999969482422,134.60000610351562,True,7.849299907684326,2022-07-14,False,0.0,0.0,85.74013458942025,0.008592181240827834,True
2022-07-18,NetEase,5.0,88.62000274658203,87.76000213623047,134.6999969482422,137.3000030517578,True,7.8496599197387695,2022-07-15,False,0.0,0.0,87.45602004139248,0.013221557858792643,True
2022-07-19,NetEase,5.0,89.37999725341797,90.16999816894533,137.8000030517578,138.60000610351562,True,7.849599838256836,2022-07-18,False,0.0,0.0,88.28475907014808,0.012329424025982583,True
2022-07-20,NetEase,5.0,91.75,94.19000244140624,141.1999969482422,143.8000030517578,True,7.849800109863281,2022-07-19,False,0.0,0.0,91.59469097249557,0.0016941757498232235,True
2022-07-21,NetEase,5.0,98.7300033569336,99.98999786376952,148.10000610351562,152.8000030517578,True,7.850500106811523,2022-07-20,False,0.0,0.0,97.31864274428847,0.014398314124886902,True
2022-07-22,NetEase,5.0,96.7699966430664,95.0500030517578,156.1999969482422,151.10000610351562,True,7.849589824676514,2022-07-21,False,0.0,0.0,96.24707117084462,0.005418450891945703,True
2022-07-25,NetEase,5.0,95.26000213623048,96.80999755859376,151.0,150.3000030517578,True,7.848599910736084,2022-07-22,False,0.0,0.0,95.74956346428282,-0.005126051132624099,True
2022-07-26,NetEase,5.0,96.98999786376952,94.33000183105467,152.89999389648438,151.8000030517578,True,7.849440097808838,2022-07-25,False,0.0,0.0,96.69479680094165,0.0030482650114160847,True
2022-07-27,NetEase,5.0,95.54000091552734,96.11000061035156,148.6999969482422,151.10000610351562,True,7.849130153656006,2022-07-26,False,0.0,0.0,96.25270771764151,-0.007432087359056538,True
2022-07-28,NetEase,5.0,95.72000122070312,96.12000274658205,150.89999389648438,151.0,True,7.849259853363037,2022-07-27,False,0.0,0.0,96.18741309430827,-0.004871232302695816,True
2022-07-29,NetEase,5.0,92.08999633789062,92.9800033569336,149.60000610351562,144.6999969482422,True,7.849100112915039,2022-07-28,False,0.0,0.0,92.17616979438854,-0.0009353150889150896,True
2022-08-01,NetEase,5.0,90.36000061035156,91.54000091552734,145.6999969482422,143.89999389648438,True,7.8495001792907715,2022-07-29,False,0.0,0.0,91.66188331082134,-0.014304927218695696,True
2022-08-02,NetEase,5.0,88.0,90.5999984741211,141.5,139.0,True,7.849440097808838,2022-08-01,False,0.0,0.0,88.54134706932899,-0.00613282695591888,True
2022-08-03,NetEase,5.0,90.5999984741211,90.51000213623048,140.89999389648438,142.39999389648438,True,7.849800109863281,2022-08-02,False,0.0,0.0,90.7029426886671,-0.001135604584777461,True
2022-08-04,NetEase,5.0,89.5199966430664,89.0,144.0,139.3000030517578,True,7.849699974060059,2022-08-03,False,0.0,0.0,88.72950782328334,0.00886952257569984,True
2022-08-05,NetEase,5.0,87.41000366210938,88.9800033569336,139.39999389648438,137.89999389648438,True,7.849400043487549,2022-08-04,False,0.0,0.0,87.84110450001624,-0.00491981719236545,True
2022-08-08,NetEase,5.0,88.9800033569336,89.45999908447266,139.10000610351562,140.1999969482422,True,7.8495001792907715,2022-08-05,False,0.0,0.0,89.30504729341233,-0.003646343823409559,True
2022-08-09,NetEase,5.0,89.0,89.37999725341797,139.6999969482422,138.8000030517578,True,7.849800109863281,2022-08-08,False,0.0,0.0,88.40989650001117,0.006652454997034596,True
2022-08-10,NetEase,5.0,87.88999938964844,89.81999969482422,140.10000610351562,136.8000030517578,True,7.849770069122315,2022-08-09,False,0.0,0.0,87.13631217675491,0.008612326509012114,True
2022-08-11,NetEase,5.0,91.4499969482422,91.5199966430664,138.6999969482422,142.39999389648438,True,7.849699974060059,2022-08-10,False,0.0,0.0,90.70409975352955,0.008189784114845722,True
2022-08-12,NetEase,5.0,89.25,91.87999725341795,142.39999389648438,142.6999969482422,True,7.84660005569458,2022-08-11,False,0.0,0.0,90.93110132756117,-0.018660670822179704,True
2022-08-15,NetEase,5.0,90.52999877929688,92.43000030517578,139.60000610351562,141.60000610351562,True,7.842800140380859,2022-08-12,False,0.0,0.0,90.27388405223297,0.002833068564202179,True
2022-08-16,NetEase,5.0,91.0,93.18000030517578,145.39999389648438,142.6999969482422,True,7.838600158691406,2022-08-15,False,0.0,0.0,91.02390354100218,-0.00026264178137758165,True
2022-08-17,NetEase,5.0,92.12999725341795,91.58000183105467,146.10000610351562,144.3000030517578,True,7.837900161743164,2022-08-16,False,0.0,0.0,92.05271824977241,0.0008391559215450428,True
2022-08-18,NetEase,5.0,94.80999755859376,86.11000061035156,143.60000610351562,142.0,True,7.84089994430542,2022-08-17,False,0.0,0.0,90.55083026734054,0.04596350973304375,True
2022-08-19,NetEase,5.0,85.41999816894531,84.69999694824219,135.0,133.0,True,7.84250020980835,2022-08-18,False,0.0,0.0,84.79438727566841,0.007350891156998607,True
2022-08-22,NetEase,5.0,85.83999633789062,85.72000122070312,135.0,135.60000610351562,True,7.843500137329102,2022-08-19,False,0.0,0.0,86.44100448099861,-0.006977096468359534,True
2022-08-23,NetEase,5.0,86.5999984741211,87.55000305175781,135.60000610351562,136.1999969482422,True,7.846199989318848,2022-08-22,False,0.0,0.0,86.79360526984613,-0.0022331489974671825,True
2022-08-24,NetEase,5.0,86.16000366210938,88.19000244140625,137.3000030517578,135.1999969482422,True,7.846199989318848,2022-08-23,False,0.0,0.0,86.15635411555404,4.235867799184945e-05,True
2022-08-25,NetEase,5.0,90.87000274658205,92.18000030517578,138.8000030517578,142.3000030517578,True,7.846399784088135,2022-08-24,False,0.0,0.0,90.6785321723797,0.0021093053191334477,True
2022-08-26,NetEase,5.0,95.80999755859376,90.05999755859375,145.10000610351562,142.39999389648438,True,7.845799922943115,2022-08-25,False,0.0,0.0,90.74918765138948,0.05426751657597961,True
2022-08-29,NetEase,5.0,88.94000244140625,87.55000305175781,137.60000610351562,139.89999389648438,True,7.84630012512207,2022-08-26,False,0.0,0.0,89.15029483039808,-0.0023616388983862535,True
2022-08-30,NetEase,5.0,87.33999633789062,86.94999694824219,139.1999969482422,139.39999389648438,True,7.847700119018555,2022-08-29,False,0.0,0.0,88.81582615437524,-0.016756350449504964,True
2022-08-31,NetEase,5.0,90.5199966430664,88.51000213623047,135.5,141.8000030517578,True,7.8471999168396,2022-08-30,False,0.0,0.0,90.35070124023723,0.0018720052971579193,True
2022-09-01,NetEase,5.0,88.44000244140625,88.12999725341797,139.89999389648438,140.3000030517578,True,7.848899841308594,2022-08-31,False,0.0,0.0,89.37558504273545,-0.010523163330979912,True
2022-09-02,NetEase,5.0,89.55999755859375,88.5199966430664,139.10000610351562,140.6999969482422,True,7.848060131072998,2022-09-01,False,0.0,0.0,89.6399840204878,-0.0008927061989760787,True
2022-09-06,NetEase,5.0,88.19000244140625,86.79000091552734,138.1999969482422,138.8000030517578,True,7.84867000579834,2022-09-05,False,0.0,0.0,88.42262634893359,-0.0026342854828032003,True
2022-09-07,NetEase,5.0,85.9000015258789,87.22000122070312,137.0,136.6999969482422,True,7.848800182342529,2022-09-06,False,0.0,0.0,87.0833718354664,-0.013682109986928204,True
2022-09-08,NetEase,5.0,84.33999633789062,85.5,136.39999389648438,132.10000610351562,True,7.8495001792907715,2022-09-07,False,0.0,0.0,84.14548893955902,0.0023088930707704236,True
2022-09-09,NetEase,5.0,86.9000015258789,87.48999786376953,133.0,138.5,True,7.849279880523682,2022-09-08,False,0.0,0.0,88.22465379509418,-0.015128395609854906,True
2022-09-13,NetEase,5.0,87.22000122070312,87.38999938964844,138.0,139.1999969482422,True,7.848800182342529,2022-09-12,False,0.0,0.0,88.67597194116425,-0.01655528490162972,True
2022-09-14,NetEase,5.0,86.62000274658203,85.41999816894531,136.5,136.3000030517578,True,7.848659992218018,2022-09-13,False,0.0,0.0,86.83011060926317,-0.0024226904368500612,True
2022-09-15,NetEase,5.0,84.95999908447266,84.19999694824219,134.0,134.5,True,7.8495001792907715,2022-09-14,False,0.0,0.0,85.67424481042086,-0.008371706419068481,True
2022-09-16,NetEase,5.0,83.86000061035156,82.70999908447266,132.0,132.1999969482422,True,7.84876012802124,2022-09-15,False,0.0,0.0,84.21712142550295,-0.0042494939018320466,True
2022-09-19,NetEase,5.0,81.38999938964844,82.80000305175781,130.0,127.4000015258789,True,7.848999977111816,2022-09-16,False,0.0,0.0,81.15683647431865,0.0028688725192305142,True
2022-09-20,NetEase,5.0,83.45999908447266,83.9800033569336,131.60000610351562,132.3000030517578,True,7.849160194396973,2022-09-19,False,0.0,0.0,84.27653390626335,-0.009735997962314613,True
2022-09-21,NetEase,5.0,80.97000122070312,79.76000213623047,130.60000610351562,127.5,True,7.848899841308594,2022-09-20,False,0.0,0.0,81.22157409180468,-0.003102171889842076,True
2022-09-22,NetEase,5.0,79.87999725341797,78.94999694824219,123.5999984741211,124.8000030517578,True,7.849279880523682,2022-09-21,False,0.0,0.0,79.49774052612294,0.004796873962419568,True
2022-09-23,NetEase,5.0,77.8499984741211,77.55000305175781,123.5,122.5,True,7.849679946899414,2022-09-22,False,0.0,0.0,78.02865902092411,-0.0022923038715809696,True
2022-09-26,NetEase,5.0,77.95999908447266,77.87999725341797,121.9000015258789,123.1999969482422,True,7.848899841308594,2022-09-23,False,0.0,0.0,78.48233474699424,-0.006677701498227329,True
2022-09-27,NetEase,5.0,78.51000213623047,77.97000122070312,121.9000015258789,123.4000015258789,True,7.849579811096191,2022-09-26,False,0.0,0.0,78.60293448538498,-0.0011830007380808638,True
2022-09-28,NetEase,5.0,76.30000305175781,78.05000305175781,122.3000030517578,120.0999984741211,True,7.849279880523682,2022-09-27,False,0.0,0.0,76.50383239112399,-0.0026678579064602914,True
2022-09-29,NetEase,5.0,75.37000274658203,75.18000030517578,121.5999984741211,117.5999984741211,True,7.849599838256836,2022-09-28,False,0.0,0.0,74.90827615248001,0.006144973849986357,True
2022-09-30,NetEase,5.0,75.30999755859375,75.5999984741211,117.4000015258789,118.5,True,7.848800182342529,2022-09-29,False,0.0,0.0,75.489245010078,-0.002377300215171907,True
2022-10-03,NetEase,5.0,75.12999725341797,76.45999908447266,117.4000015258789,117.6999969482422,True,7.849599838256836,2022-09-30,False,0.0,0.0,74.97197269509468,0.0021055635280422536,True
2022-10-05,NetEase,5.0,80.1500015258789,80.11000061035156,125.0,127.3000030517578,True,7.85099983215332,2022-10-04,False,0.0,0.0,81.07247852076618,-0.011443653039969526,True
2022-10-06,NetEase,5.0,80.11000061035156,79.80000305175781,127.9000015258789,126.6999969482422,True,7.849629878997803,2022-10-05,False,0.0,0.0,80.70444014643056,-0.007392896318258124,True
2022-10-07,NetEase,5.0,78.63999938964844,78.0199966430664,124.5,123.5999984741211,True,7.849440097808838,2022-10-06,False,0.0,0.0,78.73172922781072,-0.00116577290415254,True
2022-10-10,NetEase,5.0,77.2699966430664,75.16000366210938,120.9000015258789,119.9000015258789,True,7.849899768829346,2022-10-07,False,0.0,0.0,76.37040284385668,0.011710514718263454,True
2022-10-11,NetEase,5.0,73.66999816894531,72.87999725341797,119.4000015258789,115.9000015258789,True,7.849629878997803,2022-10-10,False,0.0,0.0,73.82513781699245,-0.002103658594878155,True
2022-10-12,NetEase,5.0,72.29000091552734,71.88999938964844,115.5999984741211,114.4000015258789,True,7.849689960479736,2022-10-11,False,0.0,0.0,72.86912101104647,-0.007979149506986083,True
2022-10-13,NetEase,5.0,68.30000305175781,71.16999816894531,113.8000030517578,109.8000030517578,True,7.849800109863281,2022-10-12,False,0.0,0.0,69.93808855960165,-0.023700590286479972,True
2022-10-14,NetEase,5.0,70.72000122070312,68.5999984741211,111.3000030517578,110.0999984741211,True,7.849480152130127,2022-10-13,False,0.0,0.0,70.13203189273818,0.00834880022967166,True
2022-10-17,NetEase,5.0,69.63999938964844,71.16999816894531,110.0999984741211,109.3000030517578,True,7.849579811096191,2022-10-14,False,0.0,0.0,69.62156298942968,0.0002647737108718573,True
2022-10-18,NetEase,5.0,72.68000030517578,70.68000030517578,111.0,112.9000015258789,True,7.849400043487549,2022-10-17,False,0.0,0.0,71.91632538817359,0.010562951914213414,True
2022-10-19,NetEase,5.0,68.76000213623047,67.04000091552734,110.6999969482422,109.4000015258789,True,7.849199771881104,2022-10-18,False,0.0,0.0,69.68863368581367,-0.013415018076777585,True
2022-10-20,NetEase,5.0,64.37999725341797,64.69000244140625,105.9000015258789,100.0,True,7.849490165710449,2022-10-19,False,0.0,0.0,63.69840453895843,0.0106434674283431,True
2022-10-21,NetEase,5.0,60.709999084472656,62.43000030517578,100.0999984741211,96.0,True,7.849199771881104,2022-10-20,False,0.0,0.0,61.15273071779205,-0.007266103129595969,True
2022-10-24,NetEase,5.0,55.599998474121094,56.279998779296875,96.0,88.5,True,7.848569869995117,2022-10-21,False,0.0,0.0,56.379698127128385,-0.013925957604409511,True
2022-10-25,NetEase,5.0,57.97999954223633,57.31999969482422,90.5,91.5,True,7.849400043487549,2022-10-24,False,0.0,0.0,58.28470933642582,-0.00524166782488944,True
2022-10-26,NetEase,5.0,57.36000061035156,58.81999969482422,89.94999694824219,90.5500030517578,True,7.849629878997803,2022-10-25,False,0.0,0.0,57.677880643793316,-0.005526542023394754,True
2022-10-27,NetEase,5.0,57.290000915527344,56.720001220703125,92.4499969482422,89.44999694824219,True,7.849299907684326,2022-10-26,False,0.0,0.0,56.97960200289469,0.0054327602118799945,True
2022-10-28,NetEase,5.0,54.119998931884766,55.40999984741211,89.9000015258789,84.94999694824219,True,7.849299907684326,2022-10-27,False,0.0,0.0,54.11310431970986,0.00012740302138780635,True
2022-10-31,NetEase,5.0,55.0099983215332,55.619998931884766,85.5999984741211,85.5999984741211,True,7.849299907684326,2022-10-28,False,0.0,0.0,54.52715495704286,0.008816122701957863,True
2022-11-01,NetEase,5.0,59.349998474121094,59.56999969482422,88.6500015258789,92.25,True,7.848740100860596,2022-10-31,False,0.0,0.0,58.76739375653744,0.009864922198786985,True
2022-11-02,NetEase,5.0,59.709999084472656,59.290000915527344,92.8000030517578,97.5,True,7.849480152130127,2022-11-01,False,0.0,0.0,62.10602365402584,-0.039343488268981375,True
2022-11-03,NetEase,5.0,57.34000015258789,59.150001525878906,93.75,90.8000030517578,True,7.849629878997803,2022-11-02,False,0.0,0.0,57.837123820767104,-0.008632387024178456,True
2022-11-04,NetEase,5.0,63.529998779296875,62.52000045776367,92.8000030517578,98.6999969482422,True,7.8496599197387695,2022-11-03,False,0.0,0.0,62.86896372418059,0.01045959663945073,True
2022-11-07,NetEase,5.0,63.790000915527344,62.630001068115234,95.8000030517578,99.0999984741211,True,7.849760055541992,2022-11-04,False,0.0,0.0,63.122947563318014,0.010512079387561712,True
2022-11-08,NetEase,5.0,61.029998779296875,62.130001068115234,99.0999984741211,98.0,True,7.849510192871094,2022-11-07,False,0.0,0.0,62.42427717910562,-0.022588730514940814,True
2022-11-09,NetEase,5.0,60.7599983215332,59.220001220703125,97.3499984741211,96.0999984741211,True,7.849999904632568,2022-11-08,False,0.0,0.0,61.21019085453047,-0.007382042783679488,True
2022-11-10,NetEase,5.0,62.099998474121094,62.27000045776367,93.9000015258789,91.8499984741211,True,7.849100112915039,2022-11-09,False,0.0,0.0,58.509891040241406,0.05955014681134685,True
2022-11-11,NetEase,5.0,64.58999633789062,64.76000213623047,99.4000015258789,99.75,True,7.849370002746582,2022-11-10,False,0.0,0.0,63.54013122396852,0.016387849289102085,True
2022-11-14,NetEase,5.0,66.0,65.23999786376953,110.0,103.5999984741211,True,7.845399856567383,2022-11-11,False,0.0,0.0,66.02595174763307,-0.000393131011347414,True
2022-11-15,NetEase,5.0,69.68000030517578,71.5999984741211,103.5999984741211,110.0,True,7.835639953613281,2022-11-14,False,0.0,0.0,70.19209704069878,-0.007322390002666879,True
2022-11-16,NetEase,5.0,74.76000213623047,71.33000183105469,109.4000015258789,113.8000030517578,True,7.835999965667725,2022-11-15,False,0.0,0.0,72.6135806217175,0.029131045919632115,True
2022-11-17,NetEase,5.0,72.69000244140625,71.0,111.5999984741211,103.5,True,7.819900035858154,2022-11-16,False,0.0,0.0,66.17731654202785,0.09386610328073974,True
2022-11-18,NetEase,5.0,69.0,67.44000244140625,110.5,107.3000030517578,True,7.82420015335083,2022-11-17,False,0.0,0.0,68.56931120672122,0.006261428462694063,True
2022-11-21,NetEase,5.0,66.05999755859375,66.27999877929688,105.5,103.3000030517578,True,7.826469898223877,2022-11-18,False,0.0,0.0,65.99399499076875,0.0009996301065484658,True
2022-11-22,NetEase,5.0,64.05000305175781,65.5,103.3000030517578,101.5,True,7.819139957427979,2022-11-21,False,0.0,0.0,64.90483643509772,-0.013258066286263137,True
2022-11-23,NetEase,5.0,67.0,66.62999725341797,102.5999984741211,104.0,True,7.804299831390381,2022-11-22,False,0.0,0.0,66.6299362190649,0.005538650057486549,True
2022-11-25,NetEase,5.0,65.51000213623047,65.62999725341797,106.5,104.0,True,7.8180999755859375,2022-11-24,False,0.0,0.0,66.51232417388317,-0.015184421061124276,True
2022-11-28,NetEase,5.0,65.2300033569336,66.95999908447266,99.8000030517578,101.5999984741211,True,7.8084001541137695,2022-11-25,False,0.0,0.0,65.05814025206831,0.002638201754769476,True
2022-11-29,NetEase,5.0,69.63999938964844,68.77999877929688,105.6999969482422,109.6999969482422,True,7.8080902099609375,2022-11-28,False,0.0,0.0,70.24764955218865,-0.008687743186672314,True
2022-11-30,NetEase,5.0,70.5999984741211,71.12000274658203,109.0,109.3000030517578,True,7.813419818878174,2022-11-29,False,0.0,0.0,69.94376699667134,0.009338532297147317,True
2022-12-01,NetEase,5.0,68.91000366210938,68.25,113.8000030517578,107.8000030517578,True,7.810750007629395,2022-11-30,False,0.0,0.0,69.00745955667557,-0.0014132497584027348,True
2022-12-02,NetEase,5.0,67.58000183105469,70.9000015258789,106.6999969482422,107.4000015258789,True,7.80472993850708,2022-12-01,False,0.0,0.0,68.80443165367411,-0.017956048054910134,True
2022-12-05,NetEase,5.0,71.30000305175781,69.0199966430664,111.4000015258789,113.5999984741211,True,7.779500007629395,2022-12-02,False,0.0,0.0,73.01240334386078,-0.023732965313630672,True
2022-12-06,NetEase,5.0,68.98999786376953,68.20999908447266,107.4000015258789,107.5,True,7.785140037536621,2022-12-05,False,0.0,0.0,69.04178953858306,-0.0007504311610935233,True
2022-12-07,NetEase,5.0,66.38999938964844,68.4000015258789,105.5999984741211,103.9000015258789,True,7.768899917602539,2022-12-06,False,0.0,0.0,66.86918523075926,-0.0071918180777519325,True
2022-12-08,NetEase,5.0,71.56999969482422,71.20999908447266,106.5999984741211,112.1999969482422,True,7.775259971618652,2022-12-07,False,0.0,0.0,72.15192633930955,-0.008097996466506885,True
2022-12-09,NetEase,5.0,71.20999908447266,70.16999816894531,110.3000030517578,112.5,True,7.791500091552734,2022-12-08,False,0.0,0.0,72.19405677859676,-0.013724481287399115,True
2022-12-12,NetEase,5.0,70.08999633789062,69.3499984741211,108.9000015258789,110.0,True,7.783840179443359,2022-12-09,False,0.0,0.0,70.65921027676237,-0.008088387221771853,True
2022-12-13,NetEase,5.0,71.62000274658203,69.98999786376953,107.3000030517578,108.5,True,7.7868499755859375,2022-12-12,False,0.0,0.0,69.66873661376512,0.027622727905046496,True
2022-12-14,NetEase,5.0,71.13999938964844,72.9800033569336,107.5999984741211,111.0,True,7.774799823760986,2022-12-13,False,0.0,0.0,71.38447453062837,-0.0034306442119147462,True
2022-12-15,NetEase,5.0,73.55999755859375,71.30000305175781,113.0,111.1999969482422,True,7.774799823760986,2022-12-14,False,0.0,0.0,71.5130932428626,0.028220811333879325,True
2022-12-16,NetEase,5.0,71.30000305175781,71.30000305175781,112.6999969482422,110.1999969482422,True,7.775599956512451,2022-12-15,False,0.0,0.0,70.86269713242143,0.006152208674888193,True
2022-12-19,NetEase,5.0,71.30999755859375,70.95999908447266,112.0999984741211,111.1999969482422,True,7.775760173797607,2022-12-16,False,0.0,0.0,71.50426097435384,-0.0027205061675230624,True
2022-12-20,NetEase,5.0,68.1500015258789,69.70999908447266,108.3000030517578,107.6999969482422,True,7.778550148010254,2022-12-19,False,0.0,0.0,69.22883757186536,-0.015706323201243322,True
2022-12-21,NetEase,5.0,69.94999694824219,72.27999877929688,108.0,110.4000015258789,True,7.780300140380859,2022-12-20,False,0.0,0.0,70.94842071251678,-0.014172486713381893,True
2022-12-22,NetEase,5.0,72.98999786376953,72.18000030517578,113.8000030517578,115.5999984741211,True,7.787899971008301,2022-12-21,False,0.0,0.0,74.21769597995642,-0.01668019583885272,True
2022-12-23,NetEase,5.0,72.13999938964844,71.08999633789062,113.0999984741211,113.3000030517578,True,7.79610013961792,2022-12-22,False,0.0,0.0,72.66453805281067,-0.007244813825967533,True
2022-12-28,NetEase,5.0,73.70999908447266,71.66999816894531,114.1999969482422,114.5999984741211,True,7.805099964141846,2022-12-27,False,0.0,0.0,73.41353666232071,0.004030120971546758,True
2022-12-29,NetEase,5.0,71.80999755859375,73.1500015258789,112.1999969482422,111.3000030517578,True,7.800399780273437,2022-12-28,False,0.0,0.0,71.34249922242849,0.006531496252601521,True
2022-12-30,NetEase,5.0,72.58999633789062,72.62999725341797,114.5999984741211,114.5,True,7.79380989074707,2022-12-29,False,0.0,0.0,73.45573064075899,-0.011855799705863923,True
2023-01-03,NetEase,5.0,76.20999908447266,76.44999694824219,111.5999984741211,118.5999984741211,True,7.79925012588501,2023-01-02,False,0.0,0.0,76.0329496809561,0.002325880899811672,True
2023-01-04,NetEase,5.0,80.5,82.56999969482422,119.5999984741211,125.6999969482422,True,7.805500030517578,2023-01-03,False,0.0,0.0,80.52014378117113,-0.0002502020033414709,True
2023-01-05,NetEase,5.0,80.58000183105469,82.05999755859375,128.0,126.8000030517578,True,7.813199996948242,2023-01-04,False,0.0,0.0,81.1447314168872,-0.006983865359987185,True
2023-01-06,NetEase,5.0,81.26000213623047,81.51000213623047,129.10000610351562,124.6999969482422,True,7.815710067749023,2023-01-05,False,0.0,0.0,79.77521931296297,0.018440995543879346,True
2023-01-09,NetEase,5.0,83.0,79.5199966430664,126.0,127.9000015258789,True,7.811500072479248,2023-01-06,False,0.0,0.0,81.8664791263872,0.01375099099580357,True
2023-01-10,NetEase,5.0,81.0999984741211,82.5999984741211,125.0,127.0999984741211,True,7.807819843292236,2023-01-09,False,0.0,0.0,81.39275817391828,-0.0036033608218284385,True
2023-01-11,NetEase,5.0,81.44000244140625,84.0999984741211,127.1999969482422,126.0,True,7.804800033569336,2023-01-10,False,0.0,0.0,80.71955684838792,0.008885696735187132,True
2023-01-12,NetEase,5.0,84.08000183105469,85.2699966430664,131.0,130.6999969482422,True,7.808499813079834,2023-01-11,False,0.0,0.0,83.6908497643233,0.004639098639007244,True
2023-01-13,NetEase,5.0,86.22000122070312,88.36000061035156,132.39999389648438,136.89999389648438,True,7.811100006103516,2023-01-12,False,0.0,0.0,87.63169962586069,-0.016240616882086556,True
2023-01-17,NetEase,5.0,87.0999984741211,89.05999755859375,132.60000610351562,133.60000610351562,True,7.810210227966309,2023-01-16,False,0.0,0.0,85.52907169203279,0.018200528400811322,True
2023-01-18,NetEase,5.0,91.33000183105467,88.5,140.0,142.3000030517578,True,7.810420036315918,2023-01-17,False,0.0,0.0,91.09625499660005,0.002562646040546568,True
2023-01-19,NetEase,5.0,88.5999984741211,89.25,141.89999389648438,138.0,True,7.818160057067871,2023-01-18,False,0.0,0.0,88.25605960525425,0.0038894828505879886,True
2023-01-20,NetEase,5.0,89.88999938964844,89.08999633789062,140.8000030517578,141.0,True,7.823440074920654,2023-01-19,False,0.0,0.0,90.11381096405346,-0.0024867439117075563,True
2023-01-26,NetEase,5.0,92.68000030517578,92.29000091552734,143.60000610351562,144.8000030517578,True,7.831500053405762,2023-01-25,False,0.0,0.0,92.44716980419811,0.0025153587515065468,True
2023-01-27,NetEase,5.0,91.83999633789062,91.6500015258789,145.10000610351562,144.6999969482422,True,7.829500198364258,2023-01-26,False,0.0,0.0,92.4069182465012,-0.006153955946071932,True
2023-01-30,NetEase,5.0,89.62000274658203,89.58000183105469,144.3000030517578,140.6999969482422,True,7.828080177307129,2023-01-27,False,0.0,0.0,89.86877609922692,-0.002772023003831059,True
2023-01-31,NetEase,5.0,89.56999969482422,88.61000061035156,142.39999389648438,139.6999969482422,True,7.828519821166992,2023-01-30,False,0.0,0.0,89.22503879374301,0.0038587349182774844,True
2023-02-01,NetEase,5.0,91.27999877929688,91.7699966430664,139.89999389648438,143.60000610351562,True,7.835130214691162,2023-01-31,False,0.0,0.0,91.63855747684974,-0.003920424085310792,True
2023-02-02,NetEase,5.0,90.88999938964844,90.7300033569336,143.60000610351562,142.5,True,7.839660167694092,2023-02-01,False,0.0,0.0,90.88404149660613,6.555273806263529e-05,True
2023-02-03,NetEase,5.0,91.26000213623048,89.9000015258789,142.1999969482422,143.3000030517578,True,7.839000225067139,2023-02-02,False,0.0,0.0,91.40196385855474,-0.0015543657392864674,True
2023-02-06,NetEase,5.0,87.41999816894531,88.36000061035156,142.5,139.10000610351562,True,7.844399929046631,2023-02-03,False,0.0,0.0,88.66198011427825,-0.014107094372985962,True
2023-02-07,NetEase,5.0,89.80999755859375,88.31999969482422,139.10000610351562,141.0,True,7.846330165863037,2023-02-06,False,0.0,0.0,89.85092203578657,-0.0004555746234968794,True
2023-02-08,NetEase,5.0,90.12000274658205,88.36000061035156,138.8000030517578,142.5,True,7.846759796142578,2023-02-07,False,0.0,0.0,90.80181100360188,-0.007537084340953015,True
2023-02-09,NetEase,5.0,90.6999969482422,89.19999694824219,138.0,143.1999969482422,True,7.848499774932861,2023-02-08,False,0.0,0.0,91.22762378461505,-0.0058004201184482795,True
2023-02-10,NetEase,5.0,87.7699966430664,86.69999694824219,142.6999969482422,137.8000030517578,True,7.848700046539307,2023-02-09,False,0.0,0.0,87.78523974331098,-0.00017365588855788872,True
2023-02-13,NetEase,5.0,88.36000061035156,87.86000061035156,135.10000610351562,139.0,True,7.849699974060059,2023-02-10,False,0.0,0.0,88.53841577342845,-0.002017148906362287,True
2023-02-14,NetEase,5.0,87.38999938964844,86.76000213623047,139.0,137.1999969482422,True,7.849289894104004,2023-02-13,False,0.0,0.0,87.396438913092,-7.368447471112205e-05,True
2023-02-15,NetEase,5.0,85.55999755859375,86.37000274658203,135.6999969482422,135.10000610351562,True,7.849740028381348,2023-02-14,False,0.0,0.0,86.05380918033656,-0.005754933055970746,True
2023-02-16,NetEase,5.0,87.4000015258789,87.80999755859375,135.39999389648438,138.1999969482422,True,7.848800182342529,2023-02-15,False,0.0,0.0,88.03893189888511,-0.0072838244664845675,True
2023-02-17,NetEase,5.0,86.30000305175781,85.83999633789062,138.89999389648438,136.10000610351562,True,7.846409797668457,2023-02-16,False,0.0,0.0,86.72756688285477,-0.004942156923612551,True
2023-02-21,NetEase,5.0,84.76000213623047,85.20999908447266,138.60000610351562,134.8000030517578,True,7.84453010559082,2023-02-20,False,0.0,0.0,85.91974359030469,-0.013589887868555195,True
2023-02-22,NetEase,5.0,85.30999755859375,86.05000305175781,133.89999389648438,133.60000610351562,True,7.833899974822998,2023-02-21,False,0.0,0.0,85.27043141531446,0.0004639001581470126,True
2023-02-23,NetEase,5.0,88.0,82.88999938964844,133.89999389648438,139.10000610351562,True,7.844799995422363,2023-02-22,False,0.0,0.0,88.65745856152098,-0.007443349432600499,True
2023-02-24,NetEase,5.0,79.0,78.63999938964844,130.39999389648438,123.5,True,7.845160007476807,2023-02-23,False,0.0,0.0,78.71095037086477,0.003665566051104463,True
2023-02-27,NetEase,5.0,79.5999984741211,78.9800033569336,122.9000015258789,124.3000030517578,True,7.846839904785156,2023-02-24,False,0.0,0.0,79.2038607643551,0.00498902902403664,True
2023-02-28,NetEase,5.0,77.1500015258789,77.63999938964844,124.3000030517578,121.0999984741211,True,7.847780227661133,2023-02-27,False,0.0,0.0,77.15557454532109,-7.223354575369711e-05,True
2023-03-01,NetEase,5.0,83.1500015258789,81.5199966430664,124.0,131.3000030517578,True,7.844900131225586,2023-02-28,False,0.0,0.0,83.6849423545467,-0.0064128371369678305,True
2023-03-02,NetEase,5.0,83.1500015258789,85.58999633789062,128.10000610351562,131.0,True,7.849020004272461,2023-03-01,False,0.0,0.0,83.44990835078309,-0.0036003278643370606,True
2023-03-03,NetEase,5.0,86.12999725341797,85.9000015258789,134.5,135.60000610351562,True,7.848100185394287,2023-03-02,False,0.0,0.0,86.39033836231737,-0.0030180941346822365,True
2023-03-06,NetEase,5.0,86.23999786376953,86.45999908447266,134.3000030517578,135.39999389648438,True,7.849400043487549,2023-03-03,False,0.0,0.0,86.24862610284615,-0.00010004415230913111,True
2023-03-07,NetEase,5.0,85.55999755859375,83.80000305175781,135.39999389648438,135.1999969482422,True,7.84945011138916,2023-03-06,False,0.0,0.0,86.12068044873216,-0.0065317179548509685,True
2023-03-08,NetEase,5.0,82.08999633789062,83.05999755859375,133.0,129.6999969482422,True,7.849420070648193,2023-03-07,False,0.0,0.0,82.61756650866295,-0.006406165763096716,True
2023-03-09,NetEase,5.0,81.3499984741211,81.41000366210938,129.6999969482422,128.10000610351562,True,7.849689960479736,2023-03-08,False,0.0,0.0,81.59558323223682,-0.0030143185411333207,True
2023-03-10,NetEase,5.0,81.37999725341797,82.83000183105469,127.4000015258789,127.5999984741211,True,7.849460124969482,2023-03-09,False,0.0,0.0,81.27947428398281,0.001235992977012046,True
2023-03-13,NetEase,5.0,82.54000091552734,83.7699966430664,131.3000030517578,131.6999969482422,True,7.849579811096191,2023-03-10,False,0.0,0.0,83.8898387669558,-0.016221459482145484,True
2023-03-14,NetEase,5.0,82.94000244140625,85.30999755859375,131.6999969482422,129.1999969482422,True,7.847519874572754,2023-03-13,False,0.0,0.0,82.31899951401925,0.007515546421894115,True
2023-03-15,NetEase,5.0,83.73999786376953,83.83000183105469,134.8000030517578,134.0,True,7.844600200653076,2023-03-14,False,0.0,0.0,85.40906902358407,-0.019735554731100002,True
2023-03-16,NetEase,5.0,82.87000274658203,85.51000213623047,132.1999969482422,131.6999969482422,True,7.848000049591064,2023-03-15,False,0.0,0.0,83.90672535425423,-0.012432621425078061,True
2023-03-17,NetEase,5.0,86.9000015258789,85.87000274658203,135.0,135.3000030517578,True,7.848050117492676,2023-03-16,False,0.0,0.0,86.19975728122895,0.008090687927689189,True
2023-03-20,NetEase,5.0,84.61000061035156,85.87000274658203,135.5,132.6999969482422,True,7.849219799041748,2023-03-17,False,0.0,0.0,84.5306924418415,0.0009377775731085336,True
2023-03-21,NetEase,5.0,85.58000183105469,86.08000183105469,131.3000030517578,133.0,True,7.848849773406982,2023-03-20,False,0.0,0.0,84.72579030026978,0.010031587106383633,True
2023-03-22,NetEase,5.0,86.02999877929688,85.16999816894531,134.6999969482422,134.0,True,7.842800140380859,2023-03-21,False,0.0,0.0,85.42867190384169,0.007014277417431103,True
2023-03-23,NetEase,5.0,88.9000015258789,90.0999984741211,134.39999389648438,139.3000030517578,True,7.845620155334473,2023-03-22,False,0.0,0.0,88.77564825582562,0.0013997786473352036,True
2023-03-24,NetEase,5.0,89.04000091552734,89.4000015258789,140.10000610351562,141.0,True,7.847030162811279,2023-03-23,False,0.0,0.0,89.84290685425714,-0.008976948559493714,True
2023-03-27,NetEase,5.0,87.68000030517578,88.3499984741211,141.8000030517578,137.39999389648438,True,7.849400043487549,2023-03-24,False,0.0,0.0,87.52260882058224,0.001796680171807452,True
2023-03-28,NetEase,5.0,90.0,90.69000244140624,140.10000610351562,139.8000030517578,True,7.849530220031738,2023-03-27,False,0.0,0.0,89.04991708611611,0.010612591688614614,True
2023-03-29,NetEase,5.0,88.75,88.37999725341797,144.0,139.0,True,7.849699974060059,2023-03-28,False,0.0,0.0,88.53841577342845,0.0023868939896916075,True
2023-03-30,NetEase,5.0,87.63999938964844,88.58999633789062,138.60000610351562,135.89999389648438,True,7.849699974060059,2023-03-29,False,0.0,0.0,86.56381412383685,0.012355630282538499,True
2023-03-31,NetEase,5.0,88.08000183105469,88.44000244140625,138.0,138.0,True,7.849899768829346,2023-03-30,False,0.0,0.0,87.89921149565195,0.002054679022466921,True
2023-04-03,NetEase,5.0,88.44000244140625,89.76000213623047,138.0,138.6999969482422,True,7.849569797515869,2023-03-31,False,0.0,0.0,88.34878886747155,0.0010318932705306594,True
2023-04-04,NetEase,5.0,89.5,90.29000091552734,141.60000610351562,140.89999389648438,True,7.849599838256836,2023-04-03,False,0.0,0.0,89.74979412948909,-0.0027871082630994692,True
2023-04-06,NetEase,5.0,89.19999694824219,89.76000213623047,139.5,140.1999969482422,True,7.849299907684326,2023-04-05,False,0.0,0.0,89.30732587436802,-0.001202515811253413,True
2023-04-11,NetEase,5.0,89.80999755859375,89.0,139.89999389648438,140.3000030517578,True,7.849699974060059,2023-04-10,False,0.0,0.0,89.36647484323608,0.004950690403516589,True
2023-04-12,NetEase,5.0,88.94000244140625,88.04000091552734,142.1999969482422,140.10000610351562,True,7.849400043487549,2023-04-11,False,0.0,0.0,89.24249326529936,-0.003395295517519159,True
2023-04-13,NetEase,5.0,89.80000305175781,90.05999755859375,139.0,141.10000610351562,True,7.849800109863281,2023-04-12,False,0.0,0.0,89.87490390119828,-0.0008337374990139423,True
2023-04-14,NetEase,5.0,92.0,90.44000244140624,143.0,145.39999389648438,True,7.847209930419922,2023-04-13,False,0.0,0.0,92.6443890157936,-0.00697981276687365,True
2023-04-17,NetEase,5.0,92.51000213623048,94.5,144.3000030517578,146.89999389648438,True,7.849699974060059,2023-04-14,False,0.0,0.0,93.5704513433168,-0.011397872991079971,True
2023-04-18,NetEase,5.0,94.11000061035156,92.5500030517578,147.1999969482422,146.1999969482422,True,7.849279880523682,2023-04-17,False,0.0,0.0,93.12956040146204,0.010472671101558362,True
2023-04-19,NetEase,5.0,90.08999633789062,91.19000244140624,146.10000610351562,142.5,True,7.849279880523682,2023-04-18,False,0.0,0.0,90.77265823682976,-0.007548989507641046,True
2023-04-20,NetEase,5.0,91.3000030517578,91.31999969482422,144.5,144.0,True,7.849170207977295,2023-04-19,False,0.0,0.0,91.72944157437779,-0.00469257076668228,True
2023-04-21,NetEase,5.0,90.22000122070312,90.1999969482422,144.3000030517578,142.10000610351562,True,7.84896993637085,2023-04-20,False,0.0,0.0,90.521436096377,-0.0033355400911307953,True
2023-04-24,NetEase,5.0,91.27999877929688,90.27999877929688,143.60000610351562,143.8000030517578,True,7.848790168762207,2023-04-21,False,0.0,0.0,91.60647689632133,-0.0035702854748338453,True
2023-04-25,NetEase,5.0,87.86000061035156,84.55000305175781,145.0,138.5,True,7.847899913787842,2023-04-24,False,0.0,0.0,88.24016712845159,-0.004317623470392107,True
2023-04-26,NetEase,5.0,86.20999908447266,85.87999725341797,134.5,135.89999389648438,True,7.849100112915039,2023-04-25,False,0.0,0.0,86.57042969350861,-0.004172129151542414,True
2023-04-27,NetEase,5.0,85.87999725341797,88.52999877929688,133.5,135.8000030517578,True,7.849599838256836,2023-04-26,False,0.0,0.0,86.50122671852975,-0.007207654525426932,True
2023-04-28,NetEase,5.0,88.5999984741211,89.12999725341797,138.10000610351562,138.60000610351562,True,7.849699974060059,2023-04-27,False,0.0,0.0,88.28363285318552,0.0035771083610720567,True
2023-05-02,NetEase,5.0,88.55999755859375,89.05000305175781,141.10000610351562,138.8000030517578,True,7.849899768829346,2023-05-01,False,0.0,0.0,88.40877408582315,0.0017090417498355492,True
2023-05-03,NetEase,5.0,88.88999938964844,87.98999786376953,138.39999389648438,138.8000030517578,True,7.849629878997803,2023-05-02,False,0.0,0.0,88.41181379973487,0.005394042404187616,True
2023-05-04,NetEase,5.0,87.91999816894531,88.80999755859375,139.3000030517578,138.0,True,7.849760055541992,2023-05-03,False,0.0,0.0,87.90077596229895,0.00021865683185495755,True
2023-05-05,NetEase,5.0,88.38999938964844,88.88999938964844,139.3000030517578,139.60000610351562,True,7.848790168762207,2023-05-04,False,0.0,0.0,88.93090724932148,-0.006100911028381617,True
2023-05-08,NetEase,5.0,89.7699966430664,91.13999938964844,139.60000610351562,140.89999389648438,True,7.847099781036377,2023-05-05,False,0.0,0.0,89.77838808484957,-9.347276280990968e-05,True
2023-05-09,NetEase,5.0,87.63999938964844,87.33000183105469,140.60000610351562,137.1999969482422,True,7.847179889678955,2023-05-08,False,0.0,0.0,87.41993867675649,0.0025141198064604353,True
2023-05-10,NetEase,5.0,88.54000091552734,88.73999786376953,137.89999389648438,138.5,True,7.84867000579834,2023-05-09,False,0.0,0.0,88.23150922237828,0.00349029100992837,True
2023-05-11,NetEase,5.0,88.12000274658203,88.38999938964844,139.39999389648438,138.39999389648438,True,7.841700077056885,2023-05-10,False,0.0,0.0,88.24616635199602,-0.00143070099644671,True
2023-05-12,NetEase,5.0,86.95999908447266,85.18000030517578,137.8000030517578,135.6999969482422,True,7.832149982452393,2023-05-11,False,0.0,0.0,86.63010619834427,0.003800830499359087,True
2023-05-15,NetEase,5.0,87.70999908447266,89.87999725341797,136.5,137.5,True,7.836800098419189,2023-05-12,False,0.0,0.0,87.72713242215787,-0.0001953216812484726,True
2023-05-16,NetEase,5.0,88.23999786376953,89.63999938964844,140.0,139.5,True,7.842400074005127,2023-05-15,False,0.0,0.0,88.93960948408815,-0.007897243557675182,True
2023-05-17,NetEase,5.0,88.37999725341797,88.16999816894531,140.5,136.1999969482422,True,7.838319778442383,2023-05-16,False,0.0,0.0,86.88086273465844,0.017107882302171973,True
2023-05-18,NetEase,5.0,89.29000091552734,87.04000091552734,136.6999969482422,139.39999389648438,True,7.838300228118896,2023-05-17,False,0.0,0.0,88.92233637364693,0.004126146024449717,True
2023-05-19,NetEase,5.0,88.11000061035156,87.43000030517578,137.6999969482422,138.39999389648438,True,7.829699993133545,2023-05-18,False,0.0,0.0,88.38141564674112,-0.003075676495845947,True
2023-05-22,NetEase,5.0,89.62999725341797,88.52999877929688,138.0,140.0,True,7.827300071716309,2023-05-19,False,0.0,0.0,89.43058188473277,0.0022273517944402244,True
2023-05-23,NetEase,5.0,86.12999725341797,83.7699966430664,139.8000030517578,135.0,True,7.816800117492676,2023-05-22,False,0.0,0.0,86.35247030168576,-0.0025796612814588116,True
2023-05-24,NetEase,5.0,83.22000122070312,83.48999786376953,133.0,131.6999969482422,True,7.828499794006348,2023-05-23,False,0.0,0.0,84.11573124717604,-0.010705885331971032,True
2023-05-25,NetEase,5.0,83.5,85.7300033569336,131.89999389648438,130.5,True,7.836820125579834,2023-05-24,False,0.0,0.0,83.2608110871656,0.0028686485188185173,True
2023-05-30,NetEase,5.0,87.75,84.97000122070312,140.6999969482422,139.5,True,7.834549903869629,2023-05-29,False,0.0,0.0,89.02872641802841,-0.014467224049432126,True
2023-05-31,NetEase,5.0,84.73999786376953,85.08000183105469,133.8000030517578,132.60000610351562,True,7.828000068664551,2023-05-30,False,0.0,0.0,84.69596636458452,0.0005197420792768526,True
2023-06-01,NetEase,5.0,83.9000015258789,85.77999877929688,132.3000030517578,131.6999969482422,True,7.834070205688477,2023-05-31,False,0.0,0.0,84.05592079875169,-0.001856669482152462,True
2023-06-02,NetEase,5.0,87.66000366210938,86.61000061035156,134.10000610351562,136.39999389648438,True,7.831210136413574,2023-06-01,False,0.0,0.0,87.0874306272612,0.006553172997667112,True
2023-06-05,NetEase,5.0,85.7300033569336,86.7300033569336,136.60000610351562,134.89999389648438,True,7.831500053405762,2023-06-02,False,0.0,0.0,86.12653577000174,-0.004614699199425587,True
2023-06-06,NetEase,5.0,87.97000122070312,91.37999725341795,136.5,138.39999389648438,True,7.837470054626465,2023-06-05,False,0.0,0.0,88.29379438252957,-0.0036739652057544703,True
2023-06-07,NetEase,5.0,91.20999908447266,91.41999816894533,145.3000030517578,143.60000610351562,True,7.837860107421875,2023-06-06,False,0.0,0.0,91.60664016415464,-0.004339229773307807,True
2023-06-08,NetEase,5.0,91.22000122070312,92.1999969482422,142.1999969482422,143.8000030517578,True,7.842999935150147,2023-06-07,False,0.0,0.0,91.67410700036228,-0.00496578831573391,True
2023-06-09,NetEase,5.0,93.33999633789062,92.3000030517578,144.89999389648438,146.3000030517578,True,7.839739799499512,2023-06-08,False,0.0,0.0,93.30667011493009,0.00035710494002394455,True
2023-06-12,NetEase,5.0,92.2300033569336,93.37000274658205,146.3000030517578,146.1999969482422,True,7.836780071258545,2023-06-09,False,0.0,0.0,93.27810377404354,-0.011299900427656162,True
2023-06-13,NetEase,5.0,95.77999877929688,95.41999816894533,147.0,150.1999969482422,True,7.838799953460693,2023-06-12,False,0.0,0.0,95.80547905290753,-0.000265993790857344,True
2023-06-14,NetEase,5.0,97.02999877929688,98.63999938964844,152.1999969482422,152.39999389648438,True,7.834420204162598,2023-06-13,False,0.0,0.0,97.2630966459464,-0.00239944685604776,True
2023-06-15,NetEase,5.0,98.38999938964844,98.13999938964844,155.0,154.6999969482422,True,7.833310127258301,2023-06-14,False,0.0,0.0,98.74497143290559,-0.0036013136119432687,True
2023-06-16,NetEase,5.0,98.13999938964844,98.4499969482422,153.39999389648438,155.6999969482422,True,7.830900192260742,2023-06-15,False,0.0,0.0,99.4138560865072,-0.012896476753633479,True
2023-06-20,NetEase,5.0,96.8000030517578,95.25,153.3000030517578,152.6999969482422,True,7.8211798667907715,2023-06-19,False,0.0,0.0,97.61954049709054,-0.008430657581916634,True
2023-06-21,NetEase,5.0,94.87999725341795,94.9800033569336,148.6999969482422,148.5,True,7.8171000480651855,2023-06-20,False,0.0,0.0,94.98407279356448,-0.0010963164388586577,True
2023-06-23,NetEase,5.0,93.0,93.06999969482422,147.8000030517578,147.10000610351562,True,7.8282999992370605,2023-06-22,False,0.0,0.0,93.95399136329208,-0.010205715713244246,True
2023-06-26,NetEase,5.0,92.79000091552734,92.5,147.10000610351562,145.60000610351562,True,7.830100059509277,2023-06-23,False,0.0,0.0,92.97455013150916,-0.0019869159713818974,True
2023-06-27,NetEase,5.0,97.0500030517578,96.83999633789062,146.6999969482422,152.8000030517578,True,7.829730033874512,2023-06-26,False,0.0,0.0,97.57680174839011,-0.005413437102583352,True
2023-06-28,NetEase,5.0,96.48999786376952,96.13999938964844,152.8000030517578,152.8000030517578,True,7.8302001953125,2023-06-27,False,0.0,0.0,97.57094278587574,-0.011140377841710958,True
2023-06-29,NetEase,5.0,96.45999908447266,97.98999786376952,154.0,152.60000610351562,True,7.833109855651856,2023-06-28,False,0.0,0.0,97.4070381468029,-0.009770063122398476,True
2023-06-30,NetEase,5.0,97.47000122070312,96.69000244140624,151.8000030517578,152.60000610351562,True,7.832940101623535,2023-06-29,False,0.0,0.0,97.40914913410751,0.0006245110209333049,True
2023-07-03,NetEase,5.0,99.23999786376952,99.30999755859376,153.60000610351562,155.0,True,7.838799953460693,2023-06-30,False,0.0,0.0,98.86717413395031,0.0037638634300680707,True
2023-07-05,NetEase,5.0,98.13999938964844,98.12999725341795,155.5,155.10000610351562,True,7.834099769592285,2023-07-04,False,0.0,0.0,98.99031839339696,-0.008627026903788249,True
2023-07-06,NetEase,5.0,97.02999877929688,95.77999877929688,154.60000610351562,152.39999389648438,True,7.831399917602539,2023-07-05,False,0.0,0.0,97.30060749032674,-0.0027850361930887857,True
2023-07-07,NetEase,5.0,95.37000274658205,96.4499969482422,150.0,147.60000610351562,True,7.822100162506104,2023-07-06,False,0.0,0.0,94.34806703895902,0.010773307918800157,True
2023-07-10,NetEase,5.0,96.26000213623048,97.36000061035156,151.3000030517578,150.5,True,7.820400238037109,2023-07-07,False,0.0,0.0,96.2226966773346,0.00038762402639758164,True
2023-07-11,NetEase,5.0,97.36000061035156,98.6500015258789,153.89999389648438,153.10000610351562,True,7.827300071716309,2023-07-10,False,0.0,0.0,97.7987330885253,-0.004496167903519144,True
2023-07-12,NetEase,5.0,101.80999755859376,102.8000030517578,154.8000030517578,157.10000610351562,True,7.828199863433838,2023-07-11,False,0.0,0.0,100.34235765833127,0.014520391664464505,True
2023-07-13,NetEase,5.0,104.81999969482422,104.9499969482422,160.0,163.60000610351562,True,7.8267998695373535,2023-07-12,False,0.0,0.0,104.51270559520906,0.0029359418053918063,True
2023-07-14,NetEase,5.0,106.0,105.33999633789062,168.60000610351562,166.89999389648438,True,7.8254899978637695,2023-07-13,False,0.0,0.0,106.6386858471772,-0.006007258418924799,True
2023-07-18,NetEase,5.0,105.31999969482422,103.25,164.1999969482422,165.10000610351562,True,7.814700126647949,2023-07-17,False,0.0,0.0,105.63425558744626,-0.002979376971222081,True
2023-07-19,NetEase,5.0,103.75,102.91000366210938,161.39999389648438,163.10000610351562,True,7.81397008895874,2023-07-18,False,0.0,0.0,104.3643655188663,-0.005904131624959064,True
2023-07-20,NetEase,5.0,101.97000122070312,102.48999786376952,161.5,160.39999389648438,True,7.813899993896484,2023-07-19,False,0.0,0.0,102.63760351538568,-0.006525707240330192,True
2023-07-21,NetEase,5.0,102.31999969482422,102.20999908447266,160.5,160.1999969482422,True,7.8084001541137695,2023-07-20,False,0.0,0.0,102.5818309681802,-0.0025556766869385683,True
2023-07-24,NetEase,5.0,101.62999725341795,105.58000183105467,156.3000030517578,158.0,True,7.813700199127197,2023-07-21,False,0.0,0.0,101.10446777677038,0.0051844234149136526,True
2023-07-25,NetEase,5.0,107.0,106.19000244140624,162.0,165.0,True,7.817070007324219,2023-07-24,False,0.0,0.0,105.5382642380092,0.013755253104286602,True
2023-07-26,NetEase,5.0,107.0,108.98999786376952,166.0,167.39999389648438,True,7.813469886779785,2023-07-25,False,0.0,0.0,107.12269729209643,-0.0011460467019857035,True
2023-07-27,NetEase,5.0,109.30999755859376,107.0,170.0,170.5,True,7.811200141906738,2023-07-26,False,0.0,0.0,109.1381586071999,0.0015732701969595198,True
2023-07-28,NetEase,5.0,108.94000244140624,108.5,167.0,168.5,True,7.802000045776367,2023-07-27,False,0.0,0.0,107.98513138385452,0.00880374909129511,True
2023-07-31,NetEase,5.0,107.98999786376952,108.73999786376952,171.3000030517578,169.5,True,7.8029398918151855,2023-07-28,False,0.0,0.0,108.61290894845628,-0.0057516569014914865,True
2023-08-01,NetEase,5.0,108.62999725341795,109.66999816894533,172.39999389648438,171.60000610351562,True,7.796470165252685,2023-07-31,False,0.0,0.0,110.04980617273615,-0.012985459543626732,True
2023-08-02,NetEase,5.0,107.08999633789062,106.80999755859376,169.6999969482422,168.3000030517578,True,7.797920227050781,2023-08-01,False,0.0,0.0,107.91339110390582,-0.00765940296363965,True
2023-08-03,NetEase,5.0,109.41000366210938,108.87000274658205,166.10000610351562,168.6999969482422,True,7.79419994354248,2023-08-02,False,0.0,0.0,108.22149686319678,0.010922303172405279,True
2023-08-04,NetEase,5.0,110.4000015258789,108.52999877929688,170.1999969482422,172.89999389648438,True,7.8018798828125,2023-08-03,False,0.0,0.0,110.80662384804343,-0.003676406884000727,True
2023-08-07,NetEase,5.0,109.5,108.1999969482422,169.5,171.89999389648438,True,7.808199882507324,2023-08-04,False,0.0,0.0,110.07658390097772,-0.005251791570655584,True
2023-08-08,NetEase,5.0,106.01000213623048,106.9499969482422,170.3000030517578,168.1999969482422,True,7.811500072479248,2023-08-07,False,0.0,0.0,107.66177775561239,-0.015461176244747854,True
2023-08-09,NetEase,5.0,108.25,107.4000015258789,168.1999969482422,168.6999969482422,True,7.807400226593018,2023-08-08,False,0.0,0.0,108.03852246079823,0.001955513905103068,True
2023-08-10,NetEase,5.0,108.94000244140624,107.25,167.1999969482422,170.3000030517578,True,7.8140997886657715,2023-08-09,False,0.0,0.0,108.96968790875648,-0.00027245660792907245,True
2023-08-11,NetEase,5.0,104.44000244140624,103.05999755859376,170.3000030517578,163.60000610351562,True,7.820419788360596,2023-08-10,False,0.0,0.0,104.59796950223007,-0.001511372210748263,True
2023-08-14,NetEase,5.0,102.81999969482422,103.0199966430664,159.60000610351562,162.1999969482422,True,7.8196001052856445,2023-08-11,False,0.0,0.0,103.71374160080347,-0.008654735823176551,True
2023-08-15,NetEase,5.0,103.58999633789062,102.66999816894533,160.3000030517578,162.3000030517578,True,7.817599773406982,2023-08-14,False,0.0,0.0,103.80424155496641,-0.0020660679434856277,True
2023-08-16,NetEase,5.0,101.4000015258789,101.52999877929688,160.89999389648438,162.39999389648438,True,7.819300174713135,2023-08-15,False,0.0,0.0,103.84560655547561,-0.02383213754532232,True
2023-08-17,NetEase,5.0,103.01000213623048,101.44000244140624,157.89999389648438,161.89999389648438,True,7.824100017547607,2023-08-16,False,0.0,0.0,103.46237492707209,-0.0043819277050101135,True
2023-08-18,NetEase,5.0,98.54000091552734,98.29000091552734,158.0,156.5,True,7.831299781799316,2023-08-17,False,0.0,0.0,99.91955637027256,-0.013902859551574664,True
2023-08-21,NetEase,5.0,99.2300033569336,100.4000015258789,153.1999969482422,155.6999969482422,True,7.829699993133545,2023-08-18,False,0.0,0.0,99.42909503862681,-0.00200435570235058,True
2023-08-22,NetEase,5.0,102.0999984741211,101.86000061035156,156.0,159.1999969482422,True,7.832640171051025,2023-08-21,False,0.0,0.0,101.62601209272702,0.004653183315266318,True
2023-08-23,NetEase,5.0,101.45999908447266,102.63999938964844,160.39999389648438,158.8000030517578,True,7.839000225067139,2023-08-22,False,0.0,0.0,101.28842868504812,0.001692446568050343,True
2023-08-24,NetEase,5.0,98.16999816894533,98.58999633789062,158.8000030517578,164.60000610351562,True,7.83788013458252,2023-08-23,False,0.0,0.0,105.00288552338453,-0.06728717990246036,True
2023-08-25,NetEase,5.0,99.12000274658205,98.76000213623048,155.0,153.5,True,7.840799808502197,2023-08-24,False,0.0,0.0,97.88542224579676,0.012533631118785138,True
2023-08-28,NetEase,5.0,100.3499984741211,103.52999877929688,161.1999969482422,158.0,True,7.841300010681152,2023-08-25,False,0.0,0.0,100.74860022239793,-0.003964247119284003,True
2023-08-29,NetEase,5.0,104.97000122070312,104.91000366210938,162.0,163.60000610351562,True,7.843339920043945,2023-08-28,False,0.0,0.0,104.2923089980008,0.006476986621891889,True
2023-08-30,NetEase,5.0,104.1500015258789,104.04000091552734,165.39999389648438,162.60000610351562,True,7.84591007232666,2023-08-29,False,0.0,0.0,103.62087036723932,0.0050934213997635425,True
2023-08-31,NetEase,5.0,103.0,103.4800033569336,163.0,163.8000030517578,True,7.846199989318848,2023-08-30,False,0.0,0.0,104.38174101778012,-0.013325777457374066,True
2023-09-05,NetEase,5.0,101.94000244140624,101.4000015258789,162.1999969482422,160.8000030517578,True,7.845590114593506,2023-09-04,False,0.0,0.0,102.47795303036243,-0.005263254194731282,True
2023-09-06,NetEase,5.0,100.44000244140624,100.22000122070312,160.0,157.60000610351562,True,7.835700035095215,2023-09-05,False,0.0,0.0,100.56536454792999,-0.0012473510001793642,True
2023-09-07,NetEase,5.0,98.48999786376952,97.94000244140624,157.39999389648438,155.60000610351562,True,7.841599941253662,2023-09-06,False,0.0,0.0,99.21445066645376,-0.007328677230760583,True
2023-09-11,NetEase,5.0,102.02999877929688,101.41000366210938,154.39999389648438,160.10000610351562,True,7.836880207061768,2023-09-08,False,0.0,0.0,102.14524266891972,-0.001128872443532991,True
2023-09-12,NetEase,5.0,102.02999877929688,101.55999755859376,159.1999969482422,159.5,True,7.840419769287109,2023-09-11,False,0.0,0.0,101.71649267096738,0.0030774159939568335,True
2023-09-13,NetEase,5.0,100.7300033569336,101.12000274658205,159.5,158.39999389648438,True,7.831860065460205,2023-09-12,False,0.0,0.0,101.12539841911533,-0.0039176119578918644,True
2023-09-14,NetEase,5.0,102.3499984741211,101.76000213623048,159.6999969482422,158.6999969482422,True,7.827400207519531,2023-09-13,False,0.0,0.0,101.37465361473674,0.009575201639778541,True
2023-09-15,NetEase,5.0,101.5999984741211,101.5,158.5,161.0,True,7.826300144195557,2023-09-14,False,0.0,0.0,102.858309184198,-0.012308882055424242,True
2023-09-18,NetEase,5.0,100.95999908447266,101.43000030517578,157.8000030517578,158.3000030517578,True,7.82919979095459,2023-09-15,False,0.0,0.0,101.09590205799103,-0.0013452019292063966,True
2023-09-19,NetEase,5.0,101.5999984741211,101.31999969482422,159.0,160.10000610351562,True,7.82544994354248,2023-09-18,False,0.0,0.0,102.2944413794566,-0.006811814888712853,True
2023-09-20,NetEase,5.0,99.98999786376952,98.33000183105467,158.60000610351562,155.0,True,7.81820011138916,2023-09-19,False,0.0,0.0,99.1276750349507,0.008661493551215926,True
2023-09-21,NetEase,5.0,96.98999786376952,96.8000030517578,153.10000610351562,152.39999389648438,True,7.820899963378906,2023-09-20,False,0.0,0.0,97.43123848284218,-0.004539024490613386,True
2023-09-22,NetEase,5.0,103.8499984741211,101.83999633789062,153.8000030517578,161.89999389648438,True,7.823800086975098,2023-09-21,False,0.0,0.0,103.46634122592944,0.003701181360959538,True
2023-09-25,NetEase,5.0,99.04000091552734,100.81999969482422,158.0,158.0,True,7.821000099182129,2023-09-22,False,0.0,0.0,101.01009972913991,-0.019696690979775333,True
2023-09-26,NetEase,5.0,100.51000213623048,100.16000366210938,158.0,156.8000030517578,True,7.820409774780273,2023-09-25,False,0.0,0.0,100.25050321366527,0.002585160528794539,True
2023-09-27,NetEase,5.0,99.12999725341795,98.93000030517578,156.0,155.1999969482422,True,7.816359996795654,2023-09-26,False,0.0,0.0,99.27894634578435,-0.0015014355466629326,True
2023-09-28,NetEase,5.0,96.3499984741211,98.56999969482422,154.89999389648438,151.1999969482422,True,7.821300029754639,2023-09-27,False,0.0,0.0,96.65912084501984,-0.0032031920180779494,True
2023-09-29,NetEase,5.0,101.54000091552734,100.16000366210938,154.10000610351562,159.5,True,7.821080207824707,2023-09-28,False,0.0,0.0,101.9680119380607,-0.004206337112803382,True
2023-10-03,NetEase,5.0,97.4499969482422,98.81999969482422,157.1999969482422,153.8000030517578,True,7.831600189208984,2023-10-02,False,0.0,0.0,98.19193992032176,-0.007584739149927522,True
2023-10-04,NetEase,5.0,98.0500030517578,99.16999816894533,154.39999389648438,152.6999969482422,True,7.831900119781494,2023-10-03,False,0.0,0.0,97.48591951687354,0.0057696314034929586,True
2023-10-05,NetEase,5.0,98.33000183105467,99.2300033569336,154.89999389648438,154.1999969482422,True,7.832600116729736,2023-10-04,False,0.0,0.0,98.43474366761347,-0.0010646403773879598,True
2023-10-06,NetEase,5.0,99.69000244140624,100.94000244140624,157.1999969482422,156.89999389648438,True,7.828800201416016,2023-10-05,False,0.0,0.0,100.20692178867041,-0.00517187046752543,True
2023-10-09,NetEase,5.0,101.83999633789062,104.08000183105467,156.89999389648438,160.1999969482422,True,7.831099987030029,2023-10-06,False,0.0,0.0,102.2844793282984,-0.004355025936714441,True
2023-10-10,NetEase,5.0,105.61000061035156,106.41999816894533,163.8000030517578,165.39999389648438,True,7.831459999084473,2023-10-09,False,0.0,0.0,105.5997182618696,9.73662437973033e-05,True
2023-10-11,NetEase,5.0,108.04000091552734,108.77999877929688,168.10000610351562,166.0,True,7.828700065612793,2023-10-10,False,0.0,0.0,106.02015571470633,0.018872313110255057,True
2023-10-12,NetEase,5.0,108.73999786376952,107.22000122070312,170.89999389648438,171.0,True,7.819240093231201,2023-10-11,False,0.0,0.0,109.34566400386386,-0.005554401807464693,True
2023-10-13,NetEase,5.0,104.66000366210938,105.5,167.5,163.6999969482422,True,7.819699764251709,2023-10-12,False,0.0,0.0,104.67153591791842,-0.00011018173223042993,True
2023-10-16,NetEase,5.0,104.4499969482422,106.13999938964844,164.60000610351562,162.8000030517578,True,7.823800086975098,2023-10-13,False,0.0,0.0,104.0415151473412,0.0039184551875282025,True
2023-10-17,NetEase,5.0,103.87000274658205,103.7699966430664,164.89999389648438,163.5,True,7.823309898376465,2023-10-16,False,0.0,0.0,104.49541314599489,-0.006003033419547776,True
2023-10-18,NetEase,5.0,104.22000122070312,104.0500030517578,160.5,163.1999969482422,True,7.817500114440918,2023-10-17,False,0.0,0.0,104.38119255461866,-0.0015454500818607997,True
2023-10-19,NetEase,5.0,102.79000091552734,102.75,161.8000030517578,159.8000030517578,True,7.8242998123168945,2023-10-18,False,0.0,0.0,102.11776573298167,0.006561367636468418,True
2023-10-20,NetEase,5.0,101.41000366210938,100.62000274658205,158.39999389648438,158.3000030517578,True,7.828589916229248,2023-10-19,False,0.0,0.0,101.1037777848027,0.003024249594433037,True
2023-10-24,NetEase,5.0,100.87000274658205,106.0,158.3000030517578,156.8000030517578,True,7.825240135192871,2023-10-23,False,0.0,0.0,100.18862063195529,0.006777970641429043,True
2023-10-25,NetEase,5.0,104.38999938964844,104.91000366210938,166.89999389648438,162.0,True,7.8238701820373535,2023-10-24,False,0.0,0.0,103.52932514903694,0.008278972226356984,True
2023-10-26,NetEase,5.0,105.3499984741211,105.08000183105467,161.8000030517578,163.60000610351562,True,7.823550224304199,2023-10-25,False,0.0,0.0,104.55611673283894,0.007564196267406231,True
2023-10-27,NetEase,5.0,107.5199966430664,106.77999877929688,162.39999389648438,169.3000030517578,True,7.821899890899658,2023-10-26,False,0.0,0.0,108.2217910054876,-0.006505896196136618,True
2023-10-30,NetEase,5.0,107.75,107.8499984741211,168.10000610351562,170.0,True,7.820400238037109,2023-10-27,False,0.0,0.0,108.69008927007894,-0.008686885918335996,True
2023-10-31,NetEase,5.0,107.83999633789062,106.91999816894533,169.8000030517578,168.3000030517578,True,7.821569919586182,2023-10-30,False,0.0,0.0,107.58709874235971,0.002347872830124942,True
2023-11-01,NetEase,5.0,107.3000030517578,108.3499984741211,166.3000030517578,167.60000610351562,True,7.820700168609619,2023-10-31,False,0.0,0.0,107.15153534220704,0.0013846273557440725,True
2023-11-02,NetEase,5.0,108.95999908447266,109.76000213623048,169.39999389648438,169.1999969482422,True,7.82436990737915,2023-11-01,False,0.0,0.0,108.12372047279484,0.007704702594381274,True
2023-11-03,NetEase,5.0,110.12999725341795,112.72000122070312,169.5,173.10000610351562,True,7.822189807891846,2023-11-02,False,0.0,0.0,110.64676922623009,-0.004681406697192081,True
2023-11-06,NetEase,5.0,112.55999755859376,111.55999755859376,173.60000610351562,175.60000610351562,True,7.824520111083984,2023-11-03,False,0.0,0.0,112.21135840315998,0.0031021696117354836,True
2023-11-07,NetEase,5.0,111.5500030517578,111.81999969482422,173.0,174.0,True,7.824120044708252,2023-11-06,False,0.0,0.0,111.19461294416283,0.0031910123400376023,True
2023-11-08,NetEase,5.0,111.6500015258789,112.12000274658205,172.0,173.8000030517578,True,7.820899963378906,2023-11-07,False,0.0,0.0,111.11253427711026,0.004825481894911832,True
2023-11-09,NetEase,5.0,112.68000030517578,112.97000122070312,176.0,176.8000030517578,True,7.819699764251709,2023-11-08,False,0.0,0.0,113.04782049306489,-0.0032589736802233205,True
2023-11-10,NetEase,5.0,112.4000015258789,113.87999725341795,175.6999969482422,175.1999969482422,True,7.81466007232666,2023-11-09,False,0.0,0.0,112.09700442931734,0.002699343621564765,True
2023-11-13,NetEase,5.0,114.93000030517578,115.12999725341795,176.0,179.0,True,7.808899879455566,2023-11-10,False,0.0,0.0,114.61281535375494,0.002763625185903784,True
2023-11-14,NetEase,5.0,114.27999877929688,114.27999877929688,179.60000610351562,174.8000030517578,True,7.811180114746094,2023-11-13,False,0.0,0.0,111.89090539710323,0.021127229043934825,True
2023-11-15,NetEase,5.0,116.0,115.08000183105467,177.5,180.0,True,7.808599948883057,2023-11-14,False,0.0,0.0,115.25753731675499,0.006421111656534251,True
2023-11-16,NetEase,5.0,111.1999969482422,112.3499984741211,178.8000030517578,175.6999969482422,True,7.805319786071777,2023-11-15,False,0.0,0.0,112.55144040463946,-0.012080010807067332,True
2023-11-17,NetEase,5.0,116.25,117.13999938964844,176.39999389648438,179.39999389648438,True,7.807069778442383,2023-11-16,False,0.0,0.0,114.8958565682739,0.011716921461637497,True
2023-11-20,NetEase,5.0,116.13999938964844,118.47000122070312,182.8999938964844,183.1999969482422,True,7.802360057830811,2023-11-17,False,0.0,0.0,117.40037347057199,-0.010793733880682055,True
2023-11-21,NetEase,5.0,115.25,116.4800033569336,183.1000061035156,179.60000610351562,True,7.7954301834106445,2023-11-20,False,0.0,0.0,115.19569919676793,0.00047126767326410857,True
2023-11-22,NetEase,5.0,117.0,116.76000213623048,179.0,181.3999938964844,True,7.792290210723877,2023-11-21,False,0.0,0.0,116.39709827980917,0.005166328678766874,True
2023-11-24,NetEase,5.0,112.48999786376952,115.41000366210938,179.3000030517578,175.1999969482422,True,7.796500205993652,2023-11-23,False,0.0,0.0,112.35810448228752,0.0011731777607497662,True
2023-11-27,NetEase,5.0,113.01000213623048,114.3000030517578,178.8000030517578,176.60000610351562,True,7.798299789428711,2023-11-24,False,0.0,0.0,113.22981346710513,-0.0019431716690023748,True
2023-11-28,NetEase,5.0,114.16999816894533,114.20999908447266,177.60000610351562,177.39999389648438,True,7.791699886322021,2023-11-27,False,0.0,0.0,113.83908292457599,0.0029026517288084364,True
2023-11-29,NetEase,5.0,113.37000274658205,113.62000274658205,178.5,176.8000030517578,True,7.788690090179443,2023-11-28,False,0.0,0.0,113.49790594100048,-0.0011275566360140488,True
2023-11-30,NetEase,5.0,113.37000274658205,113.4800033569336,176.0,176.3000030517578,True,7.794509887695312,2023-11-29,False,0.0,0.0,113.09242376488046,0.002451436425792153,True
2023-12-01,NetEase,5.0,112.01000213623048,109.37999725341795,175.0,175.8000030517578,True,7.804100036621094,2023-11-30,False,0.0,0.0,112.63310453915783,-0.0055475016361237195,True
2023-12-04,NetEase,5.0,106.6999969482422,104.18000030517578,171.3000030517578,166.60000610351562,True,7.810259819030762,2023-12-01,False,0.0,0.0,106.65458637981033,0.0004256816836010202,True
2023-12-05,NetEase,5.0,101.18000030517578,102.7300033569336,161.39999389648438,158.0,True,7.814080238342285,2023-12-04,False,0.0,0.0,101.09955054257213,0.000795431535301816,True
2023-12-06,NetEase,5.0,104.97000122070312,102.55999755859376,160.5,165.1999969482422,True,7.815529823303223,2023-12-05,False,0.0,0.0,105.68701078695433,-0.006807391107486183,True
2023-12-07,NetEase,5.0,104.88999938964844,104.76000213623048,160.3000030517578,164.5,True,7.8190999031066895,2023-12-06,False,0.0,0.0,105.19113583306485,-0.0028668604570114553,True
2023-12-08,NetEase,5.0,104.8000030517578,104.54000091552734,163.0,165.0,True,7.810770034790039,2023-12-07,False,0.0,0.0,105.6233887728557,-0.007826030332738654,True
2023-12-11,NetEase,5.0,104.8000030517578,105.0199966430664,162.3000030517578,164.3000030517578,True,7.811500072479248,2023-12-08,False,0.0,0.0,105.16546215662491,-0.0034811388965048096,True
2023-12-12,NetEase,5.0,105.87999725341795,106.66999816894533,164.3000030517578,165.5,True,7.809460163116455,2023-12-11,False,0.0,0.0,105.96122942123782,-0.0007669156101144381,True
2023-12-13,NetEase,5.0,107.5,106.93000030517578,166.89999389648438,168.3000030517578,True,7.80620002746582,2023-12-12,False,0.0,0.0,107.79893063180587,-0.0027768909303880207,True
2023-12-14,NetEase,5.0,105.19000244140624,104.44000244140624,168.10000610351562,163.0,True,7.809500217437744,2023-12-13,False,0.0,0.0,104.36007136285056,0.007921117878171735,True
2023-12-15,NetEase,5.0,104.77999877929688,102.88999938964844,159.0,163.39999389648438,True,7.811399936676025,2023-12-14,False,0.0,0.0,104.59072331534963,0.0018080418657930863,True
2023-12-18,NetEase,5.0,102.58000183105467,102.91000366210938,160.60000610351562,160.3000030517578,True,7.8069000244140625,2023-12-15,False,0.0,0.0,102.66559232887636,-0.0008340301104485803,True
2023-12-19,NetEase,5.0,103.37000274658205,103.22000122070312,160.0,161.5,True,7.802299976348877,2023-12-18,False,0.0,0.0,103.49512354661778,-0.0012096849530474074,True
2023-12-20,NetEase,5.0,103.16000366210938,102.05999755859376,161.5,162.10000610351562,True,7.795100212097168,2023-12-19,False,0.0,0.0,103.97557548519622,-0.007874803943192177,True
2023-12-21,NetEase,5.0,103.61000061035156,104.41000366210938,161.39999389648438,161.8000030517578,True,7.799600124359131,2023-12-20,False,0.0,0.0,103.72326816245109,-0.0010926134916813268,True
2023-12-22,NetEase,5.0,82.0,87.63999938964844,161.0,122.0,True,7.806859970092773,2023-12-21,False,0.0,0.0,78.13640853516564,0.04826312061880067,True
2023-12-27,NetEase,5.0,88.5199966430664,87.62999725341797,139.0,136.5,True,7.809899806976318,2023-12-26,False,0.0,0.0,87.38908524669496,0.01285808515790432,True
2023-12-28,NetEase,5.0,89.94000244140625,89.30000305175781,135.0,141.10000610351562,True,7.80679988861084,2023-12-27,False,0.0,0.0,90.36993910229668,-0.004768871555453913,True
2023-12-29,NetEase,5.0,91.9499969482422,93.16000366210938,141.1999969482422,140.60000610351562,True,7.809899806976318,2023-12-28,False,0.0,0.0,90.01396277703999,0.021280117596905512,True
2020-09-10,YumChina,1.0,51.25,50.65999984741211,410.0,390.2000122070313,True,7.750199794769287,2020-09-09,False,0.0,0.0,50.34709072537491,0.017774781548658414,False
2020-09-11,YumChina,1.0,51.0,51.36000061035156,388.0,397.0,True,7.7505998611450195,2020-09-10,False,0.0,0.0,51.221841807396565,-0.004340406154878629,False
2020-09-14,YumChina,1.0,52.25,52.16999816894531,400.2000122070313,402.0,True,7.750199794769287,2020-09-11,False,0.0,0.0,51.869630544404174,0.007306425229088198,False
2020-09-15,YumChina,1.0,52.34000015258789,52.0,405.0,404.6000061035156,True,7.750120162963867,2020-09-14,False,0.0,0.0,52.20564295725514,0.0025703083419870154,False
2020-09-16,YumChina,1.0,52.15999984741211,51.970001220703125,403.0,402.3999938964844,True,7.750199794769287,2020-09-15,False,0.0,0.0,51.92124132955507,0.004587934078458034,False
2020-09-17,YumChina,1.0,51.52000045776367,52.0099983215332,401.7999877929687,402.6000061035156,True,7.749810218811035,2020-09-16,False,0.0,0.0,51.9496600221627,-0.008305082514604045,False
2020-09-18,YumChina,1.0,52.130001068115234,51.29999923706055,401.6000061035156,406.0,True,7.750699996948242,2020-09-17,False,0.0,0.0,52.382365484389574,-0.004829378858941524,False
2020-09-21,YumChina,1.0,50.290000915527344,50.720001220703125,400.0,391.7999877929687,True,7.749899864196777,2020-09-18,False,0.0,0.0,50.55549034936802,-0.005265283432347445,False
2020-09-22,YumChina,1.0,50.689998626708984,51.20000076293945,391.0,387.7999877929687,True,7.749800205230713,2020-09-21,False,0.0,0.0,50.039998131980724,0.012905977124117562,False
2020-09-23,YumChina,1.0,50.869998931884766,50.36000061035156,391.7999877929687,391.7999877929687,True,7.749899864196777,2020-09-22,False,0.0,0.0,50.55549034936802,0.006201786016537092,False
2020-09-24,YumChina,1.0,50.04999923706055,51.38999938964844,390.0,388.7999877929687,True,7.749899864196777,2020-09-23,False,0.0,0.0,50.16838857352966,-0.0023626281389348414,False
2020-09-25,YumChina,1.0,51.09000015258789,51.43000030517578,397.3999938964844,396.0,True,7.749899864196777,2020-09-24,False,0.0,0.0,51.09743441066288,-0.0001455023921459464,False
2020-09-28,YumChina,1.0,51.869998931884766,52.0,395.0,396.2000122070313,True,7.75,2020-09-25,False,0.0,0.0,51.1225822202621,0.014514246061680058,False
2020-09-29,YumChina,1.0,52.04999923706055,51.560001373291016,398.6000061035156,401.0,True,7.749889850616455,2020-09-28,False,0.0,0.0,51.742670893329276,0.005921983537159559,False
2020-09-30,YumChina,1.0,51.939998626708984,52.95000076293945,401.0,398.0,True,7.750100135803223,2020-09-29,False,0.0,0.0,51.35417517528,0.011342938540800596,False
2020-10-05,YumChina,1.0,53.16999816894531,53.54999923706055,411.7999877929687,409.3999938964844,True,7.75,2020-10-02,False,0.0,0.0,52.8258056640625,0.006494478125012915,False
2020-10-06,YumChina,1.0,53.470001220703125,53.310001373291016,412.0,412.0,True,7.75,2020-10-05,False,0.0,0.0,53.16129032258065,0.0057902658060515755,False
2020-10-07,YumChina,1.0,53.79999923706055,53.369998931884766,411.3999938964844,412.6000061035156,True,7.750060081481934,2020-10-06,False,0.0,0.0,53.2382977377667,0.010495433341228377,False
2020-10-08,YumChina,1.0,53.380001068115234,53.720001220703125,411.2000122070313,411.0,True,7.749899864196777,2020-10-07,False,0.0,0.0,53.03294328985466,0.006522872022774351,False
2020-10-09,YumChina,1.0,53.959999084472656,53.9900016784668,411.2000122070313,413.6000061035156,True,7.749820232391357,2020-10-08,False,0.0,0.0,53.36898066032834,0.011013323697266486,False
2020-10-12,YumChina,1.0,54.279998779296875,53.900001525878906,416.0,416.0,True,7.749839782714844,2020-10-09,False,0.0,0.0,53.678529061702896,0.01114272216987855,False
2020-10-14,YumChina,1.0,53.939998626708984,53.40999984741211,416.0,415.0,True,7.749800205230713,2020-10-13,False,0.0,0.0,53.549767608188986,0.007260835083997552,False
2020-10-15,YumChina,1.0,52.79999923706055,53.34000015258789,414.0,410.0,True,7.753200054168701,2020-10-14,False,0.0,0.0,52.88139054009748,-0.0015403150791408748,False
2020-10-16,YumChina,1.0,53.65999984741211,53.47999954223633,410.0,412.7999877929687,True,7.749790191650391,2020-10-15,False,0.0,0.0,53.26595657231064,0.007370428511506599,False
2020-10-19,YumChina,1.0,53.599998474121094,52.79999923706055,412.7999877929687,414.3999938964844,True,7.749969959259033,2020-10-16,False,0.0,0.0,53.471174220668175,0.00240633052525574,False
2020-10-20,YumChina,1.0,53.119998931884766,53.72999954223633,412.0,410.7999877929687,True,7.7501702308654785,2020-10-19,False,0.0,0.0,53.005285762232056,0.0021618451184379772,False
2020-10-21,YumChina,1.0,53.93000030517578,53.81999969482422,416.0,416.3999938964844,True,7.749969959259033,2020-10-20,False,0.0,0.0,53.72923973711712,0.003729560057981196,False
2020-10-22,YumChina,1.0,54.11000061035156,54.70000076293945,415.6000061035156,414.6000061035156,True,7.751200199127197,2020-10-21,False,0.0,0.0,53.488491517765276,0.011552503989849416,False
2020-10-23,YumChina,1.0,54.7400016784668,55.27000045776367,418.0,421.6000061035156,True,7.749800205230713,2020-10-22,False,0.0,0.0,54.401403254106796,0.006204785633594501,False
2020-10-27,YumChina,1.0,54.779998779296875,53.97999954223633,418.3999938964844,421.0,True,7.749780178070068,2020-10-26,False,0.0,0.0,54.32412150106196,0.008356786711808617,False
2020-10-28,YumChina,1.0,53.220001220703125,52.220001220703125,424.0,415.2000122070313,True,7.754199981689453,2020-10-27,False,0.0,0.0,53.545177218471636,-0.006091443071821523,False
2020-10-29,YumChina,1.0,54.4900016784668,54.220001220703125,411.2000122070313,428.0,True,7.7505998611450195,2020-10-28,False,0.0,0.0,55.221532225606374,-0.013335724375596048,False
2020-10-30,YumChina,1.0,53.88999938964844,53.22999954223633,425.0,418.0,True,7.750100135803223,2020-10-29,False,0.0,0.0,53.934786993133265,-0.0008307478746427677,False
2020-11-02,YumChina,1.0,53.59000015258789,52.650001525878906,418.0,412.3999938964844,True,7.751430034637451,2020-10-30,False,0.0,0.0,53.2030853731073,0.0072460959530684654,False
2020-11-03,YumChina,1.0,52.630001068115234,53.150001525878906,412.2000122070313,406.0,True,7.752590179443359,2020-11-02,False,0.0,0.0,52.36959398118876,0.004960164288416724,False
2020-11-04,YumChina,1.0,53.58000183105469,55.2400016784668,407.7999877929687,409.2000122070313,True,7.750999927520752,2020-11-03,False,0.0,0.0,52.793190044309384,0.014793692330175912,False
2020-11-05,YumChina,1.0,55.66999816894531,56.02000045776367,420.0,428.0,True,7.7530999183654785,2020-11-04,False,0.0,0.0,55.203725542883454,0.008410926579698774,False
2020-11-06,YumChina,1.0,56.150001525878906,57.20000076293945,429.0,431.0,True,7.754380226135254,2020-11-05,False,0.0,0.0,55.58148909791187,0.010176492430094441,False
2020-11-09,YumChina,1.0,58.5099983215332,57.369998931884766,440.2000122070313,444.6000061035156,True,7.754020214080811,2020-11-06,False,0.0,0.0,57.33799936401379,0.020234082023429245,False
2020-11-10,YumChina,1.0,57.2599983215332,57.33000183105469,446.0,440.3999938964844,True,7.753330230712891,2020-11-09,False,0.0,0.0,56.801397695141276,0.008041337623715172,False
2020-11-11,YumChina,1.0,57.619998931884766,58.84000015258789,440.0,446.6000061035156,True,7.752270221710205,2020-11-10,False,0.0,0.0,57.60893174915574,0.00019209034914524636,False
2020-11-12,YumChina,1.0,58.470001220703125,57.70000076293945,451.2000122070313,456.0,True,7.753600120544434,2020-11-11,False,0.0,0.0,58.811389923469655,-0.005821719262412373,False
2020-11-13,YumChina,1.0,58.16999816894531,57.7599983215332,455.3999938964844,451.0,True,7.753960132598877,2020-11-12,False,0.0,0.0,58.163827552314146,0.00010608465076611395,False
2020-11-16,YumChina,1.0,58.2400016784668,58.04999923706055,451.0,452.0,True,7.753789901733398,2020-11-13,False,0.0,0.0,58.294073701810404,-0.0009280037113210682,False
2020-11-17,YumChina,1.0,58.22999954223633,57.79999923706055,452.0,456.0,True,7.753339767456055,2020-11-16,False,0.0,0.0,58.8133647791393,-0.009968443252138748,False
2020-11-18,YumChina,1.0,58.4900016784668,59.810001373291016,455.7999877929687,457.2000122070313,True,7.753349781036377,2020-11-17,False,0.0,0.0,58.9680622078059,-0.008140150676615221,False
2020-11-19,YumChina,1.0,60.18000030517578,60.25,463.0,471.6000061035156,True,7.752289772033691,2020-11-18,False,0.0,0.0,60.83364012073026,-0.010802851149268378,False
2020-11-20,YumChina,1.0,60.02000045776367,60.11000061035156,468.0,469.2000122070313,True,7.752280235290527,2020-11-19,False,0.0,0.0,60.524129413060024,-0.008364271158592729,False
2020-11-23,YumChina,1.0,60.54999923706055,59.84000015258789,473.0,470.0,True,7.752600193023682,2020-11-20,False,0.0,0.0,60.62482113071406,-0.0012349414331387365,False
2020-11-24,YumChina,1.0,60.060001373291016,60.369998931884766,470.0,471.7999877929687,True,7.752200126647949,2020-11-23,False,0.0,0.0,60.86014035824111,-0.01323436529346278,False
2020-11-25,YumChina,1.0,59.880001068115234,58.709999084472656,471.6000061035156,467.7999877929687,True,7.752200126647949,2020-11-24,False,0.0,0.0,60.344157806881256,-0.007721560280212536,False
2020-11-27,YumChina,1.0,58.75,58.400001525878906,454.7999877929687,454.0,True,7.751160144805908,2020-11-26,False,0.0,0.0,58.57187717947328,0.003036483248820332,False
2020-11-30,YumChina,1.0,57.810001373291016,56.380001068115234,451.2000122070313,445.0,True,7.750699996948242,2020-11-27,False,0.0,0.0,57.41416906540237,0.006870674156717271,False
2020-12-01,YumChina,1.0,57.65999984741211,58.16999816894531,439.7999877929687,447.0,True,7.750470161437988,2020-11-30,False,0.0,0.0,57.67392050923858,-0.00024139753250462803,False
2020-12-02,YumChina,1.0,57.849998474121094,56.619998931884766,448.0,451.6000061035156,True,7.75121021270752,2020-12-01,False,0.0,0.0,58.26187056095469,-0.0070944308751155205,False
2020-12-03,YumChina,1.0,57.2599983215332,56.810001373291016,444.0,444.7999877929687,True,7.75190019607544,2020-12-02,False,0.0,0.0,57.379478133394684,-0.002084445233300869,False
2020-12-04,YumChina,1.0,57.400001525878906,56.7599983215332,443.0,447.0,True,7.751999855041504,2020-12-03,False,0.0,0.0,57.662539777950855,-0.004563408815823955,False
2020-12-07,YumChina,1.0,57.22999954223633,57.11000061035156,447.0,446.6000061035156,True,7.751200199127197,2020-12-04,False,0.0,0.0,57.61688443472326,-0.006737428871828044,False
2020-12-08,YumChina,1.0,56.88999938964844,57.209999084472656,446.0,442.2000122070313,True,7.750470161437988,2020-12-07,False,0.0,0.0,57.05460481703054,-0.0028892204774955133,False
2020-12-09,YumChina,1.0,57.130001068115234,56.7599983215332,442.2000122070313,445.3999938964844,True,7.750800132751465,2020-12-08,False,0.0,0.0,57.46503409556651,-0.005847268715481135,False
2020-12-10,YumChina,1.0,56.939998626708984,57.36000061035156,438.7999877929687,445.0,True,7.75137996673584,2020-12-09,False,0.0,0.0,57.40913255570835,-0.008205336696167187,False
2020-12-11,YumChina,1.0,56.470001220703125,56.790000915527344,443.3999938964844,444.7999877929687,True,7.751410007476807,2020-12-10,False,0.0,0.0,57.383106733346104,-0.016040406925471373,False
2020-12-14,YumChina,1.0,57.0099983215332,56.75,441.7999877929687,443.7999877929687,True,7.751369953155518,2020-12-11,False,0.0,0.0,57.254393800711505,-0.00427772549821448,False
2020-12-15,YumChina,1.0,57.349998474121094,57.470001220703125,444.7999877929687,445.2000122070313,True,7.75121021270752,2020-12-14,False,0.0,0.0,57.43619383166253,-0.0015018421991586095,False
2020-12-16,YumChina,1.0,57.68000030517578,57.81999969482422,447.2000122070313,450.0,True,7.7515997886657715,2020-12-15,False,0.0,0.0,58.052532673059396,-0.0064378380901768395,False
2020-12-17,YumChina,1.0,58.38999938964844,58.290000915527344,451.2000122070313,455.0,True,7.751200199127197,2020-12-16,False,0.0,0.0,58.700586787996265,-0.005305091330008338,False
2020-12-18,YumChina,1.0,58.400001525878906,58.2400016784668,455.2000122070313,455.6000061035156,True,7.751399993896484,2020-12-17,False,0.0,0.0,58.77647992133792,-0.006425857582671668,False
2020-12-21,YumChina,1.0,57.369998931884766,57.61000061035156,455.2000122070313,452.2000122070313,True,7.752089977264404,2020-12-18,False,0.0,0.0,58.332657842370125,-0.016640605347504334,False
2020-12-22,YumChina,1.0,57.38999938964844,57.209999084472656,450.0,444.7999877929687,True,7.752140045166016,2020-12-21,False,0.0,0.0,57.37770282805089,0.0002142860997826901,False
2020-12-23,YumChina,1.0,57.560001373291016,57.54999923706055,440.0,444.7999877929687,True,7.752630233764648,2020-12-22,False,0.0,0.0,57.374074911473684,0.0032353611741688937,False
2020-12-24,YumChina,1.0,57.66999816894531,57.709999084472656,444.6000061035156,444.6000061035156,False,7.752600193023682,2020-12-23,False,0.0,0.0,57.34850179731918,0.005590356490582593,False
2020-12-28,YumChina,1.0,57.59000015258789,57.119998931884766,444.0,443.2000122070313,True,7.753300189971924,2020-12-25,False,0.0,0.0,57.16275667750667,0.0074463648812228556,False
2020-12-29,YumChina,1.0,57.41999816894531,56.84000015258789,443.2000122070313,443.2000122070313,True,7.753469944000244,2020-12-28,False,0.0,0.0,57.1615051593753,0.004511957699794067,False
2020-12-30,YumChina,1.0,57.5099983215332,57.119998931884766,442.3999938964844,449.0,True,7.7546000480651855,2020-12-29,False,0.0,0.0,57.90111639761846,-0.006777849331782271,False
2020-12-31,YumChina,1.0,57.15999984741211,57.09000015258789,447.0,447.0,False,7.753769874572754,2020-12-30,False,0.0,0.0,57.64937665558851,-0.008525083698751601,False
2021-01-04,YumChina,1.0,57.5099983215332,57.04999923706055,445.7999877929687,445.6000061035156,True,7.753200054168701,2021-01-01,False,0.0,0.0,57.47304377421909,0.0006427825862482806,False
2021-01-05,YumChina,1.0,57.45000076293945,58.209999084472656,444.0,448.2000122070313,True,7.753009796142578,2021-01-04,False,0.0,0.0,57.80980857653864,-0.006243442262367616,False
2021-01-06,YumChina,1.0,58.38999938964844,58.02000045776367,448.2000122070313,457.2000122070313,True,7.7530198097229,2021-01-05,False,0.0,0.0,58.97057190975654,-0.009893906440005651,False
2021-01-07,YumChina,1.0,57.77000045776367,58.060001373291016,457.0,453.0,True,7.752749919891357,2021-01-06,False,0.0,0.0,58.43087996914882,-0.011374898964326086,False
2021-01-08,YumChina,1.0,58.439998626708984,59.869998931884766,453.0,456.3999938964844,True,7.752900123596191,2021-01-07,False,0.0,0.0,58.86829271892938,-0.007302058368784614,False
2021-01-11,YumChina,1.0,59.83000183105469,59.779998779296875,460.3999938964844,468.0,True,7.752999782562256,2021-01-08,False,0.0,0.0,60.36373186190554,-0.008881220720222238,False
2021-01-12,YumChina,1.0,59.939998626708984,58.189998626708984,472.7999877929687,461.6000061035156,True,7.754350185394287,2021-01-11,False,0.0,0.0,59.52787726468205,0.006899310692777938,False
2021-01-13,YumChina,1.0,57.790000915527344,58.40999984741211,460.0,449.0,True,7.755099773406982,2021-01-12,False,0.0,0.0,57.89738534888567,-0.0018564593369596594,False
2021-01-14,YumChina,1.0,58.7400016784668,57.4900016784668,455.0,455.0,True,7.754089832305908,2021-01-13,False,0.0,0.0,58.67871147227763,0.0010439598614384593,False
2021-01-15,YumChina,1.0,57.369998931884766,57.15999984741211,452.0,450.6000061035156,True,7.753399848937988,2021-01-14,False,0.0,0.0,58.11644115906598,-0.012927104193286354,False
2021-01-19,YumChina,1.0,58.0,59.290000915527344,450.3999938964844,452.7999877929687,True,7.753250122070312,2021-01-18,False,0.0,0.0,58.40131308340402,-0.006895363339857852,False
2021-01-20,YumChina,1.0,59.560001373291016,59.040000915527344,458.2000122070313,460.0,True,7.7530999183654785,2021-01-19,False,0.0,0.0,59.33110689188409,0.003850494247244818,False
2021-01-21,YumChina,1.0,58.93000030517578,59.310001373291016,456.2000122070313,459.0,True,7.751979827880859,2021-01-20,False,0.0,0.0,59.210680392788866,-0.004751633629580532,False
2021-01-22,YumChina,1.0,59.11000061035156,58.720001220703125,458.0,459.0,True,7.751800060272217,2021-01-21,False,0.0,0.0,59.21205351417197,-0.0017250026612796177,False
2021-01-25,YumChina,1.0,59.09000015258789,58.369998931884766,458.0,459.0,True,7.7515997886657715,2021-01-22,False,0.0,0.0,59.213583326520585,-0.002089255714013305,False
2021-01-26,YumChina,1.0,58.349998474121094,59.34000015258789,459.0,446.0,True,7.751709938049316,2021-01-25,False,0.0,0.0,57.535692584523346,0.014053836758157523,False
2021-01-27,YumChina,1.0,59.130001068115234,58.06999969482422,455.2000122070313,459.2000122070313,True,7.751399993896484,2021-01-26,False,0.0,0.0,59.24091294070867,-0.0018739722672629355,False
2021-01-28,YumChina,1.0,58.0,57.02000045776367,447.0,446.7999877929687,True,7.751699924468994,2021-01-27,False,0.0,0.0,57.63896850323128,0.006244135077804636,False
2021-01-29,YumChina,1.0,56.81999969482422,56.709999084472656,446.3999938964844,442.0,True,7.751659870147705,2021-01-28,False,0.0,0.0,57.0200456939783,-0.0035145137966452467,False
2021-02-01,YumChina,1.0,57.29999923706055,57.779998779296875,437.3999938964844,445.2000122070313,True,7.752520084381104,2021-01-29,False,0.0,0.0,57.426489368788566,-0.0022050737282803823,False
2021-02-02,YumChina,1.0,58.619998931884766,58.5,445.3999938964844,452.6000061035156,True,7.75285005569458,2021-02-01,False,0.0,0.0,58.37853213362155,0.004127695260855546,False
2021-02-03,YumChina,1.0,58.5099983215332,57.279998779296875,452.7999877929687,453.0,True,7.752620220184326,2021-02-02,False,0.0,0.0,58.43185750549115,0.0013364047820045855,False
2021-02-04,YumChina,1.0,56.0,55.97999954223633,456.0,438.0,True,7.751299858093262,2021-02-03,False,0.0,0.0,56.506651531830094,-0.0090066667151385,False
2021-02-05,YumChina,1.0,56.58000183105469,57.38999938964844,437.0,431.0,True,7.751259803771973,2021-02-04,False,0.0,0.0,55.60386452151478,0.01740289361188374,False
2021-02-08,YumChina,1.0,57.720001220703125,59.65999984741211,443.2000122070313,446.0,True,7.752500057220459,2021-02-05,False,0.0,0.0,57.52982866276901,0.003300182407679486,False
2021-02-09,YumChina,1.0,59.91999816894531,61.060001373291016,456.0,463.0,True,7.75246000289917,2021-02-08,False,0.0,0.0,59.72297823230986,0.0032934672916029584,False
2021-02-10,YumChina,1.0,61.54999923706055,60.5,468.6000061035156,472.3999938964844,True,7.752190113067627,2021-02-09,False,0.0,0.0,60.93761724189069,0.009999167509317175,False
2021-02-11,YumChina,1.0,60.83000183105469,61.75,473.0,473.0,False,7.751629829406738,2021-02-10,False,0.0,0.0,61.01942564460673,-0.003109148234338832,False
2021-02-16,YumChina,1.0,62.41999816894531,64.3499984741211,480.7999877929687,481.2000122070313,True,7.752289772033691,2021-02-15,False,0.0,0.0,62.07198471127274,0.0055909522229340425,False
2021-02-17,YumChina,1.0,64.06999969482422,64.18000030517578,491.0,503.0,True,7.752429962158203,2021-02-16,False,0.0,0.0,64.8828822001985,-0.012607601486923414,False
2021-02-18,YumChina,1.0,63.150001525878906,63.29999923706055,503.0,497.0,True,7.752079963684082,2021-02-17,False,0.0,0.0,64.11182577169996,-0.01511596336937071,False
2021-02-19,YumChina,1.0,63.7400016784668,62.560001373291016,488.7999877929687,496.3999938964844,True,7.752500057220459,2021-02-18,False,0.0,0.0,64.03095649565994,-0.0045543263393099664,False
2021-02-22,YumChina,1.0,62.59000015258789,61.5,493.7999877929687,483.6000061035156,True,7.752799987792969,2021-02-19,False,0.0,0.0,62.377464511526064,0.0034014588765396425,False
2021-02-23,YumChina,1.0,61.33000183105469,60.119998931884766,481.0,480.3999938964844,True,7.752749919891357,2021-02-22,False,0.0,0.0,61.96510900782627,-0.010302319205456989,False
2021-02-24,YumChina,1.0,60.0,60.33000183105469,472.0,465.0,True,7.753699779510498,2021-02-23,False,0.0,0.0,59.97137021332494,0.0004772769897956053,False
2021-02-25,YumChina,1.0,60.47999954223633,60.15999984741211,475.0,474.3999938964844,True,7.753600120544434,2021-02-24,False,0.0,0.0,61.18448030863545,-0.01158084332835596,False
2021-02-26,YumChina,1.0,59.77000045776367,59.84000015258789,468.0,465.7999877929687,True,7.754499912261963,2021-02-25,False,0.0,0.0,60.06834651663518,-0.004979152045827107,False
2021-03-01,YumChina,1.0,60.56999969482422,59.84000015258789,465.7999877929687,469.7999877929687,True,7.753900051116943,2021-02-26,False,0.0,0.0,60.58886298454342,-0.00031138109840966877,False
2021-03-02,YumChina,1.0,59.470001220703125,59.310001373291016,468.0,466.0,True,7.7564802169799805,2021-03-01,False,0.0,0.0,60.07879694966065,-0.010184978870387162,False
2021-03-03,YumChina,1.0,59.599998474121094,59.61000061035156,463.2000122070313,470.7999877929687,True,7.75570011138916,2021-03-02,False,0.0,0.0,60.70373802896325,-0.018349729725802177,False
2021-03-04,YumChina,1.0,59.79999923706055,59.18000030517578,461.0,470.0,True,7.757299900054932,2021-03-03,False,0.0,0.0,60.588091997922085,-0.013092723883428192,False
2021-03-05,YumChina,1.0,59.88999938964844,60.41999816894531,465.0,470.0,True,7.75600004196167,2021-03-04,False,0.0,0.0,60.598246190974265,-0.011756415828317657,False
2021-03-08,YumChina,1.0,60.41999816894531,60.970001220703125,470.2000122070313,471.3999938964844,True,7.759300231933594,2021-03-05,False,0.0,0.0,60.752900365477025,-0.005494678069525527,False
2021-03-09,YumChina,1.0,61.130001068115234,61.4900016784668,471.0,475.6000061035156,True,7.763850212097168,2021-03-08,False,0.0,0.0,61.25826659592995,-0.0020960436359303003,False
2021-03-10,YumChina,1.0,61.560001373291016,60.63999938964844,475.6000061035156,472.0,True,7.76855993270874,2021-03-09,False,0.0,0.0,60.75772139089659,0.013118156050133223,False
2021-03-11,YumChina,1.0,61.06999969482422,61.650001525878906,470.0,470.0,True,7.761640071868896,2021-03-10,False,0.0,0.0,60.554212208764596,0.008481708865407889,False
2021-03-12,YumChina,1.0,61.369998931884766,61.18000030517578,471.0,478.0,True,7.761099815368652,2021-03-11,False,0.0,0.0,61.58920918056702,-0.0035655805577956556,False
2021-03-15,YumChina,1.0,61.20000076293945,62.68000030517578,480.0,473.2000122070313,True,7.758259773254395,2021-03-12,False,0.0,0.0,60.9930610777339,0.003387097105677306,False
2021-03-16,YumChina,1.0,62.630001068115234,62.150001525878906,483.0,486.7999877929687,True,7.762650012969971,2021-03-15,False,0.0,0.0,62.71054175824168,-0.0012851500303963093,False
2021-03-17,YumChina,1.0,61.97999954223633,61.25,485.0,480.0,True,7.764259815216064,2021-03-16,False,0.0,0.0,61.82173335561448,0.002556769911596035,False
2021-03-18,YumChina,1.0,61.06999969482422,60.54999923706055,479.7999877929687,479.0,True,7.765200138092041,2021-03-17,False,0.0,0.0,61.68546740350898,-0.010027624520486,False
2021-03-19,YumChina,1.0,60.599998474121094,60.54999923706055,474.0,474.0,True,7.764999866485596,2021-03-18,False,0.0,0.0,61.04314335481506,-0.0072860143930633114,False
2021-03-22,YumChina,1.0,60.91999816894531,61.15999984741211,476.3999938964844,469.7999877929687,True,7.764750003814697,2021-03-19,False,0.0,0.0,60.50420007883879,0.006848712552383063,False
2021-03-23,YumChina,1.0,60.7599983215332,60.18000030517578,479.6000061035156,474.7999877929687,True,7.765250205993652,2021-03-22,False,0.0,0.0,61.14419692832198,-0.006303308562473298,False
2021-03-24,YumChina,1.0,60.04999923706055,60.290000915527344,469.7999877929687,470.3999938964844,True,7.765900135040283,2021-03-23,False,0.0,0.0,60.57250102586393,-0.008663475814657318,False
2021-03-25,YumChina,1.0,59.95000076293945,59.720001220703125,461.7999877929687,469.0,True,7.766930103302002,2021-03-24,False,0.0,0.0,60.38421792937356,-0.00721688403809484,False
2021-03-26,YumChina,1.0,59.650001525878906,59.41999816894531,465.0,463.0,True,7.768499851226807,2021-03-25,False,0.0,0.0,59.59966645643724,0.0008441964373178124,False
2021-03-29,YumChina,1.0,59.5,58.40999984741211,463.0,457.2000122070313,True,7.768380165100098,2021-03-26,False,0.0,0.0,58.85396987405806,0.010917023617342814,False
2021-03-30,YumChina,1.0,58.040000915527344,58.630001068115234,454.0,453.7999877929687,True,7.768849849700928,2021-03-29,False,0.0,0.0,58.41276335266517,-0.00640197272475973,False
2021-03-31,YumChina,1.0,58.7599983215332,59.209999084472656,455.7999877929687,454.0,True,7.772729873657227,2021-03-30,False,0.0,0.0,58.409337180063844,0.005985562466397809,False
2021-04-01,YumChina,1.0,59.93000030517578,59.130001068115234,454.6000061035156,461.3999938964844,True,7.775199890136719,2021-03-31,False,0.0,0.0,59.34252500463639,0.009851054128058756,False
2021-04-07,YumChina,1.0,59.689998626708984,59.7599983215332,469.6000061035156,460.0,True,7.775489807128906,2021-04-06,False,0.0,0.0,59.16026017785427,0.008914443472857414,False
2021-04-08,YumChina,1.0,60.380001068115234,60.189998626708984,468.0,467.3999938964844,True,7.776000022888184,2021-04-07,False,0.0,0.0,60.108023729516574,0.004514603023838326,False
2021-04-09,YumChina,1.0,59.689998626708984,59.849998474121094,464.2000122070313,469.6000061035156,True,7.784480094909668,2021-04-08,False,0.0,0.0,60.32515985371852,-0.010584782209231314,False
2021-04-12,YumChina,1.0,59.68000030517578,60.029998779296875,464.0,464.3999938964844,True,7.776860237121582,2021-04-09,False,0.0,0.0,59.7156152658815,-0.0005965874306479435,False
2021-04-13,YumChina,1.0,60.189998626708984,60.22999954223633,469.2000122070313,464.0,True,7.777659893035889,2021-04-12,False,0.0,0.0,59.65804707087607,0.008877158506096272,False
2021-04-14,YumChina,1.0,59.970001220703125,59.869998931884766,464.0,466.0,True,7.773839950561523,2021-04-13,False,0.0,0.0,59.94463520777009,0.000423067843374092,False
2021-04-15,YumChina,1.0,60.029998779296875,59.79999923706055,466.0,468.0,True,7.772459983825684,2021-04-14,False,0.0,0.0,60.21259690933084,-0.0030371644815367915,False
2021-04-16,YumChina,1.0,60.11000061035156,60.099998474121094,468.0,469.0,True,7.765900135040283,2021-04-15,False,0.0,0.0,60.392226508790564,-0.0046841692676222735,False
2021-04-19,YumChina,1.0,60.619998931884766,59.529998779296875,467.2000122070313,471.3999938964844,True,7.767099857330322,2021-04-16,False,0.0,0.0,60.691893056015395,-0.001185277574514032,True
2021-04-20,YumChina,1.0,59.08000183105469,59.0,474.3999938964844,460.0,True,7.771160125732422,2021-04-19,False,0.0,0.0,59.193221160996934,-0.0019145392619135393,True
2021-04-21,YumChina,1.0,58.72999954223633,58.470001220703125,462.0,455.3999938964844,True,7.765699863433838,2021-04-20,False,0.0,0.0,58.64249222929865,0.0014911045651411214,True
2021-04-22,YumChina,1.0,58.45000076293945,58.7400016784668,457.0,455.2000122070313,True,7.761350154876709,2021-04-21,False,0.0,0.0,58.64959100202615,-0.0034089005667450323,True
2021-04-23,YumChina,1.0,59.02000045776367,59.130001068115234,462.0,459.0,True,7.762700080871582,2021-04-22,False,0.0,0.0,59.12891071639397,-0.0018436105486863141,True
2021-04-26,YumChina,1.0,59.54999923706055,59.93000030517578,455.0,456.0,True,7.75984001159668,2021-04-23,False,0.0,0.0,58.764098141009555,0.013285190395486701,True
2021-04-27,YumChina,1.0,60.33000183105469,59.90999984741211,461.2000122070313,461.2000122070313,True,7.760900020599365,2021-04-26,False,0.0,0.0,59.426098903850246,0.015096017446169618,True
2021-04-28,YumChina,1.0,61.470001220703125,63.41999816894531,479.0,486.0,True,7.760900020599365,2021-04-27,False,0.0,0.0,62.62160299836807,-0.0185610436173258,True
2021-04-29,YumChina,1.0,63.61000061035156,63.15999984741211,490.0,495.7999877929687,True,7.76230001449585,2021-04-28,False,0.0,0.0,63.87281950801668,-0.004123210794470644,True
2021-04-30,YumChina,1.0,63.029998779296875,62.91999816894531,494.7999877929687,489.6000061035156,True,7.762400150299072,2021-04-29,False,0.0,0.0,63.073275871336286,-0.0006863754150456813,True
2021-05-03,YumChina,1.0,63.25,62.099998474121094,491.0,491.0,True,7.763329982757568,2021-04-30,False,0.0,0.0,63.246055634697456,6.23634513194915e-05,True
2021-05-04,YumChina,1.0,62.18000030517578,61.61000061035156,490.0,488.6000061035156,True,7.7667999267578125,2021-05-03,False,0.0,0.0,62.90879264447304,-0.011652532068937127,True
2021-05-05,YumChina,1.0,61.599998474121094,61.970001220703125,485.0,482.2000122070313,True,7.76609992980957,2021-05-04,False,0.0,0.0,62.09036924134134,-0.007929046463354794,True
2021-05-06,YumChina,1.0,62.27000045776367,61.959999084472656,483.7999877929687,485.3999938964844,True,7.768179893493652,2021-05-05,False,0.0,0.0,62.4856788271649,-0.0034576154850647356,True
2021-05-07,YumChina,1.0,61.95000076293945,62.11000061035156,477.2000122070313,484.3999938964844,True,7.769390106201172,2021-05-06,False,0.0,0.0,62.347235403955125,-0.006391710799838357,True
2021-05-10,YumChina,1.0,61.810001373291016,60.75,484.7999877929687,480.0,True,7.768199920654297,2021-05-07,False,0.0,0.0,61.79037678005212,0.0003175490835385375,True
2021-05-11,YumChina,1.0,60.34000015258789,61.81999969482422,475.6000061035156,473.7999877929687,True,7.765600204467773,2021-05-10,False,0.0,0.0,61.01266808976052,-0.011086279955048184,True
2021-05-12,YumChina,1.0,61.380001068115234,60.22999954223633,490.0,479.0,True,7.765359878540039,2021-05-11,False,0.0,0.0,61.68419847787615,-0.0049437290526936906,True
2021-05-13,YumChina,1.0,60.65999984741211,61.27000045776367,472.2000122070313,471.2000122070313,True,7.768430233001709,2021-05-12,False,0.0,0.0,60.65575644939021,6.995625552974616e-05,True
2021-05-14,YumChina,1.0,61.68000030517578,63.119998931884766,476.0,477.7999877929687,True,7.766240119934082,2021-05-13,False,0.0,0.0,61.522690570250376,0.002553675074720374,True
2021-05-17,YumChina,1.0,62.650001525878906,63.459999084472656,485.0,486.2000122070313,True,7.767899990081787,2021-05-14,False,0.0,0.0,62.59092068999619,0.0009434750115211443,True
2021-05-18,YumChina,1.0,63.7400016784668,63.81999969482422,488.6000061035156,493.0,True,7.767199993133545,2021-05-17,False,0.0,0.0,63.47203631113244,0.004212899469287379,True
2021-05-20,YumChina,1.0,65.0,65.19000244140625,499.7999877929687,502.0,True,7.765309810638428,2021-05-19,False,0.0,0.0,64.64648703548994,0.0054535043522880855,True
2021-05-21,YumChina,1.0,65.18000030517578,65.05999755859375,505.0,503.5,True,7.764900207519531,2021-05-20,False,0.0,0.0,64.84307415984696,0.005182570875835957,True
2021-05-24,YumChina,1.0,65.06999969482422,65.13999938964844,502.5,505.0,True,7.76230001449585,2021-05-21,False,0.0,0.0,65.05803680055247,0.00018386344138665578,True
2021-05-25,YumChina,1.0,65.58999633789062,65.19000244140625,505.0,503.0,True,7.764080047607422,2021-05-24,False,0.0,0.0,64.78552473901972,0.0123409947250126,True
2021-05-26,YumChina,1.0,65.51000213623047,65.86000061035156,505.5,506.0,True,7.764349937438965,2021-05-25,False,0.0,0.0,65.16965413422643,0.005208902154516082,True
2021-05-27,YumChina,1.0,66.12999725341797,67.06999969482422,509.0,514.0,True,7.762499809265137,2021-05-26,False,0.0,0.0,66.2157826253988,-0.0012963826133889356,True
2021-05-28,YumChina,1.0,66.72000122070312,67.63999938964844,515.0,515.0,True,7.762800216674805,2021-05-27,False,0.0,0.0,66.34203967967119,0.005680997450406622,True
2021-06-01,YumChina,1.0,68.20999908447266,68.69999694824219,519.0,524.5,True,7.761849880218506,2021-05-31,False,0.0,0.0,67.5740974244705,0.009366432819735593,True
2021-06-02,YumChina,1.0,68.80000305175781,69.4000015258789,532.0,532.5,True,7.761000156402588,2021-06-01,False,0.0,0.0,68.61229084768202,0.0027321037370384715,True
2021-06-03,YumChina,1.0,69.0199966430664,67.79000091552734,536.0,536.5,True,7.759200096130371,2021-06-02,False,0.0,0.0,69.14372530069956,-0.0017910445516031714,True
2021-06-04,YumChina,1.0,67.93000030517578,68.1500015258789,529.0,522.5,True,7.75846004486084,2021-06-03,False,0.0,0.0,67.34583886219805,0.008636650531288481,True
2021-06-07,YumChina,1.0,68.1500015258789,68.80000305175781,531.5,529.5,True,7.757999897003174,2021-06-04,False,0.0,0.0,68.2521277429431,-0.0014974287673474862,True
2021-06-08,YumChina,1.0,68.9800033569336,69.31999969482422,531.0,533.5,True,7.757130146026611,2021-06-07,False,0.0,0.0,68.7754349813599,0.0029700246816668496,True
2021-06-09,YumChina,1.0,69.4000015258789,68.5999984741211,534.0,533.5,True,7.759200096130371,2021-06-08,False,0.0,0.0,68.75708750777859,0.009307067244085587,True
2021-06-10,YumChina,1.0,68.88999938964844,69.12999725341797,535.0,529.0,True,7.760000228881836,2021-06-09,False,0.0,0.0,68.17010108210079,0.010504952577215398,True
2021-06-11,YumChina,1.0,69.12000274658203,69.33999633789062,533.0,533.0,True,7.760000228881836,2021-06-10,False,0.0,0.0,68.68556498442291,0.006305103756592878,True
2021-06-15,YumChina,1.0,69.0,68.05000305175781,533.5,531.0,True,7.761519908905029,2021-06-14,False,0.0,0.0,68.41443508903036,0.008522662921109259,True
2021-06-16,YumChina,1.0,67.94999694824219,67.0,532.5,521.5,True,7.76200008392334,2021-06-15,False,0.0,0.0,67.1862914663105,0.011302865003301577,True
2021-06-17,YumChina,1.0,66.91000366210938,65.81999969482422,519.0,513.5,True,7.76308012008667,2021-06-16,False,0.0,0.0,66.14642539516481,0.011477636291716387,True
2021-06-18,YumChina,1.0,66.33000183105469,65.80999755859375,511.5,516.0,True,7.762939929962158,2021-06-17,False,0.0,0.0,66.46966286682516,-0.0021033349380328303,True
2021-06-21,YumChina,1.0,66.19999694824219,66.63999938964844,516.0,509.5,True,7.764220237731934,2021-06-18,False,0.0,0.0,65.62152855015277,0.008776595614662597,True
2021-06-22,YumChina,1.0,66.38999938964844,66.5,509.5,520.0,True,7.764400005340576,2021-06-21,False,0.0,0.0,66.97233522774833,-0.008733193535203299,True
2021-06-23,YumChina,1.0,66.81999969482422,66.48999786376953,517.5,520.5,True,7.764619827270508,2021-06-22,False,0.0,0.0,67.03483384620147,-0.003209960076331342,True
2021-06-24,YumChina,1.0,66.72000122070312,66.9800033569336,518.0,517.5,True,7.76609992980957,2021-06-23,False,0.0,0.0,66.63576372660575,0.0012633500371670436,True
2021-06-25,YumChina,1.0,66.91999816894531,66.0,519.5,517.0,True,7.764750003814697,2021-06-24,False,0.0,0.0,66.58295498837775,0.005049235071827418,True
2021-06-28,YumChina,1.0,66.18000030517578,65.72000122070312,511.0,510.0,True,7.763000011444092,2021-06-25,False,0.0,0.0,65.69625135233365,0.007336440284121615,True
2021-06-29,YumChina,1.0,65.51000213623047,65.94000244140625,510.0,505.0,True,7.761529922485352,2021-06-28,False,0.0,0.0,65.06449180038616,0.006823875799747192,True
2021-06-30,YumChina,1.0,65.87000274658203,66.25,508.0,506.5,True,7.76278018951416,2021-06-29,False,0.0,0.0,65.24724230684416,0.009499362536575795,True
2021-07-02,YumChina,1.0,66.0999984741211,66.29000091552734,505.0,506.0,True,7.764359951019287,2021-07-01,False,0.0,0.0,65.16957008588628,0.014176080260801527,True
2021-07-06,YumChina,1.0,65.9800033569336,66.58000183105469,514.5,512.0,True,7.765339851379395,2021-07-05,False,0.0,0.0,65.9340105905411,0.0006973143622852618,True
2021-07-07,YumChina,1.0,66.20999908447266,66.58999633789062,517.0,512.0,True,7.767399787902832,2021-07-06,False,0.0,0.0,65.91652470333808,0.004442330810606521,True
2021-07-08,YumChina,1.0,65.55999755859375,65.38999938964844,514.0,509.0,True,7.766849994659424,2021-07-07,False,0.0,0.0,65.53493376980299,0.0003823761733912079,True
2021-07-09,YumChina,1.0,65.83000183105469,65.36000061035156,502.0,506.0,True,7.7677998542785645,2021-07-08,False,0.0,0.0,65.14071030309712,0.010525985252175296,True
2021-07-12,YumChina,1.0,65.31999969482422,65.54000091552734,506.0,511.0,True,7.7677001953125,2021-07-09,False,0.0,0.0,65.7852372196816,-0.007097191365414091,True
2021-07-13,YumChina,1.0,65.73999786376953,65.33999633789062,512.0,511.0,True,7.7671799659729,2021-07-12,False,0.0,0.0,65.78964337618424,-0.000754894703646869,True
2021-07-14,YumChina,1.0,65.5,64.97000122070312,511.0,507.0,True,7.766300201416016,2021-07-13,False,0.0,0.0,65.2820502493014,0.003333025473314599,True
2021-07-15,YumChina,1.0,64.94999694824219,65.30000305175781,508.5,509.0,True,7.765999794006348,2021-07-14,False,0.0,0.0,65.54210835710253,-0.009075115635768682,True
2021-07-16,YumChina,1.0,65.69999694824219,64.69999694824219,508.5,510.0,True,7.76600980758667,2021-07-15,False,0.0,0.0,65.67079010147236,0.0004446475187815935,True
2021-07-19,YumChina,1.0,64.0999984741211,63.779998779296875,508.0,505.0,True,7.767899990081787,2021-07-16,False,0.0,0.0,65.01113565375381,-0.014114232850524822,True
2021-07-20,YumChina,1.0,64.08999633789062,64.63999938964844,503.0,500.0,True,7.767990112304688,2021-07-19,False,0.0,0.0,64.36671426859667,-0.004308351933246968,True
2021-07-21,YumChina,1.0,64.83000183105469,65.19000244140625,498.0,501.0,True,7.770699977874756,2021-07-20,False,0.0,0.0,64.47295628791227,0.005522633910493013,True
2021-07-22,YumChina,1.0,65.33000183105469,65.7300033569336,503.0,510.5,True,7.772299766540527,2021-07-21,False,0.0,0.0,65.68197513401172,-0.005373159888495849,True
2021-07-23,YumChina,1.0,65.36000061035156,66.16000366210938,508.0,511.5,True,7.772659778594971,2021-07-22,False,0.0,0.0,65.80758898113788,-0.006824705850604573,True
2021-07-26,YumChina,1.0,65.44000244140625,64.48999786376953,509.0,505.5,True,7.770899772644043,2021-07-23,False,0.0,0.0,65.05038216803612,0.0059716496717614476,True
2021-07-27,YumChina,1.0,61.29999923706055,61.25,501.0,467.7999877929687,True,7.768970012664795,2021-07-26,False,0.0,0.0,60.21390055958151,0.017876598530812693,True
2021-07-28,YumChina,1.0,62.439998626708984,62.369998931884766,467.7999877929687,480.0,True,7.778800010681152,2021-07-27,False,0.0,0.0,61.706175675027886,0.011822055773224704,True
2021-07-29,YumChina,1.0,61.29999923706055,62.400001525878906,479.0,476.6000061035156,True,7.782509803771973,2021-07-28,False,0.0,0.0,61.23988509112066,0.0009811360781304401,True
2021-07-30,YumChina,1.0,61.68000030517578,62.189998626708984,481.7999877929687,475.3999938964844,True,7.780499935150147,2021-07-29,False,0.0,0.0,61.10147135260019,0.009423787257909488,True
2021-08-02,YumChina,1.0,62.415000915527344,61.880001068115234,485.0,480.0,True,7.770040035247803,2021-07-30,False,0.0,0.0,61.775743473977066,0.010294858777290194,True
2021-08-03,YumChina,1.0,62.220001220703125,61.439998626708984,480.0,480.0,True,7.77209997177124,2021-08-02,False,0.0,0.0,61.75937027873939,0.007430801688030897,True
2021-08-04,YumChina,1.0,61.7599983215332,62.470001220703125,484.7999877929687,479.6000061035156,True,7.773749828338623,2021-08-03,False,0.0,0.0,61.69480838644559,0.0010560940134292096,True
2021-08-05,YumChina,1.0,62.4900016784668,61.529998779296875,479.6000061035156,478.7999877929687,True,7.777100086212158,2021-08-04,False,0.0,0.0,61.56536272971749,0.014907151756215598,True
2021-08-06,YumChina,1.0,61.72999954223633,61.7400016784668,478.0,473.6000061035156,True,7.77554988861084,2021-08-05,False,0.0,0.0,60.90887627088813,0.01339111332058529,True
2021-08-09,YumChina,1.0,61.7599983215332,61.349998474121094,473.0,480.2000122070313,True,7.776370048522949,2021-08-06,False,0.0,0.0,61.75117814747524,0.00014282390185371696,True
2021-08-10,YumChina,1.0,61.5099983215332,61.099998474121094,480.2000122070313,480.2000122070313,True,7.780200004577637,2021-08-09,False,0.0,0.0,61.72077991883191,-0.0034209278861778714,True
2021-08-11,YumChina,1.0,61.099998474121094,61.279998779296875,475.0,474.7999877929687,True,7.783100128173828,2021-08-10,False,0.0,0.0,61.0039675674033,0.0015729370573360768,True
2021-08-12,YumChina,1.0,60.7400016784668,61.150001525878906,472.0,468.0,True,7.780900001525879,2021-08-11,False,0.0,0.0,60.147283721449,0.00980620426336909,True
2021-08-13,YumChina,1.0,60.93000030517578,61.540000915527344,474.0,471.3999938964844,True,7.778369903564453,2021-08-12,False,0.0,0.0,60.60395683682572,0.005365483988287956,True
2021-08-16,YumChina,1.0,61.349998474121094,60.77000045776367,475.0,473.3999938964844,True,7.781660079956055,2021-08-13,False,0.0,0.0,60.83534734649548,0.008424155413129242,True
2021-08-17,YumChina,1.0,60.0,60.279998779296875,466.0,466.2000122070313,True,7.782199859619141,2021-08-16,False,0.0,0.0,59.905941843781825,0.0015688659638426472,True
2021-08-18,YumChina,1.0,60.52000045776367,59.130001068115234,470.0,474.0,True,7.78400993347168,2021-08-17,False,0.0,0.0,60.894064120058914,-0.006161804188457687,True
2021-08-19,YumChina,1.0,58.58000183105469,58.959999084472656,470.0,457.2000122070313,True,7.791800022125244,2021-08-18,False,0.0,0.0,58.677072166737695,-0.0016556844640289725,True
2021-08-20,YumChina,1.0,58.83000183105469,59.16999816894531,459.0,453.0,True,7.787899971008301,2021-08-19,False,0.0,0.0,58.16715695968935,0.011331077955615498,True
2021-08-23,YumChina,1.0,59.65999984741211,60.18000030517578,450.6000061035156,461.2000122070313,True,7.789599895477295,2021-08-20,False,0.0,0.0,59.20715035374381,0.007619458930268053,True
2021-08-24,YumChina,1.0,60.439998626708984,61.0099983215332,467.0,471.2000122070313,True,7.790709972381592,2021-08-23,False,0.0,0.0,60.48229415258122,-0.0006995488858994037,True
2021-08-25,YumChina,1.0,60.709999084472656,61.15999984741211,474.7999877929687,477.6000061035156,True,7.791600227355957,2021-08-24,False,0.0,0.0,61.29678014365824,-0.009618901296016169,True
2021-08-26,YumChina,1.0,61.189998626708984,60.29999923706055,477.3999938964844,480.0,True,7.787799835205078,2021-08-25,False,0.0,0.0,61.63486609274929,-0.00724396338515465,True
2021-08-27,YumChina,1.0,60.06999969482422,60.36000061035156,475.0,473.6000061035156,True,7.78350019454956,2021-08-26,False,0.0,0.0,60.84666207565033,-0.012846419186660185,True
2021-08-30,YumChina,1.0,60.45000076293945,60.54999923706055,472.0,469.6000061035156,True,7.787179946899414,2021-08-27,False,0.0,0.0,60.30424483647564,0.002414093128191297,True
2021-08-31,YumChina,1.0,61.16999816894531,61.560001373291016,475.3999938964844,479.0,True,7.787399768829346,2021-08-30,False,0.0,0.0,61.509619926961385,-0.005536740835895948,True
2021-09-01,YumChina,1.0,61.75,62.08000183105469,480.3999938964844,483.7999877929687,True,7.787089824676514,2021-08-31,False,0.0,0.0,62.12847144254772,-0.006110385698438137,True
2021-09-02,YumChina,1.0,62.279998779296875,62.43000030517578,485.0,489.2000122070313,True,7.777900218963623,2021-09-01,False,0.0,0.0,62.89615428779767,-0.009844694373102314,True
2021-09-03,YumChina,1.0,62.790000915527344,62.5,488.7999877929687,495.3999938964844,True,7.776700019836426,2021-09-02,False,0.0,0.0,63.70311219834149,-0.014437578794668227,True
2021-09-07,YumChina,1.0,62.93000030517578,62.470001220703125,495.6000061035156,498.2000122070313,True,7.770899772644043,2021-09-06,False,0.0,0.0,64.11098158296271,-0.01859266641181634,True
2021-09-08,YumChina,1.0,62.099998474121094,61.58000183105469,486.2000122070313,489.0,True,7.77370023727417,2021-09-07,False,0.0,0.0,62.904406534135504,-0.012870253071034732,True
2021-09-09,YumChina,1.0,61.189998626708984,61.470001220703125,485.0,483.0,True,7.774479866027832,2021-09-08,False,0.0,0.0,62.126342639404925,-0.01518634105376293,True
2021-09-10,YumChina,1.0,62.02000045776367,61.310001373291016,478.6000061035156,484.0,True,7.775489807128906,2021-09-09,False,0.0,0.0,62.246882448003184,-0.003651531880931813,True
2021-09-13,YumChina,1.0,61.20000076293945,61.939998626708984,488.0,480.2000122070313,True,7.777239799499512,2021-09-10,False,0.0,0.0,61.74427233656002,-0.008854013538162064,True
2021-09-14,YumChina,1.0,61.7599983215332,61.220001220703125,485.6000061035156,477.6000061035156,True,7.777910232543945,2021-09-13,False,0.0,0.0,61.40466935516502,0.005769998147965083,True
2021-09-15,YumChina,1.0,58.099998474121094,57.599998474121094,470.0,456.0,True,7.779339790344238,2021-09-14,False,0.0,0.0,58.61679940577861,-0.00885569718292345,True
2021-09-16,YumChina,1.0,56.689998626708984,55.68000030517578,450.0,443.6000061035156,True,7.779600143432617,2021-09-15,False,0.0,0.0,57.02092625904351,-0.0058205236997945775,True
2021-09-17,YumChina,1.0,55.529998779296875,54.849998474121094,437.0,429.7999877929687,True,7.781199932098389,2021-09-16,False,0.0,0.0,55.2356952068526,0.005313996679149113,True
2021-09-20,YumChina,1.0,53.630001068115234,53.560001373291016,429.6000061035156,416.3999938964844,True,7.782820224761963,2021-09-17,False,0.0,0.0,53.50245564861675,0.0023810800884751515,True
2021-09-21,YumChina,1.0,53.900001525878906,54.150001525878906,416.2000122070313,423.6000061035156,True,7.781929969787598,2021-09-20,False,0.0,0.0,54.43379826702263,-0.009854746388945568,True
2021-09-23,YumChina,1.0,54.849998474121094,56.439998626708984,426.3999938964844,426.2000122070313,True,7.786320209503174,2021-09-22,False,0.0,0.0,54.7370260584526,0.0020617852555160354,True
2021-09-24,YumChina,1.0,56.900001525878906,58.13999938964844,435.0,449.7999877929687,True,7.785600185394287,2021-09-23,False,0.0,0.0,57.773322169405674,-0.015231747017753428,True
2021-09-27,YumChina,1.0,58.0099983215332,58.68000030517578,451.0,456.2000122070313,True,7.784969806671143,2021-09-24,False,0.0,0.0,58.60010039038323,-0.0101210291840923,True
2021-09-28,YumChina,1.0,58.63999938964844,58.88999938964844,460.0,456.2000122070313,True,7.785299777984619,2021-09-27,False,0.0,0.0,58.597616689993124,0.0007230222332879066,True
2021-09-29,YumChina,1.0,58.66999816894531,58.439998626708984,452.0,461.6000061035156,True,7.782700061798096,2021-09-28,False,0.0,0.0,59.31103632906402,-0.010866907061220843,True
2021-09-30,YumChina,1.0,59.22999954223633,58.11000061035156,451.0,460.6000061035156,True,7.782999992370605,2021-09-29,False,0.0,0.0,59.180265521653,0.0008400289194696597,True
2021-10-04,YumChina,1.0,57.779998779296875,57.900001525878906,459.3999938964844,453.6000061035156,True,7.786139965057373,2021-10-01,False,0.0,0.0,58.25736605547563,-0.008227866427584551,True
2021-10-05,YumChina,1.0,57.5099983215332,58.2599983215332,453.3999938964844,456.0,True,7.785299777984619,2021-10-04,False,0.0,0.0,58.57192568094594,-0.018296681302675033,True
2021-10-06,YumChina,1.0,57.939998626708984,58.380001068115234,456.0,450.3999938964844,True,7.787399768829346,2021-10-05,False,0.0,0.0,57.837019707053194,0.0017789186195100726,True
2021-10-07,YumChina,1.0,60.0099983215332,59.40999984741211,453.6000061035156,470.0,True,7.78508996963501,2021-10-06,False,0.0,0.0,60.37181353499953,-0.006011145660091977,True
2021-10-08,YumChina,1.0,59.31999969482422,59.29999923706055,470.0,464.7999877929687,True,7.786280155181885,2021-10-07,False,0.0,0.0,59.6947423582797,-0.0062974366946981775,True
2021-10-11,YumChina,1.0,59.529998779296875,59.189998626708984,478.0,464.0,True,7.784860134124756,2021-10-08,False,0.0,0.0,59.60286915959693,-0.0012233465146733735,True
2021-10-12,YumChina,1.0,58.9900016784668,58.34000015258789,475.0,464.7999877929687,True,7.784299850463867,2021-10-11,False,0.0,0.0,59.70992853843769,-0.012130347279166287,True
2021-10-15,YumChina,1.0,59.9900016784668,60.86000061035156,473.7999877929687,464.2000122070313,True,7.778900146484375,2021-10-14,False,0.0,0.0,59.674247447028044,0.005277348357084044,True
2021-10-18,YumChina,1.0,60.970001220703125,60.88999938964844,464.2000122070313,470.6000061035156,True,7.77934980392456,2021-10-15,False,0.0,0.0,60.49348826891745,0.007846232615752236,True
2021-10-19,YumChina,1.0,61.130001068115234,61.060001373291016,466.0,472.0,True,7.77810001373291,2021-10-18,False,0.0,0.0,60.68320016027604,0.0073358701199426335,True
2021-10-20,YumChina,1.0,60.5099983215332,60.43000030517578,472.2000122070313,473.7999877929687,True,7.7771501541137695,2021-10-19,False,0.0,0.0,60.922057360863654,-0.0067866860789429495,True
2021-10-21,YumChina,1.0,60.04999923706055,60.63999938964844,473.7999877929687,467.0,True,7.774919986724853,2021-10-20,False,0.0,0.0,60.06492681562907,-0.0002485549321127323,True
2021-10-22,YumChina,1.0,60.529998779296875,60.470001220703125,474.0,471.3999938964844,True,7.77370023727417,2021-10-21,False,0.0,0.0,60.640361669229954,-0.0018216157819868073,True
2021-10-25,YumChina,1.0,60.31999969482422,60.2599983215332,474.0,464.6000061035156,True,7.775109767913818,2021-10-22,False,0.0,0.0,59.754784173056755,0.0094144611922653,True
2021-10-26,YumChina,1.0,60.27000045776367,59.34000015258789,478.2000122070313,462.0,True,7.7725701332092285,2021-10-25,False,0.0,0.0,59.43979817255687,0.013870470168312998,True
2021-10-27,YumChina,1.0,59.13999938964844,58.63999938964844,461.7999877929687,450.0,True,7.774250030517578,2021-10-26,False,0.0,0.0,57.883396885042146,0.021476915654915274,True
2021-10-28,YumChina,1.0,58.790000915527344,57.88999938964844,450.0,451.0,True,7.776000022888184,2021-10-27,False,0.0,0.0,57.99897102269919,0.013546518585903833,True
2021-10-29,YumChina,1.0,57.0099983215332,57.08000183105469,461.0,456.0,True,7.778299808502197,2021-10-28,False,0.0,0.0,58.62463664637377,-0.027928367215708683,True
2021-11-01,YumChina,1.0,57.029998779296875,58.2400016784668,454.0,445.0,True,7.777999877929688,2021-10-29,False,0.0,0.0,57.21265196502523,-0.003197638363122479,True
2021-11-02,YumChina,1.0,58.20000076293945,56.16999816894531,455.0,449.7999877929687,True,7.7802300453186035,2021-11-01,False,0.0,0.0,57.81319898935575,0.006668262020069982,True
2021-11-03,YumChina,1.0,56.41999816894531,57.31999969482422,440.0,439.6000061035156,True,7.782310009002685,2021-11-02,False,0.0,0.0,56.48708488803199,-0.0011883528502414364,True
2021-11-04,YumChina,1.0,57.560001373291016,56.31999969482422,439.2000122070313,446.0,True,7.781280040740967,2021-11-03,False,0.0,0.0,57.31704779481628,0.004229808172531158,True
2021-11-05,YumChina,1.0,57.15999984741211,57.02000045776367,446.0,449.7999877929687,True,7.783199787139893,2021-11-04,False,0.0,0.0,57.791139903175676,-0.010981124663818953,True
2021-11-08,YumChina,1.0,56.58000183105469,56.310001373291016,449.7999877929687,445.2000122070313,True,7.782999992370605,2021-11-05,False,0.0,0.0,57.20159484047859,-0.010926181587964656,True
2021-11-09,YumChina,1.0,56.68000030517578,55.189998626708984,441.2000122070313,439.0,True,7.783740043640137,2021-11-08,False,0.0,0.0,56.399622487225,0.004958955213974825,True
2021-11-10,YumChina,1.0,55.0,55.11000061035156,436.0,433.0,True,7.788380146026611,2021-11-09,False,0.0,0.0,55.59564272436074,-0.010771644686219162,True
2021-11-11,YumChina,1.0,55.27000045776367,55.06999969482422,430.0,437.0,True,7.789999961853027,2021-11-10,False,0.0,0.0,56.09756125031478,-0.01486206598236084,True
2021-11-12,YumChina,1.0,55.0,54.66999816894531,437.0,428.6000061035156,True,7.790890216827393,2021-11-11,False,0.0,0.0,55.012969529180474,-0.0002357818227443076,True
2021-11-15,YumChina,1.0,54.84000015258789,54.81999969482422,425.0,428.0,True,7.791699886322021,2021-11-12,False,0.0,0.0,54.93024708912811,-0.0016442881225327,True
2021-11-16,YumChina,1.0,55.04999923706055,54.97999954223633,429.0,429.3999938964844,True,7.791749954223633,2021-11-15,False,0.0,0.0,55.109570561067834,-0.0010815461593285391,True
2021-11-17,YumChina,1.0,54.91999816894531,54.560001373291016,429.3999938964844,428.7999877929687,True,7.788859844207764,2021-11-16,False,0.0,0.0,55.052985465112535,-0.002418546020975576,True
2021-11-18,YumChina,1.0,54.4900016784668,53.459999084472656,428.7999877929687,422.3999938964844,True,7.787300109863281,2021-11-17,False,0.0,0.0,54.242161973631745,0.004558727164573728,True
2021-11-19,YumChina,1.0,53.290000915527344,53.4900016784668,421.0,420.0,True,7.788899898529053,2021-11-18,False,0.0,0.0,53.922890969406055,-0.011806367579430876,True
2021-11-22,YumChina,1.0,53.65999984741211,53.349998474121094,420.0,421.0,True,7.788909912109375,2021-11-19,False,0.0,0.0,54.05120931562883,-0.007264075698235395,True
2021-11-23,YumChina,1.0,53.33000183105469,53.0,416.0,420.0,True,7.790939807891846,2021-11-22,False,0.0,0.0,53.908772286311375,-0.01079415686299301,True
2021-11-24,YumChina,1.0,52.61000061035156,53.33000183105469,416.6000061035156,421.3999938964844,True,7.79040002822876,2021-11-23,False,0.0,0.0,54.092215081321655,-0.02778404947220503,True
2021-11-26,YumChina,1.0,52.4900016784668,51.119998931884766,420.0,410.2000122070313,True,7.798389911651611,2021-11-25,False,0.0,0.0,52.60060305450354,-0.0021048773513636654,True
2021-11-29,YumChina,1.0,51.474998474121094,50.470001220703125,410.0,403.3999938964844,True,7.796299934387207,2021-11-26,False,0.0,0.0,51.74249288655565,-0.0051831333576943805,True
2021-11-30,YumChina,1.0,50.15999984741211,50.099998474121094,400.0,390.2000122070313,True,7.797920227050781,2021-11-29,False,0.0,0.0,50.03898486335339,0.0024154943934346917,True
2021-12-01,YumChina,1.0,50.83000183105469,49.709999084472656,404.0,397.3999938964844,True,7.799530029296875,2021-11-30,False,0.0,0.0,50.951787146630146,-0.002393068051140368,True
2021-12-02,YumChina,1.0,50.16999816894531,50.09000015258789,397.3999938964844,391.7999877929687,True,7.797399997711182,2021-12-01,False,0.0,0.0,50.24751685279403,-0.0015439278542284107,True
2021-12-03,YumChina,1.0,49.77000045776367,48.650001525878906,396.2000122070313,396.2000122070313,True,7.793489933013916,2021-12-02,False,0.0,0.0,50.837303391987824,-0.02121800177621802,True
2021-12-06,YumChina,1.0,48.81999969482422,50.86000061035156,396.0,391.0,True,7.791699886322021,2021-12-03,False,0.0,0.0,50.18160423329227,-0.02750845128886059,True
2021-12-07,YumChina,1.0,51.68000030517578,52.060001373291016,399.6000061035156,404.7999877929687,True,7.795400142669678,2021-12-06,False,0.0,0.0,51.92805762172684,-0.0047883879976664545,True
2021-12-08,YumChina,1.0,52.0,51.72999954223633,412.0,407.0,True,7.801539897918701,2021-12-07,False,0.0,0.0,52.16918779183321,-0.003248329840849884,True
2021-12-09,YumChina,1.0,51.310001373291016,51.34000015258789,407.0,406.7999877929687,True,7.798500061035156,2021-12-08,False,0.0,0.0,52.16387569521554,-0.0165045271122235,True
2021-12-10,YumChina,1.0,51.38999938964844,50.650001525878906,392.2000122070313,402.0,True,7.797800064086914,2021-12-09,False,0.0,0.0,51.55300170511262,-0.0031668486435973975,True
2021-12-13,YumChina,1.0,50.470001220703125,49.61000061035156,400.0,400.2000122070313,True,7.796750068664551,2021-12-10,False,0.0,0.0,51.329080537729574,-0.016878339107060825,True
2021-12-14,YumChina,1.0,49.029998779296875,48.61000061035156,390.0,387.2000122070313,True,7.79863977432251,2021-12-13,False,0.0,0.0,49.649685510787485,-0.012559725581932746,True
2021-12-15,YumChina,1.0,48.060001373291016,47.810001373291016,384.0,378.7999877929687,True,7.801499843597412,2021-12-14,False,0.0,0.0,48.55476451798494,-0.010242067352216111,True
2021-12-16,YumChina,1.0,48.11000061035156,48.720001220703125,389.0,375.0,True,7.800899982452393,2021-12-15,False,0.0,0.0,48.071376487781876,0.0008031518327396014,True
2021-12-17,YumChina,1.0,48.380001068115234,48.630001068115234,376.6000061035156,371.0,True,7.802800178527832,2021-12-16,False,0.0,0.0,47.54703331003373,0.017367131170675787,True
2021-12-20,YumChina,1.0,47.33000183105469,47.20000076293945,376.3999938964844,366.6000061035156,True,7.803249835968018,2021-12-17,False,0.0,0.0,46.980426592741246,0.007413323110330161,True
2021-12-21,YumChina,1.0,47.61000061035156,48.5,370.0,368.6000061035156,True,7.802169799804688,2021-12-20,False,0.0,0.0,47.243268931771105,0.0077326487048337,True
2021-12-22,YumChina,1.0,48.25,47.91999816894531,370.7999877929687,376.0,True,7.800899982452393,2021-12-21,False,0.0,0.0,48.19956682508263,0.001045793800304562,True
2021-12-23,YumChina,1.0,48.2599983215332,48.2400016784668,375.7999877929687,377.7999877929687,True,7.801080226898193,2021-12-22,False,0.0,0.0,48.42918888211289,-0.0034996826047848373,True
2021-12-28,YumChina,1.0,48.060001373291016,47.900001525878906,384.2000122070313,376.0,True,7.799349784851074,2021-12-27,False,0.0,0.0,48.20914696380419,-0.0030985152027578344,True
2021-12-29,YumChina,1.0,47.849998474121094,47.38999938964844,376.0,370.0,True,7.798500061035156,2021-12-28,False,0.0,0.0,47.4450211071598,0.008499495708164773,True
2021-12-30,YumChina,1.0,47.66999816894531,49.279998779296875,371.3999938964844,373.3999938964844,True,7.797999858856201,2021-12-29,False,0.0,0.0,47.884072923188555,-0.004480711495747691,True
2021-12-31,YumChina,1.0,49.060001373291016,49.84000015258789,380.0,382.6000061035156,True,7.7965497970581055,2021-12-30,False,0.0,0.0,49.072989471302186,-0.00026470400983891196,True
2022-01-03,YumChina,1.0,49.84000015258789,49.540000915527344,385.0,390.3999938964844,True,7.797560214996338,2021-12-31,False,0.0,0.0,50.06694185517973,-0.004543069547739087,True
2022-01-04,YumChina,1.0,49.650001525878906,49.0,386.6000061035156,385.7999877929687,True,7.795919895172119,2022-01-03,False,0.0,0.0,49.487423290725204,0.0032798588665925443,True
2022-01-05,YumChina,1.0,48.7400016784668,48.029998779296875,380.0,377.6000061035156,True,7.797699928283691,2022-01-04,False,0.0,0.0,48.42453666803604,0.006493441419222812,True
2022-01-06,YumChina,1.0,48.33000183105469,48.709999084472656,366.7999877929687,369.3999938964844,True,7.793499946594238,2022-01-05,False,0.0,0.0,47.39847262819477,0.019462518595502853,True
2022-01-07,YumChina,1.0,48.540000915527344,49.689998626708984,379.0,379.3999938964844,True,7.795199871063232,2022-01-06,False,0.0,0.0,48.670977033554344,-0.002694679141079792,True
2022-01-10,YumChina,1.0,49.72999954223633,48.38999938964844,387.0,385.0,True,7.800620079040527,2022-01-07,False,0.0,0.0,49.35505076506108,0.007568257082573027,True
2022-01-11,YumChina,1.0,48.470001220703125,48.84000015258789,381.0,377.0,True,7.79817008972168,2022-01-10,False,0.0,0.0,48.34467518179708,0.0025889898839026593,True
2022-01-12,YumChina,1.0,48.61000061035156,48.47999954223633,378.0,380.3999938964844,True,7.795499801635742,2022-01-11,False,0.0,0.0,48.797383564382166,-0.003847412324313737,True
2022-01-13,YumChina,1.0,48.77000045776367,47.95000076293945,380.0,376.7999877929687,True,7.796000003814697,2022-01-12,False,0.0,0.0,48.33247660448883,0.009011650937135851,True
2022-01-14,YumChina,1.0,48.0,46.52000045776367,379.0,375.7999877929687,True,7.791790008544922,2022-01-13,False,0.0,0.0,48.23025099249915,-0.004785427233658268,True
2022-01-18,YumChina,1.0,45.88999938964844,45.65999984741211,362.7999877929687,362.0,True,7.784180164337158,2022-01-17,False,0.0,0.0,46.50457625049396,-0.01330350663366442,True
2022-01-19,YumChina,1.0,45.79999923706055,45.529998779296875,369.0,354.79998779296875,True,7.789899826049805,2022-01-18,False,0.0,0.0,45.54615536986757,0.0055578589316005456,True
2022-01-20,YumChina,1.0,47.150001525878906,45.68000030517578,354.79998779296875,361.6000061035156,True,7.792449951171875,2022-01-19,False,0.0,0.0,46.40389201975382,0.01595070599111592,True
2022-01-21,YumChina,1.0,46.22999954223633,45.66999816894531,368.3999938964844,372.2000122070313,True,7.791319847106934,2022-01-20,False,0.0,0.0,47.771111892580855,-0.032792174992136935,True
2022-01-24,YumChina,1.0,44.939998626708984,45.970001220703125,359.6000061035156,360.6000061035156,True,7.786019802093506,2022-01-21,False,0.0,0.0,46.3137797320471,-0.030111299016502002,True
2022-01-25,YumChina,1.0,45.459999084472656,45.619998931884766,362.2000122070313,356.0,True,7.787059783935547,2022-01-24,False,0.0,0.0,45.71687002254901,-0.005634578598647799,True
2022-01-26,YumChina,1.0,45.869998931884766,45.119998931884766,352.0,352.0,True,7.786190032958984,2022-01-25,False,0.0,0.0,45.208246717583584,0.014531765623015946,True
2022-01-27,YumChina,1.0,45.36000061035156,44.61000061035156,345.0,348.79998779296875,True,7.785369873046875,2022-01-26,False,0.0,0.0,44.801980314451356,0.012378330983648045,True
2022-01-28,YumChina,1.0,44.959999084472656,46.150001525878906,348.6000061035156,349.20001220703125,True,7.786489963531494,2022-01-27,False,0.0,0.0,44.84690969134116,0.002518502294508007,True
2022-01-31,YumChina,1.0,46.630001068115234,48.16999816894531,364.6000061035156,364.6000061035156,False,7.789400100708008,2022-01-28,False,0.0,0.0,46.807199705966546,-0.0037928972361314095,True
2022-02-04,YumChina,1.0,46.459999084472656,47.5099983215332,366.0,365.2000122070313,True,7.795499801635742,2022-02-03,False,0.0,0.0,46.84754300556852,-0.0083068558213939,True
2022-02-07,YumChina,1.0,47.189998626708984,46.06999969482422,368.3999938964844,370.3999938964844,True,7.7930498123168945,2022-02-04,False,0.0,0.0,47.52952987815735,-0.007169222885051063,True
2022-02-08,YumChina,1.0,45.970001220703125,46.619998931884766,362.0,358.0,True,7.787899971008301,2022-02-07,False,0.0,0.0,45.9687465597545,2.7293409557760384e-05,True
2022-02-09,YumChina,1.0,44.7599983215332,47.310001373291016,358.0,347.3999938964844,True,7.791989803314209,2022-02-08,False,0.0,0.0,44.58424647177065,0.0039342674363958,True
2022-02-10,YumChina,1.0,47.5,50.15999984741211,367.0,377.0,True,7.793300151824951,2022-02-09,False,0.0,0.0,48.37488517771489,-0.01825106671924459,True
2022-02-11,YumChina,1.0,50.25,51.20000076293945,395.7999877929687,396.3999938964844,True,7.791130065917969,2022-02-10,False,0.0,0.0,50.878369446111876,-0.012427324529475925,True
2022-02-14,YumChina,1.0,50.84000015258789,50.47999954223633,396.3999938964844,391.6000061035156,True,7.79656982421875,2022-02-11,False,0.0,0.0,50.22721721635522,0.01212639392440007,True
2022-02-15,YumChina,1.0,50.97999954223633,51.90999984741211,390.0,398.7999877929687,True,7.800829887390137,2022-02-14,False,0.0,0.0,51.1227643148096,-0.0027964936544258023,True
2022-02-16,YumChina,1.0,52.16999816894531,52.400001525878906,398.0,412.7999877929687,True,7.802599906921387,2022-02-15,False,0.0,0.0,52.90544084245428,-0.01399860310311496,True
2022-02-17,YumChina,1.0,51.86000061035156,51.93000030517578,405.6000061035156,407.2000122070313,True,7.801259994506836,2022-02-16,False,0.0,0.0,52.19669803259426,-0.006471444927538261,True
2022-02-18,YumChina,1.0,51.709999084472656,52.41999816894531,407.2000122070313,404.7999877929687,True,7.799499988555908,2022-02-17,False,0.0,0.0,51.90076138046359,-0.0036822915049494753,True
2022-02-22,YumChina,1.0,51.79999923706055,52.65999984741211,405.2000122070313,395.2000122070313,True,7.799739837646484,2022-02-21,False,0.0,0.0,50.66835823158431,0.022088516766324506,True
2022-02-23,YumChina,1.0,52.900001525878906,51.2400016784668,407.7999877929687,410.2000122070313,True,7.800899982452393,2022-02-22,False,0.0,0.0,52.58367792559179,0.005997601717039114,True
2022-02-24,YumChina,1.0,49.36000061035156,50.650001525878906,400.3999938964844,392.0,True,7.801599979400635,2022-02-23,False,0.0,0.0,50.246103496082576,-0.01779260960366491,True
2022-02-25,YumChina,1.0,50.97999954223633,52.04999923706055,396.2000122070313,396.7999877929687,True,7.805069923400879,2022-02-24,False,0.0,0.0,50.83874861944507,0.002774558044682518,True
2022-02-28,YumChina,1.0,51.45000076293945,52.02000045776367,398.0,396.6000061035156,True,7.807499885559082,2022-02-25,False,0.0,0.0,50.797311804906386,0.01276704115079541,True
2022-03-01,YumChina,1.0,51.810001373291016,52.04999923706055,403.0,404.0,True,7.807479858398437,2022-02-28,False,0.0,0.0,51.745250365957816,0.0012505597675516178,True
2022-03-02,YumChina,1.0,52.79999923706055,53.900001525878906,407.0,400.0,True,7.813260078430176,2022-03-01,False,0.0,0.0,51.195019234578865,0.03086892952383602,True
2022-03-03,YumChina,1.0,54.08000183105469,52.099998474121094,418.7999877929687,416.3999938964844,True,7.815899848937988,2022-03-02,False,0.0,0.0,53.27601452736938,0.014978244572912747,True
2022-03-04,YumChina,1.0,51.290000915527344,50.41999816894531,407.0,399.2000122070313,True,7.813720226287842,2022-03-03,False,0.0,0.0,51.08962192733692,0.003914436066286164,True
2022-03-07,YumChina,1.0,50.0,46.720001220703125,396.0,373.6000061035156,True,7.8155999183654785,2022-03-04,False,0.0,0.0,47.801833513203775,0.044959008649570364,True
2022-03-08,YumChina,1.0,46.900001525878906,46.4900016784668,372.2000122070313,365.2000122070313,True,7.814599990844727,2022-03-07,False,0.0,0.0,46.733039776173456,0.0035663036112580926,True
2022-03-09,YumChina,1.0,47.810001373291016,49.810001373291016,384.7999877929687,361.3999938964844,True,7.818299770355225,2022-03-08,False,0.0,0.0,46.224883224203126,0.03371660033957635,True
2022-03-10,YumChina,1.0,45.90999984741211,44.36000061035156,386.6000061035156,381.7999877929687,True,7.818600177764893,2022-03-09,False,0.0,0.0,48.83226909066912,-0.061708391248896266,True
2022-03-11,YumChina,1.0,45.189998626708984,37.47999954223633,347.0,359.0,True,7.819069862365723,2022-03-10,False,0.0,0.0,45.91338948484362,-0.015880991402963396,True
2022-03-14,YumChina,1.0,35.099998474121094,36.54999923706055,305.20001220703125,290.0,True,7.822770118713379,2022-03-11,False,0.0,0.0,37.07126703190106,-0.05464110902067665,True
2022-03-15,YumChina,1.0,37.02000045776367,39.56999969482422,289.79998779296875,290.0,True,7.828020095825195,2022-03-14,False,0.0,0.0,37.04640464000105,-0.0007129867669712908,True
2022-03-16,YumChina,1.0,44.2599983215332,43.31999969482422,319.0,338.0,True,7.828949928283691,2022-03-15,False,0.0,0.0,43.17309512721565,0.024863793450297766,True
2022-03-17,YumChina,1.0,43.099998474121094,43.33000183105469,340.0,330.6000061035156,True,7.826700210571289,2022-03-16,False,0.0,0.0,42.240024174809214,0.020154749988342324,True
2022-03-18,YumChina,1.0,43.060001373291016,44.45000076293945,358.0,345.0,True,7.820419788360596,2022-03-17,False,0.0,0.0,44.115278889948534,-0.024211658710182604,True
2022-03-21,YumChina,1.0,43.400001525878906,42.52000045776367,354.6000061035156,338.79998779296875,True,7.818270206451416,2022-03-18,False,0.0,0.0,43.334392243619384,0.0015128783847333516,True
2022-03-22,YumChina,1.0,43.369998931884766,45.5099983215332,335.0,337.0,True,7.823939800262451,2022-03-21,False,0.0,0.0,43.072928550484946,0.00687324132936995,True
2022-03-23,YumChina,1.0,44.540000915527344,43.220001220703125,356.0,352.0,True,7.825029850006104,2022-03-22,False,0.0,0.0,44.98385395932073,-0.009915942097497243,True
2022-03-24,YumChina,1.0,43.4900016784668,43.400001525878906,340.0,334.20001220703125,True,7.826670169830322,2022-03-23,False,0.0,0.0,42.700152805120254,0.01832856640144165,True
2022-03-25,YumChina,1.0,42.61000061035156,41.2599983215332,341.0,326.0,True,7.823659896850586,2022-03-24,False,0.0,0.0,41.66847796275389,0.022344063040516282,True
2022-03-28,YumChina,1.0,41.06999969482422,42.18000030517578,326.0,319.79998779296875,True,7.823400020599365,2022-03-25,False,0.0,0.0,40.87736622835608,0.004701403617207944,True
2022-03-29,YumChina,1.0,43.08000183105469,43.560001373291016,322.79998779296875,335.20001220703125,True,7.828410148620605,2022-03-28,False,0.0,0.0,42.81840192878688,0.0060909329995637584,True
2022-03-30,YumChina,1.0,43.11000061035156,43.709999084472656,335.3999938964844,345.6000061035156,True,7.828800201416016,2022-03-29,False,0.0,0.0,44.14469614909907,-0.02371778439319483,True
2022-03-31,YumChina,1.0,43.91999816894531,41.540000915527344,340.79998779296875,347.6000061035156,True,7.827199935913086,2022-03-30,False,0.0,0.0,44.40924071820917,-0.011077816556721576,True
2022-04-01,YumChina,1.0,43.70000076293945,44.09000015258789,338.0,337.3999938964844,True,7.82705020904541,2022-03-31,False,0.0,0.0,43.10691574541896,0.01366467719206943,True
2022-04-04,YumChina,1.0,44.04999923706055,43.970001220703125,350.0,355.3999938964844,True,7.833479881286621,2022-04-01,False,0.0,0.0,45.36936320542527,-0.029511722928200257,True
2022-04-06,YumChina,1.0,41.869998931884766,42.25,355.3999938964844,340.6000061035156,True,7.834459781646728,2022-04-05,False,0.0,0.0,43.47460011236726,-0.03760730757185726,True
2022-04-07,YumChina,1.0,41.77000045776367,41.77000045776367,333.3999938964844,327.3999938964844,True,7.833759784698486,2022-04-06,False,0.0,0.0,41.79346864017808,-0.0005616852264447303,True
2022-04-08,YumChina,1.0,41.529998779296875,41.720001220703125,328.20001220703125,325.79998779296875,True,7.837110042572021,2022-04-07,False,0.0,0.0,41.57144483402534,-0.000997481063211847,True
2022-04-11,YumChina,1.0,41.0,40.59000015258789,332.0,313.20001220703125,True,7.836470127105713,2022-04-08,False,0.0,0.0,39.96697583567605,0.02551855769724165,True
2022-04-12,YumChina,1.0,41.15999984741211,40.189998626708984,312.6000061035156,322.3999938964844,True,7.838860034942627,2022-04-11,False,0.0,0.0,41.12842842700967,0.0007673356415622834,True
2022-04-13,YumChina,1.0,40.79999923706055,41.97999954223633,325.0,317.0,True,7.837800025939941,2022-04-12,False,0.0,0.0,40.44502270418465,0.00873847488136903,True
2022-04-14,YumChina,1.0,41.7599983215332,41.84000015258789,328.79998779296875,329.20001220703125,True,7.837430000305176,2022-04-13,False,0.0,0.0,42.003566500015026,-0.005815627963964509,True
2022-04-19,YumChina,1.0,41.939998626708984,43.13999938964844,333.0,325.20001220703125,True,7.843599796295166,2022-04-18,False,0.0,0.0,41.46055646039408,0.011497464191329687,True
2022-04-20,YumChina,1.0,43.560001373291016,43.40999984741211,326.6000061035156,335.0,True,7.84149980545044,2022-04-19,False,0.0,0.0,42.721419155956546,0.0194389155482102,True
2022-04-21,YumChina,1.0,43.5,41.08000183105469,336.0,340.79998779296875,True,7.841899871826172,2022-04-20,False,0.0,0.0,43.45885478815804,0.0009463145533064043,True
2022-04-22,YumChina,1.0,41.43000030517578,40.91999816894531,320.0,324.0,True,7.843900203704834,2022-04-21,False,0.0,0.0,41.30598192044414,0.00299793328806075,True
2022-04-25,YumChina,1.0,40.189998626708984,40.970001220703125,315.6000061035156,317.6000061035156,True,7.844600200653076,2022-04-22,False,0.0,0.0,40.48644901968043,-0.007349151726268488,True
2022-04-26,YumChina,1.0,40.959999084472656,39.380001068115234,318.6000061035156,323.20001220703125,True,7.846290111541748,2022-04-25,False,0.0,0.0,41.19144304027326,-0.005634583207500654,True
2022-04-27,YumChina,1.0,39.689998626708984,39.93000030517578,329.0,323.20001220703125,True,7.847109794616699,2022-04-26,False,0.0,0.0,41.18714031868829,-0.03702684725161731,True
2022-04-28,YumChina,1.0,41.5,41.0,318.0,332.6000061035156,True,7.845600128173828,2022-04-27,False,0.0,0.0,42.39318862417385,-0.021294276440086968,True
2022-04-29,YumChina,1.0,41.88999938964844,41.79999923706055,324.3999938964844,333.20001220703125,True,7.84630012512207,2022-04-28,False,0.0,0.0,42.465876514231276,-0.013653727492972667,True
2022-05-03,YumChina,1.0,41.560001373291016,41.02000045776367,331.6000061035156,328.20001220703125,True,7.847000122070312,2022-05-02,False,0.0,0.0,41.82490214113068,-0.0063537078736279895,True
2022-05-04,YumChina,1.0,41.650001525878906,42.560001373291016,330.0,331.6000061035156,True,7.847499847412109,2022-05-03,False,0.0,0.0,42.25549698008191,-0.014433046128969007,True
2022-05-05,YumChina,1.0,41.29999923706055,40.7400016784668,345.0,330.79998779296875,True,7.847259998321533,2022-05-04,False,0.0,0.0,42.15483976110442,-0.02048701868991598,True
2022-05-06,YumChina,1.0,40.130001068115234,40.209999084472656,333.0,310.6000061035156,True,7.848000049591064,2022-05-05,False,0.0,0.0,39.5769628110158,0.013877009111894711,True
2022-05-10,YumChina,1.0,38.54999923706055,38.90999984741211,309.0,308.3999938964844,True,7.849649906158447,2022-05-09,False,0.0,0.0,39.28837560698459,-0.01897260882163554,True
2022-05-11,YumChina,1.0,38.9900016784668,37.52000045776367,295.0,317.0,True,7.849400043487549,2022-05-10,False,0.0,0.0,40.385252152233846,-0.03515942654175053,True
2022-05-12,YumChina,1.0,37.439998626708984,37.470001220703125,299.0,292.79998779296875,True,7.849649906158447,2022-05-11,False,0.0,0.0,37.301025051225835,0.0037188073913343445,True
2022-05-13,YumChina,1.0,37.97999954223633,39.29999923706055,296.20001220703125,293.6000061035156,True,7.849760055541992,2022-05-12,False,0.0,0.0,37.402417911644534,0.01532434095665014,True
2022-05-16,YumChina,1.0,39.38999938964844,39.45000076293945,302.20001220703125,302.20001220703125,True,7.84984016418457,2022-05-13,False,0.0,0.0,38.49760070094667,0.022916041591855674,True
2022-05-17,YumChina,1.0,40.91999816894531,41.06999969482422,308.0,320.20001220703125,True,7.849730014801025,2022-05-16,False,0.0,0.0,40.791213405210044,0.003152195834369209,True
2022-05-18,YumChina,1.0,40.689998626708984,40.880001068115234,311.79998779296875,323.79998779296875,True,7.849999904632568,2022-05-17,False,0.0,0.0,41.24840658939151,-0.01363015563512926,True
2022-05-19,YumChina,1.0,40.47999954223633,40.7599983215332,323.79998779296875,317.79998779296875,True,7.849380016326904,2022-05-18,False,0.0,0.0,40.48727251476383,-0.00017965215727988593,True
2022-05-20,YumChina,1.0,41.66999816894531,42.189998626708984,327.20001220703125,333.79998779296875,True,7.848800182342529,2022-05-19,False,0.0,0.0,42.52879166728179,-0.02039989606633119,True
2022-05-23,YumChina,1.0,42.06999969482422,42.150001525878906,335.0,323.3999938964844,True,7.847899913787842,2022-05-20,False,0.0,0.0,41.20847582782095,0.02069093117498788,True
2022-05-24,YumChina,1.0,41.11000061035156,40.349998474121094,324.20001220703125,321.6000061035156,True,7.84827995300293,2022-05-23,False,0.0,0.0,40.97713231807744,0.0032372529913091697,True
2022-05-25,YumChina,1.0,39.97999954223633,40.70000076293945,321.6000061035156,323.3999938964844,True,7.849100112915039,2022-05-24,False,0.0,0.0,41.20217467533083,-0.03011172072186641,True
2022-05-26,YumChina,1.0,40.779998779296875,43.029998779296875,321.0,322.0,True,7.84906005859375,2022-05-25,False,0.0,0.0,41.02402040451325,-0.005966023465545867,True
2022-05-27,YumChina,1.0,43.06999969482422,43.22999954223633,326.79998779296875,337.3999938964844,True,7.8495001792907715,2022-05-26,False,0.0,0.0,42.98362777118499,0.0020073982977040217,True
2022-05-31,YumChina,1.0,45.20000076293945,45.459999084472656,353.0,360.20001220703125,True,7.84906005859375,2022-05-30,False,0.0,0.0,45.8908467406434,-0.015168576047649651,True
2022-06-01,YumChina,1.0,46.630001068115234,44.79999923706055,362.0,373.2000122070313,True,7.848189830780029,2022-05-31,False,0.0,0.0,47.552368157988234,-0.01958745755770952,True
2022-06-02,YumChina,1.0,44.79999923706055,44.77000045776367,354.0,359.6000061035156,True,7.847219944000244,2022-06-01,False,0.0,0.0,45.8251468252085,-0.02262487537124258,True
2022-06-06,YumChina,1.0,45.779998779296875,45.36000061035156,359.6000061035156,362.2000122070313,True,7.844759941101074,2022-06-03,False,0.0,0.0,46.17094913374668,-0.008503505817159862,True
2022-06-07,YumChina,1.0,46.189998626708984,45.939998626708984,361.7999877929687,369.0,True,7.845729827880859,2022-06-06,False,0.0,0.0,47.03195344411539,-0.018063936511521828,True
2022-06-08,YumChina,1.0,46.2400016784668,47.38999938964844,364.2000122070313,368.2000122070313,True,7.845600128173828,2022-06-07,False,0.0,0.0,46.93076452938406,-0.014828159856089318,True
2022-06-09,YumChina,1.0,43.15999984741211,43.560001373291016,378.0,363.7999877929687,True,7.845359802246094,2022-06-08,False,0.0,0.0,46.37135796994477,-0.07176784664826963,True
2022-06-10,YumChina,1.0,43.29999923706055,42.86000061035156,345.0,349.3999938964844,True,7.847839832305908,2022-06-09,False,0.0,0.0,44.52180489950458,-0.02782644951558355,True
2022-06-13,YumChina,1.0,41.2400016784668,38.66999816894531,340.0,326.0,True,7.848800182342529,2022-06-10,False,0.0,0.0,41.535010756599874,-0.007128004419035605,True
2022-06-14,YumChina,1.0,40.779998779296875,40.459999084472656,312.0,322.20001220703125,True,7.849309921264648,2022-06-13,False,0.0,0.0,41.04819601200302,-0.006555153605916519,True
2022-06-15,YumChina,1.0,40.91999816894531,41.380001068115234,322.0,322.0,True,7.849800109863281,2022-06-14,False,0.0,0.0,41.02015280559905,-0.002444581449738248,True
2022-06-16,YumChina,1.0,40.16999816894531,39.81999969482422,327.6000061035156,320.3999938964844,True,7.849899768829346,2022-06-15,False,0.0,0.0,40.81580699523576,-0.015949029945173443,True
2022-06-17,YumChina,1.0,40.97999954223633,40.45000076293945,320.0,326.0,True,7.848599910736084,2022-06-16,False,0.0,0.0,41.53607059955563,-0.013478089159498996,True
2022-06-21,YumChina,1.0,41.2599983215332,41.66999816894531,330.79998779296875,327.3999938964844,True,7.849679946899414,2022-06-20,False,0.0,0.0,41.708706101553325,-0.010816419464253269,True
2022-06-22,YumChina,1.0,41.029998779296875,41.47999954223633,321.0,324.6000061035156,True,7.849699974060059,2022-06-21,False,0.0,0.0,41.351899712878385,-0.007814885982105668,True
2022-06-23,YumChina,1.0,42.0,42.689998626708984,329.6000061035156,331.0,True,7.849730014801025,2022-06-22,False,0.0,0.0,42.167055347876214,-0.003969618909808403,True
2022-06-24,YumChina,1.0,43.81999969482422,43.84000015258789,332.3999938964844,349.3999938964844,True,7.8495001792907715,2022-06-23,False,0.0,0.0,44.51238752988395,-0.01567719468909834,True
2022-06-27,YumChina,1.0,45.54999923706055,46.0,349.3999938964844,364.6000061035156,True,7.849400043487549,2022-06-24,False,0.0,0.0,46.44941066623495,-0.01955317073601881,True
2022-06-28,YumChina,1.0,48.0,48.0099983215332,364.3999938964844,385.2000122070313,True,7.849090099334717,2022-06-27,False,0.0,0.0,49.07575366470574,-0.0221640865428383,True
2022-06-29,YumChina,1.0,47.56999969482422,47.61000061035156,387.0,381.0,True,7.84660005569458,2022-06-28,False,0.0,0.0,48.556062153759655,-0.020516747048676898,True
2022-06-30,YumChina,1.0,47.02000045776367,48.5,379.7999877929687,382.7999877929687,True,7.845799922943115,2022-06-29,False,0.0,0.0,48.79043457042081,-0.03696122789741585,True
2022-07-05,YumChina,1.0,49.0,47.130001068115234,387.3999938964844,392.2000122070313,True,7.846799850463867,2022-07-04,False,0.0,0.0,49.98216084023683,-0.01984586045998915,True
2022-07-06,YumChina,1.0,47.45000076293945,47.630001068115234,372.2000122070313,364.2000122070313,True,7.84600019454956,2022-07-05,False,0.0,0.0,46.418557631445495,0.021977212907232424,True
2022-07-07,YumChina,1.0,47.83000183105469,48.15999984741211,360.3999938964844,375.3999938964844,True,7.846620082855225,2022-07-06,False,0.0,0.0,47.842254363344175,-0.0002561355369641305,True
2022-07-08,YumChina,1.0,48.2599983215332,48.310001373291016,379.0,387.0,True,7.84689998626709,2022-07-07,False,0.0,0.0,49.31883937316535,-0.021703120022253497,True
2022-07-11,YumChina,1.0,46.849998474121094,45.099998474121094,371.6000061035156,367.7999877929687,True,7.847489833831787,2022-07-08,False,0.0,0.0,46.86848859712108,-0.00039458859863650275,True
2022-07-12,YumChina,1.0,44.86000061035156,46.33000183105469,360.0,358.20001220703125,True,7.848810195922852,2022-07-11,False,0.0,0.0,45.63749195936756,-0.017183028099210684,True
2022-07-13,YumChina,1.0,45.459999084472656,46.66999816894531,358.20001220703125,363.0,True,7.849699974060059,2022-07-12,False,0.0,0.0,46.243805648567665,-0.01709472478068008,True
2022-07-14,YumChina,1.0,46.439998626708984,45.81999969482422,363.0,371.7999877929687,True,7.849699974060059,2022-07-13,False,0.0,0.0,47.364866048589185,-0.019719603997738755,True
2022-07-15,YumChina,1.0,46.040000915527344,45.97999954223633,358.20001220703125,359.20001220703125,True,7.849299907684326,2022-07-14,False,0.0,0.0,45.76204456850741,0.0060555774099047,True
2022-07-18,YumChina,1.0,46.529998779296875,46.0099983215332,372.7999877929687,371.0,True,7.8496599197387695,2022-07-15,False,0.0,0.0,47.26319404832848,-0.015634614456025986,True
2022-07-19,YumChina,1.0,46.599998474121094,47.15999984741211,361.0,368.0,True,7.849599838256836,2022-07-18,False,0.0,0.0,46.88137071732843,-0.006019875304755562,True
2022-07-20,YumChina,1.0,47.43000030517578,46.779998779296875,377.2000122070313,376.0,True,7.849800109863281,2022-07-19,False,0.0,0.0,47.89930886616535,-0.009846129307741425,True
2022-07-21,YumChina,1.0,46.900001525878906,47.27000045776367,371.7999877929687,369.6000061035156,True,7.850500106811523,2022-07-20,False,0.0,0.0,47.079803971065544,-0.003826410655269452,True
2022-07-22,YumChina,1.0,47.41999816894531,46.099998474121094,377.2000122070313,373.7999877929687,True,7.849589824676514,2022-07-21,False,0.0,0.0,47.62032107943592,-0.00421554154558379,True
2022-07-25,YumChina,1.0,45.70000076293945,45.0,362.0,362.0,True,7.848599910736084,2022-07-22,False,0.0,0.0,46.12287594183785,-0.00921073666422334,True
2022-07-26,YumChina,1.0,45.15999984741211,45.45000076293945,350.79998779296875,358.6000061035156,True,7.849440097808838,2022-07-25,False,0.0,0.0,45.684787912913485,-0.011553638158133595,True
2022-07-27,YumChina,1.0,45.47999954223633,46.47999954223633,353.79998779296875,358.79998779296875,True,7.849130153656006,2022-07-26,False,0.0,0.0,45.712070098091715,-0.005089720142500198,True
2022-07-28,YumChina,1.0,46.310001373291016,47.08000183105469,363.0,361.6000061035156,True,7.849259853363037,2022-07-27,False,0.0,0.0,46.06803862514337,0.005238545903058611,True
2022-07-29,YumChina,1.0,48.900001525878906,48.709999084472656,366.0,366.7999877929687,True,7.849100112915039,2022-07-28,False,0.0,0.0,46.73147017062885,0.04535961050812798,True
2022-08-01,YumChina,1.0,47.099998474121094,47.27000045776367,373.0,377.6000061035156,True,7.8495001792907715,2022-07-29,False,0.0,0.0,48.10497451796135,-0.021112623470247005,True
2022-08-02,YumChina,1.0,46.45000076293945,48.0,368.6000061035156,365.6000061035156,True,7.849440097808838,2022-08-01,False,0.0,0.0,46.5765712646909,-0.002721170459037303,True
2022-08-03,YumChina,1.0,47.4900016784668,47.470001220703125,370.0,368.3999938964844,True,7.849800109863281,2022-08-02,False,0.0,0.0,46.93113056899238,0.01183797784952123,True
2022-08-04,YumChina,1.0,48.9900016784668,49.150001525878906,373.0,375.3999938964844,True,7.849699974060059,2022-08-03,False,0.0,0.0,47.82348308050279,0.02409943321714847,True
2022-08-05,YumChina,1.0,48.47999954223633,48.130001068115234,383.6000061035156,383.7999877929687,True,7.849400043487549,2022-08-04,False,0.0,0.0,48.8954551515562,-0.0085331181567736,True
2022-08-08,YumChina,1.0,47.33000183105469,48.04999923706055,376.0,374.3999938964844,True,7.8495001792907715,2022-08-05,False,0.0,0.0,47.69730369384012,-0.007730487356899296,True
2022-08-09,YumChina,1.0,47.58000183105469,47.790000915527344,366.6000061035156,378.7999877929687,True,7.849800109863281,2022-08-08,False,0.0,0.0,48.25600429200817,-0.014107717969447986,True
2022-08-10,YumChina,1.0,48.04999923706055,48.380001068115234,372.2000122070313,372.6000061035156,True,7.849770069122315,2022-08-09,False,0.0,0.0,47.4663592465169,0.01222088579757541,True
2022-08-11,YumChina,1.0,49.0,48.27000045776367,375.0,381.7999877929687,True,7.849699974060059,2022-08-10,False,0.0,0.0,48.638800088494634,0.007398729990257369,True
2022-08-12,YumChina,1.0,48.11000061035156,48.06999969482422,384.0,382.3999938964844,True,7.84660005569458,2022-08-11,False,0.0,0.0,48.734482601666684,-0.012896772769090514,True
2022-08-15,YumChina,1.0,47.52000045776367,48.150001525878906,385.0,379.2000122070313,True,7.842800140380859,2022-08-12,False,0.0,0.0,48.35007974442872,-0.017317186526482065,True
2022-08-16,YumChina,1.0,47.849998474121094,48.0,381.0,378.6000061035156,True,7.838600158691406,2022-08-15,False,0.0,0.0,48.29944102758265,-0.00934890165349822,True
2022-08-17,YumChina,1.0,47.970001220703125,48.130001068115234,376.0,381.0,True,7.837900161743164,2022-08-16,False,0.0,0.0,48.60995829720608,-0.013252572190148637,True
2022-08-18,YumChina,1.0,47.45000076293945,46.900001525878906,382.3999938964844,372.3999938964844,True,7.84089994430542,2022-08-17,False,0.0,0.0,47.49454737870312,-0.0009383712894388552,True
2022-08-19,YumChina,1.0,46.900001525878906,47.15999984741211,370.0,370.3999938964844,True,7.84250020980835,2022-08-18,False,0.0,0.0,47.229835382501825,-0.007008090471451567,True
2022-08-22,YumChina,1.0,47.7400016784668,48.060001373291016,380.0,382.2000122070313,True,7.843500137329102,2022-08-19,False,0.0,0.0,48.72824702176642,-0.020489226853037668,True
2022-08-23,YumChina,1.0,48.5099983215332,48.83000183105469,390.0,387.0,True,7.846199989318848,2022-08-22,False,0.0,0.0,49.32323934220757,-0.016625428576027,True
2022-08-24,YumChina,1.0,48.099998474121094,48.09000015258789,382.2000122070313,386.0,True,7.846199989318848,2022-08-23,False,0.0,0.0,49.19578911134915,-0.02252588727911098,True
2022-08-25,YumChina,1.0,48.68000030517578,50.0099983215332,386.0,385.2000122070313,True,7.846399784088135,2022-08-24,False,0.0,0.0,49.09258039441042,-0.008439636863408762,True
2022-08-26,YumChina,1.0,52.0,49.45000076293945,392.0,401.3999938964844,True,7.845799922943115,2022-08-25,False,0.0,0.0,51.16113052063546,0.016263644369912456,True
2022-08-29,YumChina,1.0,49.54999923706055,50.02000045776367,395.3999938964844,394.6000061035156,True,7.84630012512207,2022-08-26,False,0.0,0.0,50.29122004141749,-0.014848264630626051,True
2022-08-30,YumChina,1.0,50.58000183105469,48.869998931884766,394.6000061035156,401.0,True,7.847700119018555,2022-08-29,False,0.0,0.0,51.09777309510008,-0.010184639464823508,True
2022-08-31,YumChina,1.0,49.18000030517578,50.11000061035156,386.2000122070313,388.0,True,7.8471999168396,2022-08-30,False,0.0,0.0,49.44438833110092,-0.00536152695943759,True
2022-09-01,YumChina,1.0,49.380001068115234,48.63999938964844,388.2000122070313,387.7999877929687,True,7.848899841308594,2022-08-31,False,0.0,0.0,49.4081967707099,-0.0005708314146248838,True
2022-09-02,YumChina,1.0,48.20000076293945,47.79999923706055,386.0,371.6000061035156,True,7.848060131072998,2022-09-01,False,0.0,0.0,47.34928121055437,0.017807397715630113,True
2022-09-06,YumChina,1.0,48.54999923706055,47.93000030517578,387.3999938964844,386.0,True,7.84867000579834,2022-09-05,False,0.0,0.0,49.18030694561446,-0.012899099014848758,True
2022-09-07,YumChina,1.0,48.029998779296875,48.880001068115234,377.7999877929687,381.3999938964844,True,7.848800182342529,2022-09-06,False,0.0,0.0,48.593413647415964,-0.011662209803148471,True
2022-09-08,YumChina,1.0,48.599998474121094,49.5099983215332,390.3999938964844,386.6000061035156,True,7.8495001792907715,2022-09-07,False,0.0,0.0,49.251544336985575,-0.013317224712865894,True
2022-09-09,YumChina,1.0,50.09000015258789,49.599998474121094,387.0,395.2000122070313,True,7.849279880523682,2022-09-08,False,0.0,0.0,50.3485693238734,-0.00514881372487741,True
2022-09-13,YumChina,1.0,49.29999923706055,49.75,389.7999877929687,401.6000061035156,True,7.848800182342529,2022-09-12,False,0.0,0.0,51.167056973497225,-0.03717184090337433,True
2022-09-14,YumChina,1.0,50.0,49.810001373291016,395.0,404.7999877929687,True,7.848659992218018,2022-09-13,False,0.0,0.0,51.57568147866384,-0.03102726679454193,True
2022-09-15,YumChina,1.0,50.869998931884766,50.47999954223633,401.7999877929687,417.0,True,7.8495001792907715,2022-09-14,False,0.0,0.0,53.124401614788844,-0.04336302562180716,True
2022-09-16,YumChina,1.0,49.5,49.779998779296875,409.0,392.7999877929687,True,7.84876012802124,2022-09-15,False,0.0,0.0,50.04611956360016,-0.010972301984085941,True
2022-09-19,YumChina,1.0,49.04999923706055,49.95000076293945,393.6000061035156,386.7999877929687,True,7.848999977111816,2022-09-16,False,0.0,0.0,49.280161666569256,-0.004681429334449039,True
2022-09-20,YumChina,1.0,49.470001220703125,49.88999938964844,388.0,393.0,True,7.849160194396973,2022-09-19,False,0.0,0.0,50.06905073494847,-0.012036617488124346,True
2022-09-21,YumChina,1.0,49.5099983215332,49.040000915527344,402.0,389.7999877929687,True,7.848899841308594,2022-09-20,False,0.0,0.0,49.66300955217439,-0.0030857459168371904,True
2022-09-22,YumChina,1.0,48.70000076293945,47.599998474121094,388.7999877929687,386.3999938964844,True,7.849279880523682,2022-09-21,False,0.0,0.0,49.227445036742004,-0.010772248166591503,True
2022-09-23,YumChina,1.0,47.04999923706055,46.599998474121094,375.7999877929687,376.3999938964844,True,7.849679946899414,2022-09-22,False,0.0,0.0,47.95099882322725,-0.018968781812298552,True
2022-09-26,YumChina,1.0,46.439998626708984,46.27000045776367,370.2000122070313,367.0,True,7.848899841308594,2022-09-23,False,0.0,0.0,46.75814539873305,-0.006827346427453751,True
2022-09-27,YumChina,1.0,47.130001068115234,48.0,361.2000122070313,374.0,True,7.849579811096191,2022-09-26,False,0.0,0.0,47.645862453849105,-0.010886030702931926,True
2022-09-28,YumChina,1.0,47.38999938964844,49.34000015258789,381.0,368.6000061035156,True,7.849279880523682,2022-09-27,False,0.0,0.0,46.95972263877584,0.009120953927070907,True
2022-09-29,YumChina,1.0,48.16999816894531,47.849998474121094,385.0,378.3999938964844,True,7.849599838256836,2022-09-28,False,0.0,0.0,48.2062782426519,-0.0007528839413839528,True
2022-09-30,YumChina,1.0,47.59000015258789,47.33000183105469,371.7999877929687,375.6000061035156,True,7.848800182342529,2022-09-29,False,0.0,0.0,47.854448753645705,-0.005541428145885874,True
2022-10-03,YumChina,1.0,47.34000015258789,47.38999938964844,384.0,377.0,True,7.849599838256836,2022-09-30,False,0.0,0.0,48.02792597943701,-0.014427025662181236,True
2022-10-05,YumChina,1.0,50.119998931884766,50.56999969482422,388.2000122070313,394.7999877929687,True,7.85099983215332,2022-10-04,False,0.0,0.0,50.28658721607507,-0.0033182770859854216,True
2022-10-06,YumChina,1.0,50.0099983215332,49.900001525878906,392.3999938964844,395.0,True,7.849629878997803,2022-10-05,False,0.0,0.0,50.32084392371777,-0.006196431522428103,True
2022-10-07,YumChina,1.0,49.22999954223633,48.75,394.2000122070313,386.2000122070313,True,7.849440097808838,2022-10-06,False,0.0,0.0,49.200963048923526,0.0005899869998362561,True
2022-10-10,YumChina,1.0,48.529998779296875,47.779998779296875,401.3999938964844,377.2000122070313,True,7.849899768829346,2022-10-07,False,0.0,0.0,48.05157050601209,0.009907318552826894,True
2022-10-11,YumChina,1.0,47.130001068115234,44.2400016784668,372.6000061035156,371.0,True,7.849629878997803,2022-10-10,False,0.0,0.0,47.26337492582099,-0.0028259174981197788,True
2022-10-12,YumChina,1.0,44.16999816894531,44.77000045776367,352.6000061035156,347.0,True,7.849689960479736,2022-10-11,False,0.0,0.0,44.2055675761738,-0.0008049602590767257,True
2022-10-13,YumChina,1.0,43.41999816894531,44.75,347.3999938964844,345.20001220703125,True,7.849800109863281,2022-10-12,False,0.0,0.0,43.975643631139995,-0.012715804533665942,True
2022-10-14,YumChina,1.0,45.540000915527344,44.83000183105469,349.0,356.6000061035156,True,7.849480152130127,2022-10-13,False,0.0,0.0,45.42976084941682,0.00242366513741743,True
2022-10-17,YumChina,1.0,45.86000061035156,47.0099983215332,349.0,359.0,True,7.849579811096191,2022-10-14,False,0.0,0.0,45.73493214152896,0.0027309053632871283,True
2022-10-18,YumChina,1.0,47.619998931884766,46.79999923706055,371.0,373.3999938964844,True,7.849400043487549,2022-10-17,False,0.0,0.0,47.57051390268802,0.0010397051592834217,True
2022-10-19,YumChina,1.0,45.63999938964844,45.099998474121094,373.3999938964844,365.6000061035156,True,7.849199771881104,2022-10-18,False,0.0,0.0,46.57799734098213,-0.020343757943473317,True
2022-10-20,YumChina,1.0,45.20000076293945,45.31999969482422,365.6000061035156,360.7999877929687,True,7.849490165710449,2022-10-19,False,0.0,0.0,45.96476716017556,-0.01677806799594439,True
2022-10-21,YumChina,1.0,44.95000076293945,45.13999938964844,358.6000061035156,351.79998779296875,True,7.849199771881104,2022-10-20,False,0.0,0.0,44.819854000054065,0.0028995669963585158,True
2022-10-24,YumChina,1.0,40.06999969482422,38.84000015258789,352.0,321.3999938964844,True,7.848569869995117,2022-10-21,False,0.0,0.0,40.95013476597671,-0.021727184250118547,True
2022-10-25,YumChina,1.0,39.689998626708984,40.90999984741211,306.6000061035156,312.79998779296875,True,7.849400043487549,2022-10-24,False,0.0,0.0,39.85017785563001,-0.004027636159197989,True
2022-10-26,YumChina,1.0,40.95000076293945,42.18000030517578,319.79998779296875,326.20001220703125,True,7.849629878997803,2022-10-25,False,0.0,0.0,41.556101018189494,-0.014692517168251928,True
2022-10-27,YumChina,1.0,42.0,41.40999984741211,339.6000061035156,329.0,True,7.849299907684326,2022-10-26,False,0.0,0.0,41.9145661230137,0.002036211600727089,True
2022-10-28,YumChina,1.0,40.400001525878906,41.47999954223633,329.6000061035156,314.6000061035156,True,7.849299907684326,2022-10-27,False,0.0,0.0,40.08000838336267,0.007952156794060805,True
2022-10-31,YumChina,1.0,40.81999969482422,41.349998474121094,315.3999938964844,317.20001220703125,True,7.849299907684326,2022-10-28,False,0.0,0.0,40.411248893229065,0.01006396574389834,True
2022-11-01,YumChina,1.0,43.060001373291016,43.060001373291016,325.0,342.6000061035156,True,7.848740100860596,2022-10-31,False,0.0,0.0,43.65031861176679,-0.013616057668900172,True
2022-11-02,YumChina,1.0,47.36000061035156,46.31999969482422,359.6000061035156,389.7999877929687,True,7.849480152130127,2022-11-01,False,0.0,0.0,49.65933797376225,-0.04740844535116162,True
2022-11-03,YumChina,1.0,45.20000076293945,47.279998779296875,364.3999938964844,373.2000122070313,True,7.849629878997803,2022-11-02,False,0.0,0.0,47.54364447240402,-0.050551016454393416,True
2022-11-04,YumChina,1.0,50.630001068115234,49.939998626708984,374.7999877929687,396.0,True,7.8496599197387695,2022-11-03,False,0.0,0.0,50.44804539929401,0.003600304353432282,True
2022-11-07,YumChina,1.0,50.189998626708984,49.31999969482422,390.7999877929687,399.3999938964844,True,7.849760055541992,2022-11-04,False,0.0,0.0,50.880535337447014,-0.01366466424083912,True
2022-11-08,YumChina,1.0,49.310001373291016,50.29999923706055,396.0,391.2000122070313,True,7.849510192871094,2022-11-07,False,0.0,0.0,49.83750611118617,-0.010640907243525177,True
2022-11-09,YumChina,1.0,50.029998779296875,49.869998931884766,396.3999938964844,396.6000061035156,True,7.849999904632568,2022-11-08,False,0.0,0.0,50.522294384929566,-0.009791910729006315,True
2022-11-10,YumChina,1.0,51.29999923706055,51.0,391.7999877929687,395.6000061035156,True,7.849100112915039,2022-11-09,False,0.0,0.0,50.400682933396254,0.01768601205329201,True
2022-11-11,YumChina,1.0,52.400001525878906,54.08000183105469,395.7999877929687,413.6000061035156,True,7.849370002746582,2022-11-10,False,0.0,0.0,52.69212764321116,-0.005559443357874727,True
2022-11-14,YumChina,1.0,53.88999938964844,52.779998779296875,434.0,422.3999938964844,True,7.845399856567383,2022-11-11,False,0.0,0.0,53.840467231621524,0.0009195571702353966,True
2022-11-15,YumChina,1.0,54.22999954223633,53.02000045776367,422.0,425.6000061035156,True,7.835639953613281,2022-11-14,False,0.0,0.0,54.31592168898175,-0.0015831486566568742,True
2022-11-16,YumChina,1.0,51.790000915527344,53.61000061035156,420.0,412.0,True,7.835999965667725,2022-11-15,False,0.0,0.0,52.5778460700762,-0.0150977555350984,True
2022-11-17,YumChina,1.0,51.97999954223633,54.900001525878906,422.6000061035156,419.6000061035156,True,7.819900035858154,2022-11-16,False,0.0,0.0,53.657975700384874,-0.03177109932419464,True
2022-11-18,YumChina,1.0,54.31999969482422,52.810001373291016,429.0,423.6000061035156,True,7.82420015335083,2022-11-17,False,0.0,0.0,54.13972007376404,0.0033243638739475223,True
2022-11-21,YumChina,1.0,52.06999969482422,52.31999969482422,408.2000122070313,412.6000061035156,True,7.826469898223877,2022-11-18,False,0.0,0.0,52.71853229731967,-0.012378088912359697,True
2022-11-22,YumChina,1.0,51.86000061035156,52.220001220703125,411.6000061035156,403.0,True,7.819139957427979,2022-11-21,False,0.0,0.0,51.540195238117015,0.006185798573497436,True
2022-11-23,YumChina,1.0,52.970001220703125,52.25,404.6000061035156,406.2000122070313,True,7.804299831390381,2022-11-22,False,0.0,0.0,52.04823251064977,0.017554901645548515,True
2022-11-25,YumChina,1.0,51.599998474121094,50.56999969482422,407.6000061035156,405.3999938964844,True,7.8180999755859375,2022-11-24,False,0.0,0.0,51.85403041179467,-0.004911020884803552,True
2022-11-28,YumChina,1.0,51.27000045776367,51.779998779296875,385.7999877929687,404.0,True,7.8084001541137695,2022-11-25,False,0.0,0.0,51.73915168616929,-0.00910898619332956,True
2022-11-29,YumChina,1.0,53.869998931884766,53.43000030517578,403.7999877929687,426.0,True,7.8080902099609375,2022-11-28,False,0.0,0.0,54.5587958828323,-0.012705226830690197,True
2022-11-30,YumChina,1.0,54.7599983215332,55.119998931884766,426.0,431.3999938964844,True,7.813419818878174,2022-11-29,False,0.0,0.0,55.21269865138559,-0.008233005089487655,True
2022-12-01,YumChina,1.0,54.4900016784668,54.779998779296875,440.2000122070313,421.0,True,7.810750007629395,2022-11-30,False,0.0,0.0,53.9000735638415,0.010885386663387564,True
2022-12-02,YumChina,1.0,54.68000030517578,55.4900016784668,421.0,431.0,True,7.80472993850708,2022-12-01,False,0.0,0.0,55.222922944908895,-0.009880120386251079,True
2022-12-05,YumChina,1.0,56.66999816894531,55.470001220703125,442.0,444.2000122070313,True,7.779500007629395,2022-12-02,False,0.0,0.0,57.09878678210709,-0.00753793131697833,True
2022-12-06,YumChina,1.0,55.810001373291016,57.02000045776367,439.6000061035156,439.2000122070313,True,7.785140037536621,2022-12-05,False,0.0,0.0,56.41517173607622,-0.010785035335168836,True
2022-12-07,YumChina,1.0,55.599998474121094,55.599998474121094,443.2000122070313,434.6000061035156,True,7.768899917602539,2022-12-06,False,0.0,0.0,55.94099688667787,-0.006114334443720004,True
2022-12-08,YumChina,1.0,57.439998626708984,58.040000915527344,428.6000061035156,449.2000122070313,True,7.775259971618652,2022-12-07,False,0.0,0.0,57.772989436585604,-0.005780454837203131,True
2022-12-09,YumChina,1.0,57.7400016784668,56.529998779296875,449.2000122070313,456.6000061035156,True,7.791500091552734,2022-12-08,False,0.0,0.0,58.602323139101934,-0.014824136504959284,True
2022-12-12,YumChina,1.0,56.130001068115234,57.08000183105469,444.3999938964844,439.6000061035156,True,7.783840179443359,2022-12-09,False,0.0,0.0,56.47598048897151,-0.006144975689111654,True
2022-12-13,YumChina,1.0,58.0,57.11000061035156,438.0,447.7999877929687,True,7.7868499755859375,2022-12-12,False,0.0,0.0,57.50720627685819,0.008532744041775508,True
2022-12-14,YumChina,1.0,56.56999969482422,57.04999923706055,446.6000061035156,438.7999877929687,True,7.774799823760986,2022-12-13,False,0.0,0.0,56.438750545310285,0.0023228149722500646,True
2022-12-15,YumChina,1.0,57.0,55.779998779296875,441.6000061035156,435.7999877929687,True,7.774799823760986,2022-12-14,False,0.0,0.0,56.0528885208204,0.016755584928452194,True
2022-12-16,YumChina,1.0,56.0099983215332,56.0,435.7999877929687,436.0,True,7.775599956512451,2022-12-15,False,0.0,0.0,56.07284356685922,-0.0011214071815661697,True
2022-12-19,YumChina,1.0,55.45000076293945,55.84000015258789,438.7999877929687,434.0,True,7.775760173797607,2022-12-16,False,0.0,0.0,55.81447862325704,-0.006551581709473453,True
2022-12-20,YumChina,1.0,55.119998931884766,55.40999984741211,434.0,427.6000061035156,True,7.778550148010254,2022-12-19,False,0.0,0.0,54.971684692795264,0.002694378429549893,True
2022-12-21,YumChina,1.0,55.369998931884766,55.9900016784668,428.0,434.2000122070313,True,7.780300140380859,2022-12-20,False,0.0,0.0,55.80761723490226,-0.007872458112371028,True
2022-12-22,YumChina,1.0,57.189998626708984,56.22999954223633,436.0,449.0,True,7.787899971008301,2022-12-21,False,0.0,0.0,57.653539679692095,-0.008072610390033041,True
2022-12-23,YumChina,1.0,56.599998474121094,55.59000015258789,446.6000061035156,447.7999877929687,True,7.79610013961792,2022-12-22,False,0.0,0.0,57.438973303761976,-0.014714092091949738,True
2022-12-28,YumChina,1.0,56.720001220703125,55.779998779296875,451.2000122070313,447.0,True,7.805099964141846,2022-12-27,False,0.0,0.0,57.27024664047934,-0.009654329277202223,True
2022-12-29,YumChina,1.0,55.880001068115234,55.900001525878906,438.7999877929687,438.3999938964844,True,7.800399780273437,2022-12-28,False,0.0,0.0,56.202246839342976,-0.00575018194502519,True
2022-12-30,YumChina,1.0,55.0099983215332,54.650001525878906,440.0,439.0,True,7.79380989074707,2022-12-29,False,0.0,0.0,56.32675240400558,-0.023654641824826683,True
2023-01-03,YumChina,1.0,55.59000015258789,56.41999816894531,430.0,433.6000061035156,True,7.79925012588501,2023-01-02,False,0.0,0.0,55.595089156640356,-9.154112458098496e-05,True
2023-01-04,YumChina,1.0,57.45000076293945,58.650001525878906,437.0,449.7999877929687,True,7.805500030517578,2023-01-03,False,0.0,0.0,57.62603113629643,-0.0030593774872542667,True
2023-01-05,YumChina,1.0,57.5099983215332,58.040000915527344,454.0,447.3999938964844,True,7.813199996948242,2023-01-04,False,0.0,0.0,57.26206855977504,0.004320391784261801,True
2023-01-06,YumChina,1.0,56.15999984741211,58.02000045776367,450.0,437.2000122070313,True,7.815710067749023,2023-01-05,False,0.0,0.0,55.93861701844677,0.0039497921199807,True
2023-01-09,YumChina,1.0,58.5,58.95000076293945,453.0,454.0,True,7.811500072479248,2023-01-06,False,0.0,0.0,58.119438748965855,0.006526572344815129,True
2023-01-10,YumChina,1.0,59.27000045776367,59.16999816894531,456.6000061035156,465.3999938964844,True,7.807819843292236,2023-01-09,False,0.0,0.0,59.60690733615139,-0.0056681787347683255,True
2023-01-11,YumChina,1.0,59.290000915527344,59.959999084472656,464.7999877929687,461.7999877929687,True,7.804800033569336,2023-01-10,False,0.0,0.0,59.16871486863395,0.002047736014562318,True
2023-01-12,YumChina,1.0,58.970001220703125,60.08000183105469,472.2000122070313,461.3999938964844,True,7.808499813079834,2023-01-11,False,0.0,0.0,59.08945443318115,-0.002023611790853863,True
2023-01-13,YumChina,1.0,60.029998779296875,60.209999084472656,465.0,468.7999877929687,True,7.811100006103516,2023-01-12,False,0.0,0.0,60.01715346451243,0.00021400449062536353,True
2023-01-17,YumChina,1.0,59.0099983215332,57.09000015258789,464.7999877929687,459.0,True,7.810210227966309,2023-01-16,False,0.0,0.0,58.769224720282395,0.004088563847461479,True
2023-01-18,YumChina,1.0,58.20000076293945,56.7599983215332,450.0,453.7999877929687,True,7.810420036315918,2023-01-17,False,0.0,0.0,58.1018672085427,0.0016875666641942288,True
2023-01-19,YumChina,1.0,57.09000015258789,58.20000076293945,453.6000061035156,450.6000061035156,True,7.818160057067871,2023-01-18,False,0.0,0.0,57.63504492289827,-0.009501828841555593,True
2023-01-20,YumChina,1.0,59.310001373291016,59.099998474121094,468.0,468.3999938964844,True,7.823440074920654,2023-01-19,False,0.0,0.0,59.87135958234267,-0.00942030458266796,True
2023-01-26,YumChina,1.0,62.040000915527344,62.2400016784668,477.2000122070313,484.7999877929687,True,7.831500053405762,2023-01-25,False,0.0,0.0,61.90384785634253,0.0021970128457349247,True
2023-01-27,YumChina,1.0,62.61000061035156,62.220001220703125,500.0,494.0,True,7.829500198364258,2023-01-26,False,0.0,0.0,63.09470432138269,-0.007711821343380443,True
2023-01-30,YumChina,1.0,60.4900016784668,61.5099983215332,495.0,467.2000122070313,True,7.828080177307129,2023-01-27,False,0.0,0.0,59.68257882199526,0.013437924080400343,True
2023-01-31,YumChina,1.0,61.0,61.61000061035156,476.2000122070313,474.0,True,7.828519821166992,2023-01-30,False,0.0,0.0,60.54784439816889,0.007439995168464719,True
2023-02-01,YumChina,1.0,62.59000015258789,62.22999954223633,477.3999938964844,485.6000061035156,True,7.835130214691162,2023-01-31,False,0.0,0.0,61.97727322935839,0.009837766346053378,True
2023-02-02,YumChina,1.0,61.79999923706055,60.060001373291016,485.6000061035156,477.2000122070313,True,7.839660167694092,2023-02-01,False,0.0,0.0,60.86998696365584,0.015163123779517562,True
2023-02-03,YumChina,1.0,59.650001525878906,58.779998779296875,472.7999877929687,461.2000122070313,True,7.839000225067139,2023-02-02,False,0.0,0.0,58.83403482145981,0.013773663179367901,True
2023-02-06,YumChina,1.0,57.79999923706055,58.459999084472656,459.0,454.7999877929687,True,7.844399929046631,2023-02-03,False,0.0,0.0,57.977664564106796,-0.0030690801778066046,True
2023-02-07,YumChina,1.0,60.150001525878906,60.38999938964844,457.0,470.6000061035156,True,7.846330165863037,2023-02-06,False,0.0,0.0,59.977084338223634,0.002878906215713073,True
2023-02-08,YumChina,1.0,58.689998626708984,60.0099983215332,483.7999877929687,480.0,True,7.846759796142578,2023-02-07,False,0.0,0.0,61.171746360321265,-0.041416090969889297,True
2023-02-09,YumChina,1.0,61.540000915527344,62.13999938964844,484.2000122070313,481.6000061035156,True,7.848499774932861,2023-02-08,False,0.0,0.0,61.36204623993066,0.0028958801594907158,True
2023-02-10,YumChina,1.0,61.41999816894531,61.16999816894531,480.2000122070313,479.0,True,7.848700046539307,2023-02-09,False,0.0,0.0,61.029214667364364,0.006382806704027466,True
2023-02-13,YumChina,1.0,62.20000076293945,61.20000076293945,477.6000061035156,491.6000061035156,True,7.849699974060059,2023-02-10,False,0.0,0.0,62.62659817929932,-0.006835066897492581,True
2023-02-14,YumChina,1.0,60.54999923706055,60.47999954223633,490.0,475.0,True,7.849289894104004,2023-02-13,False,0.0,0.0,60.51502829024016,0.0005777217171187843,True
2023-02-15,YumChina,1.0,59.59000015258789,59.13999938964844,476.2000122070313,466.6000061035156,True,7.849740028381348,2023-02-14,False,0.0,0.0,59.44145977019454,0.0024958184936298977,True
2023-02-16,YumChina,1.0,59.31999969482422,60.380001068115234,466.6000061035156,472.2000122070313,True,7.848800182342529,2023-02-15,False,0.0,0.0,60.16206314811545,-0.014095461278706978,True
2023-02-17,YumChina,1.0,60.06999969482422,60.61000061035156,466.2000122070313,473.6000061035156,True,7.846409797668457,2023-02-16,False,0.0,0.0,60.3588161102986,-0.004796476113409831,True
2023-02-21,YumChina,1.0,60.540000915527344,60.650001525878906,492.0,481.6000061035156,True,7.84453010559082,2023-02-20,False,0.0,0.0,61.39309807228324,-0.013993100872244923,True
2023-02-22,YumChina,1.0,61.0,61.58000183105469,478.0,474.3999938964844,True,7.833899974822998,2023-02-21,False,0.0,0.0,60.55732080076797,0.00728349643279369,True
2023-02-23,YumChina,1.0,62.38999938964844,60.25,485.0,489.3999938964844,True,7.844799995422363,2023-02-22,False,0.0,0.0,62.385273580213834,7.574913401331429e-05,True
2023-02-24,YumChina,1.0,59.150001525878906,58.400001525878906,478.0,476.7999877929687,True,7.845160007476807,2023-02-23,False,0.0,0.0,60.776324171662004,-0.027123691841764774,True
2023-02-27,YumChina,1.0,58.88999938964844,59.04999923706055,470.0,461.3999938964844,True,7.846839904785156,2023-02-24,False,0.0,0.0,58.800740106232276,0.0015168449261624417,True
2023-02-28,YumChina,1.0,58.75,58.72999954223633,460.0,461.2000122070313,True,7.847780227661133,2023-02-27,False,0.0,0.0,58.768212007445875,-0.00030994357862645927,True
2023-03-01,YumChina,1.0,60.709999084472656,60.540000915527344,463.2000122070313,478.7999877929687,True,7.844900131225586,2023-02-28,False,0.0,0.0,61.03328019271638,-0.005310878268099728,True
2023-03-02,YumChina,1.0,60.06999969482422,61.70000076293945,471.7999877929687,468.0,True,7.849020004272461,2023-03-01,False,0.0,0.0,59.6252780277351,0.007430931645147076,True
2023-03-03,YumChina,1.0,61.619998931884766,62.09000015258789,472.3999938964844,483.7999877929687,True,7.848100185394287,2023-03-02,False,0.0,0.0,61.64549080213642,-0.00041360920514055266,True
2023-03-06,YumChina,1.0,62.0,61.33000183105469,483.0,483.0,True,7.849400043487549,2023-03-03,False,0.0,0.0,61.53336526665284,0.007554832684895985,True
2023-03-07,YumChina,1.0,61.150001525878906,60.70000076293945,484.0,481.3999938964844,True,7.84945011138916,2023-03-06,False,0.0,0.0,61.3291360624099,-0.002925145747893154,True
2023-03-08,YumChina,1.0,60.22999954223633,59.70000076293945,481.6000061035156,470.2000122070313,True,7.849420070648193,2023-03-07,False,0.0,0.0,59.90251610628897,0.005452050102817907,True
2023-03-09,YumChina,1.0,59.66999816894531,57.63999938964844,468.0,466.3999938964844,True,7.849689960479736,2023-03-08,False,0.0,0.0,59.41635863895702,0.004259764431855828,True
2023-03-10,YumChina,1.0,57.95000076293945,58.7599983215332,456.0,452.2000122070313,True,7.849460124969482,2023-03-09,False,0.0,0.0,57.609059095486444,0.005900751652654357,True
2023-03-13,YumChina,1.0,58.439998626708984,59.13999938964844,460.7999877929687,474.6000061035156,True,7.849579811096191,2023-03-10,False,0.0,0.0,60.461835859369124,-0.03401179036587276,True
2023-03-14,YumChina,1.0,59.4900016784668,60.68000030517578,458.6000061035156,459.0,True,7.847519874572754,2023-03-13,False,0.0,0.0,58.489816825725406,0.016955591683568194,True
2023-03-15,YumChina,1.0,60.20000076293945,60.439998626708984,475.0,476.6000061035156,True,7.844600200653076,2023-03-14,False,0.0,0.0,60.75516838497874,-0.009179789909633307,True
2023-03-16,YumChina,1.0,60.290000915527344,60.97999954223633,475.0,472.0,True,7.848000049591064,2023-03-15,False,0.0,0.0,60.142711138819955,0.00244601068315653,True
2023-03-17,YumChina,1.0,62.41999816894531,60.720001220703125,478.2000122070313,493.6000061035156,True,7.848050117492676,2023-03-16,False,0.0,0.0,62.89460422829369,-0.007574669184620575,True
2023-03-20,YumChina,1.0,60.43000030517578,60.95000076293945,480.0,473.3999938964844,True,7.849219799041748,2023-03-17,False,0.0,0.0,60.31172600801397,0.0019591294344243337,True
2023-03-21,YumChina,1.0,61.900001525878906,61.16999816894531,488.7999877929687,487.3999938964844,True,7.848849773406982,2023-03-20,False,0.0,0.0,62.09827018831024,-0.003197928949504103,True
2023-03-22,YumChina,1.0,61.54999923706055,62.52000045776367,478.2000122070313,485.0,True,7.842800140380859,2023-03-21,False,0.0,0.0,61.84015801994511,-0.004703119344004136,True
2023-03-23,YumChina,1.0,63.439998626708984,63.83000183105469,495.2000122070313,500.0,True,7.845620155334473,2023-03-22,False,0.0,0.0,63.72982506169828,-0.004558108651530723,True
2023-03-24,YumChina,1.0,62.900001525878906,61.68000030517578,496.7999877929687,498.2000122070313,True,7.847030162811279,2023-03-23,False,0.0,0.0,63.488989065966074,-0.009320302361866872,True
2023-03-27,YumChina,1.0,61.25,61.59000015258789,486.0,476.3999938964844,True,7.849400043487549,2023-03-24,False,0.0,0.0,60.69253589536968,0.009143126047813865,True
2023-03-28,YumChina,1.0,62.75,62.15999984741211,482.0,486.6000061035156,True,7.849530220031738,2023-03-27,False,0.0,0.0,61.990971747803286,0.012169820540897547,True
2023-03-29,YumChina,1.0,62.150001525878906,62.380001068115234,486.7999877929687,494.0,True,7.849699974060059,2023-03-28,False,0.0,0.0,62.932341571329,-0.012509363480692315,True
2023-03-30,YumChina,1.0,62.209999084472656,62.9900016784668,493.7999877929687,488.6000061035156,True,7.849699974060059,2023-03-29,False,0.0,0.0,62.24441796732769,-0.0005531163063210442,True
2023-03-31,YumChina,1.0,63.0,63.38999938964844,491.0,493.6000061035156,True,7.849899768829346,2023-03-30,False,0.0,0.0,62.87978453731596,0.0019100048458549068,True
2023-04-03,YumChina,1.0,63.2400016784668,64.0199966430664,493.6000061035156,496.2000122070313,True,7.849569797515869,2023-03-31,False,0.0,0.0,63.21365692729585,0.00041667045212534504,True
2023-04-04,YumChina,1.0,63.540000915527344,62.97999954223633,500.0,494.2000122070313,True,7.849599838256836,2023-04-03,False,0.0,0.0,62.95862494778823,0.009191879471706521,True
2023-04-06,YumChina,1.0,62.779998779296875,62.56999969482422,486.3999938964844,492.6000061035156,True,7.849299907684326,2023-04-05,False,0.0,0.0,62.757190054780416,0.0003633779755505273,True
2023-04-11,YumChina,1.0,64.37000274658203,64.36000061035156,496.0,499.7999877929687,True,7.849699974060059,2023-04-10,False,0.0,0.0,63.67122175937889,0.010915045955129266,True
2023-04-12,YumChina,1.0,64.52999877929688,63.43000030517578,501.0,503.0,True,7.849400043487549,2023-04-11,False,0.0,0.0,64.081330702125,0.006977144223553999,True
2023-04-13,YumChina,1.0,64.19000244140625,63.68000030517578,500.0,503.5,True,7.849800109863281,2023-04-12,False,0.0,0.0,64.14176067583578,0.0007518289575552117,True
2023-04-14,YumChina,1.0,64.08999633789062,62.97999954223633,504.5,502.5,True,7.847209930419922,2023-04-13,False,0.0,0.0,64.03549853458681,0.0008506941829908854,True
2023-04-17,YumChina,1.0,63.63999938964844,63.63999938964844,502.0,505.0,True,7.849699974060059,2023-04-14,False,0.0,0.0,64.33366901522498,-0.010840924197505153,True
2023-04-18,YumChina,1.0,63.70000076293945,63.52000045776367,495.3999938964844,492.0,True,7.849279880523682,2023-04-17,False,0.0,0.0,62.68090926669507,0.016127650684152783,True
2023-04-19,YumChina,1.0,62.970001220703125,63.33000183105469,494.7999877929687,498.2000122070313,True,7.849279880523682,2023-04-18,False,0.0,0.0,63.470792198811594,-0.007921392822956896,True
2023-04-20,YumChina,1.0,63.560001373291016,63.09000015258789,500.5,498.7999877929687,True,7.849170207977295,2023-04-19,False,0.0,0.0,63.54811713549371,0.00018699415853795642,True
2023-04-21,YumChina,1.0,62.7400016784668,62.209999084472656,491.3999938964844,489.7999877929687,True,7.84896993637085,2023-04-20,False,0.0,0.0,62.40309133091659,0.00538441480742069,True
2023-04-24,YumChina,1.0,62.20000076293945,61.54999923706055,489.2000122070313,487.6000061035156,True,7.848790168762207,2023-04-21,False,0.0,0.0,62.124224959426144,0.0012190031742633778,True
2023-04-25,YumChina,1.0,60.599998474121094,60.119998931884766,485.3999938964844,473.6000061035156,True,7.847899913787842,2023-04-24,False,0.0,0.0,60.34735550990601,0.004177740535065588,True
2023-04-26,YumChina,1.0,60.25,59.93000030517578,477.7999877929687,477.7999877929687,True,7.849100112915039,2023-04-25,False,0.0,0.0,60.87321870271328,-0.010290747046791004,True
2023-04-27,YumChina,1.0,60.16999816894531,60.58000183105469,475.0,474.6000061035156,True,7.849599838256836,2023-04-26,False,0.0,0.0,60.461681599416444,-0.0048359435843376986,True
2023-04-28,YumChina,1.0,60.310001373291016,61.18000030517578,478.3999938964844,477.6000061035156,True,7.849699974060059,2023-04-27,False,0.0,0.0,60.8430905234317,-0.008800313425557427,True
2023-05-02,YumChina,1.0,61.709999084472656,61.75,484.0,484.6000061035156,True,7.849899768829346,2023-05-01,False,0.0,0.0,61.73327308302485,-0.0003770800695628296,True
2023-05-03,YumChina,1.0,64.01000213623047,62.56999969482422,484.6000061035156,504.0,True,7.849629878997803,2023-05-02,False,0.0,0.0,64.20684895583229,-0.003070532033564888,True
2023-05-04,YumChina,1.0,63.625,61.79999923706055,504.5,500.5,True,7.849760055541992,2023-05-03,False,0.0,0.0,63.759910679899455,-0.0021181587304210936,True
2023-05-05,YumChina,1.0,61.650001525878906,62.58000183105469,490.0,477.2000122070313,True,7.848790168762207,2023-05-04,False,0.0,0.0,60.79918075861723,0.013896939844531886,True
2023-05-08,YumChina,1.0,62.209999084472656,61.83000183105469,489.0,491.0,True,7.847099781036377,2023-05-05,False,0.0,0.0,62.57088780578154,-0.005784375100227557,True
2023-05-09,YumChina,1.0,60.65999984741211,61.88999938964844,483.7999877929687,473.7999877929687,True,7.847179889678955,2023-05-08,False,0.0,0.0,60.37837725832393,0.004653451310640655,True
2023-05-10,YumChina,1.0,61.65999984741211,61.18000030517578,480.0,477.7999877929687,True,7.84867000579834,2023-05-09,False,0.0,0.0,60.87655455510115,0.012787302067200024,True
2023-05-11,YumChina,1.0,61.11000061035156,61.90999984741211,479.0,474.2000122070313,True,7.841700077056885,2023-05-10,False,0.0,0.0,60.47158237974923,0.010501986938780128,True
2023-05-12,YumChina,1.0,61.25,60.72999954223633,481.6000061035156,478.6000061035156,True,7.832149982452393,2023-05-11,False,0.0,0.0,61.10710432969224,0.002335716198178517,True
2023-05-15,YumChina,1.0,61.04999923706055,61.90999984741211,480.0,482.7999877929687,True,7.836800098419189,2023-05-12,False,0.0,0.0,61.606775945498136,-0.009078675545492132,True
2023-05-16,YumChina,1.0,61.630001068115234,61.36000061035156,487.2000122070313,481.0,True,7.842400074005127,2023-05-15,False,0.0,0.0,61.33326474816688,0.004826431601403058,True
2023-05-17,YumChina,1.0,61.0099983215332,61.20000076293945,480.2000122070313,472.0,True,7.838319778442383,2023-05-16,False,0.0,0.0,60.21698697444506,0.013083269486474869,True
2023-05-18,YumChina,1.0,61.150001525878906,61.09000015258789,475.2000122070313,474.2000122070313,True,7.838300228118896,2023-05-17,False,0.0,0.0,60.497811822249375,0.010722690930802692,True
2023-05-19,YumChina,1.0,61.13999938964844,61.150001525878906,475.3999938964844,474.7999877929687,True,7.829699993133545,2023-05-18,False,0.0,0.0,60.64089150406231,0.008196863669646781,True
2023-05-22,YumChina,1.0,61.83000183105469,61.439998626708984,478.0,484.0,True,7.827300071716309,2023-05-19,False,0.0,0.0,61.83485947458666,-7.856141968165531e-05,True
2023-05-23,YumChina,1.0,60.290000915527344,57.93000030517578,483.7999877929687,473.3999938964844,True,7.816800117492676,2023-05-22,False,0.0,0.0,60.56186505742872,-0.004499137821455612,True
2023-05-24,YumChina,1.0,57.5099983215332,57.150001525878906,457.0,454.0,True,7.828499794006348,2023-05-23,False,0.0,0.0,57.993231391229166,-0.008367487045194189,True
2023-05-25,YumChina,1.0,56.9900016784668,56.630001068115234,450.0,442.0,True,7.836820125579834,2023-05-24,False,0.0,0.0,56.40042682073134,0.01039911708001906,True
2023-05-30,YumChina,1.0,57.2400016784668,56.29999923706055,444.7999877929687,447.0,True,7.834549903869629,2023-05-29,False,0.0,0.0,57.05496875822036,0.00323781669811396,True
2023-05-31,YumChina,1.0,56.0,56.459999084472656,443.2000122070313,436.6000061035156,True,7.828000068664551,2023-05-30,False,0.0,0.0,55.774144388580616,0.004041290945144382,True
2023-06-01,YumChina,1.0,56.20000076293945,57.130001068115234,438.3999938964844,436.7999877929687,True,7.834070205688477,2023-05-31,False,0.0,0.0,55.756455625812414,0.00792357085999118,True
2023-06-02,YumChina,1.0,57.70000076293945,58.56999969482422,444.6000061035156,453.0,True,7.831210136413574,2023-06-01,False,0.0,0.0,57.84546604025345,-0.0025178894194626267,True
2023-06-05,YumChina,1.0,58.349998474121094,57.70000076293945,454.7999877929687,458.0,True,7.831500053405762,2023-06-02,False,0.0,0.0,58.481771930886346,-0.0022557821761406416,True
2023-06-06,YumChina,1.0,57.45000076293945,59.0,452.2000122070313,452.0,True,7.837470054626465,2023-06-05,False,0.0,0.0,57.67167170650739,-0.003851077086978627,True
2023-06-07,YumChina,1.0,59.04999923706055,59.5099983215332,458.2000122070313,464.0,True,7.837860107421875,2023-06-06,False,0.0,0.0,59.19983179600593,-0.0025341708790964645,True
2023-06-08,YumChina,1.0,59.72999954223633,59.66999816894531,464.0,468.6000061035156,True,7.842999935150147,2023-06-07,False,0.0,0.0,59.74754685428219,-0.00029373405633492666,True
2023-06-09,YumChina,1.0,59.720001220703125,59.720001220703125,464.6000061035156,471.2000122070313,True,7.839739799499512,2023-06-08,False,0.0,0.0,60.10403715657919,-0.006410020160002361,True
2023-06-12,YumChina,1.0,59.630001068115234,59.529998779296875,468.6000061035156,468.7999877929687,True,7.836780071258545,2023-06-09,False,0.0,0.0,59.82048539454316,-0.0031893463732952654,True
2023-06-13,YumChina,1.0,60.0,59.400001525878906,463.3999938964844,469.3999938964844,True,7.838799953460693,2023-06-12,False,0.0,0.0,59.88161410972766,0.001975047293697685,True
2023-06-14,YumChina,1.0,59.20000076293945,59.18000030517578,467.3999938964844,460.6000061035156,True,7.834420204162598,2023-06-13,False,0.0,0.0,58.7918434421974,0.006918426464389782,True
2023-06-15,YumChina,1.0,59.275001525878906,59.13999938964844,460.3999938964844,469.0,True,7.833310127258301,2023-06-14,False,0.0,0.0,59.872517796528555,-0.010029940752490418,True
2023-06-16,YumChina,1.0,60.0,59.400001525878906,463.0,476.0,True,7.830900192260742,2023-06-15,False,0.0,0.0,60.78483805353943,-0.012995821531707641,True
2023-06-20,YumChina,1.0,57.83000183105469,58.06999969482422,462.0,460.2000122070313,True,7.8211798667907715,2023-06-19,False,0.0,0.0,58.84022871805696,-0.017318079011417353,True
2023-06-21,YumChina,1.0,57.61000061035156,57.790000915527344,456.6000061035156,450.6000061035156,True,7.8171000480651855,2023-06-20,False,0.0,0.0,57.642860310460506,-0.0005702192680816509,True
2023-06-23,YumChina,1.0,57.34000015258789,56.279998779296875,452.0,446.6000061035156,True,7.8282999992370605,2023-06-22,False,0.0,0.0,57.049424031659605,0.005080482710925871,True
2023-06-26,YumChina,1.0,56.59000015258789,56.939998626708984,440.0,445.7999877929687,True,7.830100059509277,2023-06-23,False,0.0,0.0,56.93413678048292,-0.006062810805349983,True
2023-06-27,YumChina,1.0,57.529998779296875,57.380001068115234,443.0,451.2000122070313,True,7.829730033874512,2023-06-26,False,0.0,0.0,57.62650950351563,-0.0016761666058435765,True
2023-06-28,YumChina,1.0,57.470001220703125,56.41999816894531,445.0,451.3999938964844,True,7.8302001953125,2023-06-27,False,0.0,0.0,57.6485891339933,-0.0031026796976298954,True
2023-06-29,YumChina,1.0,56.0,56.38999938964844,442.0,437.6000061035156,True,7.833109855651856,2023-06-28,False,0.0,0.0,55.86542435476917,0.0024060286889948657,True
2023-06-30,YumChina,1.0,56.470001220703125,56.5,438.3999938964844,441.6000061035156,True,7.832940101623535,2023-06-29,False,0.0,0.0,56.37729899300329,0.0016429679465472802,True
2023-07-03,YumChina,1.0,57.060001373291016,57.470001220703125,445.6000061035156,453.0,True,7.838799953460693,2023-06-30,False,0.0,0.0,57.78945791313483,-0.012703000144473009,True
2023-07-05,YumChina,1.0,56.900001525878906,56.2599983215332,453.6000061035156,448.0,True,7.834099769592285,2023-07-04,False,0.0,0.0,57.18589412645628,-0.005011893843476223,True
2023-07-06,YumChina,1.0,55.470001220703125,54.790000915527344,448.0,436.0,True,7.831399917602539,2023-07-05,False,0.0,0.0,55.67331570183362,-0.003658604287634759,True
2023-07-07,YumChina,1.0,55.040000915527344,55.59000015258789,435.7999877929687,430.7999877929687,True,7.822100162506104,2023-07-06,False,0.0,0.0,55.07472147415531,-0.0006306252066057283,True
2023-07-10,YumChina,1.0,55.470001220703125,56.36000061035156,443.6000061035156,435.3999938964844,True,7.820400238037109,2023-07-07,False,0.0,0.0,55.674899064471425,-0.003687044126409411,True
2023-07-11,YumChina,1.0,56.689998626708984,56.91999816894531,445.7999877929687,447.6000061035156,True,7.827300071716309,2023-07-10,False,0.0,0.0,57.18446999635334,-0.008684553850092591,True
2023-07-12,YumChina,1.0,58.099998474121094,59.18000030517578,448.0,452.0,True,7.828199863433838,2023-07-11,False,0.0,0.0,57.73996677209648,0.006216038834867987,True
2023-07-13,YumChina,1.0,59.189998626708984,60.61000061035156,460.6000061035156,466.0,True,7.8267998695373535,2023-07-12,False,0.0,0.0,59.53902077063656,-0.0058793233713165804,True
2023-07-14,YumChina,1.0,60.380001068115234,60.0099983215332,470.0,469.6000061035156,True,7.8254899978637695,2023-07-13,False,0.0,0.0,60.00902259560855,0.006163014458427263,True
2023-07-18,YumChina,1.0,60.0,58.439998626708984,467.6000061035156,468.6000061035156,True,7.814700126647949,2023-07-17,False,0.0,0.0,59.9639139710045,0.0006016147504590563,True
2023-07-19,YumChina,1.0,59.209999084472656,58.849998474121094,464.7999877929687,458.7999877929687,True,7.81397008895874,2023-07-18,False,0.0,0.0,58.71534988868976,0.008389241179748375,True
2023-07-20,YumChina,1.0,58.5,58.529998779296875,461.0,455.3999938964844,True,7.813899993896484,2023-07-19,False,0.0,0.0,58.2807553529226,0.003754812237716898,True
2023-07-21,YumChina,1.0,59.02000045776367,58.2599983215332,455.3999938964844,461.3999938964844,True,7.8084001541137695,2023-07-20,False,0.0,0.0,59.09020859457374,-0.0011888581968086953,True
2023-07-24,YumChina,1.0,58.404998779296875,58.16999816894531,456.0,452.6000061035156,True,7.813700199127197,2023-07-21,False,0.0,0.0,57.92390219349237,0.008271363773723728,True
2023-07-25,YumChina,1.0,58.70000076293945,58.560001373291016,451.0,463.6000061035156,True,7.817070007324219,2023-07-24,False,0.0,0.0,59.30610902411578,-0.010272579822697026,True
2023-07-26,YumChina,1.0,58.529998779296875,60.0099983215332,458.2000122070313,463.2000122070313,True,7.813469886779785,2023-07-25,False,0.0,0.0,59.28224193847029,-0.012770377300458158,True
2023-07-27,YumChina,1.0,60.459999084472656,59.13999938964844,466.6000061035156,472.7999877929687,True,7.811200141906738,2023-07-26,False,0.0,0.0,60.52846927534451,-0.0011318466810879002,True
2023-07-28,YumChina,1.0,59.779998779296875,59.7599983215332,463.3999938964844,470.0,True,7.802000045776367,2023-07-27,False,0.0,0.0,60.24096350197225,-0.00768144131651205,True
2023-07-31,YumChina,1.0,60.71500015258789,61.02000045776367,474.6000061035156,477.0,True,7.8029398918151855,2023-07-28,False,0.0,0.0,61.130805390458576,-0.0068251319791867715,True
2023-08-01,YumChina,1.0,59.7599983215332,57.369998931884766,477.0,475.3999938964844,True,7.796470165252685,2023-07-31,False,0.0,0.0,60.97631156407774,-0.020148940998856446,True
2023-08-02,YumChina,1.0,56.52000045776367,55.43000030517578,454.0,444.0,True,7.797920227050781,2023-08-01,False,0.0,0.0,56.93825880133726,-0.007372935932913549,True
2023-08-03,YumChina,1.0,56.09000015258789,56.779998779296875,437.0,441.0,True,7.79419994354248,2023-08-02,False,0.0,0.0,56.58053465325456,-0.008707469097742226,True
2023-08-04,YumChina,1.0,56.209999084472656,56.0099983215332,446.0,443.6000061035156,True,7.8018798828125,2023-08-03,False,0.0,0.0,56.85809225040289,-0.011463893234764377,True
2023-08-07,YumChina,1.0,56.47999954223633,56.650001525878906,443.2000122070313,443.0,True,7.808199882507324,2023-08-04,False,0.0,0.0,56.73522792269329,-0.004508736475536956,True
2023-08-08,YumChina,1.0,55.72999954223633,56.650001525878906,441.6000061035156,440.2000122070313,True,7.811500072479248,2023-08-07,False,0.0,0.0,56.35281419991317,-0.011113587307166384,True
2023-08-09,YumChina,1.0,56.810001373291016,56.560001373291016,444.7999877929687,446.3999938964844,True,7.807400226593018,2023-08-08,False,0.0,0.0,57.17652239422645,-0.006430975733236366,True
2023-08-10,YumChina,1.0,57.15999984741211,56.439998626708984,442.0,444.2000122070313,True,7.8140997886657715,2023-08-09,False,0.0,0.0,56.845961047405154,0.0055091784995378035,True
2023-08-11,YumChina,1.0,55.93000030517578,55.5,445.6000061035156,436.3999938964844,True,7.820419788360596,2023-08-10,False,0.0,0.0,55.80263025598622,0.0022799088094878073,True
2023-08-14,YumChina,1.0,54.97999954223633,55.119998931884766,433.2000122070313,430.3999938964844,True,7.8196001052856445,2023-08-11,False,0.0,0.0,55.0411770552763,-0.00111210443729437,True
2023-08-15,YumChina,1.0,54.84000015258789,54.45000076293945,434.0,428.7999877929687,True,7.817599773406982,2023-08-14,False,0.0,0.0,54.850593560904905,-0.0001931507158694501,True
2023-08-16,YumChina,1.0,53.439998626708984,53.869998931884766,436.6000061035156,423.0,True,7.819300174713135,2023-08-15,False,0.0,0.0,54.096912837281955,-0.012217616687765442,True
2023-08-17,YumChina,1.0,54.4900016784668,54.349998474121094,418.7999877929687,428.7999877929687,True,7.824100017547607,2023-08-16,False,0.0,0.0,54.8050238150422,-0.005764635810792118,True
2023-08-18,YumChina,1.0,51.790000915527344,52.7599983215332,427.7999877929687,416.6000061035156,True,7.831299781799316,2023-08-17,False,0.0,0.0,53.19678951273626,-0.026800948908171307,True
2023-08-21,YumChina,1.0,52.029998779296875,53.040000915527344,415.7999877929687,407.0,True,7.829699993133545,2023-08-18,False,0.0,0.0,51.98155744880762,0.000931460613576629,True
2023-08-22,YumChina,1.0,53.029998779296875,52.47999954223633,412.0,415.3999938964844,True,7.832640171051025,2023-08-21,False,0.0,0.0,53.03447941241807,-8.44888543318767e-05,True
2023-08-23,YumChina,1.0,52.630001068115234,53.029998779296875,412.2000122070313,411.7999877929687,True,7.839000225067139,2023-08-22,False,0.0,0.0,52.53220767568504,0.0018598586276938889,True
2023-08-24,YumChina,1.0,53.150001525878906,53.54999923706055,416.7999877929687,421.3999938964844,True,7.83788013458252,2023-08-23,False,0.0,0.0,53.76453666817016,-0.01149594658636266,True
2023-08-25,YumChina,1.0,53.25,53.04999923706055,421.3999938964844,419.2000122070313,True,7.840799808502197,2023-08-24,False,0.0,0.0,53.46393511443442,-0.004009511987538961,True
2023-08-28,YumChina,1.0,53.400001525878906,53.34000015258789,425.3999938964844,418.7999877929687,True,7.841300010681152,2023-08-25,False,0.0,0.0,53.40950954847966,-0.0001780370030766143,True
2023-08-29,YumChina,1.0,53.79999923706055,53.630001068115234,419.3999938964844,422.0,True,7.843339920043945,2023-08-28,False,0.0,0.0,53.80360972518396,-6.710719388669517e-05,True
2023-08-30,YumChina,1.0,53.040000915527344,53.84000015258789,422.2000122070313,415.3999938964844,True,7.84591007232666,2023-08-29,False,0.0,0.0,52.94478142970862,0.0017968525165805715,True
2023-08-31,YumChina,1.0,53.5,53.689998626708984,419.2000122070313,418.0,True,7.846199989318848,2023-08-30,False,0.0,0.0,53.27419649881851,0.004229558174263737,True
2023-09-05,YumChina,1.0,53.88999938964844,53.75,426.0,420.7999877929687,True,7.845590114593506,2023-09-04,False,0.0,0.0,53.63522458434869,0.004738893306622138,True
2023-09-06,YumChina,1.0,53.70000076293945,52.43000030517578,423.6000061035156,418.7999877929687,True,7.835700035095215,2023-09-05,False,0.0,0.0,53.44767996697307,0.004709784862609645,True
2023-09-07,YumChina,1.0,51.79999923706055,52.02000045776367,413.6000061035156,406.7999877929687,True,7.841599941253662,2023-09-06,False,0.0,0.0,51.877166756856035,-0.0014886119485573168,True
2023-09-11,YumChina,1.0,52.41999816894531,52.16999816894531,403.2000122070313,408.7999877929687,True,7.836880207061768,2023-09-08,False,0.0,0.0,52.16361319707316,0.004902976329276498,True
2023-09-12,YumChina,1.0,52.09000015258789,53.18000030517578,409.6000061035156,409.3999938964844,True,7.840419769287109,2023-09-11,False,0.0,0.0,52.21659119581924,-0.0024272887024343603,True
2023-09-13,YumChina,1.0,53.02000045776367,53.18000030517578,416.2000122070313,414.2000122070313,True,7.831860065460205,2023-09-12,False,0.0,0.0,52.88654403233297,0.0025202691054357906,True
2023-09-14,YumChina,1.0,55.125,56.08000183105469,420.3999938964844,434.0,True,7.827400207519531,2023-09-13,False,0.0,0.0,55.44625143646931,-0.005810775155738135,True
2023-09-15,YumChina,1.0,57.0,57.95000076293945,436.7999877929687,452.0,True,7.826300144195557,2023-09-14,False,0.0,0.0,57.753982299698755,-0.013141036760430325,True
2023-09-18,YumChina,1.0,57.70000076293945,57.20000076293945,454.7999877929687,452.0,True,7.82919979095459,2023-09-15,False,0.0,0.0,57.732592355379026,-0.0005646861501622524,True
2023-09-19,YumChina,1.0,57.5,56.70000076293945,457.7999877929687,453.3999938964844,True,7.82544994354248,2023-09-18,False,0.0,0.0,57.93915968635486,-0.0076085412631528015,True
2023-09-20,YumChina,1.0,57.0,56.099998474121094,447.7999877929687,445.7999877929687,True,7.81820011138916,2023-09-19,False,0.0,0.0,57.02079525229211,-0.00036476245366756643,True
2023-09-21,YumChina,1.0,55.95000076293945,55.119998931884766,445.7999877929687,439.7999877929687,True,7.820899963378906,2023-09-20,False,0.0,0.0,56.23393597313825,-0.005061969204232852,True
2023-09-22,YumChina,1.0,56.81999969482422,57.439998626708984,439.0,445.6000061035156,True,7.823800086975098,2023-09-21,False,0.0,0.0,56.95442127225891,-0.00236295010491272,True
2023-09-25,YumChina,1.0,56.540000915527344,56.5,446.6000061035156,443.7999877929687,True,7.821000099182129,2023-09-22,False,0.0,0.0,56.744659527542844,-0.0036131782337953666,True
2023-09-26,YumChina,1.0,56.36000061035156,55.91999816894531,440.0,437.2000122070313,True,7.820409774780273,2023-09-25,False,0.0,0.0,55.905000479251115,0.008105867688066759,True
2023-09-27,YumChina,1.0,55.90999984741211,55.810001373291016,436.0,442.0,True,7.816359996795654,2023-09-26,False,0.0,0.0,56.548060757334554,-0.011347657133081945,True
2023-09-28,YumChina,1.0,55.709999084472656,55.41999816894531,439.6000061035156,433.6000061035156,True,7.821300029754639,2023-09-27,False,0.0,0.0,55.43835480725294,0.004887968351438232,True
2023-09-29,YumChina,1.0,56.290000915527344,55.720001220703125,432.6000061035156,441.7999877929687,True,7.821080207824707,2023-09-28,False,0.0,0.0,56.48835915925831,-0.003517668604857249,True
2023-10-03,YumChina,1.0,54.5,54.29999923706055,434.0,430.6000061035156,True,7.831600189208984,2023-10-02,False,0.0,0.0,54.98237853061387,-0.008812041874843413,True
2023-10-04,YumChina,1.0,54.18000030517578,53.380001068115234,427.7999877929687,422.0,True,7.831900119781494,2023-10-03,False,0.0,0.0,53.882198897573986,0.005511680563568433,True
2023-10-05,YumChina,1.0,53.130001068115234,53.040000915527344,424.6000061035156,417.7999877929687,True,7.832600116729736,2023-10-04,False,0.0,0.0,53.341161500200315,-0.003966533356959179,True
2023-10-06,YumChina,1.0,52.869998931884766,53.63999938964844,415.6000061035156,417.3999938964844,True,7.828800201416016,2023-10-05,False,0.0,0.0,53.315959426450576,-0.00839966269541792,True
2023-10-09,YumChina,1.0,53.58000183105469,53.66999816894531,420.0,422.3999938964844,True,7.831099987030029,2023-10-06,False,0.0,0.0,53.93878185645296,-0.006673835859498656,True
2023-10-10,YumChina,1.0,54.349998474121094,54.779998779296875,419.7999877929687,423.3999938964844,True,7.831459999084473,2023-10-09,False,0.0,0.0,54.06399240320214,0.005276196035150171,True
2023-10-11,YumChina,1.0,55.279998779296875,55.0,430.0,430.2000122070313,True,7.828700065612793,2023-10-10,False,0.0,0.0,54.95165335260003,0.0059573886708719215,True
2023-10-12,YumChina,1.0,55.16999816894531,53.810001373291016,438.2000122070313,435.0,True,7.819240093231201,2023-10-11,False,0.0,0.0,55.63200449319389,-0.008339361936837264,True
2023-10-13,YumChina,1.0,53.63999938964844,53.7400016784668,415.3999938964844,422.0,True,7.819699764251709,2023-10-12,False,0.0,0.0,53.9662663174361,-0.006064106499217292,True
2023-10-16,YumChina,1.0,53.650001525878906,53.150001525878906,425.0,415.3999938964844,True,7.823800086975098,2023-10-13,False,0.0,0.0,53.09440288332952,0.010409981919496936,True
2023-10-17,YumChina,1.0,52.65999984741211,52.900001525878906,417.7999877929687,411.2000122070313,True,7.823309898376465,2023-10-16,False,0.0,0.0,52.56087481493808,0.001884133012888256,True
2023-10-18,YumChina,1.0,52.400001525878906,53.130001068115234,412.2000122070313,409.7999877929687,True,7.817500114440918,2023-10-17,False,0.0,0.0,52.42084832668739,-0.000397760581270834,True
2023-10-19,YumChina,1.0,52.900001525878906,52.119998931884766,414.2000122070313,409.2000122070313,True,7.8242998123168945,2023-10-18,False,0.0,0.0,52.29861099684279,0.011433555368414616,True
2023-10-20,YumChina,1.0,51.88999938964844,51.47999954223633,404.6000061035156,404.3999938964844,True,7.828589916229248,2023-10-19,False,0.0,0.0,51.65681153615329,0.00450401602168693,True
2023-10-24,YumChina,1.0,51.90999984741211,53.599998474121094,420.0,403.7999877929687,True,7.825240135192871,2023-10-23,False,0.0,0.0,51.60224872549756,0.005946195410226007,True
2023-10-25,YumChina,1.0,52.869998931884766,52.79999923706055,416.2000122070313,414.2000122070313,True,7.8238701820373535,2023-10-24,False,0.0,0.0,52.94055276607014,-0.0013335880686682344,True
2023-10-26,YumChina,1.0,52.63999938964844,52.099998474121094,408.6000061035156,412.3999938964844,True,7.823550224304199,2023-10-25,False,0.0,0.0,52.71264094596668,-0.0013790175091701329,True
2023-10-27,YumChina,1.0,52.7599983215332,52.5099983215332,409.0,415.3999938964844,True,7.821899890899658,2023-10-26,False,0.0,0.0,53.10730125551453,-0.00656112286360333,True
2023-10-30,YumChina,1.0,52.5,53.119998931884766,417.2000122070313,416.3999938964844,True,7.820400238037109,2023-10-27,False,0.0,0.0,53.24535589255201,-0.014097417903248477,True
2023-10-31,YumChina,1.0,52.90999984741211,52.560001373291016,418.0,409.3999938964844,True,7.821569919586182,2023-10-30,False,0.0,0.0,52.34243228732073,0.01078498710194209,True
2023-11-01,YumChina,1.0,44.0,44.560001373291016,380.7999877929687,356.20001220703125,True,7.820700168609619,2023-10-31,False,0.0,0.0,45.54579571234953,-0.03452868503048734,True
2023-11-02,YumChina,1.0,45.0,45.779998779296875,338.0,350.0,True,7.82436990737915,2023-11-01,False,0.0,0.0,44.73203646339823,0.005972545452285871,True
2023-11-03,YumChina,1.0,46.75,45.380001068115234,358.20001220703125,368.6000061035156,True,7.822189807891846,2023-11-02,False,0.0,0.0,47.12235514045354,-0.00793326411794082,True
2023-11-06,YumChina,1.0,45.7400016784668,44.970001220703125,357.6000061035156,362.0,True,7.824520111083984,2023-11-03,False,0.0,0.0,46.264818143569144,-0.01140857964671671,True
2023-11-07,YumChina,1.0,44.630001068115234,44.5,354.6000061035156,350.20001220703125,True,7.824120044708252,2023-11-06,False,0.0,0.0,44.75902851770338,-0.002886876382843351,True
2023-11-08,YumChina,1.0,44.5099983215332,43.65999984741211,352.0,351.3999938964844,True,7.820899963378906,2023-11-07,False,0.0,0.0,44.930889736718626,-0.009411680299444836,True
2023-11-09,YumChina,1.0,43.88999938964844,43.13999938964844,341.0,344.0,True,7.819699764251709,2023-11-08,False,0.0,0.0,43.991458799047436,-0.0023090070776667915,True
2023-11-10,YumChina,1.0,43.0,44.36000061035156,342.0,339.20001220703125,True,7.81466007232666,2023-11-09,False,0.0,0.0,43.40560038026595,-0.009388358107673245,True
2023-11-13,YumChina,1.0,44.5099983215332,44.5,347.20001220703125,352.20001220703125,True,7.808899879455566,2023-11-10,False,0.0,0.0,45.10238543762537,-0.013221291978823935,True
2023-11-14,YumChina,1.0,44.810001373291016,45.40999984741211,348.6000061035156,343.0,True,7.811180114746094,2023-11-13,False,0.0,0.0,43.91141862834248,0.020256967756241195,True
2023-11-15,YumChina,1.0,45.47999954223633,45.84000015258789,352.20001220703125,352.6000061035156,True,7.808599948883057,2023-11-14,False,0.0,0.0,45.155342623737766,0.007164055417854698,True
2023-11-16,YumChina,1.0,45.4900016784668,45.84000015258789,355.3999938964844,350.20001220703125,True,7.805319786071777,2023-11-15,False,0.0,0.0,44.86683720914889,0.013793628848664419,True
2023-11-17,YumChina,1.0,46.11000061035156,45.88999938964844,354.3999938964844,356.20001220703125,True,7.807069778442383,2023-11-16,False,0.0,0.0,45.62531427483898,0.010567159360892475,True
2023-11-20,YumChina,1.0,46.18000030517578,46.27000045776367,356.20001220703125,362.3999938964844,True,7.802360057830811,2023-11-17,False,0.0,0.0,46.4474839933544,-0.005775487345360375,True
2023-11-21,YumChina,1.0,45.72999954223633,45.90999984741211,359.0,356.20001220703125,True,7.7954301834106445,2023-11-20,False,0.0,0.0,45.69343882587211,0.0007998106167477204,True
2023-11-22,YumChina,1.0,45.970001220703125,45.18000030517578,356.20001220703125,357.6000061035156,True,7.792290210723877,2023-11-21,False,0.0,0.0,45.891515386757625,0.001708786354546632,True
2023-11-24,YumChina,1.0,44.93000030517578,44.66999816894531,351.20001220703125,346.79998779296875,True,7.796500205993652,2023-11-23,False,0.0,0.0,44.481495367160015,0.01003246163108562,True
2023-11-27,YumChina,1.0,44.59000015258789,44.459999084472656,346.0,345.79998779296875,True,7.798299789428711,2023-11-24,False,0.0,0.0,44.34299746487451,0.0055548183341778135,True
2023-11-28,YumChina,1.0,44.630001068115234,44.25,348.20001220703125,345.0,True,7.791699886322021,2023-11-27,False,0.0,0.0,44.27788608819906,0.007920935525223882,True
2023-11-29,YumChina,1.0,43.75,43.0,343.0,337.79998779296875,True,7.788690090179443,2023-11-28,False,0.0,0.0,43.37057757874998,0.008710337573270888,True
2023-11-30,YumChina,1.0,42.65999984741211,43.18000030517578,337.0,330.20001220703125,True,7.794509887695312,2023-11-29,False,0.0,0.0,42.36315265034132,0.006982766329269197,True
2023-12-01,YumChina,1.0,42.79999923706055,43.72999954223633,334.3999938964844,333.20001220703125,True,7.804100036621094,2023-11-30,False,0.0,0.0,42.69550757210634,0.002444379146508524,True
2023-12-04,YumChina,1.0,43.0,42.06999969482422,339.20001220703125,335.6000061035156,True,7.810259819030762,2023-12-01,False,0.0,0.0,42.96912188321578,0.0007183536934110002,True
2023-12-05,YumChina,1.0,41.40999984741211,40.869998931884766,328.0,320.0,True,7.814080238342285,2023-12-04,False,0.0,0.0,40.951716675472255,0.011128663195307364,True
2023-12-06,YumChina,1.0,41.2400016784668,40.5099983215332,320.0,319.6000061035156,True,7.815529823303223,2023-12-05,False,0.0,0.0,40.89294178759043,0.008451224122860257,True
2023-12-07,YumChina,1.0,40.599998474121094,39.95000076293945,318.0,317.0,True,7.8190999031066895,2023-12-06,False,0.0,0.0,40.541750831710104,0.0014357011751533477,True
2023-12-08,YumChina,1.0,40.0,39.90999984741211,315.3999938964844,312.79998779296875,True,7.810770034790039,2023-12-07,False,0.0,0.0,40.047266325819706,-0.0011809605370087795,True
2023-12-11,YumChina,1.0,39.7400016784668,39.91999816894531,312.3999938964844,310.3999938964844,True,7.811500072479248,2023-12-08,False,0.0,0.0,39.73628509459493,9.352686255148512e-05,True
2023-12-12,YumChina,1.0,40.0,40.31999969482422,311.0,310.3999938964844,True,7.809460163116455,2023-12-11,False,0.0,0.0,39.746664611016556,0.006353525690981687,True
2023-12-13,YumChina,1.0,40.20000076293945,39.75,312.6000061035156,309.6000061035156,True,7.80620002746582,2023-12-12,False,0.0,0.0,39.66078309730723,0.0135041464393999,True
2023-12-14,YumChina,1.0,40.2400016784668,40.15999984741211,310.0,310.6000061035156,True,7.809500217437744,2023-12-13,False,0.0,0.0,39.772072150018055,0.01169660629593361,True
2023-12-15,YumChina,1.0,40.25,40.029998779296875,311.6000061035156,312.6000061035156,True,7.811399936676025,2023-12-14,False,0.0,0.0,40.01843570136493,0.0057697633948534666,True
2023-12-18,YumChina,1.0,39.83000183105469,40.08000183105469,310.20001220703125,309.0,True,7.8069000244140625,2023-12-15,False,0.0,0.0,39.580371086306,0.006287127433364681,True
2023-12-19,YumChina,1.0,40.619998931884766,41.33000183105469,313.79998779296875,313.20001220703125,True,7.802299976348877,2023-12-18,False,0.0,0.0,40.14201109370761,0.011837085758064969,True
2023-12-20,YumChina,1.0,41.150001525878906,40.43000030517578,317.79998779296875,319.0,True,7.795100212097168,2023-12-19,False,0.0,0.0,40.92314291289622,0.005528219791989475,True
2023-12-21,YumChina,1.0,41.369998931884766,41.529998779296875,317.20001220703125,320.79998779296875,True,7.799600124359131,2023-12-20,False,0.0,0.0,41.13031215421802,0.005810582987800572,True
2023-12-22,YumChina,1.0,41.060001373291016,41.59000015258789,321.3999938964844,319.3999938964844,True,7.806859970092773,2023-12-21,False,0.0,0.0,40.912735097090355,0.003593058887052969,True
2023-12-27,YumChina,1.0,41.68000030517578,41.709999084472656,322.79998779296875,324.20001220703125,True,7.809899806976318,2023-12-26,False,0.0,0.0,41.51141758789714,0.004052892769685901,True
2023-12-28,YumChina,1.0,42.290000915527344,42.279998779296875,326.6000061035156,334.0,True,7.80679988861084,2023-12-27,False,0.0,0.0,42.78321524383696,-0.01159518533682613,True
2023-12-29,YumChina,1.0,42.119998931884766,42.43000030517578,333.0,332.20001220703125,True,7.809899806976318,2023-12-28,False,0.0,0.0,42.53575851386573,-0.009822437061257183,True
2021-03-23,Baidu,8.0,258.2200012207031,261.54998779296875,254.0,252.0,True,7.765250205993652,2021-03-22,False,0.0,0.0,259.61816380931793,-0.0054000113571444075,False
2021-03-24,Baidu,8.0,258.1199951171875,239.19000244140625,254.1999969482422,250.8000030517578,True,7.765900135040283,2021-03-23,False,0.0,0.0,258.36026597368226,-0.0009304164822108163,False
2021-03-25,Baidu,8.0,224.97999572753903,204.57000732421875,228.0,226.6000061035156,True,7.766930103302002,2021-03-24,False,0.0,0.0,233.39981494843607,-0.03674143662626239,False
2021-03-26,Baidu,8.0,190.83999633789065,208.61000061035156,206.0,214.0,True,7.768499851226807,2021-03-25,False,0.0,0.0,220.37716840911568,-0.1439051188441116,False
2021-03-29,Baidu,8.0,212.4900054931641,204.6999969482422,211.0,203.3999938964844,True,7.768380165100098,2021-03-26,False,0.0,0.0,209.46451082326868,0.014340628684155199,False
2021-03-30,Baidu,8.0,208.75,218.22999572753903,202.0,201.8000030517578,True,7.768849849700928,2021-03-29,False,0.0,0.0,207.80425103417477,0.004540827940270553,False
2021-03-31,Baidu,8.0,222.0,217.5500030517578,214.0,213.0,True,7.772729873657227,2021-03-30,False,0.0,0.0,219.2279968168035,0.012565112249873778,False
2021-04-01,Baidu,8.0,224.0,219.6999969482422,213.6000061035156,218.1999969482422,True,7.775199890136719,2021-03-31,False,0.0,0.0,224.50869434242196,-0.0022683821605475885,False
2021-04-07,Baidu,8.0,223.8000030517578,222.0,222.0,221.3999938964844,True,7.775489807128906,2021-04-06,False,0.0,0.0,227.79271725724112,-0.017683271090139563,False
2021-04-08,Baidu,8.0,223.5,226.77000427246097,216.6000061035156,218.6000061035156,True,7.776000022888184,2021-04-07,False,0.0,0.0,224.8971249589298,-0.006231661188004445,False
2021-04-09,Baidu,8.0,222.9499969482422,219.6699981689453,221.3999938964844,218.0,True,7.784480094909668,2021-04-08,False,0.0,0.0,224.03551409173943,-0.004857066955105793,False
2021-04-12,Baidu,8.0,217.4900054931641,214.13999938964844,214.0,210.0,True,7.776860237121582,2021-04-09,False,0.0,0.0,216.02548442117967,0.006756513561302135,False
2021-04-13,Baidu,8.0,209.6000061035156,216.55999755859375,209.3999938964844,205.3999938964844,True,7.777659893035889,2021-04-12,False,0.0,0.0,211.27176731438146,-0.007944319903708141,False
2021-04-14,Baidu,8.0,218.91000366210935,216.2599945068359,210.0,212.0,True,7.773839950561523,2021-04-13,False,0.0,0.0,218.16759938278557,0.0033971312559977207,False
2021-04-15,Baidu,8.0,216.94000244140625,210.22999572753903,214.0,210.3999938964844,True,7.772459983825684,2021-04-14,False,0.0,0.0,216.55948755922537,0.001755549838860837,False
2021-04-16,Baidu,8.0,212.2899932861328,213.55999755859375,205.0,207.0,True,7.765900135040283,2021-04-15,False,0.0,0.0,213.23992984766988,-0.004464730153541652,False
2021-04-19,Baidu,8.0,216.2100067138672,209.8999938964844,207.0,210.6000061035156,True,7.767099857330322,2021-04-16,False,0.0,0.0,216.91494634745405,-0.0032551357342054388,True
2021-04-20,Baidu,8.0,209.9900054931641,207.9900054931641,205.0,205.1999969482422,True,7.771160125732422,2021-04-19,False,0.0,0.0,211.2425878537947,-0.005947241843891504,True
2021-04-21,Baidu,8.0,206.3999938964844,214.63999938964844,202.1999969482422,201.6000061035156,True,7.765699863433838,2021-04-20,False,0.0,0.0,207.68251119545286,-0.006194521064122327,True
2021-04-22,Baidu,8.0,215.7899932861328,214.55999755859375,206.1999969482422,208.0,True,7.761350154876709,2021-04-21,False,0.0,0.0,214.39568719296275,0.0064823681445487225,True
2021-04-23,Baidu,8.0,218.5,220.94000244140625,208.0,210.3999938964844,True,7.762700080871582,2021-04-22,False,0.0,0.0,216.8317639012647,0.007664243242347268,True
2021-04-26,Baidu,8.0,218.1000061035156,216.4600067138672,213.3999938964844,214.6000061035156,True,7.75984001159668,2021-04-23,False,0.0,0.0,221.24168104786386,-0.014301982204958819,True
2021-04-27,Baidu,8.0,218.1999969482422,216.3999938964844,210.3999938964844,211.1999969482422,True,7.760900020599365,2021-04-26,False,0.0,0.0,217.70670554978386,0.0022632898563124115,True
2021-04-28,Baidu,8.0,216.5,215.8300018310547,210.1999969482422,211.8000030517578,True,7.760900020599365,2021-04-27,False,0.0,0.0,218.32519680922343,-0.008395132307542852,True
2021-04-29,Baidu,8.0,218.7899932861328,212.2899932861328,210.6000061035156,210.8000030517578,True,7.76230001449585,2021-04-28,False,0.0,0.0,217.25519772036174,0.007039646053639714,True
2021-04-30,Baidu,8.0,210.4900054931641,210.3300018310547,207.0,205.8000030517578,True,7.762400150299072,2021-04-29,False,0.0,0.0,212.09934975467988,-0.007616623664357114,True
2021-05-03,Baidu,8.0,210.5500030517578,204.94000244140625,205.0,204.3999938964844,True,7.763329982757568,2021-04-30,False,0.0,0.0,210.63125679362724,-0.000385837408375167,True
2021-05-04,Baidu,8.0,205.8000030517578,199.97999572753903,201.0,201.3999938964844,True,7.7667999267578125,2021-05-03,False,0.0,0.0,207.4470781230047,-0.007971423722154647,True
2021-05-05,Baidu,8.0,201.4199981689453,195.6300048828125,196.0,194.3000030517578,True,7.76609992980957,2021-05-04,False,0.0,0.0,200.15194736905445,0.00631545618990792,True
2021-05-06,Baidu,8.0,195.7100067138672,192.3300018310547,189.5,189.6999969482422,True,7.768179893493652,2021-05-05,False,0.0,0.0,195.36107510293687,0.0017844924861458722,True
2021-05-07,Baidu,8.0,194.1999969482422,191.5500030517578,186.8000030517578,185.5,True,7.769390106201172,2021-05-06,False,0.0,0.0,191.00598370205907,0.01658378430377283,True
2021-05-10,Baidu,8.0,190.0399932861328,183.44000244140625,185.0,183.0,True,7.768199920654297,2021-05-07,False,0.0,0.0,188.46064917915896,0.00834531356510837,True
2021-05-11,Baidu,8.0,178.19000244140625,189.72000122070312,178.39999389648438,176.60000610351562,True,7.765600204467773,2021-05-10,False,0.0,0.0,181.93056706876314,-0.02077470422465666,True
2021-05-12,Baidu,8.0,188.19000244140625,183.2899932861328,182.3999938964844,184.0,True,7.765359878540039,2021-05-11,False,0.0,0.0,189.55979156457974,-0.007252393774017207,True
2021-05-13,Baidu,8.0,186.7899932861328,179.3000030517578,180.0,178.8000030517578,True,7.768430233001709,2021-05-12,False,0.0,0.0,184.12986684716074,0.014343648494763883,True
2021-05-14,Baidu,8.0,181.3500061035156,186.2100067138672,176.0,176.10000610351562,True,7.766240119934082,2021-05-13,False,0.0,0.0,181.4005267764091,-0.00027854224124190807,True
2021-05-17,Baidu,8.0,188.4900054931641,189.1999969482422,182.5,183.0,True,7.767899990081787,2021-05-14,False,0.0,0.0,188.46792593484275,0.00011714600758239158,True
2021-05-18,Baidu,8.0,197.58999633789065,188.8800048828125,188.0,186.6999969482422,True,7.767199993133545,2021-05-17,False,0.0,0.0,192.29580503995365,0.02715932051988279,True
2021-05-20,Baidu,8.0,190.3699951171875,193.30999755859375,185.0,186.0,True,7.765309810638428,2021-05-19,False,0.0,0.0,191.62145957930088,-0.006552339976024335,True
2021-05-21,Baidu,8.0,193.91000366210935,189.52999877929688,189.8999938964844,188.6999969482422,True,7.764900207519531,2021-05-20,False,0.0,0.0,194.41331314522762,-0.002592220158670777,True
2021-05-24,Baidu,8.0,189.0099945068359,188.9600067138672,183.8999938964844,184.0,True,7.76230001449585,2021-05-21,False,0.0,0.0,189.63451518893712,-0.0032987207389645334,True
2021-05-25,Baidu,8.0,192.9600067138672,192.77000427246097,185.1000061035156,187.3999938964844,True,7.764080047607422,2021-05-24,False,0.0,0.0,193.09434498088007,-0.0006959552293368532,True
2021-05-26,Baidu,8.0,194.77999877929688,194.8800048828125,189.3000030517578,189.3999938964844,True,7.764349937438965,2021-05-25,False,0.0,0.0,195.1483335218733,-0.00188924385134559,True
2021-05-27,Baidu,8.0,195.69000244140625,194.80999755859375,189.3999938964844,189.6000061035156,True,7.762499809265137,2021-05-26,False,0.0,0.0,195.40097727509223,0.0014780459479837305,True
2021-05-28,Baidu,8.0,194.17999267578125,196.27000427246097,190.8000030517578,187.8000030517578,True,7.762800216674805,2021-05-27,False,0.0,0.0,193.53841171731398,0.0033095232869921887,True
2021-06-01,Baidu,8.0,200.7100067138672,201.82000732421875,194.3000030517578,195.5,True,7.761849880218506,2021-05-31,False,0.0,0.0,201.4983572390312,-0.0039201150716223765,True
2021-06-02,Baidu,8.0,202.2400054931641,197.8500061035156,196.3999938964844,196.1999969482422,True,7.761000156402588,2021-06-01,False,0.0,0.0,202.24197190500834,-9.723112297521652e-06,True
2021-06-03,Baidu,8.0,193.30999755859375,189.97000122070312,192.0,190.5,True,7.759200096130371,2021-06-02,False,0.0,0.0,196.41199880385113,-0.015919382456071496,True
2021-06-04,Baidu,8.0,190.5,192.9900054931641,183.3000030517578,184.6000061035156,True,7.75846004486084,2021-06-03,False,0.0,0.0,190.34705860299542,0.0008031644292447737,True
2021-06-07,Baidu,8.0,191.97999572753903,188.9199981689453,187.6999969482422,185.1999969482422,True,7.757999897003174,2021-06-04,False,0.0,0.0,190.97705533075123,0.00523788600849695,True
2021-06-08,Baidu,8.0,190.0,188.5800018310547,185.0,184.1999969482422,True,7.757130146026611,2021-06-07,False,0.0,0.0,189.9671589680303,0.0001728624765400255,True
2021-06-09,Baidu,8.0,188.83999633789065,186.72999572753903,182.3999938964844,183.6999969482422,True,7.759200096130371,2021-06-08,False,0.0,0.0,189.40096367908453,-0.0029661925163537717,True
2021-06-10,Baidu,8.0,187.7899932861328,190.2100067138672,182.3000030517578,182.5,True,7.760000228881836,2021-06-09,False,0.0,0.0,188.14432434757495,-0.0018850695440537635,True
2021-06-11,Baidu,8.0,190.7100067138672,187.69000244140625,184.0,183.1000061035156,True,7.760000228881836,2021-06-10,False,0.0,0.0,188.76288732264544,0.0102623218165947,True
2021-06-15,Baidu,8.0,189.82000732421875,186.3000030517578,186.0,183.6000061035156,True,7.761519908905029,2021-06-14,False,0.0,0.0,189.24129114748845,0.0030534197434333166,True
2021-06-16,Baidu,8.0,185.05999755859375,184.61000061035156,182.0,180.6000061035156,True,7.76200008392334,2021-06-15,False,0.0,0.0,186.13759768189072,-0.005806089071324294,True
2021-06-17,Baidu,8.0,184.44000244140625,185.55999755859375,180.1999969482422,179.8000030517578,True,7.76308012008667,2021-06-16,False,0.0,0.0,185.287283161262,-0.0045832819813256265,True
2021-06-18,Baidu,8.0,184.7400054931641,186.33999633789065,181.1000061035156,181.3999938964844,True,7.762939929962158,2021-06-17,False,0.0,0.0,186.9394796642397,-0.011835465414278268,True
2021-06-21,Baidu,8.0,185.0399932861328,185.55999755859375,181.1000061035156,181.0,True,7.764220237731934,2021-06-18,False,0.0,0.0,186.49651293546853,-0.007840559872265729,True
2021-06-22,Baidu,8.0,184.80999755859375,187.61000061035156,180.8999938964844,179.0,True,7.764400005340576,2021-06-21,False,0.0,0.0,184.43150778103,0.0020500940693439773,True
2021-06-23,Baidu,8.0,190.13999938964844,189.1699981689453,180.8000030517578,182.6999969482422,True,7.764619827270508,2021-06-22,False,0.0,0.0,188.2384467108846,0.01005114697794518,True
2021-06-24,Baidu,8.0,190.83999633789065,194.77000427246097,184.1000061035156,185.0,True,7.76609992980957,2021-06-23,False,0.0,0.0,190.57184602005123,0.0014060935306128286,True
2021-06-25,Baidu,8.0,199.0,202.63999938964844,187.1000061035156,190.5,True,7.764750003814697,2021-06-24,False,0.0,0.0,196.27161199668802,0.013805349301379444,True
2021-06-28,Baidu,8.0,205.08999633789065,205.17999267578125,190.5,196.6999969482422,True,7.763000011444092,2021-06-25,False,0.0,0.0,202.7051363218036,0.01169649666719419,True
2021-06-29,Baidu,8.0,203.9499969482422,207.6699981689453,198.0,197.1999969482422,True,7.761529922485352,2021-06-28,False,0.0,0.0,203.258892427328,0.0033943521494723683,True
2021-06-30,Baidu,8.0,205.16000366210935,203.8999938964844,199.6999969482422,199.3999938964844,True,7.76278018951416,2021-06-29,False,0.0,0.0,205.49338152414077,-0.0016236463513799038,True
2021-07-02,Baidu,8.0,200.0,196.6999969482422,196.0,193.3000030517578,True,7.764359951019287,2021-07-01,False,0.0,0.0,199.1664521183172,0.004176448641266539,True
2021-07-06,Baidu,8.0,191.5500030517578,186.9499969482422,186.3999938964844,185.8999938964844,True,7.765339851379395,2021-07-05,False,0.0,0.0,191.51769009925516,0.00016870622689868497,True
2021-07-07,Baidu,8.0,189.0,182.7100067138672,183.0,181.8999938964844,True,7.767399787902832,2021-07-06,False,0.0,0.0,187.34711626897908,0.008783882150956046,True
2021-07-08,Baidu,8.0,176.75999450683594,175.8800048828125,177.10000610351562,173.5,True,7.766849994659424,2021-07-07,False,0.0,0.0,178.7082280402486,-0.010961615793623203,True
2021-07-09,Baidu,8.0,180.10000610351562,181.36000061035156,170.60000610351562,174.39999389648438,True,7.7677998542785645,2021-07-08,False,0.0,0.0,179.61327239956987,0.00270623315896934,True
2021-07-12,Baidu,8.0,180.3000030517578,180.38999938964844,177.0,175.0,True,7.7677001953125,2021-07-09,False,0.0,0.0,180.2335266292647,0.0003687669399585758,True
2021-07-13,Baidu,8.0,183.02999877929688,184.58999633789065,177.6999969482422,180.8000030517578,True,7.7671799659729,2021-07-12,False,0.0,0.0,186.21945554893418,-0.017275779595524732,True
2021-07-14,Baidu,8.0,185.11000061035156,181.33999633789065,180.6000061035156,179.5,True,7.766300201416016,2021-07-13,False,0.0,0.0,184.90142831952036,0.001127383083952438,True
2021-07-15,Baidu,8.0,182.77999877929688,185.52000427246097,177.0,178.60000610351562,True,7.765999794006348,2021-07-14,False,0.0,0.0,183.98146880339166,-0.006551802346525193,True
2021-07-16,Baidu,8.0,185.4499969482422,179.5800018310547,179.10000610351562,179.3000030517578,True,7.76600980758667,2021-07-15,False,0.0,0.0,184.70231946047596,0.004039842364795376,True
2021-07-19,Baidu,8.0,175.30999755859375,176.4499969482422,175.0,172.5,True,7.767899990081787,2021-07-16,False,0.0,0.0,177.6541924795649,-0.013283100408817639,True
2021-07-20,Baidu,8.0,177.16000366210938,177.88999938964844,174.0,171.89999389648438,True,7.767990112304688,2021-07-19,False,0.0,0.0,177.03420463853632,0.0007103392766714123,True
2021-07-21,Baidu,8.0,177.86000061035156,180.5099945068359,174.8000030517578,172.10000610351562,True,7.770699977874756,2021-07-20,False,0.0,0.0,177.17838196664908,0.0038396946053813608,True
2021-07-22,Baidu,8.0,181.41000366210935,178.49000549316406,174.5,175.39999389648438,True,7.772299766540527,2021-07-21,False,0.0,0.0,180.5385784542949,0.004815197155718209,True
2021-07-23,Baidu,8.0,172.64999389648438,172.66000366210938,174.0,171.8000030517578,True,7.772659778594971,2021-07-22,False,0.0,0.0,176.8249304052913,-0.023893760858356927,True
2021-07-26,Baidu,8.0,165.1699981689453,162.3699951171875,168.5,160.0,True,7.770899772644043,2021-07-23,False,0.0,0.0,164.7170903562537,0.0027458370637010177,True
2021-07-27,Baidu,8.0,155.25,157.8300018310547,158.5,148.3000030517578,True,7.768970012664795,2021-07-26,False,0.0,0.0,152.71007900404052,0.016495505501761265,True
2021-07-28,Baidu,8.0,163.99000549316406,166.77999877929688,152.0,153.3000030517578,True,7.778800010681152,2021-07-27,False,0.0,0.0,157.65928198823465,0.03936922240929874,True
2021-07-29,Baidu,8.0,169.67999267578125,167.05999755859375,163.8000030517578,164.8000030517578,True,7.782509803771973,2021-07-28,False,0.0,0.0,169.40550769047147,0.001618972471350233,True
2021-07-30,Baidu,8.0,164.25,164.00999450683594,164.89999389648438,158.1999969482422,True,7.780499935150147,2021-07-29,False,0.0,0.0,162.66306614415697,0.009708674784342008,True
2021-08-02,Baidu,8.0,166.0,166.61000061035156,160.89999389648438,161.60000610351562,True,7.770040035247803,2021-07-30,False,0.0,0.0,166.38267537406517,-0.002302620271739997,True
2021-08-03,Baidu,8.0,165.0,164.08999633789062,163.0,161.10000610351562,True,7.77209997177124,2021-08-02,False,0.0,0.0,165.82391548090328,-0.004981001347353242,True
2021-08-04,Baidu,8.0,165.19000244140625,163.82000732421875,161.10000610351562,161.6999969482422,True,7.773749828338623,2021-08-03,False,0.0,0.0,166.40617516018017,-0.007335296689725546,True
2021-08-05,Baidu,8.0,163.58999633789062,165.86000061035156,160.0,159.1999969482422,True,7.777100086212158,2021-08-04,False,0.0,0.0,163.76283723593497,-0.0010559915563819189,True
2021-08-06,Baidu,8.0,165.99000549316406,164.25999450683594,160.0,161.0,True,7.77554988861084,2021-08-05,False,0.0,0.0,165.64744853435838,0.0020658527948187455,True
2021-08-09,Baidu,8.0,164.75,166.52999877929688,158.0,159.3000030517578,True,7.776370048522949,2021-08-06,False,0.0,0.0,163.88109316584325,0.005288050199935057,True
2021-08-10,Baidu,8.0,168.5399932861328,165.5500030517578,164.5,164.0,True,7.780200004577637,2021-08-09,False,0.0,0.0,168.63319699083038,-0.0005528536061545353,True
2021-08-11,Baidu,8.0,167.41000366210938,164.9499969482422,162.1999969482422,162.39999389648438,True,7.783100128173828,2021-08-10,False,0.0,0.0,166.92576605418927,0.002896716357526863,True
2021-08-12,Baidu,8.0,160.25999450683594,159.6300048828125,161.0,159.0,True,7.780900001525879,2021-08-11,False,0.0,0.0,163.4772326788101,-0.019876268896938498,True
2021-08-13,Baidu,8.0,157.72000122070312,152.4499969482422,153.89999389648438,154.10000610351562,True,7.778369903564453,2021-08-12,False,0.0,0.0,158.49079744371528,-0.004875214590643218,True
2021-08-16,Baidu,8.0,149.5,146.57000732421875,149.0,146.6999969482422,True,7.781660079956055,2021-08-13,False,0.0,0.0,150.81614508051928,-0.008765119880459693,True
2021-08-17,Baidu,8.0,141.58999633789062,142.3800048828125,143.10000610351562,138.6999969482422,True,7.782199859619141,2021-08-16,False,0.0,0.0,142.58178864610156,-0.0069802590378369445,True
2021-08-18,Baidu,8.0,144.10000610351562,142.9600067138672,138.6999969482422,139.39999389648438,True,7.78400993347168,2021-08-17,False,0.0,0.0,143.26805344587916,0.005790170162137009,True
2021-08-19,Baidu,8.0,137.97999572753906,137.3300018310547,140.0,136.0,True,7.791800022125244,2021-08-18,False,0.0,0.0,139.63397378148363,-0.011915809763028307,True
2021-08-20,Baidu,8.0,139.77999877929688,137.64999389648438,136.3000030517578,133.5,True,7.787899971008301,2021-08-19,False,0.0,0.0,137.13581375926762,0.01909797323359097,True
2021-08-23,Baidu,8.0,139.6999969482422,142.75999450683594,136.5,134.60000610351562,True,7.789599895477295,2021-08-20,False,0.0,0.0,138.23560430277348,0.01053773744595965,True
2021-08-24,Baidu,8.0,149.2899932861328,155.0800018310547,140.1999969482422,146.1999969482422,True,7.790709972381592,2021-08-23,False,0.0,0.0,150.1275210773114,-0.005594395353380577,True
2021-08-25,Baidu,8.0,152.4600067138672,155.1300048828125,152.8000030517578,149.89999389648438,True,7.791600227355957,2021-08-24,False,0.0,0.0,153.90932750393662,-0.009461335974174645,True
2021-08-26,Baidu,8.0,154.99000549316406,154.47000122070312,151.5,148.89999389648438,True,7.787799835205078,2021-08-25,False,0.0,0.0,152.9571864170167,0.013202579257313829,True
2021-08-27,Baidu,8.0,153.5500030517578,153.25999450683594,150.89999389648438,150.5,True,7.78350019454956,2021-08-26,False,0.0,0.0,154.68619129001985,-0.0073722256183579304,True
2021-08-30,Baidu,8.0,154.1999969482422,153.17999267578125,151.89999389648438,151.8000030517578,True,7.787179946899414,2021-08-27,False,0.0,0.0,155.94862744857906,-0.011276200449308327,True
2021-08-31,Baidu,8.0,155.5,157.02000427246094,149.8000030517578,152.8000030517578,True,7.787399768829346,2021-08-30,False,0.0,0.0,156.97152588813634,-0.009418693510790277,True
2021-09-01,Baidu,8.0,158.8800048828125,165.17999267578125,153.0,154.60000610351562,True,7.787089824676514,2021-08-31,False,0.0,0.0,158.82699142737877,0.0003337254548458901,True
2021-09-02,Baidu,8.0,165.86000061035156,162.3699951171875,159.1999969482422,163.1999969482422,True,7.777900218963623,2021-09-01,False,0.0,0.0,167.86021147490422,-0.011987495779958834,True
2021-09-03,Baidu,8.0,161.94000244140625,162.97999572753906,161.0,158.60000610351562,True,7.776700019836426,2021-09-02,False,0.0,0.0,163.1540429220276,-0.007468891796915678,True
2021-09-07,Baidu,8.0,167.57000732421875,166.67999267578125,164.0,164.60000610351562,True,7.770899772644043,2021-09-06,False,0.0,0.0,169.4527129874543,-0.011172690352413639,True
2021-09-08,Baidu,8.0,166.64999389648438,162.67999267578125,165.0,163.60000610351562,True,7.77370023727417,2021-09-07,False,0.0,0.0,168.36255693942897,-0.010223962991319446,True
2021-09-09,Baidu,8.0,159.41000366210938,163.64999389648438,158.10000610351562,156.0,True,7.774479866027832,2021-09-08,False,0.0,0.0,160.5252083105121,-0.006971468743498299,True
2021-09-10,Baidu,8.0,166.52999877929688,164.10000610351562,160.3000030517578,162.10000610351562,True,7.775489807128906,2021-09-09,False,0.0,0.0,166.78049627679565,-0.0015030882518018984,True
2021-09-13,Baidu,8.0,163.38999938964844,163.25999450683594,160.0,157.5,True,7.777239799499512,2021-09-10,False,0.0,0.0,162.01120609410611,0.008474471046760357,True
2021-09-14,Baidu,8.0,162.44000244140625,160.52000427246094,159.3000030517578,156.0,True,7.777910232543945,2021-09-13,False,0.0,0.0,160.4544103348198,0.012298863384951453,True
2021-09-15,Baidu,8.0,159.0,161.72999572753906,157.0,154.10000610351562,True,7.779339790344238,2021-09-14,False,0.0,0.0,158.47103765261463,0.0033323533434010955,True
2021-09-16,Baidu,8.0,158.8300018310547,159.55999755859375,157.3000030517578,155.39999389648438,True,7.779600143432617,2021-09-15,False,0.0,0.0,159.80255132024485,-0.006104539537932219,True
2021-09-17,Baidu,8.0,163.27000427246094,162.2100067138672,153.60000610351562,159.10000610351562,True,7.781199932098389,2021-09-16,False,0.0,0.0,163.5737495418504,-0.00185865786503836,True
2021-09-20,Baidu,8.0,158.1199951171875,154.5,158.60000610351562,156.39999389648438,True,7.782820224761963,2021-09-17,False,0.0,0.0,160.76433928038506,-0.01658535395768812,True
2021-09-21,Baidu,8.0,156.0,156.7100067138672,150.8000030517578,153.39999389648438,True,7.781929969787598,2021-09-20,False,0.0,0.0,157.6986629199094,-0.01083000805262646,True
2021-09-23,Baidu,8.0,160.9499969482422,160.5,158.0,156.5,True,7.786320209503174,2021-09-22,False,0.0,0.0,160.7948255803735,0.0009645617833404785,True
2021-09-24,Baidu,8.0,158.5500030517578,156.57000732421875,156.0,154.8000030517578,True,7.785600185394287,2021-09-23,False,0.0,0.0,159.0628846748757,-0.0032296048978572856,True
2021-09-27,Baidu,8.0,156.25,156.94000244140625,153.0,153.1999969482422,True,7.784969806671143,2021-09-24,False,0.0,0.0,157.43156441476359,-0.007533563569339208,True
2021-09-28,Baidu,8.0,155.99000549316406,154.02000427246094,152.1999969482422,153.3000030517578,True,7.785299777984619,2021-09-27,False,0.0,0.0,157.52765588835692,-0.009809097947376166,True
2021-09-29,Baidu,8.0,154.77000427246094,151.9199981689453,150.0,151.39999389648438,True,7.782700061798096,2021-09-28,False,0.0,0.0,155.62721697539536,-0.005523341212639643,True
2021-09-30,Baidu,8.0,151.9499969482422,153.75,150.0,148.39999389648438,True,7.782999992370605,2021-09-29,False,0.0,0.0,152.53757578512713,-0.0038594650084746718,True
2021-10-04,Baidu,8.0,149.02000427246094,146.38999938964844,149.8000030517578,145.89999389648438,True,7.786139965057373,2021-10-01,False,0.0,0.0,149.9073939602978,-0.0059371760487199055,True
2021-10-05,Baidu,8.0,146.3000030517578,149.8000030517578,141.3000030517578,143.8000030517578,True,7.785299777984619,2021-10-04,False,0.0,0.0,147.76566827486593,-0.009968367631652875,True
2021-10-06,Baidu,8.0,146.83999633789062,149.36000061035156,147.0,143.3000030517578,True,7.787399768829346,2021-10-05,False,0.0,0.0,147.21217074314873,-0.002531350866654236,True
2021-10-07,Baidu,8.0,154.63999938964844,156.5500030517578,147.10000610351562,150.3000030517578,True,7.78508996963501,2021-10-06,False,0.0,0.0,154.44908525192483,0.0012353342223239139,True
2021-10-08,Baidu,8.0,158.0,162.08999633789062,151.60000610351562,152.89999389648438,True,7.786280155181885,2021-10-07,False,0.0,0.0,157.09683273569567,0.005732648785328642,True
2021-10-11,Baidu,8.0,164.89999389648438,162.16000366210938,156.39999389648438,162.6999969482422,True,7.784860134124756,2021-10-08,False,0.0,0.0,167.19632121332583,-0.013829505543785814,True
2021-10-12,Baidu,8.0,161.39999389648438,159.47000122070312,159.10000610351562,156.1999969482422,True,7.784299850463867,2021-10-11,False,0.0,0.0,160.5282426924335,0.005415823999009639,True
2021-10-15,Baidu,8.0,164.0500030517578,163.6300048828125,159.3000030517578,161.0,True,7.778900146484375,2021-10-14,False,0.0,0.0,165.57610661477682,-0.00925966980434989,True
2021-10-18,Baidu,8.0,168.16000366210938,171.0399932861328,161.0,167.6999969482422,True,7.77934980392456,2021-10-15,False,0.0,0.0,172.45656891648213,-0.025229501467544324,True
2021-10-19,Baidu,8.0,172.27000427246094,179.0,167.0,169.3000030517578,True,7.77810001373291,2021-10-18,False,0.0,0.0,174.1299317343248,-0.010738716393415615,True
2021-10-20,Baidu,8.0,179.89999389648438,180.9600067138672,174.8000030517578,177.10000610351562,True,7.7771501541137695,2021-10-19,False,0.0,0.0,182.17470676950995,-0.012565046916994227,True
2021-10-21,Baidu,8.0,179.36000061035156,180.6000061035156,177.0,175.5,True,7.774919986724853,2021-10-20,False,0.0,0.0,180.5806365078013,-0.006782454943103033,True
2021-10-22,Baidu,8.0,181.1999969482422,177.63999938964844,177.0,177.60000610351562,True,7.77370023727417,2021-10-21,False,0.0,0.0,182.7701101742412,-0.008627757801875191,True
2021-10-25,Baidu,8.0,176.17999267578125,175.47000122070312,173.3000030517578,172.1999969482422,True,7.775109767913818,2021-10-22,False,0.0,0.0,177.18077515393958,-0.005664381816714581,True
2021-10-26,Baidu,8.0,174.27999877929688,168.8300018310547,169.8000030517578,169.60000610351562,True,7.7725701332092285,2021-10-25,False,0.0,0.0,174.56259970315813,-0.0016202206204880554,True
2021-10-27,Baidu,8.0,167.0399932861328,167.75,163.0,163.10000610351562,True,7.774250030517578,2021-10-26,False,0.0,0.0,167.83613129320162,-0.00475482991222087,True
2021-10-28,Baidu,8.0,167.74000549316406,168.7100067138672,164.0,163.5,True,7.776000022888184,2021-10-27,False,0.0,0.0,168.20987604809432,-0.0027972676112151262,True
2021-10-29,Baidu,8.0,166.72999572753906,162.24000549316406,163.5,162.0,True,7.778299808502197,2021-10-28,False,0.0,0.0,166.6173883633781,0.0006756157319269818,True
2021-11-01,Baidu,8.0,162.5399932861328,170.32000732421875,159.0,157.10000610351562,True,7.777999877929688,2021-10-29,False,0.0,0.0,161.58396355782074,0.005899178265808658,True
2021-11-02,Baidu,8.0,166.13999938964844,162.27000427246094,165.6999969482422,161.89999389648438,True,7.7802300453186035,2021-11-01,False,0.0,0.0,166.47322040962044,-0.0020036553667539536,True
2021-11-03,Baidu,8.0,163.14999389648438,165.3699951171875,159.0,158.10000610351562,True,7.782310009002685,2021-11-02,False,0.0,0.0,162.52244479659467,0.0038538715718248184,True
2021-11-04,Baidu,8.0,167.02000427246094,162.5800018310547,162.39999389648438,162.0,True,7.781280040740967,2021-11-03,False,0.0,0.0,166.55357386117018,0.002796568708400393,True
2021-11-05,Baidu,8.0,163.67999267578125,158.22999572753906,159.1999969482422,159.6999969482422,True,7.783199787139893,2021-11-04,False,0.0,0.0,164.148423595255,-0.0028577830049352215,True
2021-11-08,Baidu,8.0,159.66000366210938,161.4199981689453,155.39999389648438,155.89999389648438,True,7.782999992370605,2021-11-05,False,0.0,0.0,160.24668539052556,-0.0036678344418055175,True
2021-11-09,Baidu,8.0,160.52000427246094,161.6300048828125,158.0,157.5,True,7.783740043640137,2021-11-08,False,0.0,0.0,161.8759096444271,-0.008411479847952208,True
2021-11-10,Baidu,8.0,161.77000427246094,161.55999755859375,156.89999389648438,161.3000030517578,True,7.788380146026611,2021-11-09,False,0.0,0.0,165.68272223748406,-0.023899047894648362,True
2021-11-11,Baidu,8.0,164.8800048828125,167.25999450683594,156.0,160.5,True,7.789999961853027,2021-11-10,False,0.0,0.0,164.8267017057304,0.0003233369323787372,True
2021-11-12,Baidu,8.0,166.97999572753906,170.57000732421875,162.0,164.8000030517578,True,7.790890216827393,2021-11-11,False,0.0,0.0,169.2232835686063,-0.013345028269115211,True
2021-11-15,Baidu,8.0,171.41000366210938,168.6699981689453,166.0,166.5,True,7.791699886322021,2021-11-12,False,0.0,0.0,170.9511428100903,0.0026805677659815785,True
2021-11-16,Baidu,8.0,171.91000366210938,171.27000427246094,167.0,168.89999389648438,True,7.791749954223633,2021-11-15,False,0.0,0.0,173.41418283571036,-0.008711748239212724,True
2021-11-17,Baidu,8.0,173.3800048828125,161.82000732421875,168.5,169.6999969482422,True,7.788859844207764,2021-11-16,False,0.0,0.0,174.30021886907178,-0.005293462625426848,True
2021-11-18,Baidu,8.0,155.77999877929688,154.36000061035156,158.0,156.39999389648438,True,7.787300109863281,2021-11-17,False,0.0,0.0,160.6718546248299,-0.03091936740147805,True
2021-11-19,Baidu,8.0,154.11000061035156,151.77000427246094,151.0,151.3000030517578,True,7.788899898529053,2021-11-18,False,0.0,0.0,155.40063939487123,-0.00833991532741507,True
2021-11-22,Baidu,8.0,152.0,147.80999755859375,149.1999969482422,148.10000610351562,True,7.788909912109375,2021-11-19,False,0.0,0.0,152.1137183761906,-0.0007478674891618908,True
2021-11-23,Baidu,8.0,147.89999389648438,150.49000549316406,144.1999969482422,144.60000610351562,True,7.790939807891846,2021-11-22,False,0.0,0.0,148.48016765016493,-0.003915069697762341,True
2021-11-24,Baidu,8.0,148.92999267578125,151.38999938964844,145.0,145.89999389648438,True,7.79040002822876,2021-11-23,False,0.0,0.0,149.8254193549098,-0.0059943975863490095,True
2021-11-26,Baidu,8.0,148.52000427246094,153.05999755859375,152.0,147.6999969482422,True,7.798389911651611,2021-11-25,False,0.0,0.0,151.5184530361201,-0.0199877616749653,True
2021-11-29,Baidu,8.0,153.0,150.2899932861328,149.0,148.8000030517578,True,7.796299934387207,2021-11-26,False,0.0,0.0,152.68781786646701,0.0020424905659703896,True
2021-11-30,Baidu,8.0,149.1199951171875,149.83999633789062,147.10000610351562,145.0,True,7.797920227050781,2021-11-29,False,0.0,0.0,148.7576130845748,0.0024330946765278583,True
2021-12-01,Baidu,8.0,150.66000366210938,148.8300018310547,146.5,147.6999969482422,True,7.799530029296875,2021-11-30,False,0.0,0.0,151.49630441162086,-0.005535564624607581,True
2021-12-02,Baidu,8.0,148.39999389648438,148.9600067138672,146.1999969482422,147.3000030517578,True,7.797399997711182,2021-12-01,False,0.0,0.0,151.12730201861717,-0.0182112517611559,True
2021-12-03,Baidu,8.0,141.85000610351562,137.38999938964844,146.60000610351562,143.0,True,7.793489933013916,2021-12-02,False,0.0,0.0,146.7891804355728,-0.03422720642646393,True
2021-12-06,Baidu,8.0,136.25,147.64999389648438,135.0,134.8000030517578,True,7.791699886322021,2021-12-03,False,0.0,0.0,138.40369112613607,-0.01568327927111035,True
2021-12-07,Baidu,8.0,150.17999267578125,149.88999938964844,145.0,148.0,True,7.795400142669678,2021-12-06,False,0.0,0.0,151.88444189274387,-0.011285455101386788,True
2021-12-08,Baidu,8.0,147.1699981689453,148.92999267578125,148.5,145.0,True,7.801539897918701,2021-12-07,False,0.0,0.0,148.68859419785386,-0.010265778345837084,True
2021-12-09,Baidu,8.0,148.69000244140625,148.69000244140625,148.89999389648438,147.1999969482422,True,7.798500061035156,2021-12-08,False,0.0,0.0,151.00339377693425,-0.01543869377772289,True
2021-12-10,Baidu,8.0,148.0,149.33999633789062,145.89999389648438,145.89999389648438,True,7.797800064086914,2021-12-09,False,0.0,0.0,149.68323649992797,-0.01130903076276546,True
2021-12-13,Baidu,8.0,147.64999389648438,144.5500030517578,146.1999969482422,145.1999969482422,True,7.796750068664551,2021-12-10,False,0.0,0.0,148.98514962720867,-0.009002067194693097,True
2021-12-14,Baidu,8.0,140.57000732421875,142.88999938964844,141.5,140.3000030517578,True,7.79863977432251,2021-12-13,False,0.0,0.0,143.92253737756064,-0.023569582511688836,True
2021-12-15,Baidu,8.0,141.0,141.41000366210938,138.89999389648438,136.5,True,7.801499843597412,2021-12-14,False,0.0,0.0,139.97308490574284,0.007309736924659305,True
2021-12-16,Baidu,8.0,142.5500030517578,140.1699981689453,137.0,139.10000610351562,True,7.800899982452393,2021-12-15,False,0.0,0.0,142.65021360757027,-0.0007027383156312794,True
2021-12-17,Baidu,8.0,138.30999755859375,142.08999633789062,138.1999969482422,137.89999389648438,True,7.802800178527832,2021-12-16,False,0.0,0.0,141.38513430187797,-0.021990090715114263,True
2021-12-20,Baidu,8.0,138.6300048828125,137.55999755859375,140.5,135.60000610351562,True,7.803249835968018,2021-12-17,False,0.0,0.0,139.01900767394207,-0.00280212086533993,True
2021-12-21,Baidu,8.0,139.5500030517578,144.82000732421875,135.1999969482422,136.60000610351562,True,7.802169799804688,2021-12-20,False,0.0,0.0,140.06360754356834,-0.0036736771743450802,True
2021-12-22,Baidu,8.0,140.6999969482422,143.4600067138672,143.89999389648438,139.0,True,7.800899982452393,2021-12-21,False,0.0,0.0,142.54765507843587,-0.013046422974801963,True
2021-12-23,Baidu,8.0,141.6999969482422,144.1199951171875,139.1999969482422,138.60000610351562,True,7.801080226898193,2021-12-22,False,0.0,0.0,142.1341681636567,-0.003059332578087215,True
2021-12-28,Baidu,8.0,142.25,140.8800048828125,141.0,139.60000610351562,True,7.799349784851074,2021-12-27,False,0.0,0.0,143.1914300083478,-0.006596333418823264,True
2021-12-29,Baidu,8.0,139.08999633789062,136.3000030517578,136.60000610351562,136.6999969482422,True,7.798500061035156,2021-12-28,False,0.0,0.0,140.23209168774122,-0.00817766845900536,True
2021-12-30,Baidu,8.0,136.22999572753906,150.61000061035156,133.39999389648438,133.5,True,7.797999858856201,2021-12-29,False,0.0,0.0,136.95819688776612,-0.005331144643880847,True
2021-12-31,Baidu,8.0,147.17999267578125,148.7899932861328,145.0,145.0,False,7.7965497970581055,2021-12-30,False,0.0,0.0,148.7837607909214,-0.010837704239008872,True
2022-01-03,Baidu,8.0,148.91000366210938,149.10000610351562,146.0,143.60000610351562,True,7.797560214996338,2021-12-31,False,0.0,0.0,147.32814074570948,0.010679772213774363,True
2022-01-04,Baidu,8.0,148.13999938964844,146.52999877929688,145.8000030517578,144.89999389648438,True,7.795919895172119,2022-01-03,False,0.0,0.0,148.69315831345932,-0.003727073945662518,True
2022-01-05,Baidu,8.0,143.82000732421875,143.8800048828125,143.8000030517578,139.10000610351562,True,7.797699928283691,2022-01-04,False,0.0,0.0,142.70875502554216,0.00775669333311324,True
2022-01-06,Baidu,8.0,146.1999969482422,150.75,140.6999969482422,142.0,True,7.793499946594238,2022-01-05,False,0.0,0.0,145.7624953852001,0.002996973255090296,True
2022-01-07,Baidu,8.0,152.97999572753906,153.3300018310547,146.60000610351562,149.0,True,7.795199871063232,2022-01-06,False,0.0,0.0,152.91461665080004,0.00042746145298977467,True
2022-01-10,Baidu,8.0,154.9499969482422,152.36000061035156,149.6999969482422,151.8000030517578,True,7.800620079040527,2022-01-07,False,0.0,0.0,155.6799346858376,-0.0046997343578381034,True
2022-01-11,Baidu,8.0,150.00999450683594,156.6999969482422,148.0,146.5,True,7.79817008972168,2022-01-10,False,0.0,0.0,150.29166926542752,-0.001875945924897593,True
2022-01-12,Baidu,8.0,159.77000427246094,159.36000061035156,152.10000610351562,155.39999389648438,True,7.795499801635742,2022-01-11,False,0.0,0.0,159.47661892198528,0.0018379861320543256,True
2022-01-13,Baidu,8.0,155.6199951171875,152.50999450683594,156.1999969482422,153.0,True,7.796000003814697,2022-01-12,False,0.0,0.0,157.00359150860427,-0.00885157412536941,True
2022-01-14,Baidu,8.0,151.25999450683594,154.52999877929688,149.0,149.89999389648438,True,7.791790008544922,2022-01-13,False,0.0,0.0,153.9055788024015,-0.017339115604265487,True
2022-01-18,Baidu,8.0,150.94000244140625,152.94000244140625,149.6999969482422,147.8000030517578,True,7.784180164337158,2022-01-17,False,0.0,0.0,151.89782346394944,-0.0063256577247408075,True
2022-01-19,Baidu,8.0,153.32000732421875,154.47999572753906,151.89999389648438,148.89999389648438,True,7.789899826049805,2022-01-18,False,0.0,0.0,152.91595242193543,0.0026388484036203863,True
2022-01-20,Baidu,8.0,162.9199981689453,162.02999877929688,152.0,158.3000030517578,True,7.792449951171875,2022-01-19,False,0.0,0.0,162.5162859369554,0.002481053642748421,True
2022-01-21,Baidu,8.0,162.52999877929688,156.83999633789062,159.3000030517578,159.6999969482422,True,7.791319847106934,2022-01-20,False,0.0,0.0,163.97734923696333,-0.00886571127231317,True
2022-01-24,Baidu,8.0,154.99000549316406,149.0500030517578,155.6999969482422,152.39999389648438,True,7.786019802093506,2022-01-21,False,0.0,0.0,156.58834451513422,-0.010259718252197736,True
2022-01-25,Baidu,8.0,146.74000549316406,150.97000122070312,145.89999389648438,145.6999969482422,True,7.787059783935547,2022-01-24,False,0.0,0.0,149.68422073637248,-0.01986552924681284,True
2022-01-26,Baidu,8.0,153.2100067138672,148.3000030517578,147.0,148.5,True,7.786190032958984,2022-01-25,False,0.0,0.0,152.5778326718446,0.004134729124145586,True
2022-01-27,Baidu,8.0,148.00999450683594,143.72999572753906,145.10000610351562,142.5,True,7.785369873046875,2022-01-26,False,0.0,0.0,146.4284958312264,0.010742575693120315,True
2022-01-28,Baidu,8.0,143.72000122070312,146.52999877929688,144.6999969482422,141.5,True,7.786489963531494,2022-01-27,False,0.0,0.0,145.38001144312673,-0.011484112029384264,True
2022-01-31,Baidu,8.0,148.64999389648438,159.74000549316406,144.3000030517578,144.3000030517578,False,7.789400100708008,2022-01-28,False,0.0,0.0,148.2014031233464,0.0030223277984280372,True
2022-02-04,Baidu,8.0,153.6199951171875,158.3800048828125,151.1999969482422,152.39999389648438,True,7.795499801635742,2022-02-03,False,0.0,0.0,156.39791959407765,-0.017921537409062438,True
2022-02-07,Baidu,8.0,156.0399932861328,155.60000610351562,152.89999389648438,153.3000030517578,True,7.7930498123168945,2022-02-04,False,0.0,0.0,157.37099774156974,-0.008493719081005935,True
2022-02-08,Baidu,8.0,155.5500030517578,162.99000549316406,152.1999969482422,150.39999389648438,True,7.787899971008301,2022-02-07,False,0.0,0.0,154.49607155343273,0.006798573786880091,True
2022-02-09,Baidu,8.0,163.11000061035156,166.6999969482422,156.5,157.5,True,7.791989803314209,2022-02-08,False,0.0,0.0,161.70452372307744,0.008654081352183596,True
2022-02-10,Baidu,8.0,162.6199951171875,164.55999755859375,160.0,159.8000030517578,True,7.793300151824951,2022-02-09,False,0.0,0.0,164.03834056291294,-0.008684023667409946,True
2022-02-11,Baidu,8.0,163.60000610351562,160.63999938964844,159.8000030517578,158.89999389648438,True,7.791130065917969,2022-02-10,False,0.0,0.0,163.1598934194021,0.002693800254548684,True
2022-02-14,Baidu,8.0,159.47000122070312,160.7899932861328,156.6999969482422,156.10000610351562,True,7.79656982421875,2022-02-11,False,0.0,0.0,160.17300902621753,-0.004398713042362168,True
2022-02-15,Baidu,8.0,163.27999877929688,166.86000061035156,157.5,156.60000610351562,True,7.800829887390137,2022-02-14,False,0.0,0.0,160.59830388728867,0.016560270668882993,True
2022-02-16,Baidu,8.0,165.75,167.35000610351562,160.6999969482422,161.60000610351562,True,7.802599906921387,2022-02-15,False,0.0,0.0,165.68836852461598,0.0003719030863491568,True
2022-02-17,Baidu,8.0,165.74000549316406,166.39999389648438,163.0,163.60000610351562,True,7.801259994506836,2022-02-16,False,0.0,0.0,167.76777722441003,-0.012160416184864076,True
2022-02-18,Baidu,8.0,163.10000610351562,157.72000122070312,163.60000610351562,160.10000610351562,True,7.799499988555908,2022-02-17,False,0.0,0.0,164.21566135103842,-0.006817025147258349,True
2022-02-22,Baidu,8.0,154.17999267578125,151.6699981689453,150.3000030517578,151.3000030517578,True,7.799739837646484,2022-02-21,False,0.0,0.0,155.18466636180676,-0.006495100126214126,True
2022-02-23,Baidu,8.0,154.1699981689453,149.82000732421875,148.10000610351562,150.89999389648438,True,7.800899982452393,2022-02-22,False,0.0,0.0,154.7513689301736,-0.0037638798056214284,True
2022-02-24,Baidu,8.0,140.00999450683594,151.1199951171875,146.5,142.8000030517578,True,7.801599979400635,2022-02-23,False,0.0,0.0,146.43150474652103,-0.044843965336065494,True
2022-02-25,Baidu,8.0,149.75,153.11000061035156,146.60000610351562,144.8000030517578,True,7.805069923400879,2022-02-24,False,0.0,0.0,148.41635446993106,0.008945707011453585,True
2022-02-28,Baidu,8.0,150.08999633789062,152.44000244140625,146.3000030517578,147.39999389648438,True,7.807499885559082,2022-02-25,False,0.0,0.0,151.03425788746387,-0.00627159474115313,True
2022-03-01,Baidu,8.0,160.8699951171875,162.86000061035156,147.39999389648438,148.10000610351562,True,7.807479858398437,2022-02-28,False,0.0,0.0,151.75191871339203,0.05834948127967898,True
2022-03-02,Baidu,8.0,160.25999450683594,160.57000732421875,161.8000030517578,158.10000610351562,True,7.813260078430176,2022-03-01,False,0.0,0.0,161.87865706913036,-0.010049562058112471,True
2022-03-03,Baidu,8.0,161.32000732421875,155.19000244140625,158.39999389648438,159.0,True,7.815899848937988,2022-03-02,False,0.0,0.0,162.74517644604126,-0.008795627430158603,True
2022-03-04,Baidu,8.0,152.3000030517578,147.25999450683594,149.8000030517578,149.0,True,7.813720226287842,2022-03-03,False,0.0,0.0,152.55217303400914,-0.0016543758552360899,True
2022-03-07,Baidu,8.0,143.6199951171875,138.3699951171875,135.10000610351562,140.1999969482422,True,7.8155999183654785,2022-03-04,False,0.0,0.0,143.50785445789606,0.0007811200840270871,True
2022-03-08,Baidu,8.0,138.27999877929688,136.82000732421875,135.39999389648438,133.10000610351562,True,7.814599990844727,2022-03-07,False,0.0,0.0,136.25778031832752,0.014732071058855212,True
2022-03-09,Baidu,8.0,138.4600067138672,144.22999572753906,135.0,133.60000610351562,True,7.818299770355225,2022-03-08,False,0.0,0.0,136.7049205353716,0.012756785519312253,True
2022-03-10,Baidu,8.0,138.08999633789062,135.16000366210938,140.6999969482422,138.1999969482422,True,7.818600177764893,2022-03-09,False,0.0,0.0,141.4063835531741,-0.02373227782075915,True
2022-03-11,Baidu,8.0,135.89999389648438,118.91999816894533,133.10000610351562,131.5,True,7.819069862365723,2022-03-10,False,0.0,0.0,134.54285720906822,0.010036486999021932,True
2022-03-15,Baidu,8.0,105.01000213623048,108.37999725341795,108.0999984741211,100.0,True,7.828020095825195,2022-03-14,False,0.0,0.0,102.19697831724429,0.027153493095979364,True
2022-03-16,Baidu,8.0,126.04000091552734,150.8699951171875,104.0,120.4000015258789,True,7.828949928283691,2022-03-15,False,0.0,0.0,123.03054956671433,0.024166629158185238,True
2022-03-17,Baidu,8.0,143.42999267578125,147.14999389648438,138.39999389648438,139.89999389648438,True,7.826700210571289,2022-03-16,False,0.0,0.0,142.9976773174735,0.0030186726485128546,True
2022-03-18,Baidu,8.0,150.2100067138672,149.0399932861328,143.0,149.39999389648438,True,7.820419788360596,2022-03-17,False,0.0,0.0,152.83066427594244,-0.017296179326070416,True
2022-03-21,Baidu,8.0,146.0,146.67999267578125,146.1999969482422,140.60000610351562,True,7.818270206451416,2022-03-18,False,0.0,0.0,143.86814718938362,0.01470938610901662,True
2022-03-22,Baidu,8.0,154.86000061035156,154.58999633789062,142.89999389648438,148.6999969482422,True,7.823939800262451,2022-03-21,False,0.0,0.0,152.04615653433746,0.018337350739292546,True
2022-03-23,Baidu,8.0,152.5,154.89999389648438,150.5,153.8000030517578,True,7.825029850006104,2022-03-22,False,0.0,0.0,157.2390199141672,-0.03060247143008432,True
2022-03-24,Baidu,8.0,153.7100067138672,150.61000061035156,152.8000030517578,150.0,True,7.826670169830322,2022-03-23,False,0.0,0.0,153.3219075240544,0.002528072024538197,True
2022-03-25,Baidu,8.0,145.16000366210938,146.5399932861328,147.3000030517578,142.0,True,7.823659896850586,2022-03-24,False,0.0,0.0,145.2005857843203,-0.00027952913687467884,True
2022-03-28,Baidu,8.0,147.0,147.4499969482422,142.0,142.5,True,7.823400020599365,2022-03-25,False,0.0,0.0,145.71669568197058,0.008768290698584202,True
2022-03-29,Baidu,8.0,153.19000244140625,147.69000244140625,145.5,146.0,True,7.828410148620605,2022-03-28,False,0.0,0.0,149.20015403201708,0.026390276806416146,True
2022-03-30,Baidu,8.0,146.1199951171875,143.8300018310547,144.60000610351562,146.1999969482422,True,7.828800201416016,2022-03-29,False,0.0,0.0,149.39709093283398,-0.022179632330738386,True
2022-03-31,Baidu,8.0,138.32000732421875,132.3000030517578,141.0,141.5,True,7.827199935913086,2022-03-30,False,0.0,0.0,144.62387689959345,-0.04456652555388807,True
2022-04-01,Baidu,8.0,144.00999450683594,140.97000122070312,130.5,135.1999969482422,True,7.82705020904541,2022-03-31,False,0.0,0.0,138.1874329023692,0.041271730402413276,True
2022-04-04,Baidu,8.0,146.6300048828125,153.8000030517578,141.1999969482422,145.6999969482422,True,7.833479881286621,2022-04-01,False,0.0,0.0,148.79721314794415,-0.014671953089927747,True
2022-04-06,Baidu,8.0,142.72999572753906,140.0,142.8000030517578,142.60000610351562,True,7.834459781646728,2022-04-05,False,0.0,0.0,145.61310934298265,-0.01999846469802602,True
2022-04-07,Baidu,8.0,138.35000610351562,135.7100067138672,137.60000610351562,137.5,True,7.833759784698486,2022-04-06,False,0.0,0.0,140.41788748087555,-0.014836136837068636,True
2022-04-08,Baidu,8.0,135.39999389648438,134.75999450683594,134.5,135.3000030517578,True,7.837110042572021,2022-04-07,False,0.0,0.0,138.1121380884471,-0.01983263462406981,True
2022-04-11,Baidu,8.0,133.99000549316406,133.0500030517578,128.0,128.1999969482422,True,7.836470127105713,2022-04-08,False,0.0,0.0,130.8752485431509,0.023520643020370713,True
2022-04-12,Baidu,8.0,134.88999938964844,130.99000549316406,130.0,129.39999389648438,True,7.838860034942627,2022-04-11,False,0.0,0.0,132.06001211366848,0.021203170461837395,True
2022-04-13,Baidu,8.0,131.77000427246094,134.6699981689453,129.10000610351562,128.89999389648438,True,7.837800025939941,2022-04-12,False,0.0,0.0,131.56752504006496,0.0015377927546191827,True
2022-04-14,Baidu,8.0,133.5,129.55999755859375,130.89999389648438,131.39999389648438,True,7.837430000305176,2022-04-13,False,0.0,0.0,134.12559361052578,-0.004675148901515769,True
2022-04-19,Baidu,8.0,124.68000030517578,126.61000061035156,125.5999984741211,124.4000015258789,True,7.843599796295166,2022-04-18,False,0.0,0.0,126.88051890116863,-0.017495390231623276,True
2022-04-20,Baidu,8.0,127.4800033569336,122.30999755859376,123.4000015258789,123.5999984741211,True,7.84149980545044,2022-04-19,False,0.0,0.0,126.09832459674071,0.010897559306123128,True
2022-04-21,Baidu,8.0,122.37000274658205,115.97000122070312,121.0,119.4000015258789,True,7.841899871826172,2022-04-20,False,0.0,0.0,121.8072186357297,0.004609644619654851,True
2022-04-22,Baidu,8.0,116.6500015258789,114.56999969482422,113.0,116.8000030517578,True,7.843900203704834,2022-04-21,False,0.0,0.0,119.12441516947477,-0.020990441028734708,True
2022-04-25,Baidu,8.0,110.72000122070312,116.56999969482422,112.5999984741211,108.5999984741211,True,7.844600200653076,2022-04-22,False,0.0,0.0,110.75134048522189,-0.00028300966153427254,True
2022-04-26,Baidu,8.0,114.05999755859376,111.93000030517578,114.0,114.1999969482422,True,7.846290111541748,2022-04-25,False,0.0,0.0,116.43719039167937,-0.02062738502579986,True
2022-04-27,Baidu,8.0,113.56999969482422,118.5199966430664,112.0,113.6999969482422,True,7.847109794616699,2022-04-26,False,0.0,0.0,115.9152859324008,-0.020440246409392238,True
2022-04-28,Baidu,8.0,120.0,120.5500030517578,118.0,118.4000015258789,True,7.845600128173828,2022-04-27,False,0.0,0.0,120.73009033504046,-0.006065652802179855,True
2022-04-29,Baidu,8.0,130.69000244140625,124.16999816894533,120.6999969482422,130.60000610351562,True,7.84630012512207,2022-04-28,False,0.0,0.0,133.15830801359644,-0.018710580919888642,True
2022-05-03,Baidu,8.0,127.8499984741211,127.56999969482422,126.0,126.3000030517578,True,7.847000122070312,2022-05-02,False,0.0,0.0,128.76258553536044,-0.007112596695130868,True
2022-05-04,Baidu,8.0,124.12999725341795,131.9499969482422,125.6999969482422,122.5,True,7.847499847412109,2022-05-03,False,0.0,0.0,124.88053763048842,-0.0060281999735884995,True
2022-05-05,Baidu,8.0,126.6500015258789,124.08000183105467,127.0,125.6999969482422,True,7.847259998321533,2022-05-04,False,0.0,0.0,128.14663663508378,-0.01174781843805306,True
2022-05-06,Baidu,8.0,121.6999969482422,116.76000213623048,121.0999984741211,117.9000015258789,True,7.848000049591064,2022-05-05,False,0.0,0.0,120.18348703453164,0.012539341334109722,True
2022-05-10,Baidu,8.0,110.73999786376952,107.91000366210938,105.4000015258789,109.5,True,7.849649906158447,2022-05-09,False,0.0,0.0,111.59733369926902,-0.007712065973874971,True
2022-05-11,Baidu,8.0,109.6999969482422,106.08999633789062,106.6999969482422,110.5999984741211,True,7.849400043487549,2022-05-10,False,0.0,0.0,112.72198931013399,-0.027175176217259178,True
2022-05-12,Baidu,8.0,105.0199966430664,107.87999725341795,106.0,104.5,True,7.849649906158447,2022-05-11,False,0.0,0.0,106.50156503720194,-0.014008903981496346,True
2022-05-13,Baidu,8.0,112.4000015258789,116.94000244140624,109.6999969482422,111.0,True,7.849760055541992,2022-05-12,False,0.0,0.0,113.12447689061082,-0.006424826802977179,True
2022-05-16,Baidu,8.0,116.62999725341795,117.8000030517578,115.5999984741211,113.3000030517578,True,7.84984016418457,2022-05-13,False,0.0,0.0,115.4673223219976,0.010018940841082902,True
2022-05-17,Baidu,8.0,123.41000366210938,123.44000244140624,116.0,119.3000030517578,True,7.849730014801025,2022-05-16,False,0.0,0.0,121.583802578496,0.014908416959069193,True
2022-05-18,Baidu,8.0,121.1999969482422,118.86000061035156,120.6999969482422,121.3000030517578,True,7.849999904632568,2022-05-17,False,0.0,0.0,123.61783900677429,-0.019752814687308273,True
2022-05-19,Baidu,8.0,119.1999969482422,125.33999633789062,118.0,117.5,True,7.849380016326904,2022-05-18,False,0.0,0.0,119.75468101235725,-0.004642596371327912,True
2022-05-20,Baidu,8.0,126.12000274658205,124.47000122070312,123.8000030517578,123.5999984741211,True,7.848800182342529,2022-05-19,False,0.0,0.0,125.98103720584902,0.0011024591952049079,True
2022-05-23,Baidu,8.0,125.75,124.0,123.5,123.0,True,7.847899913787842,2022-05-20,False,0.0,0.0,125.38386202800919,0.0029158810241982636,True
2022-05-24,Baidu,8.0,120.1500015258789,115.7300033569336,119.5,117.3000030517578,True,7.84827995300293,2022-05-23,False,0.0,0.0,119.56760335173942,0.004859045044440791,True
2022-05-25,Baidu,8.0,117.41999816894533,119.31999969482422,114.3000030517578,115.5,True,7.849100112915039,2022-05-24,False,0.0,0.0,117.72050129410825,-0.002555946673963305,True
2022-05-26,Baidu,8.0,124.91000366210938,136.19000244140625,118.0,115.6999969482422,True,7.84906005859375,2022-05-25,False,0.0,0.0,117.9249449840201,0.05754514465922789,True
2022-05-27,Baidu,8.0,134.3000030517578,139.08999633789062,133.0,132.1999969482422,True,7.8495001792907715,2022-05-26,False,0.0,0.0,134.73469028973196,-0.0032314614211124137,True
2022-05-31,Baidu,8.0,145.8699951171875,140.35000610351562,139.1999969482422,147.5,True,7.84906005859375,2022-05-30,False,0.0,0.0,150.3364722898312,-0.030160149968893712,True
2022-06-01,Baidu,8.0,141.80999755859375,141.30999755859375,140.89999389648438,140.1999969482422,True,7.848189830780029,2022-05-31,False,0.0,0.0,142.91193253087533,-0.007740467857778377,True
2022-06-02,Baidu,8.0,141.32000732421875,146.1999969482422,139.6999969482422,139.10000610351562,True,7.847219944000244,2022-06-01,False,0.0,0.0,141.8081889853157,-0.0034484883614638306,True
2022-06-06,Baidu,8.0,148.7100067138672,146.99000549316406,143.0,146.3000030517578,True,7.844759941101074,2022-06-03,False,0.0,0.0,149.19513575960204,-0.0032569392427861388,True
2022-06-07,Baidu,8.0,145.05999755859375,150.5800018310547,143.89999389648438,143.39999389648438,True,7.845729827880859,2022-06-06,False,0.0,0.0,146.21966041898935,-0.007962581359697296,True
2022-06-08,Baidu,8.0,152.0399932861328,152.8800048828125,147.89999389648438,152.10000610351562,True,7.845600128173828,2022-06-07,False,0.0,0.0,155.09330439344632,-0.01988329967789415,True
2022-06-09,Baidu,8.0,150.5500030517578,145.50999450683594,151.39999389648438,149.8000030517578,True,7.845359802246094,2022-06-08,False,0.0,0.0,152.75271684428873,-0.014525108909719364,True
2022-06-10,Baidu,8.0,149.38999938964844,142.8699951171875,140.6999969482422,149.89999389648438,True,7.847839832305908,2022-06-09,False,0.0,0.0,152.80637433951267,-0.022611260775321718,True
2022-06-13,Baidu,8.0,139.1699981689453,131.8800048828125,139.0,139.10000610351562,True,7.848800182342529,2022-06-10,False,0.0,0.0,141.77963803073936,-0.01857781311410811,True
2022-06-14,Baidu,8.0,136.67999267578125,140.8000030517578,130.89999389648438,136.1999969482422,True,7.849309921264648,2022-06-13,False,0.0,0.0,138.81474760400155,-0.015497919517311054,True
2022-06-15,Baidu,8.0,144.6999969482422,144.82000732421875,139.89999389648438,142.3000030517578,True,7.849800109863281,2022-06-14,False,0.0,0.0,145.02280420920042,-0.0022283879159612496,True
2022-06-16,Baidu,8.0,139.00999450683594,137.3800048828125,146.60000610351562,138.1999969482422,True,7.849899768829346,2022-06-15,False,0.0,0.0,140.84255954147238,-0.01309683404773665,True
2022-06-17,Baidu,8.0,142.99000549316406,139.8300018310547,134.39999389648438,138.89999389648438,True,7.848599910736084,2022-06-16,False,0.0,0.0,141.57938534385818,0.009914149229711455,True
2022-06-21,Baidu,8.0,142.77999877929688,145.6300048828125,142.0,143.10000610351562,True,7.849679946899414,2022-06-20,False,0.0,0.0,145.84034719534208,-0.02120753550202803,True
2022-06-22,Baidu,8.0,142.8300018310547,142.69000244140625,145.0,140.5,True,7.849699974060059,2022-06-21,False,0.0,0.0,143.19018608537206,-0.002518594560322107,True
2022-06-23,Baidu,8.0,145.3800048828125,146.1300048828125,141.8000030517578,142.1999969482422,True,7.849730014801025,2022-06-22,False,0.0,0.0,144.92217865339836,0.0031541382389725925,True
2022-06-24,Baidu,8.0,149.00999450683594,151.33999633789062,144.3000030517578,147.8000030517578,True,7.8495001792907715,2022-06-23,False,0.0,0.0,150.6337980007405,-0.01083833157957681,True
2022-06-27,Baidu,8.0,154.10000610351562,155.24000549316406,151.0,152.5,True,7.849400043487549,2022-06-24,False,0.0,0.0,155.4258915638022,-0.008567254501357091,True
2022-06-28,Baidu,8.0,155.19000244140625,153.7899932861328,152.60000610351562,154.6999969482422,True,7.849090099334717,2022-06-27,False,0.0,0.0,157.6743240201607,-0.015881476953304663,True
2022-06-29,Baidu,8.0,151.41000366210938,151.32000732421875,150.3000030517578,150.0,True,7.84660005569458,2022-06-28,False,0.0,0.0,152.93247922443985,-0.010005098519970446,True
2022-06-30,Baidu,8.0,149.4199981689453,148.72999572753906,150.8000030517578,148.5,True,7.845799922943115,2022-06-29,False,0.0,0.0,151.4185948746903,-0.013287032684196731,True
2022-07-05,Baidu,8.0,151.8000030517578,154.25,154.0,152.0,True,7.846799850463867,2022-07-04,False,0.0,0.0,154.96763306994706,-0.020652391144640347,True
2022-07-06,Baidu,8.0,151.38999938964844,149.1999969482422,152.0,149.89999389648438,True,7.84600019454956,2022-07-05,False,0.0,0.0,152.8422025792113,-0.009546748895622237,True
2022-07-07,Baidu,8.0,150.72000122070312,154.69000244140625,146.0,147.0,True,7.846620082855225,2022-07-06,False,0.0,0.0,149.87344711254042,0.005632566850609422,True
2022-07-08,Baidu,8.0,150.97000122070312,152.39999389648438,151.89999389648438,150.0,True,7.84689998626709,2022-07-07,False,0.0,0.0,152.9266337152414,-0.012877138520401843,True
2022-07-11,Baidu,8.0,146.92999267578125,143.72999572753906,149.1999969482422,144.8000030517578,True,7.847489833831787,2022-07-08,False,0.0,0.0,147.61408411387987,-0.004645095400340082,True
2022-07-12,Baidu,8.0,144.17999267578125,143.47999572753906,141.39999389648438,142.3000030517578,True,7.848810195922852,2022-07-11,False,0.0,0.0,145.04109489173487,-0.005954647135830271,True
2022-07-13,Baidu,8.0,140.5800018310547,145.25999450683594,142.3000030517578,141.6999969482422,True,7.849699974060059,2022-07-12,False,0.0,0.0,144.41315965349077,-0.0269016208679993,True
2022-07-14,Baidu,8.0,143.94000244140625,142.07000732421875,143.8000030517578,144.3000030517578,True,7.849699974060059,2022-07-13,False,0.0,0.0,147.06294867687515,-0.021464154368469934,True
2022-07-15,Baidu,8.0,140.85000610351562,140.08999633789062,140.0,137.3000030517578,True,7.849299907684326,2022-07-14,False,0.0,0.0,139.9360500085808,0.006510005057862145,True
2022-07-18,Baidu,8.0,143.85000610351562,141.0800018310547,137.3000030517578,141.39999389648438,True,7.8496599197387695,2022-07-15,False,0.0,0.0,144.10814770807553,-0.0017929110205301413,True
2022-07-19,Baidu,8.0,141.08999633789062,142.3800048828125,138.60000610351562,137.1999969482422,True,7.849599838256836,2022-07-18,False,0.0,0.0,139.82878085536677,0.008979278417497127,True
2022-07-20,Baidu,8.0,144.02000427246094,140.82000732421875,140.8000030517578,140.60000610351562,True,7.849800109863281,2022-07-19,False,0.0,0.0,143.29027912631975,0.005079711778000373,True
2022-07-21,Baidu,8.0,141.55999755859375,144.57000732421875,140.39999389648438,139.10000610351562,True,7.850500106811523,2022-07-20,False,0.0,0.0,141.74893748012292,-0.0013338086178924513,True
2022-07-22,Baidu,8.0,142.14999389648438,140.00999450683594,141.3000030517578,140.10000610351562,True,7.849589824676514,2022-07-21,False,0.0,0.0,142.78453700914415,-0.004453964632770813,True
2022-07-25,Baidu,8.0,140.00999450683594,140.25,139.3000030517578,138.0,True,7.848599910736084,2022-07-22,False,0.0,0.0,140.66203049665464,-0.004646256874419663,True
2022-07-26,Baidu,8.0,142.85000610351562,138.1699981689453,139.10000610351562,140.1999969482422,True,7.849440097808838,2022-07-25,False,0.0,0.0,142.88916936878476,-0.0002741189789583487,True
2022-07-27,Baidu,8.0,139.4199981689453,141.00999450683594,136.8000030517578,136.3000030517578,True,7.849130153656006,2022-07-26,False,0.0,0.0,138.91985520283043,0.003593761355695335,True
2022-07-28,Baidu,8.0,140.85000610351562,140.60000610351562,136.6999969482422,138.60000610351562,True,7.849259853363037,2022-07-27,False,0.0,0.0,141.26173289486098,-0.00291889366341902,True
2022-07-29,Baidu,8.0,133.07000732421875,136.57000732421875,139.0,132.5,True,7.849100112915039,2022-07-28,False,0.0,0.0,135.04732832440988,-0.014749936584375511,True
2022-08-01,Baidu,8.0,133.0399932861328,135.00999450683594,132.5,134.39999389648438,True,7.8495001792907715,2022-07-29,False,0.0,0.0,136.97686815888738,-0.029162281596899042,True
2022-08-02,Baidu,8.0,129.85000610351562,134.16000366210938,130.0,128.8000030517578,True,7.849440097808838,2022-08-01,False,0.0,0.0,131.27051249192888,-0.010880189800081652,True
2022-08-03,Baidu,8.0,132.39999389648438,136.6300048828125,133.3000030517578,130.3000030517578,True,7.849800109863281,2022-08-02,False,0.0,0.0,132.7931934348603,-0.0029653840693733002,True
2022-08-04,Baidu,8.0,140.14999389648438,140.07000732421875,133.5,135.8000030517578,True,7.849699974060059,2022-08-03,False,0.0,0.0,138.4001972055181,0.012563765983000685,True
2022-08-05,Baidu,8.0,136.2899932861328,137.82000732421875,137.60000610351562,137.8000030517578,True,7.849400043487549,2022-08-04,False,0.0,0.0,140.44385791353523,-0.030022901935506496,True
2022-08-08,Baidu,8.0,138.0,136.39999389648438,133.8000030517578,135.3000030517578,True,7.8495001792907715,2022-08-05,False,0.0,0.0,137.89413334491584,0.0007674440844152031,True
2022-08-09,Baidu,8.0,135.1300048828125,135.60000610351562,135.3000030517578,134.5,True,7.849800109863281,2022-08-08,False,0.0,0.0,137.0735540957285,-0.01428035877912226,True
2022-08-10,Baidu,8.0,136.10000610351562,137.74000549316406,133.8000030517578,130.10000610351562,True,7.849770069122315,2022-08-09,False,0.0,0.0,132.58987711273141,0.026129221198582187,True
2022-08-11,Baidu,8.0,140.0,139.3800048828125,134.5,136.8000030517578,True,7.849699974060059,2022-08-10,False,0.0,0.0,139.41934443744248,0.004156164631806014,True
2022-08-12,Baidu,8.0,135.2100067138672,140.36000061035156,136.8000030517578,136.39999389648438,True,7.84660005569458,2022-08-11,False,0.0,0.0,139.06659488525213,-0.028123743267108203,True
2022-08-15,Baidu,8.0,137.2100067138672,139.50999450683594,135.10000610351562,135.0,True,7.842800140380859,2022-08-12,False,0.0,0.0,137.70591888977467,-0.0036077408953980594,True
2022-08-16,Baidu,8.0,137.02999877929688,136.13999938964844,137.89999389648438,134.10000610351562,True,7.838600158691406,2022-08-15,False,0.0,0.0,136.86117764772183,0.001232760800527366,True
2022-08-17,Baidu,8.0,134.27000427246094,132.63999938964844,134.3000030517578,132.8000030517578,True,7.837900161743164,2022-08-16,False,0.0,0.0,135.54651150057296,-0.009462109822374387,True
2022-08-18,Baidu,8.0,131.16000366210938,128.3300018310547,131.0,128.3000030517578,True,7.84089994430542,2022-08-17,False,0.0,0.0,130.90334422128444,0.0019587593988941165,True
2022-08-19,Baidu,8.0,129.77000427246094,129.1300048828125,125.0,127.6999969482422,True,7.84250020980835,2022-08-18,False,0.0,0.0,130.26457739946977,-0.0038039073125553102,True
2022-08-22,Baidu,8.0,130.92999267578125,131.4600067138672,126.0,128.89999389648438,True,7.843500137329102,2022-08-19,False,0.0,0.0,131.47191089653288,-0.004130450151684784,True
2022-08-23,Baidu,8.0,133.1999969482422,134.07000732421875,128.6999969482422,130.8000030517578,True,7.846199989318848,2022-08-22,False,0.0,0.0,133.36392468182598,-0.001229932042162929,True
2022-08-24,Baidu,8.0,131.63999938964844,138.89999389648438,131.1999969482422,129.89999389648438,True,7.846199989318848,2022-08-23,False,0.0,0.0,132.44627368491166,-0.006106162134447146,True
2022-08-25,Baidu,8.0,144.75,151.02000427246094,134.10000610351562,141.8000030517578,True,7.846399784088135,2022-08-24,False,0.0,0.0,144.57586353355765,0.001203739516007829,True
2022-08-26,Baidu,8.0,154.27000427246094,147.7100067138672,146.6999969482422,145.39999389648438,True,7.845799922943115,2022-08-25,False,0.0,0.0,148.25766175484318,0.03975262386185552,True
2022-08-29,Baidu,8.0,148.3000030517578,147.32000732421875,147.0,145.8000030517578,True,7.84630012512207,2022-08-26,False,0.0,0.0,148.65605518701923,-0.002398013416499367,True
2022-08-30,Baidu,8.0,147.9499969482422,137.69000244140625,145.6999969482422,146.3000030517578,True,7.847700119018555,2022-08-29,False,0.0,0.0,149.1392390972802,-0.008006001947471475,True
2022-08-31,Baidu,8.0,143.0,143.97000122070312,136.60000610351562,141.5,True,7.8471999168396,2022-08-30,False,0.0,0.0,144.25527729589237,-0.008739858832713665,True
2022-09-01,Baidu,8.0,144.14999389648438,144.47999572753906,139.89999389648438,141.0,True,7.848899841308594,2022-08-31,False,0.0,0.0,143.7144087459697,0.003026324053710283,True
2022-09-02,Baidu,8.0,141.47000122070312,140.0500030517578,141.10000610351562,139.3000030517578,True,7.848060131072998,2022-09-01,False,0.0,0.0,141.9968764002959,-0.0037173710787543612,True
2022-09-06,Baidu,8.0,136.52999877929688,134.89999389648438,139.0,137.5,True,7.84867000579834,2022-09-05,False,0.0,0.0,140.15113378283914,-0.02617700560355818,True
2022-09-07,Baidu,8.0,133.91000366210938,137.25,131.5,132.39999389648438,True,7.848800182342529,2022-09-06,False,0.0,0.0,134.95055633531868,-0.0077405021297227705,True
2022-09-08,Baidu,8.0,134.0,135.86000061035156,133.6999969482422,132.3000030517578,True,7.8495001792907715,2022-09-07,False,0.0,0.0,134.83661382751794,-0.006223977577509032,True
2022-09-09,Baidu,8.0,139.5800018310547,138.42999267578125,134.8000030517578,137.39999389648438,True,7.849279880523682,2022-09-08,False,0.0,0.0,140.03831789707306,-0.0032781577179790133,True
2022-09-13,Baidu,8.0,135.3000030517578,131.30999755859375,137.0,136.10000610351562,True,7.848800182342529,2022-09-12,False,0.0,0.0,138.7218458277995,-0.024976261351896234,True
2022-09-14,Baidu,8.0,130.80999755859375,128.77000427246094,129.3000030517578,128.39999389648438,True,7.848659992218018,2022-09-13,False,0.0,0.0,130.87583768316483,-0.0005031997692928059,True
2022-09-15,Baidu,8.0,129.00999450683594,127.30999755859376,127.4000015258789,127.5,True,7.8495001792907715,2022-09-14,False,0.0,0.0,129.94457948941158,-0.007218169781360473,True
2022-09-16,Baidu,8.0,123.97000122070312,123.69000244140624,125.0,122.5,True,7.84876012802124,2022-09-15,False,0.0,0.0,124.8604854798982,-0.0071573871231835895,True
2022-09-19,Baidu,8.0,123.5500030517578,126.25,121.8000030517578,121.0999984741211,True,7.848999977111816,2022-09-16,False,0.0,0.0,123.42973507683159,0.0009739097250944795,True
2022-09-20,Baidu,8.0,125.83000183105467,126.16000366210938,122.4000015258789,124.5,True,7.849160194396973,2022-09-19,False,0.0,0.0,126.89255606109077,-0.008408908963012607,True
2022-09-21,Baidu,8.0,123.87000274658205,119.56999969482422,122.8000030517578,121.0,True,7.848899841308594,2022-09-20,False,0.0,0.0,123.32938622881088,0.0043739378313558674,True
2022-09-22,Baidu,8.0,121.26000213623048,118.81999969482422,117.0,118.5,True,7.849279880523682,2022-09-21,False,0.0,0.0,120.77541053826612,0.004004308626777586,True
2022-09-23,Baidu,8.0,117.58999633789062,118.75,117.0,116.4000015258789,True,7.849679946899414,2022-09-22,False,0.0,0.0,118.62904201270662,-0.008797363526270807,True
2022-09-26,Baidu,8.0,119.2699966430664,119.47000122070312,115.5,117.1999969482422,True,7.848899841308594,2022-09-23,False,0.0,0.0,119.45622884004314,-0.0015602159702243767,True
2022-09-27,Baidu,8.0,119.5999984741211,119.2699966430664,117.5999984741211,118.5,True,7.849579811096191,2022-09-26,False,0.0,0.0,120.77079573863357,-0.009741670383885292,True
2022-09-28,Baidu,8.0,116.16999816894533,121.4000015258789,116.0999984741211,114.1999969482422,True,7.849279880523682,2022-09-27,False,0.0,0.0,116.39283978812395,-0.0019163997940214728,True
2022-09-29,Baidu,8.0,117.13999938964844,117.72000122070312,118.5,115.4000015258789,True,7.849599838256836,2022-09-28,False,0.0,0.0,117.61109244163033,-0.004013559048406279,True
2022-09-30,Baidu,8.0,115.20999908447266,117.48999786376952,118.8000030517578,114.0999984741211,True,7.848800182342529,2022-09-29,False,0.0,0.0,116.2980285632061,-0.009399565972384671,True
2022-10-03,Baidu,8.0,117.1999969482422,119.4800033569336,114.0999984741211,114.4000015258789,True,7.849599838256836,2022-09-30,False,0.0,0.0,116.59193220864493,0.005201771617144857,True
2022-10-05,Baidu,8.0,124.22000122070312,123.26000213623048,121.9000015258789,123.0999984741211,True,7.85099983215332,2022-10-04,False,0.0,0.0,125.43625128608166,-0.009743474679600794,True
2022-10-06,Baidu,8.0,123.73999786376952,122.66999816894533,121.5,122.0999984741211,True,7.849629878997803,2022-10-05,False,0.0,0.0,124.43898665928961,-0.005632955950049201,True
2022-10-07,Baidu,8.0,120.11000061035156,120.44000244140624,120.4000015258789,119.5,True,7.849440097808838,2022-10-06,False,0.0,0.0,121.7921263284583,-0.013907714272731297,True
2022-10-10,Baidu,8.0,118.37999725341795,115.0500030517578,118.8000030517578,116.0999984741211,True,7.849899768829346,2022-10-07,False,0.0,0.0,118.31998052778711,0.0005071122311006704,True
2022-10-11,Baidu,8.0,111.72000122070312,108.66000366210938,114.0999984741211,109.4000015258789,True,7.849629878997803,2022-10-10,False,0.0,0.0,111.49570434507824,0.002009687898510748,True
2022-10-12,Baidu,8.0,107.72000122070312,107.47000122070312,106.3000030517578,107.0,True,7.849689960479736,2022-10-11,False,0.0,0.0,109.04889292566216,-0.012261061332096368,True
2022-10-13,Baidu,8.0,102.36000061035156,107.1500015258789,106.3000030517578,102.1999969482422,True,7.849800109863281,2022-10-12,False,0.0,0.0,104.15551531797892,-0.017389104575986636,True
2022-10-14,Baidu,8.0,106.91999816894533,100.29000091552734,105.5,104.4000015258789,True,7.849480152130127,2022-10-13,False,0.0,0.0,106.40195223378986,0.00485694934409775,True
2022-10-17,Baidu,8.0,101.63999938964844,101.86000061035156,98.9000015258789,98.8499984741211,True,7.849579811096191,2022-10-14,False,0.0,0.0,100.74424451039931,0.008852079699564364,True
2022-10-18,Baidu,8.0,104.41000366210938,102.29000091552734,100.1999969482422,102.0999984741211,True,7.849400043487549,2022-10-17,False,0.0,0.0,104.05890682952862,0.0033683407632008056,True
2022-10-19,Baidu,8.0,99.0,93.2699966430664,101.5,99.5500030517578,True,7.849199771881104,2022-10-18,False,0.0,0.0,101.46257549299203,-0.024570166000642324,True
2022-10-20,Baidu,8.0,93.5,93.37000274658205,91.0,91.5,True,7.849490165710449,2022-10-19,False,0.0,0.0,93.25446424503514,0.0026295049752418365,True
2022-10-21,Baidu,8.0,91.01000213623048,91.2300033569336,91.4499969482422,89.75,True,7.849199771881104,2022-10-20,False,0.0,0.0,91.47429303203062,-0.005088568276143235,True
2022-10-24,Baidu,8.0,78.68000030517578,79.75,85.75,78.80000305175781,True,7.848569869995117,2022-10-21,False,0.0,0.0,80.32036853287957,-0.020634246841102488,True
2022-10-25,Baidu,8.0,82.45999908447266,81.20999908447266,78.55000305175781,80.1500015258789,True,7.849400043487549,2022-10-24,False,0.0,0.0,81.68777341639236,0.009408977695257725,True
2022-10-26,Baidu,8.0,81.31999969482422,84.19000244140625,78.0999984741211,80.5,True,7.849629878997803,2022-10-25,False,0.0,0.0,82.04208477689681,-0.008840359586478996,True
2022-10-27,Baidu,8.0,81.80999755859375,80.94999694824219,83.30000305175781,80.25,True,7.849299907684326,2022-10-26,False,0.0,0.0,81.7907338935404,0.00023549607598205569,True
2022-10-28,Baidu,8.0,79.33999633789062,78.54000091552734,79.44999694824219,75.69999694824219,True,7.849299907684326,2022-10-27,False,0.0,0.0,77.15337453128346,0.027947051202352746,True
2022-10-31,Baidu,8.0,77.5,76.56999969482422,74.5999984741211,75.0999984741211,True,7.849299907684326,2022-10-28,False,0.0,0.0,76.5418565807119,0.01244020031006876,True
2022-11-01,Baidu,8.0,81.72000122070312,78.2300033569336,76.0,80.75,True,7.848740100860596,2022-10-31,False,0.0,0.0,82.30620350509092,-0.0071476966878654125,True
2022-11-02,Baidu,8.0,80.2699966430664,78.12999725341797,78.5999984741211,81.05000305175781,True,7.849480152130127,2022-11-01,False,0.0,0.0,82.60419949442195,-0.028664610248423372,True
2022-11-03,Baidu,8.0,76.18000030517578,78.1500015258789,77.0,75.8499984741211,True,7.849629878997803,2022-11-02,False,0.0,0.0,77.30300627504766,-0.014633880790372089,True
2022-11-04,Baidu,8.0,85.16000366210938,85.19999694824219,75.8499984741211,82.5999984741211,True,7.8496599197387695,2022-11-03,False,0.0,0.0,84.18198935361771,0.011550887823919886,True
2022-11-07,Baidu,8.0,87.69999694824219,85.0199966430664,79.80000305175781,85.8499984741211,True,7.849760055541992,2022-11-04,False,0.0,0.0,87.49311863463682,0.002361718485068387,True
2022-11-08,Baidu,8.0,84.69999694824219,85.19000244140625,83.44999694824219,83.6500015258789,True,7.849510192871094,2022-11-07,False,0.0,0.0,85.25372867402568,-0.006516287691071376,True
2022-11-09,Baidu,8.0,81.05999755859375,79.4800033569336,82.44999694824219,80.25,True,7.849999904632568,2022-11-08,False,0.0,0.0,81.78344048400977,-0.0088851929627074,True
2022-11-10,Baidu,8.0,83.77999877929688,86.11000061035156,79.0,78.30000305175781,True,7.849100112915039,2022-11-09,False,0.0,0.0,79.80532996175874,0.0486040072225018,True
2022-11-11,Baidu,8.0,88.76000213623047,89.45999908447266,84.30000305175781,85.44999694824219,True,7.849370002746582,2022-11-10,False,0.0,0.0,87.08978877881133,0.01899648075097904,True
2022-11-14,Baidu,8.0,91.18000030517578,91.4499969482422,90.0,88.69999694824219,True,7.845399856567383,2022-11-11,False,0.0,0.0,90.44790432089086,0.008061536035421923,True
2022-11-15,Baidu,8.0,97.62999725341795,99.6999969482422,90.0,97.0,True,7.835639953613281,2022-11-14,False,0.0,0.0,99.03466782469502,-0.014285173778273652,True
2022-11-16,Baidu,8.0,98.69000244140624,94.75,95.4000015258789,96.5999984741211,True,7.835999965667725,2022-11-15,False,0.0,0.0,98.62174466295018,0.0006918775205297933,True
2022-11-17,Baidu,8.0,91.5199966430664,99.58000183105467,93.3000030517578,92.9499969482422,True,7.819900035858154,2022-11-16,False,0.0,0.0,95.09072650240536,-0.03827396072616018,True
2022-11-18,Baidu,8.0,95.61000061035156,95.97000122070312,95.8000030517578,93.75,True,7.82420015335083,2022-11-17,False,0.0,0.0,95.85644350864432,-0.0025742686716920815,True
2022-11-21,Baidu,8.0,94.0,94.55999755859376,90.9000015258789,91.75,True,7.826469898223877,2022-11-18,False,0.0,0.0,93.78429988807245,0.0022973188591626226,True
2022-11-22,Baidu,8.0,93.04000091552734,95.08000183105467,92.25,89.9000015258789,True,7.819139957427979,2022-11-21,False,0.0,0.0,91.97942690919734,0.01146458656052296,True
2022-11-23,Baidu,8.0,96.16000366210938,97.0,90.8499984741211,92.9499969482422,True,7.804299831390381,2022-11-22,False,0.0,0.0,95.2808056649793,0.0091851280973545,True
2022-11-25,Baidu,8.0,93.51000213623048,93.36000061035156,95.5,92.4499969482422,True,7.8180999755859375,2022-11-24,False,0.0,0.0,94.60098718301532,-0.011599506049516428,True
2022-11-28,Baidu,8.0,92.77999877929688,94.63999938964844,89.30000305175781,90.05000305175781,True,7.8084001541137695,2022-11-25,False,0.0,0.0,92.25961915316644,0.0056245360189626226,True
2022-11-29,Baidu,8.0,100.0,99.63999938964844,95.4000015258789,98.1500015258789,True,7.8080902099609375,2022-11-28,False,0.0,0.0,100.56236430328838,-0.005607889386728182,True
2022-11-30,Baidu,8.0,104.98999786376952,108.5999984741211,98.0,101.5999984741211,True,7.813419818878174,2022-11-29,False,0.0,0.0,104.02615072969009,0.009222770322626417,True
2022-12-01,Baidu,8.0,107.5,108.66999816894533,107.1999969482422,106.8000030517578,True,7.810750007629395,2022-11-30,False,0.0,0.0,109.38770586428964,-0.01740765826516988,True
2022-12-02,Baidu,8.0,107.80999755859376,113.8000030517578,106.9000015258789,106.0999984741211,True,7.80472993850708,2022-12-01,False,0.0,0.0,108.75456223092975,-0.008723224732056778,True
2022-12-05,Baidu,8.0,119.2699966430664,116.91999816894533,111.4000015258789,117.9000015258789,True,7.779500007629395,2022-12-02,False,0.0,0.0,121.24172649682244,-0.016396489966809646,True
2022-12-06,Baidu,8.0,118.80999755859376,117.33000183105467,114.6999969482422,115.5,True,7.785140037536621,2022-12-05,False,0.0,0.0,118.68765308586185,0.0010302795267405074,True
2022-12-07,Baidu,8.0,113.31999969482422,114.58000183105467,113.8000030517578,111.3000030517578,True,7.768899917602539,2022-12-06,False,0.0,0.0,114.61082442272436,-0.011326581501348798,True
2022-12-08,Baidu,8.0,119.91999816894533,120.33000183105467,112.5,116.5999984741211,True,7.775259971618652,2022-12-07,False,0.0,0.0,119.97026352789315,-0.0004190696139803052,True
2022-12-09,Baidu,8.0,123.26000213623048,119.98999786376952,116.1999969482422,123.0,True,7.791500091552734,2022-12-08,False,0.0,0.0,126.29146999135861,-0.02429652653319625,True
2022-12-12,Baidu,8.0,117.4800033569336,116.5999984741211,117.4000015258789,114.4000015258789,True,7.783840179443359,2022-12-09,False,0.0,0.0,117.57692746878564,-0.000824686317521639,True
2022-12-13,Baidu,8.0,121.04000091552734,119.16000366210938,113.8000030517578,114.0999984741211,True,7.7868499755859375,2022-12-12,False,0.0,0.0,117.22326623151402,0.032040702269250154,True
2022-12-14,Baidu,8.0,119.45999908447266,119.22000122070312,117.0,118.1999969482422,True,7.774799823760986,2022-12-13,False,0.0,0.0,121.62370697905796,-0.017950329599167425,True
2022-12-15,Baidu,8.0,120.95999908447266,113.6999969482422,115.8000030517578,113.3000030517578,True,7.774799823760986,2022-12-14,False,0.0,0.0,116.58178280602984,0.03686687980717984,True
2022-12-16,Baidu,8.0,114.3499984741211,112.58999633789062,110.1999969482422,112.5,True,7.775599956512451,2022-12-15,False,0.0,0.0,115.74669543617728,-0.012140236286456663,True
2022-12-19,Baidu,8.0,114.13999938964844,112.08000183105467,111.0,111.0999984741211,True,7.775760173797607,2022-12-16,False,0.0,0.0,114.3039352972852,-0.001435239994465931,True
2022-12-20,Baidu,8.0,107.3000030517578,108.11000061035156,108.9000015258789,106.5,True,7.778550148010254,2022-12-19,False,0.0,0.0,109.53198009759451,-0.02058788422437896,True
2022-12-21,Baidu,8.0,108.37000274658205,113.29000091552734,106.5,106.6999969482422,True,7.780300140380859,2022-12-20,False,0.0,0.0,109.71298795474905,-0.012316432205567551,True
2022-12-22,Baidu,8.0,114.0,112.73999786376952,110.5,112.5999984741211,True,7.787899971008301,2022-12-21,False,0.0,0.0,115.66660988794672,-0.014513552001828245,True
2022-12-23,Baidu,8.0,113.87999725341795,111.61000061035156,108.9000015258789,112.0,True,7.79610013961792,2022-12-22,False,0.0,0.0,114.92925744331347,-0.009171548120755268,True
2022-12-28,Baidu,8.0,114.08999633789062,111.5999984741211,112.4000015258789,113.1999969482422,True,7.805099964141846,2022-12-27,False,0.0,0.0,116.02669789579132,-0.016832740389144618,True
2022-12-29,Baidu,8.0,112.80999755859376,115.0999984741211,109.4000015258789,110.0,True,7.800399780273437,2022-12-28,False,0.0,0.0,112.8147306277105,-4.195523385597255e-05,True
2022-12-30,Baidu,8.0,113.48999786376952,114.37999725341795,113.3000030517578,111.6999969482422,True,7.79380989074707,2022-12-29,False,0.0,0.0,114.65509014363221,-0.01021369706898767,True
2023-01-03,Baidu,8.0,118.86000061035156,119.12999725341795,109.3000030517578,114.8000030517578,True,7.79925012588501,2023-01-02,False,0.0,0.0,117.75491356098136,0.009340874291973833,True
2023-01-04,Baidu,8.0,126.54000091552734,131.75999450683594,118.5,124.1999969482422,True,7.805500030517578,2023-01-03,False,0.0,0.0,127.29485256565333,-0.00594759832973768,True
2023-01-05,Baidu,8.0,128.3300018310547,132.52999877929688,126.5,126.0,True,7.813199996948242,2023-01-04,False,0.0,0.0,129.01244053572347,-0.005303752448525323,True
2023-01-06,Baidu,8.0,130.91000366210938,133.05999755859375,128.39999389648438,127.3000030517578,True,7.815710067749023,2023-01-05,False,0.0,0.0,130.30166364748078,0.004657840292863646,True
2023-01-09,Baidu,8.0,135.7899932861328,133.38999938964844,130.0,131.39999389648438,True,7.811500072479248,2023-01-06,False,0.0,0.0,134.57081756618874,0.009018940135583797,True
2023-01-10,Baidu,8.0,133.61000061035156,134.75,131.0,130.60000610351562,True,7.807819843292236,2023-01-09,False,0.0,0.0,133.81456921367385,-0.0015299165918731816,True
2023-01-11,Baidu,8.0,136.5800018310547,138.6199951171875,132.6999969482422,133.8000030517578,True,7.804800033569336,2023-01-10,False,0.0,0.0,137.14637400191546,-0.004138241902333917,True
2023-01-12,Baidu,8.0,137.00999450683594,136.52000427246094,135.60000610351562,132.60000610351562,True,7.808499813079834,2023-01-11,False,0.0,0.0,135.8519657068063,0.008488070318454,True
2023-01-13,Baidu,8.0,135.39999389648438,138.97999572753906,133.3000030517578,133.89999389648438,True,7.811100006103516,2023-01-12,False,0.0,0.0,137.13816880271025,-0.012755633608138695,True
2023-01-17,Baidu,8.0,135.4600067138672,130.6199951171875,132.0,132.10000610351562,True,7.810210227966309,2023-01-16,False,0.0,0.0,135.31006438776794,0.0011075252210552833,True
2023-01-18,Baidu,8.0,131.49000549316406,125.91999816894533,128.10000610351562,128.60000610351562,True,7.810420036315918,2023-01-17,False,0.0,0.0,131.7214751632484,-0.0017588118054465696,True
2023-01-19,Baidu,8.0,126.9800033569336,128.17999267578125,123.9000015258789,125.0999984741211,True,7.818160057067871,2023-01-18,False,0.0,0.0,128.00965706607823,-0.008076086723445286,True
2023-01-20,Baidu,8.0,133.4199981689453,135.75,126.1999969482422,131.1999969482422,True,7.823440074920654,2023-01-19,False,0.0,0.0,134.16092735861884,-0.0055379962668595795,True
2023-01-26,Baidu,8.0,137.22999572753906,138.42999267578125,134.39999389648438,134.5,True,7.831500053405762,2023-01-25,False,0.0,0.0,137.3938572000736,-0.0011933522178342315,True
2023-01-27,Baidu,8.0,139.6699981689453,139.0399932861328,135.89999389648438,136.89999389648438,True,7.829500198364258,2023-01-26,False,0.0,0.0,139.88120868822313,-0.0015110688438157993,True
2023-01-30,Baidu,8.0,140.64999389648438,138.47999572753906,136.0,136.10000610351562,True,7.828080177307129,2023-01-27,False,0.0,0.0,139.0890261937345,0.011160287213548337,True
2023-01-31,Baidu,8.0,136.0,134.67999267578125,137.8000030517578,132.39999389648438,True,7.828519821166992,2023-01-30,False,0.0,0.0,135.3001557597105,0.005159199342600118,True
2023-02-01,Baidu,8.0,145.0500030517578,152.25,133.0,144.3000030517578,True,7.835130214691162,2023-01-31,False,0.0,0.0,147.3364185128052,-0.0156400017157452,True
2023-02-02,Baidu,8.0,154.64999389648438,151.2899932861328,152.5,151.5,True,7.839660167694092,2023-02-01,False,0.0,0.0,154.5985379563321,0.00033278050064655673,True
2023-02-03,Baidu,8.0,148.0,143.05999755859375,148.3000030517578,144.8000030517578,True,7.839000225067139,2023-02-02,False,0.0,0.0,147.773949630693,0.0015285349747777843,True
2023-02-06,Baidu,8.0,142.02000427246094,142.82000732421875,137.60000610351562,140.89999389648438,True,7.844399929046631,2023-02-03,False,0.0,0.0,143.69486020186497,-0.011724102049491592,True
2023-02-07,Baidu,8.0,159.14999389648438,160.22000122070312,141.5,162.5,True,7.846330165863037,2023-02-06,False,0.0,0.0,165.68255127166316,-0.04022650038219844,True
2023-02-08,Baidu,8.0,157.0,152.33999633789062,158.0,157.39999389648438,True,7.846759796142578,2023-02-07,False,0.0,0.0,160.47387506253096,-0.021885351776862905,True
2023-02-09,Baidu,8.0,154.47000122070312,148.07000732421875,149.60000610351562,151.60000610351562,True,7.848499774932861,2023-02-08,False,0.0,0.0,154.52635326583794,-0.00036474246340656435,True
2023-02-10,Baidu,8.0,142.83999633789062,138.99000549316406,146.39999389648438,140.39999389648438,True,7.848700046539307,2023-02-09,False,0.0,0.0,143.10649464392804,-0.00186397379651293,True
2023-02-13,Baidu,8.0,145.57000732421875,146.86000061035156,136.39999389648438,143.10000610351562,True,7.849699974060059,2023-02-10,False,0.0,0.0,145.83997510875645,-0.001852838804746959,True
2023-02-14,Baidu,8.0,145.4499969482422,149.07000732421875,145.0,143.6999969482422,True,7.849289894104004,2023-02-13,False,0.0,0.0,146.45910535798401,-0.006913881215273143,True
2023-02-15,Baidu,8.0,153.05999755859375,152.0399932861328,145.1999969482422,149.10000610351562,True,7.849740028381348,2023-02-14,False,0.0,0.0,151.9540831308379,0.007251594887153878,True
2023-02-16,Baidu,8.0,149.0,149.00999450683594,150.3000030517578,148.10000610351562,True,7.848800182342529,2023-02-15,False,0.0,0.0,150.95301463955897,-0.013022321121310299,True
2023-02-17,Baidu,8.0,143.49000549316406,141.7100067138672,146.5,141.3000030517578,True,7.846409797668457,2023-02-16,False,0.0,0.0,144.06589173432647,-0.004005391763024058,True
2023-02-21,Baidu,8.0,138.27000427246094,140.82000732421875,145.6999969482422,138.10000610351562,True,7.84453010559082,2023-02-20,False,0.0,0.0,140.8369952000988,-0.018394832911974746,True
2023-02-22,Baidu,8.0,150.0,137.1199951171875,138.0,140.5,True,7.833899974822998,2023-02-21,False,0.0,0.0,143.47898283260835,0.044446730719859495,True
2023-02-23,Baidu,8.0,140.75,137.94000244140625,136.39999389648438,139.8000030517578,True,7.844799995422363,2023-02-22,False,0.0,0.0,142.56577925080012,-0.012818234957894248,True
2023-02-24,Baidu,8.0,131.1199951171875,132.50999450683594,135.3000030517578,131.39999389648438,True,7.845160007476807,2023-02-23,False,0.0,0.0,133.993436739344,-0.021677921997930838,True
2023-02-27,Baidu,8.0,136.1999969482422,139.36000061035156,130.8000030517578,134.0,True,7.846839904785156,2023-02-24,False,0.0,0.0,136.61550547836123,-0.0030460794764319843,True
2023-02-28,Baidu,8.0,138.2100067138672,137.69000244140625,137.0,134.8000030517578,True,7.847780227661133,2023-02-27,False,0.0,0.0,137.41465651816006,0.005771271656015209,True
2023-03-01,Baidu,8.0,145.74000549316406,143.66000366210938,135.0,145.0,True,7.844900131225586,2023-02-28,False,0.0,0.0,147.8667644706876,-0.01448737830807989,True
2023-03-02,Baidu,8.0,143.5,150.22999572753906,141.0,141.89999389648438,True,7.849020004272461,2023-03-01,False,0.0,0.0,144.62951432840674,-0.007840363852301024,True
2023-03-03,Baidu,8.0,151.83999633789062,153.4600067138672,148.3000030517578,149.39999389648438,True,7.848100185394287,2023-03-02,False,0.0,0.0,152.2916276471856,-0.0029699748770246615,True
2023-03-06,Baidu,8.0,150.63999938964844,149.50999450683594,149.39999389648438,147.5,True,7.849400043487549,2023-03-03,False,0.0,0.0,150.32996069285787,0.0020602641298399504,True
2023-03-07,Baidu,8.0,145.38999938964844,142.63999938964844,147.5,144.1999969482422,True,7.84945011138916,2023-03-06,False,0.0,0.0,146.96570577754505,-0.010779482785840955,True
2023-03-08,Baidu,8.0,140.9499969482422,142.10000610351562,141.10000610351562,139.5,True,7.849420070648193,2023-03-07,False,0.0,0.0,142.1761085475761,-0.0086612943177089,True
2023-03-09,Baidu,8.0,139.69000244140625,131.4600067138672,140.0,137.60000610351562,True,7.849689960479736,2023-03-08,False,0.0,0.0,140.2348442257265,-0.0038927767851868467,True
2023-03-10,Baidu,8.0,131.5,132.4199981689453,128.1999969482422,129.5,True,7.849460124969482,2023-03-09,False,0.0,0.0,131.9835993184344,-0.0036708156615619103,True
2023-03-13,Baidu,8.0,132.3000030517578,133.64999389648438,131.5,134.0,True,7.849579811096191,2023-03-10,False,0.0,0.0,136.56781965381347,-0.031749244330095294,True
2023-03-14,Baidu,8.0,133.5,136.6999969482422,132.3000030517578,129.0,True,7.847519874572754,2023-03-13,False,0.0,0.0,131.5065162617617,0.015045074128828162,True
2023-03-15,Baidu,8.0,131.80999755859375,133.10000610351562,134.5,133.60000610351562,True,7.844600200653076,2023-03-14,False,0.0,0.0,136.246592750405,-0.033104952691975775,True
2023-03-16,Baidu,8.0,126.5,138.16000366210938,131.3000030517578,125.0999984741211,True,7.848000049591064,2023-03-15,False,0.0,0.0,127.52293341857427,-0.008053910205847892,True
2023-03-17,Baidu,8.0,143.72999572753906,146.83999633789062,135.0,142.1999969482422,True,7.848050117492676,2023-03-16,False,0.0,0.0,144.95319965532818,-0.008474419486759643,True
2023-03-20,Baidu,8.0,144.4199981689453,150.17999267578125,146.5,143.5,True,7.849219799041748,2023-03-17,False,0.0,0.0,146.25657446108855,-0.012636730337319158,True
2023-03-21,Baidu,8.0,150.75,151.75,146.1999969482422,148.10000610351562,True,7.848849773406982,2023-03-20,False,0.0,0.0,150.95206087934002,-0.001339473180675732,True
2023-03-22,Baidu,8.0,150.08999633789062,148.66000366210938,147.89999389648438,146.8000030517578,True,7.842800140380859,2023-03-21,False,0.0,0.0,149.74243935751136,0.0023183424784676276,True
2023-03-23,Baidu,8.0,153.02999877929688,150.91000366210938,145.5,150.89999389648438,True,7.845620155334473,2023-03-22,False,0.0,0.0,153.8692834053486,-0.00546946028900841,True
2023-03-24,Baidu,8.0,154.33999633789062,156.27000427246094,148.5,154.39999389648438,True,7.847030162811279,2023-03-23,False,0.0,0.0,157.40986405605352,-0.019695065434775394,True
2023-03-27,Baidu,8.0,152.60000610351562,152.72999572753906,156.89999389648438,149.5,True,7.849400043487549,2023-03-24,False,0.0,0.0,152.3683330412356,0.0015193256289816048,True
2023-03-28,Baidu,8.0,157.00999450683594,159.9600067138672,153.0,152.1999969482422,True,7.849530220031738,2023-03-27,False,0.0,0.0,155.11756009024123,0.012126180966515854,True
2023-03-29,Baidu,8.0,157.6999969482422,157.9499969482422,157.10000610351562,155.10000610351562,True,7.849699974060059,2023-03-28,False,0.0,0.0,158.0697418918487,-0.002341865398175713,True
2023-03-30,Baidu,8.0,154.50999450683594,153.82000732421875,154.89999389648438,149.5,True,7.849699974060059,2023-03-29,False,0.0,0.0,152.36251117269126,0.01399616029854922,True
2023-03-31,Baidu,8.0,151.47999572753906,150.9199981689453,150.6999969482422,148.6999969482422,True,7.849899768829346,2023-03-30,False,0.0,0.0,151.5433331148561,-0.0004180363834116463,True
2023-04-03,Baidu,8.0,150.0,149.19000244140625,146.5,145.60000610351562,True,7.849569797515869,2023-03-31,False,0.0,0.0,148.39030403892275,0.010789302162449665,True
2023-04-04,Baidu,8.0,149.58999633789062,148.57000732421875,145.60000610351562,146.8000030517578,True,7.849599838256836,2023-04-03,False,0.0,0.0,149.61272531248702,-0.00015193026664128695,True
2023-04-06,Baidu,8.0,144.63999938964844,144.99000549316406,141.8000030517578,142.89999389648438,True,7.849299907684326,2023-04-05,False,0.0,0.0,145.6435560644972,-0.006914347397062315,True
2023-04-11,Baidu,8.0,139.88999938964844,136.69000244140625,138.5,135.1999969482422,True,7.849699974060059,2023-04-10,False,0.0,0.0,137.78870264598245,0.015135023607689924,True
2023-04-12,Baidu,8.0,136.13999938964844,136.39999389648438,135.0,134.0,True,7.849400043487549,2023-04-11,False,0.0,0.0,136.57094734130817,-0.003160476801829404,True
2023-04-13,Baidu,8.0,136.5800018310547,132.72999572753906,133.3000030517578,134.10000610351562,True,7.849800109863281,2023-04-12,False,0.0,0.0,136.6659066235522,-0.0006287727842924085,True
2023-04-14,Baidu,8.0,131.4600067138672,128.75,130.8000030517578,130.0,True,7.847209930419922,2023-04-13,False,0.0,0.0,132.53118104670705,-0.008115272488236513,True
2023-04-17,Baidu,8.0,131.86000061035156,131.5399932861328,128.0,131.0,True,7.849699974060059,2023-04-14,False,0.0,0.0,133.50828738209069,-0.012422795368090433,True
2023-04-18,Baidu,8.0,131.9499969482422,131.17999267578125,129.39999389648438,129.60000610351562,True,7.849279880523682,2023-04-17,False,0.0,0.0,132.08855648028603,-0.0010495402505705798,True
2023-04-19,Baidu,8.0,128.0800018310547,128.14999389648438,128.8000030517578,126.4000015258789,True,7.849279880523682,2023-04-18,False,0.0,0.0,128.827106129329,-0.005816159858508918,True
2023-04-20,Baidu,8.0,128.0,127.44000244140624,126.4000015258789,126.1999969482422,True,7.849170207977295,2023-04-19,False,0.0,0.0,128.6250582972271,-0.004871383468524115,True
2023-04-21,Baidu,8.0,125.72000122070312,124.95999908447266,125.5,122.8000030517578,True,7.84896993637085,2023-04-20,False,0.0,0.0,125.16292359100275,0.004440944282474213,True
2023-04-24,Baidu,8.0,123.5999984741211,122.62000274658205,122.5,121.9000015258789,True,7.848790168762207,2023-04-21,False,0.0,0.0,124.24844991885229,-0.005232656718431983,True
2023-04-25,Baidu,8.0,119.62999725341795,116.94000244140624,120.0999984741211,117.4000015258789,True,7.847899913787842,2023-04-24,False,0.0,0.0,119.67533002771438,-0.00037886975065415385,True
2023-04-26,Baidu,8.0,120.4499969482422,117.06999969482422,117.4000015258789,117.5,True,7.849100112915039,2023-04-25,False,0.0,0.0,119.75895153296726,0.0057537183862690355,True
2023-04-27,Baidu,8.0,117.11000061035156,118.45999908447266,116.8000030517578,115.5,True,7.849599838256836,2023-04-26,False,0.0,0.0,117.71300690981377,-0.005135847899100376,True
2023-04-28,Baidu,8.0,118.0,120.61000061035156,116.5,115.6999969482422,True,7.849699974060059,2023-04-27,False,0.0,0.0,117.9153316234575,0.000717786161628986,True
2023-05-02,Baidu,8.0,119.80999755859376,117.52999877929688,118.9000015258789,118.0,True,7.849899768829346,2023-05-01,False,0.0,0.0,120.2563125389789,-0.003718268460202623,True
2023-05-03,Baidu,8.0,116.56999969482422,116.69000244140624,114.6999969482422,114.3000030517578,True,7.849629878997803,2023-05-02,False,0.0,0.0,116.48957193008543,0.0006901906441409977,True
2023-05-04,Baidu,8.0,118.33999633789062,121.3499984741211,114.5999984741211,115.3000030517578,True,7.849760055541992,2023-05-03,False,0.0,0.0,117.50677955599939,0.0070657760342287546,True
2023-05-05,Baidu,8.0,122.48999786376952,123.4499969482422,119.1999969482422,119.6999969482422,True,7.848790168762207,2023-05-04,False,0.0,0.0,122.00606144334674,0.00395864909864585,True
2023-05-08,Baidu,8.0,125.20999908447266,122.48999786376952,119.5999984741211,121.0,True,7.847099781036377,2023-05-05,False,0.0,0.0,123.35767697758966,0.014904241976432253,True
2023-05-09,Baidu,8.0,117.0500030517578,119.4800033569336,119.5999984741211,115.5999984741211,True,7.847179889678955,2023-05-08,False,0.0,0.0,117.85125367258584,-0.0068220471830411356,True
2023-05-10,Baidu,8.0,118.0,118.9000015258789,116.4000015258789,114.5,True,7.84867000579834,2023-05-09,False,0.0,0.0,116.70767140461878,0.011012351218693262,True
2023-05-11,Baidu,8.0,119.1500015258789,124.16999816894533,116.9000015258789,115.5999984741211,True,7.841700077056885,2023-05-10,False,0.0,0.0,117.93360861871435,0.010261389050529424,True
2023-05-12,Baidu,8.0,122.0,120.06999969482422,120.6999969482422,119.0999984741211,True,7.832149982452393,2023-05-11,False,0.0,0.0,121.65241854761179,0.0028530945043803158,True
2023-05-15,Baidu,8.0,123.8000030517578,127.61000061035156,117.6999969482422,120.9000015258789,True,7.836800098419189,2023-05-12,False,0.0,0.0,123.41772152668936,0.0030926733139269302,True
2023-05-16,Baidu,8.0,125.70999908447266,132.67999267578125,124.5999984741211,124.3000030517578,True,7.842400074005127,2023-05-15,False,0.0,0.0,126.79792092093825,-0.008616985702244229,True
2023-05-17,Baidu,8.0,128.0,130.52000427246094,129.0,123.8000030517578,True,7.838319778442383,2023-05-16,False,0.0,0.0,126.3536130712535,0.012945834758185448,True
2023-05-18,Baidu,8.0,128.8800048828125,124.73999786376952,127.1999969482422,125.5999984741211,True,7.838300228118896,2023-05-17,False,0.0,0.0,128.191056549273,0.005359996408251355,True
2023-05-19,Baidu,8.0,124.0,124.27999877929688,123.3000030517578,120.0,True,7.829699993133545,2023-05-18,False,0.0,0.0,122.6100617957133,0.011272475358639511,True
2023-05-22,Baidu,8.0,127.0,125.9499969482422,121.5,124.0,True,7.827300071716309,2023-05-19,False,0.0,0.0,126.73591032807843,0.0020816112858508262,True
2023-05-23,Baidu,8.0,123.80999755859376,121.55999755859376,124.4000015258789,122.0999984741211,True,7.816800117492676,2023-05-22,False,0.0,0.0,124.96161768382125,-0.009258518907122593,True
2023-05-24,Baidu,8.0,119.77999877929688,119.11000061035156,119.8000030517578,119.0999984741211,True,7.828499794006348,2023-05-23,False,0.0,0.0,121.70914132519376,-0.015977394128095845,True
2023-05-25,Baidu,8.0,119.33999633789062,118.66999816894533,118.0,116.5,True,7.836820125579834,2023-05-24,False,0.0,0.0,118.92578687086336,0.003476872580847612,True
2023-05-30,Baidu,8.0,125.05999755859376,123.62000274658205,119.9000015258789,123.6999969482422,True,7.834549903869629,2023-05-29,False,0.0,0.0,126.31229460892908,-0.00996376649025521,True
2023-05-31,Baidu,8.0,121.36000061035156,122.8499984741211,121.4000015258789,119.4000015258789,True,7.828000068664551,2023-05-30,False,0.0,0.0,122.02350585441262,-0.005452357042861955,True
2023-06-01,Baidu,8.0,124.75,130.7899932861328,120.1999969482422,121.5999984741211,True,7.834070205688477,2023-05-31,False,0.0,0.0,124.17555143769314,0.004615432837177025,True
2023-06-02,Baidu,8.0,134.16000366210938,133.4499969482422,127.4000015258789,130.5,True,7.831210136413574,2023-06-01,False,0.0,0.0,133.3127296821735,0.006335425695946917,True
2023-06-05,Baidu,8.0,131.64999389648438,132.27000427246094,130.60000610351562,129.89999389648438,True,7.831500053405762,2023-06-02,False,0.0,0.0,132.69487889742757,-0.0079055094335585,True
2023-06-06,Baidu,8.0,132.82000732421875,137.4499969482422,128.60000610351562,129.8000030517578,True,7.837470054626465,2023-06-05,False,0.0,0.0,132.49173740716165,0.002474598965881647,True
2023-06-07,Baidu,8.0,135.60000610351562,132.7899932861328,134.10000610351562,132.39999389648438,True,7.837860107421875,2023-06-06,False,0.0,0.0,135.13892014593253,0.003406133057803906,True
2023-06-08,Baidu,8.0,133.4199981689453,133.39999389648438,130.0,130.60000610351562,True,7.842999935150147,2023-06-07,False,0.0,0.0,133.21433857797464,0.0015426342628197531,True
2023-06-09,Baidu,8.0,136.05999755859375,135.1999969482422,130.60000610351562,132.6999969482422,True,7.839739799499512,2023-06-08,False,0.0,0.0,135.41265434009813,0.004769131924944325,True
2023-06-12,Baidu,8.0,134.88999938964844,134.36000061035156,132.6999969482422,131.6999969482422,True,7.836780071258545,2023-06-09,False,0.0,0.0,134.442968413778,0.003319544502972782,True
2023-06-13,Baidu,8.0,140.85000610351562,142.57000732421875,132.5,138.10000610351562,True,7.838799953460693,2023-06-12,False,0.0,0.0,140.93994685249942,-0.0006383531498865835,True
2023-06-14,Baidu,8.0,143.1300048828125,147.2100067138672,140.60000610351562,140.0,True,7.834420204162598,2023-06-13,False,0.0,0.0,142.9588879346706,0.0011962503462648044,True
2023-06-15,Baidu,8.0,149.2100067138672,148.7100067138672,143.8000030517578,145.89999389648438,True,7.833310127258301,2023-06-14,False,0.0,0.0,149.0046905088387,0.0013769692733545114,True
2023-06-16,Baidu,8.0,149.0,145.11000061035156,146.1999969482422,145.10000610351562,True,7.830900192260742,2023-06-15,False,0.0,0.0,148.23328357260135,0.005159032788892404,True
2023-06-20,Baidu,8.0,147.0,143.52000427246094,143.6999969482422,142.6999969482422,True,7.8211798667907715,2023-06-19,False,0.0,0.0,145.96262904440337,0.007081963284438331,True
2023-06-21,Baidu,8.0,142.77999877929688,140.86000061035156,139.1999969482422,140.3000030517578,True,7.8171000480651855,2023-06-20,False,0.0,0.0,143.58266077096818,-0.00560592707859886,True
2023-06-23,Baidu,8.0,140.16000366210938,139.2899932861328,139.0,138.1999969482422,True,7.8282999992370605,2023-06-22,False,0.0,0.0,141.23117096862515,-0.007613404947797164,True
2023-06-26,Baidu,8.0,139.6300048828125,139.58999633789062,137.8000030517578,137.10000610351562,True,7.830100059509277,2023-06-23,False,0.0,0.0,140.0748445731692,-0.003180781929756904,True
2023-06-27,Baidu,8.0,142.5399932861328,143.89999389648438,137.10000610351562,139.0,True,7.829730033874512,2023-06-26,False,0.0,0.0,142.02277667161547,0.0036351711375033346,True
2023-06-28,Baidu,8.0,141.17999267578125,141.7899932861328,139.0,140.5,True,7.8302001953125,2023-06-27,False,0.0,0.0,143.54677683373606,-0.01662533296074553,True
2023-06-29,Baidu,8.0,137.02999877929688,134.55999755859375,138.60000610351562,134.60000610351562,True,7.833109855651856,2023-06-28,False,0.0,0.0,137.46775784730977,-0.0031895301769067075,True
2023-06-30,Baidu,8.0,135.5,136.91000366210938,132.10000610351562,132.8000030517578,True,7.832940101623535,2023-06-29,False,0.0,0.0,135.6323437471274,-0.0009762299533058183,True
2023-07-03,Baidu,8.0,142.14999389648438,143.3300018310547,134.0,138.89999389648438,True,7.838799953460693,2023-06-30,False,0.0,0.0,141.75638589696368,0.002772803147241376,True
2023-07-05,Baidu,8.0,141.00999450683594,141.91000366210938,139.39999389648438,139.3000030517578,True,7.834099769592285,2023-07-04,False,0.0,0.0,142.24991475594393,-0.008754702857743268,True
2023-07-06,Baidu,8.0,138.83999633789062,138.19000244140625,138.89999389648438,137.6999969482422,True,7.831399917602539,2023-07-05,False,0.0,0.0,140.6645027934131,-0.013055477647254676,True
2023-07-07,Baidu,8.0,141.0,142.66000366210938,136.0,137.39999389648438,True,7.822100162506104,2023-07-06,False,0.0,0.0,140.52491381287874,0.003375094812553492,True
2023-07-10,Baidu,8.0,140.72000122070312,142.9499969482422,141.6999969482422,137.6999969482422,True,7.820400238037109,2023-07-07,False,0.0,0.0,140.86235257217922,-0.0010110815659123418,True
2023-07-11,Baidu,8.0,143.22999572753906,143.3300018310547,139.60000610351562,139.1999969482422,True,7.827300071716309,2023-07-10,False,0.0,0.0,142.27127686210656,0.006716064417926049,True
2023-07-12,Baidu,8.0,147.44000244140625,148.8300018310547,141.6999969482422,142.0,True,7.828199863433838,2023-07-11,False,0.0,0.0,145.116376666154,0.015885311711323347,True
2023-07-13,Baidu,8.0,150.1300048828125,152.30999755859375,146.3000030517578,148.3000030517578,True,7.8267998695373535,2023-07-12,False,0.0,0.0,151.58175042032744,-0.009623468200787855,True
2023-07-14,Baidu,8.0,150.4499969482422,149.2100067138672,149.60000610351562,147.89999389648438,True,7.8254899978637695,2023-07-13,False,0.0,0.0,151.1981935309954,-0.004960733335878764,True
2023-07-18,Baidu,8.0,147.1300048828125,144.22999572753906,147.89999389648438,144.39999389648438,True,7.814700126647949,2023-07-17,False,0.0,0.0,147.82396412533726,-0.004705551346473769,True
2023-07-19,Baidu,8.0,147.0,143.6999969482422,141.5,142.10000610351562,True,7.81397008895874,2023-07-18,False,0.0,0.0,145.48303050640556,0.01037313579081367,True
2023-07-20,Baidu,8.0,142.8699951171875,143.02999877929688,141.5,140.60000610351562,True,7.813899993896484,2023-07-19,False,0.0,0.0,143.94861077140962,-0.007521274539431744,True
2023-07-21,Baidu,8.0,144.17999267578125,141.5,139.0,140.60000610351562,True,7.8084001541137695,2023-07-20,False,0.0,0.0,144.05000084883412,0.0009020007541273856,True
2023-07-24,Baidu,8.0,139.44000244140625,148.72999572753906,137.5,135.3000030517578,True,7.813700199127197,2023-07-21,False,0.0,0.0,138.5259220125912,0.006576948059962007,True
2023-07-25,Baidu,8.0,151.0,148.72999572753906,144.89999389648438,146.8000030517578,True,7.817070007324219,2023-07-24,False,0.0,0.0,150.23532133058885,0.005076963143194391,True
2023-07-26,Baidu,8.0,146.77000427246094,149.57000732421875,144.89999389648438,144.10000610351562,True,7.813469886779785,2023-07-25,False,0.0,0.0,147.54008981062776,-0.0052331694434926135,True
2023-07-27,Baidu,8.0,149.9499969482422,148.02999877929688,145.10000610351562,145.6999969482422,True,7.811200141906738,2023-07-26,False,0.0,0.0,149.22162464286967,0.004869270291266048,True
2023-07-28,Baidu,8.0,152.63999938964844,155.36000061035156,143.8000030517578,148.6999969482422,True,7.802000045776367,2023-07-27,False,0.0,0.0,152.47372066216926,0.0010899460300386465,True
2023-07-31,Baidu,8.0,155.44000244140625,155.99000549316406,151.60000610351562,152.89999389648438,True,7.8029398918151855,2023-07-28,False,0.0,0.0,156.7614217373298,-0.008465222030706876,True
2023-08-01,Baidu,8.0,154.00999450683594,153.19000244140625,152.89999389648438,152.1999969482422,True,7.796470165252685,2023-07-31,False,0.0,0.0,156.17323606425612,-0.013948379002881595,True
2023-08-02,Baidu,8.0,149.0,146.69000244140625,150.0,146.5,True,7.797920227050781,2023-08-01,False,0.0,0.0,150.29648494407041,-0.008663603607658388,True
2023-08-03,Baidu,8.0,150.10000610351562,149.92999267578125,144.5,144.8000030517578,True,7.79419994354248,2023-08-02,False,0.0,0.0,148.62333950950293,0.009886596703729822,True
2023-08-04,Baidu,8.0,149.8300018310547,148.25999450683594,147.39999389648438,147.0,True,7.8018798828125,2023-08-03,False,0.0,0.0,150.73290253938947,-0.006008082908498302,True
2023-08-07,Baidu,8.0,148.61000061035156,147.0,145.0,146.5,True,7.808199882507324,2023-08-04,False,0.0,0.0,150.09861653588382,-0.009967092769917585,True
2023-08-08,Baidu,8.0,142.24000549316406,143.9199981689453,143.3000030517578,140.8000030517578,True,7.811500072479248,2023-08-07,False,0.0,0.0,144.19765908759197,-0.013669180545266002,True
2023-08-09,Baidu,8.0,144.25,142.92999267578125,139.0,141.0,True,7.807400226593018,2023-08-08,False,0.0,0.0,144.47831125114936,-0.0015814957511182115,True
2023-08-10,Baidu,8.0,146.0,143.8000030517578,139.0,140.60000610351562,True,7.8140997886657715,2023-08-09,False,0.0,0.0,143.94493022211333,0.014175824290061811,True
2023-08-11,Baidu,8.0,139.02000427246094,137.91000366210938,142.10000610351562,137.8000030517578,True,7.820419788360596,2023-08-10,False,0.0,0.0,140.96430297192012,-0.013888849508169265,True
2023-08-14,Baidu,8.0,135.6300048828125,137.58999633789062,135.10000610351562,134.60000610351562,True,7.8196001052856445,2023-08-11,False,0.0,0.0,137.70525785586707,-0.015184962442293504,True
2023-08-15,Baidu,8.0,136.61000061035156,135.33999633789062,133.3000030517578,134.3000030517578,True,7.817599773406982,2023-08-14,False,0.0,0.0,137.43349052849106,-0.006009939468931691,True
2023-08-16,Baidu,8.0,131.4600067138672,130.5800018310547,131.39999389648438,130.60000610351562,True,7.819300174713135,2023-08-15,False,0.0,0.0,133.6181020658227,-0.016283072521666497,True
2023-08-17,Baidu,8.0,132.1199951171875,129.8699951171875,127.1999969482422,129.60000610351562,True,7.824100017547607,2023-08-16,False,0.0,0.0,132.51364968530916,-0.0029750930481595717,True
2023-08-18,Baidu,8.0,126.2300033569336,125.16000366210938,128.39999389648438,126.0999984741211,True,7.831299781799316,2023-08-17,False,0.0,0.0,128.8164182065301,-0.020282609735612134,True
2023-08-21,Baidu,8.0,124.0,124.91999816894533,123.5,121.9000015258789,True,7.829699993133545,2023-08-18,False,0.0,0.0,124.551389333213,-0.004436830864004371,True
2023-08-22,Baidu,8.0,129.4199981689453,128.36000061035156,123.5999984741211,123.0,True,7.832640171051025,2023-08-21,False,0.0,0.0,125.62813796002091,0.02973665819335025,True
2023-08-23,Baidu,8.0,129.72000122070312,132.50999450683594,125.0,128.39999389648438,True,7.839000225067139,2023-08-22,False,0.0,0.0,131.0371120907931,-0.010102290633327904,True
2023-08-24,Baidu,8.0,135.27999877929688,134.00999450683594,132.0,134.39999389648438,True,7.83788013458252,2023-08-23,False,0.0,0.0,137.1799431363905,-0.013946821986073665,True
2023-08-25,Baidu,8.0,134.10000610351562,133.8300018310547,131.5,131.89999389648438,True,7.840799808502197,2023-08-24,False,0.0,0.0,134.5781013344666,-0.003558873777419258,True
2023-08-28,Baidu,8.0,136.0800018310547,137.27999877929688,137.8000030517578,132.6999969482422,True,7.841300010681152,2023-08-25,False,0.0,0.0,135.38571080558862,0.005115139827758242,True
2023-08-29,Baidu,8.0,139.1699981689453,140.7100067138672,134.39999389648438,135.60000610351562,True,7.843339920043945,2023-08-28,False,0.0,0.0,138.30843236258042,0.006209985932907891,True
2023-08-30,Baidu,8.0,139.22000122070312,145.0800018310547,138.0,136.5,True,7.84591007232666,2023-08-29,False,0.0,0.0,139.18079482603267,0.0002816543306369823,True
2023-08-31,Baidu,8.0,143.10000610351562,142.8300018310547,141.3000030517578,139.39999389648438,True,7.846199989318848,2023-08-30,False,0.0,0.0,142.13249123015137,0.006784069789492975,True
2023-09-05,Baidu,8.0,143.74000549316406,142.60000610351562,142.3000030517578,142.0,True,7.845590114593506,2023-09-04,False,0.0,0.0,144.79471695659163,-0.007310843923336918,True
2023-09-06,Baidu,8.0,142.14999389648438,141.86000061035156,138.5,139.6999969482422,True,7.835700035095215,2023-09-05,False,0.0,0.0,142.6292444300233,-0.003365771948716123,True
2023-09-07,Baidu,8.0,137.5500030517578,137.07000732421875,139.60000610351562,137.0,True,7.841599941253662,2023-09-06,False,0.0,0.0,139.76739545638935,-0.015992070269323477,True
2023-09-11,Baidu,8.0,139.2100067138672,138.13999938964844,133.3000030517578,137.0,True,7.836880207061768,2023-09-08,False,0.0,0.0,139.85156989032455,-0.0045980124858200355,True
2023-09-12,Baidu,8.0,138.63999938964844,138.0500030517578,134.60000610351562,136.39999389648438,True,7.840419769287109,2023-09-11,False,0.0,0.0,139.17621546825578,-0.00386022640718231,True
2023-09-13,Baidu,8.0,137.64999389648438,137.47000122070312,135.0,135.10000610351562,True,7.831860065460205,2023-09-12,False,0.0,0.0,138.00042899063422,-0.0025426065323745917,True
2023-09-14,Baidu,8.0,139.32000732421875,137.0399932861328,135.10000610351562,135.0,True,7.827400207519531,2023-09-13,False,0.0,0.0,137.97684689259646,0.009687603128385014,True
2023-09-15,Baidu,8.0,136.1300048828125,135.63999938964844,134.1999969482422,134.1999969482422,True,7.826300144195557,2023-09-14,False,0.0,0.0,137.1784822720072,-0.007672520846666586,True
2023-09-18,Baidu,8.0,134.19000244140625,134.00999450683594,133.0,132.1999969482422,True,7.82919979095459,2023-09-15,False,0.0,0.0,135.0840448353136,-0.006640414761006852,True
2023-09-19,Baidu,8.0,132.72000122070312,132.52000427246094,132.1999969482422,130.89999389648438,True,7.82544994354248,2023-09-18,False,0.0,0.0,133.81977505792096,-0.008252277343289371,True
2023-09-20,Baidu,8.0,132.38999938964844,131.17999267578125,129.8000030517578,128.39999389648438,True,7.81820011138916,2023-09-19,False,0.0,0.0,131.38573284604237,0.007614585220030001,True
2023-09-21,Baidu,8.0,127.2300033569336,128.0,127.0999984741211,126.0999984741211,True,7.820899963378906,2023-09-20,False,0.0,0.0,128.98771145477372,-0.013720641244259646,True
2023-09-22,Baidu,8.0,132.2100067138672,132.35000610351562,124.3000030517578,129.60000610351562,True,7.823800086975098,2023-09-21,False,0.0,0.0,132.51872968407878,-0.002332373238853158,True
2023-09-25,Baidu,8.0,130.00999450683594,132.0500030517578,128.0,127.4000015258789,True,7.821000099182129,2023-09-22,False,0.0,0.0,130.31581629996563,-0.0023495321717623696,True
2023-09-26,Baidu,8.0,132.05999755859375,131.00999450683594,128.10000610351562,128.5,True,7.820409774780273,2023-09-25,False,0.0,0.0,131.45091236972723,0.004622854315600833,True
2023-09-27,Baidu,8.0,131.1300048828125,131.52999877929688,128.89999389648438,129.10000610351562,True,7.816359996795654,2023-09-26,False,0.0,0.0,132.13312197129164,-0.007620679394867658,True
2023-09-28,Baidu,8.0,131.38999938964844,132.4499969482422,129.10000610351562,128.8000030517578,True,7.821300029754639,2023-09-27,False,0.0,0.0,131.74280752484918,-0.002681599081142849,True
2023-09-29,Baidu,8.0,135.86000061035156,134.35000610351562,128.8000030517578,133.39999389648438,True,7.821080207824707,2023-09-28,False,0.0,0.0,136.45173336851605,-0.004346002141680572,True
2023-10-03,Baidu,8.0,131.0,129.1699981689453,130.1999969482422,129.39999389648438,True,7.831600189208984,2023-10-02,False,0.0,0.0,132.18243094154087,-0.008985697817000649,True
2023-10-04,Baidu,8.0,127.87999725341795,127.80999755859376,127.0,124.0999984741211,True,7.831900119781494,2023-10-03,False,0.0,0.0,126.76361708002315,0.008768233428997796,True
2023-10-05,Baidu,8.0,128.0,130.10000610351562,124.9000015258789,125.0,True,7.832600116729736,2023-10-04,False,0.0,0.0,127.67152479341937,0.0025695109189234344,True
2023-10-06,Baidu,8.0,129.3699951171875,134.75999450683594,127.5,127.8000030517578,True,7.828800201416016,2023-10-05,False,0.0,0.0,130.59472691985908,-0.009422362035340193,True
2023-10-09,Baidu,8.0,132.00999450683594,133.5800018310547,130.0,129.0,True,7.831099987030029,2023-10-06,False,0.0,0.0,131.78225303076348,0.001726673431692305,True
2023-10-10,Baidu,8.0,133.61000061035156,134.63999938964844,132.0,129.8000030517578,True,7.831459999084473,2023-10-09,False,0.0,0.0,132.59341483394607,0.007637698536166582,True
2023-10-11,Baidu,8.0,135.4499969482422,134.1199951171875,133.10000610351562,130.3000030517578,True,7.828700065612793,2023-10-10,False,0.0,0.0,133.15109988601517,0.01711797327146325,True
2023-10-12,Baidu,8.0,133.6199951171875,128.1199951171875,133.10000610351562,131.5,True,7.819240093231201,2023-10-11,False,0.0,0.0,134.5399281076781,-0.006861104286024933,True
2023-10-13,Baidu,8.0,126.93000030517578,125.18000030517578,126.1999969482422,124.5999984741211,True,7.819699764251709,2023-10-12,False,0.0,0.0,127.47292323803887,-0.004268219480617397,True
2023-10-16,Baidu,8.0,123.69000244140624,124.91000366210938,122.5,121.4000015258789,True,7.823800086975098,2023-10-13,False,0.0,0.0,124.13405268673277,-0.00358359659889107,True
2023-10-17,Baidu,8.0,121.37999725341795,119.76000213623048,121.4000015258789,119.4000015258789,True,7.823309898376465,2023-10-16,False,0.0,0.0,122.09666044358788,-0.005886931968500875,True
2023-10-18,Baidu,8.0,117.22000122070312,114.70999908447266,117.1999969482422,113.6999969482422,True,7.817500114440918,2023-10-17,False,0.0,0.0,116.35432840041464,0.0074124308551013485,True
2023-10-19,Baidu,8.0,111.8000030517578,107.86000061035156,110.0,107.6999969482422,True,7.8242998123168945,2023-10-18,False,0.0,0.0,110.11847657340788,0.015154742079623418,True
2023-10-20,Baidu,8.0,105.94000244140624,106.45999908447266,104.9000015258789,104.3000030517578,True,7.828589916229248,2023-10-19,False,0.0,0.0,106.58369302041089,-0.006057607326427572,True
2023-10-24,Baidu,8.0,107.81999969482422,111.43000030517578,105.0999984741211,103.8000030517578,True,7.825240135192871,2023-10-23,False,0.0,0.0,106.11815229534746,0.015910049540020843,True
2023-10-25,Baidu,8.0,109.1999969482422,107.9800033569336,108.4000015258789,105.9000015258789,True,7.8238701820373535,2023-10-24,False,0.0,0.0,108.28400682722197,0.008423566987904252,True
2023-10-26,Baidu,8.0,107.86000061035156,108.63999938964844,105.8000030517578,105.6999969482422,True,7.823550224304199,2023-10-25,False,0.0,0.0,108.08391987553739,-0.0020738657049195197,True
2023-10-27,Baidu,8.0,110.0999984741211,107.05999755859376,105.8000030517578,107.0,True,7.821899890899658,2023-10-26,False,0.0,0.0,109.43632773872598,0.006046131577300606,True
2023-10-30,Baidu,8.0,109.36000061035156,106.16999816894533,104.8000030517578,107.0999984741211,True,7.820400238037109,2023-10-27,False,0.0,0.0,109.55960842331802,-0.0018235723073178889,True
2023-10-31,Baidu,8.0,104.94000244140624,105.0,103.9000015258789,102.6999969482422,True,7.821569919586182,2023-10-30,False,0.0,0.0,105.04284741207124,-0.0009795559871701442,True
2023-11-01,Baidu,8.0,104.08000183105467,104.97000122070312,102.6999969482422,101.5999984741211,True,7.820700168609619,2023-10-31,False,0.0,0.0,103.92931198863107,0.0014488761682613926,True
2023-11-02,Baidu,8.0,107.0,107.0500030517578,103.5999984741211,103.0999984741211,True,7.82436990737915,2023-11-01,False,0.0,0.0,105.41423751132999,0.014931126724571087,True
2023-11-03,Baidu,8.0,109.05999755859376,109.66000366210938,104.9000015258789,105.3000030517578,True,7.822189807891846,2023-11-02,False,0.0,0.0,107.69363120850902,0.012607719252422989,True
2023-11-06,Baidu,8.0,110.36000061035156,108.4000015258789,107.6999969482422,108.1999969482422,True,7.824520111083984,2023-11-03,False,0.0,0.0,110.62658965624668,-0.0024127181191948566,True
2023-11-07,Baidu,8.0,108.12999725341795,108.01000213623048,106.5999984741211,106.4000015258789,True,7.824120044708252,2023-11-06,False,0.0,0.0,108.79178838554886,-0.006101675619272662,True
2023-11-08,Baidu,8.0,107.56999969482422,107.41999816894533,105.8000030517578,105.4000015258789,True,7.820899963378906,2023-11-07,False,0.0,0.0,107.81368079828232,-0.0022627638906795866,True
2023-11-09,Baidu,8.0,106.86000061035156,105.16000366210938,105.5,104.6999969482422,True,7.819699764251709,2023-11-08,False,0.0,0.0,107.11408376765091,-0.0023748976653878984,True
2023-11-10,Baidu,8.0,104.37000274658205,105.94000244140624,103.5,101.3000030517578,True,7.81466007232666,2023-11-09,False,0.0,0.0,103.70253048931171,0.006415787191587086,True
2023-11-13,Baidu,8.0,107.5999984741211,107.20999908447266,102.0999984741211,104.5999984741211,True,7.808899879455566,2023-11-10,False,0.0,0.0,107.15977931725129,0.004099648248520715,True
2023-11-14,Baidu,8.0,108.7699966430664,109.54000091552734,104.8000030517578,103.8000030517578,True,7.811180114746094,2023-11-13,False,0.0,0.0,106.30916355985921,0.0228840439082445,True
2023-11-15,Baidu,8.0,112.5999984741211,112.83999633789062,107.0,108.4000015258789,True,7.808599948883057,2023-11-14,False,0.0,0.0,111.05704196449143,0.013797741266992958,True
2023-11-16,Baidu,8.0,108.61000061035156,109.29000091552734,109.9000015258789,108.8000030517578,True,7.805319786071777,2023-11-15,False,0.0,0.0,111.5136917217985,-0.026383889160986662,True
2023-11-17,Baidu,8.0,108.3000030517578,108.0999984741211,106.0,103.5,True,7.807069778442383,2023-11-16,False,0.0,0.0,106.05771736360698,0.020921732831567397,True
2023-11-20,Baidu,8.0,108.38999938964844,111.29000091552734,104.3000030517578,104.5,True,7.802360057830811,2023-11-17,False,0.0,0.0,107.14706752874747,0.011533474558675039,True
2023-11-21,Baidu,8.0,111.22000122070312,113.41999816894533,108.1999969482422,107.4000015258789,True,7.7954301834106445,2023-11-20,False,0.0,0.0,110.21842181788554,0.009046182855596108,True
2023-11-22,Baidu,8.0,115.81999969482422,120.12000274658205,109.5999984741211,112.1999969482422,True,7.792290210723877,2023-11-21,False,0.0,0.0,115.19077848905651,0.005447561942988344,True
2023-11-24,Baidu,8.0,121.08000183105467,123.4000015258789,118.5999984741211,118.1999969482422,True,7.796500205993652,2023-11-23,False,0.0,0.0,121.28518573744105,-0.00169318009293562,True
2023-11-27,Baidu,8.0,123.0,124.0,119.6999969482422,119.8000030517578,True,7.798299789428711,2023-11-24,False,0.0,0.0,122.89858690906688,0.0008248367585803607,True
2023-11-28,Baidu,8.0,123.0199966430664,119.62999725341795,121.1999969482422,120.0,True,7.791699886322021,2023-11-27,False,0.0,0.0,123.20803085411913,-0.0015273179866346354,True
2023-11-29,Baidu,8.0,118.11000061035156,118.02999877929688,117.4000015258789,115.0999984741211,True,7.788690090179443,2023-11-28,False,0.0,0.0,118.2227020374044,-0.0009537523527924918,True
2023-11-30,Baidu,8.0,118.33000183105467,118.66000366210938,115.0999984741211,116.0999984741211,True,7.794509887695312,2023-11-29,False,0.0,0.0,119.16079409421306,-0.006996445052750211,True
2023-12-01,Baidu,8.0,116.1999969482422,116.7699966430664,115.4000015258789,114.9000015258789,True,7.804100036621094,2023-11-30,False,0.0,0.0,117.78424262806006,-0.01354168034689085,True
2023-12-04,Baidu,8.0,114.7699966430664,113.6999969482422,115.3000030517578,111.5999984741211,True,7.810259819030762,2023-12-01,False,0.0,0.0,114.3111763859046,0.004005749268831238,True
2023-12-05,Baidu,8.0,111.87999725341795,113.5500030517578,110.8000030517578,108.9000015258789,True,7.814080238342285,2023-12-04,False,0.0,0.0,111.49105021115724,0.003482523270318616,True
2023-12-06,Baidu,8.0,115.25,113.37999725341795,110.5999984741211,112.4000015258789,True,7.815529823303223,2023-12-05,False,0.0,0.0,115.05298201612973,0.0017109464255042894,True
2023-12-07,Baidu,8.0,114.41000366210938,115.77999877929688,111.8000030517578,111.4000015258789,True,7.8190999031066895,2023-12-06,False,0.0,0.0,113.97731494042417,0.0037890828791544706,True
2023-12-08,Baidu,8.0,114.45999908447266,113.4499969482422,111.8000030517578,111.8000030517578,True,7.810770034790039,2023-12-07,False,0.0,0.0,114.50855939047048,-0.00042416571995218533,True
2023-12-11,Baidu,8.0,111.2699966430664,113.55999755859376,110.0,108.1999969482422,True,7.811500072479248,2023-12-08,False,0.0,0.0,110.81097965236397,0.004133786261268924,True
2023-12-12,Baidu,8.0,113.4800033569336,113.1500015258789,110.0999984741211,110.5,True,7.809460163116455,2023-12-11,False,0.0,0.0,113.19604448141901,0.002505417107448338,True
2023-12-13,Baidu,8.0,112.66000366210938,112.36000061035156,109.4000015258789,109.4000015258789,True,7.80620002746582,2023-12-12,False,0.0,0.0,112.1160115200319,0.0048403136225996235,True
2023-12-14,Baidu,8.0,111.25,112.91000366210938,110.6999969482422,107.1999969482422,True,7.809500217437744,2023-12-13,False,0.0,0.0,109.81496276432804,0.012983128356064633,True
2023-12-15,Baidu,8.0,115.93000030517578,114.12000274658205,110.6999969482422,111.5999984741211,True,7.811399936676025,2023-12-14,False,0.0,0.0,114.29449202838804,0.0142081824030873,True
2023-12-18,Baidu,8.0,112.6500015258789,112.26000213623048,110.0,109.6999969482422,True,7.8069000244140625,2023-12-15,False,0.0,0.0,112.4133744305,0.0021027604474754824,True
2023-12-19,Baidu,8.0,112.26000213623048,114.62000274658205,109.8000030517578,109.3000030517578,True,7.802299976348877,2023-12-18,False,0.0,0.0,112.06952143145385,0.0016982227530775162,True
2023-12-20,Baidu,8.0,113.29000091552734,111.2300033569336,111.0,110.5999984741211,True,7.795100212097168,2023-12-19,False,0.0,0.0,113.50719858865357,-0.0019153476321678298,True
2023-12-21,Baidu,8.0,114.19000244140624,117.61000061035156,110.5,112.1999969482422,True,7.799600124359131,2023-12-20,False,0.0,0.0,115.08281979516106,-0.007788292201807323,True
2023-12-22,Baidu,8.0,114.12999725341795,114.73999786376952,114.1999969482422,110.9000015258789,True,7.806859970092773,2023-12-21,False,0.0,0.0,113.64364361674187,0.0042705062268204586,True
2023-12-27,Baidu,8.0,114.93000030517578,114.38999938964844,111.9000015258789,111.5,True,7.809899806976318,2023-12-26,False,0.0,0.0,114.2140132454973,0.006249252413030426,True
2023-12-28,Baidu,8.0,117.0,117.81999969482422,112.5,114.9000015258789,True,7.80679988861084,2023-12-27,False,0.0,0.0,117.74350890536222,-0.006334670510162788,True
2023-12-29,Baidu,8.0,119.0,119.08999633789062,115.9000015258789,116.0999984741211,True,7.809899806976318,2023-12-28,False,0.0,0.0,118.92597994193258,0.0006222108277000871,True
2021-04-19,TripCom,1.0,36.5099983215332,37.0099983215332,281.0,280.20001220703125,True,7.767099857330322,2021-04-16,False,0.0,0.0,36.075242671508605,0.011979318196493338,True
2021-04-20,TripCom,1.0,37.2599983215332,36.61000061035156,285.6000061035156,289.20001220703125,True,7.771160125732422,2021-04-19,False,0.0,0.0,37.21452235289959,0.0012212491970107209,True
2021-04-21,TripCom,1.0,36.61000061035156,38.04999923706055,283.3999938964844,282.3999938964844,True,7.765699863433838,2021-04-20,False,0.0,0.0,36.365040996010464,0.006713542849980936,True
2021-04-22,TripCom,1.0,38.5,38.33000183105469,291.20001220703125,299.0,True,7.761350154876709,2021-04-21,False,0.0,0.0,38.5242250424855,-0.0006290240056525676,True
2021-04-23,TripCom,1.0,39.18000030517578,38.540000915527344,298.3999938964844,302.0,True,7.762700080871582,2021-04-22,False,0.0,0.0,38.90398918594984,0.007069625171584715,True
2021-04-26,TripCom,1.0,38.54999923706055,39.16999816894531,302.0,298.79998779296875,True,7.75984001159668,2021-04-23,False,0.0,0.0,38.50594694561069,0.0011433847335977632,True
2021-04-27,TripCom,1.0,39.119998931884766,39.27000045776367,300.0,301.3999938964844,True,7.760900020599365,2021-04-26,False,0.0,0.0,38.83570115534198,0.007293861426943327,True
2021-04-28,TripCom,1.0,39.59000015258789,40.72999954223633,306.0,310.0,True,7.760900020599365,2021-04-27,False,0.0,0.0,39.94382084258046,-0.008897423001218208,True
2021-04-29,TripCom,1.0,41.0,40.02000045776367,314.0,319.0,True,7.76230001449585,2021-04-28,False,0.0,0.0,41.09606681064602,-0.0023403521807217054,True
2021-04-30,TripCom,1.0,39.130001068115234,39.08000183105469,311.3999938964844,307.79998779296875,True,7.762400150299072,2021-04-29,False,0.0,0.0,39.65268239632167,-0.01326913413550379,True
2021-05-03,TripCom,1.0,39.61000061035156,38.560001373291016,307.79998779296875,304.6000061035156,True,7.763329982757568,2021-04-30,False,0.0,0.0,39.235741206419824,0.009493530182195453,True
2021-05-04,TripCom,1.0,38.349998474121094,38.38999938964844,306.0,299.79998779296875,True,7.7667999267578125,2021-05-03,False,0.0,0.0,38.600194497107104,-0.006502827218221707,True
2021-05-05,TripCom,1.0,37.709999084472656,38.459999084472656,297.0,291.0,True,7.76609992980957,2021-05-04,False,0.0,0.0,37.47054539988845,0.006370118650957934,True
2021-05-06,TripCom,1.0,39.09000015258789,39.290000915527344,298.0,306.0,True,7.768179893493652,2021-05-05,False,0.0,0.0,39.39146675224329,-0.007682529246408887,True
2021-05-07,TripCom,1.0,39.150001525878906,39.220001220703125,306.0,306.6000061035156,True,7.769390106201172,2021-05-06,False,0.0,0.0,39.4625577957273,-0.00795185704441792,True
2021-05-10,TripCom,1.0,38.599998474121094,36.810001373291016,304.3999938964844,298.0,True,7.768199920654297,2021-05-07,False,0.0,0.0,38.36152558428236,0.006197217531189292,True
2021-05-11,TripCom,1.0,36.09000015258789,37.15999984741211,290.0,287.3999938964844,True,7.765600204467773,2021-05-10,False,0.0,0.0,37.00937291764452,-0.02515537977941973,True
2021-05-12,TripCom,1.0,37.0,36.130001068115234,288.3999938964844,290.0,True,7.765359878540039,2021-05-11,False,0.0,0.0,37.34533937073921,-0.009290208571345104,True
2021-05-13,TripCom,1.0,36.209999084472656,36.0099983215332,285.0,280.79998779296875,True,7.768430233001709,2021-05-12,False,0.0,0.0,36.14629717598276,0.0017607845685976287,True
2021-05-14,TripCom,1.0,36.4900016784668,37.5099983215332,280.79998779296875,278.6000061035156,True,7.766240119934082,2021-05-13,False,0.0,0.0,35.87321558451637,0.017047363408050575,True
2021-05-17,TripCom,1.0,38.630001068115234,38.91999816894531,290.0,290.20001220703125,True,7.767899990081787,2021-05-14,False,0.0,0.0,37.3588759610145,0.033458678116665475,True
2021-05-18,TripCom,1.0,39.310001373291016,39.439998626708984,300.20001220703125,304.79998779296875,True,7.767199993133545,2021-05-17,False,0.0,0.0,39.24193893068567,0.0017329287952612127,True
2021-05-20,TripCom,1.0,40.7599983215332,41.29999923706055,317.0,313.79998779296875,True,7.765309810638428,2021-05-19,False,0.0,0.0,40.41049171831685,0.008611719925381678,True
2021-05-21,TripCom,1.0,41.689998626708984,39.77000045776367,316.0,318.79998779296875,True,7.764900207519531,2021-05-20,False,0.0,0.0,41.05654667451396,0.015310955269661974,True
2021-05-24,TripCom,1.0,40.099998474121094,39.34000015258789,300.0,313.3999938964844,True,7.76230001449585,2021-05-21,False,0.0,0.0,40.37463036873347,-0.0068253302862646414,True
2021-05-25,TripCom,1.0,39.77000045776367,39.77000045776367,308.0,309.0,True,7.764080047607422,2021-05-24,False,0.0,0.0,39.79866231482523,-0.0007204308154111772,True
2021-05-26,TripCom,1.0,39.86000061035156,40.66999816894531,310.0,310.20001220703125,True,7.764349937438965,2021-05-25,False,0.0,0.0,39.951833019693765,-0.0023012239085686836,True
2021-05-27,TripCom,1.0,40.900001525878906,40.65999984741211,314.20001220703125,315.20001220703125,True,7.762499809265137,2021-05-26,False,0.0,0.0,40.6054776105522,0.007227126332971512,True
2021-05-28,TripCom,1.0,40.79999923706055,41.849998474121094,315.20001220703125,314.20001220703125,True,7.762800216674805,2021-05-27,False,0.0,0.0,40.4750867518292,0.00799541980569174,True
2021-06-01,TripCom,1.0,41.810001373291016,40.16999816894531,317.0,322.3999938964844,True,7.761849880218506,2021-05-31,False,0.0,0.0,41.53648922251617,0.006563278925141081,True
2021-06-02,TripCom,1.0,40.040000915527344,39.68000030517578,311.6000061035156,312.0,True,7.761000156402588,2021-06-01,False,0.0,0.0,40.20100421497989,-0.004012998472767038,True
2021-06-03,TripCom,1.0,39.13999938964844,39.189998626708984,310.79998779296875,309.6000061035156,True,7.759200096130371,2021-06-02,False,0.0,0.0,39.901021016060376,-0.019256966569493716,True
2021-06-04,TripCom,1.0,39.58000183105469,39.2400016784668,308.3999938964844,303.6000061035156,True,7.75846004486084,2021-06-03,False,0.0,0.0,39.13147768346356,0.011396787485797422,True
2021-06-07,TripCom,1.0,38.900001525878906,37.68000030517578,305.0,300.20001220703125,True,7.757999897003174,2021-06-04,False,0.0,0.0,38.69554217485812,0.005269885729289214,True
2021-06-08,TripCom,1.0,37.91999816894531,37.470001220703125,293.79998779296875,292.20001220703125,True,7.757130146026611,2021-06-07,False,0.0,0.0,37.66857158593673,0.006652527256090668,True
2021-06-09,TripCom,1.0,37.720001220703125,37.689998626708984,292.3999938964844,290.6000061035156,True,7.759200096130371,2021-06-08,False,0.0,0.0,37.452314994227585,0.007121966474555652,True
2021-06-10,TripCom,1.0,37.720001220703125,37.380001068115234,290.79998779296875,293.0,True,7.760000228881836,2021-06-09,False,0.0,0.0,37.75773084509552,-0.00099975519937745,True
2021-06-11,TripCom,1.0,37.54999923706055,37.52000045776367,292.0,290.6000061035156,True,7.760000228881836,2021-06-10,False,0.0,0.0,37.448453290237744,0.0027079494430579665,True
2021-06-15,TripCom,1.0,37.27000045776367,37.08000183105469,291.0,288.0,True,7.761519908905029,2021-06-14,False,0.0,0.0,37.10613428557579,0.0044064252033719775,True
2021-06-16,TripCom,1.0,37.459999084472656,37.45000076293945,295.0,289.79998779296875,True,7.76200008392334,2021-06-15,False,0.0,0.0,37.335736235458526,0.0033227285702817078,True
2021-06-17,TripCom,1.0,37.369998931884766,37.2599983215332,293.20001220703125,290.6000061035156,True,7.76308012008667,2021-06-16,False,0.0,0.0,37.433596151043105,-0.0017003790903631355,True
2021-06-18,TripCom,1.0,37.349998474121094,36.880001068115234,290.6000061035156,289.79998779296875,True,7.762939929962158,2021-06-17,False,0.0,0.0,37.33121606086954,0.0005030023618259882,True
2021-06-21,TripCom,1.0,36.83000183105469,36.86000061035156,288.0,285.0,True,7.764220237731934,2021-06-18,False,0.0,0.0,36.706841289094285,0.0033496313382550547,True
2021-06-22,TripCom,1.0,36.5,36.689998626708984,286.20001220703125,286.6000061035156,True,7.764400005340576,2021-06-21,False,0.0,0.0,36.912060932768014,-0.011226091599283894,True
2021-06-23,TripCom,1.0,37.0,36.4900016784668,286.6000061035156,286.6000061035156,True,7.764619827270508,2021-06-22,False,0.0,0.0,36.911015925974056,0.0024078715710809107,True
2021-06-24,TripCom,1.0,36.70000076293945,36.7599983215332,286.0,284.0,True,7.76609992980957,2021-06-23,False,0.0,0.0,36.569192074117936,0.0035706365181495947,True
2021-06-25,TripCom,1.0,36.79999923706055,35.72999954223633,284.0,288.79998779296875,True,7.764750003814697,2021-06-24,False,0.0,0.0,37.19372647555761,-0.010642279484242678,True
2021-06-28,TripCom,1.0,35.599998474121094,35.59000015258789,279.0,279.0,True,7.763000011444092,2021-06-25,False,0.0,0.0,35.93971397510017,-0.009497327927421306,True
2021-06-29,TripCom,1.0,35.20000076293945,35.5099983215332,278.0,275.20001220703125,True,7.761529922485352,2021-06-28,False,0.0,0.0,35.45692858952585,-0.007272576415570331,True
2021-06-30,TripCom,1.0,35.5099983215332,35.459999084472656,275.20001220703125,276.0,True,7.76278018951416,2021-06-29,False,0.0,0.0,35.55427221458832,-0.0012460241538914119,True
2021-07-02,TripCom,1.0,35.380001068115234,35.4900016784668,276.79998779296875,278.20001220703125,True,7.764359951019287,2021-07-01,False,0.0,0.0,35.830385757748104,-0.012649578671488637,True
2021-07-06,TripCom,1.0,34.68000030517578,34.41999816894531,275.0,271.20001220703125,True,7.765339851379395,2021-07-05,False,0.0,0.0,34.924422806666556,-0.0070232176420015335,True
2021-07-07,TripCom,1.0,34.20000076293945,33.439998626708984,271.20001220703125,268.20001220703125,True,7.767399787902832,2021-07-06,False,0.0,0.0,34.52893111343818,-0.009571889244516019,True
2021-07-08,TripCom,1.0,32.7400016784668,31.989999771118164,265.0,255.6000061035156,True,7.766849994659424,2021-07-07,False,0.0,0.0,32.90909522898848,-0.005151447085461669,True
2021-07-09,TripCom,1.0,32.31999969482422,32.18000030517578,249.0,249.6000061035156,True,7.7677998542785645,2021-07-08,False,0.0,0.0,32.1326515597636,0.0058135285070735065,True
2021-07-12,TripCom,1.0,31.899999618530273,31.81999969482422,248.1999969482422,246.6000061035156,True,7.7677001953125,2021-07-09,False,0.0,0.0,31.746849119167724,0.004812517759622104,True
2021-07-13,TripCom,1.0,32.029998779296875,32.13999938964844,247.0,251.6000061035156,True,7.7671799659729,2021-07-12,False,0.0,0.0,32.392709735804445,-0.01126046381614465,True
2021-07-14,TripCom,1.0,32.5,31.979999542236328,252.0,251.0,True,7.766300201416016,2021-07-13,False,0.0,0.0,32.31912152381589,0.005581036627199332,True
2021-07-15,TripCom,1.0,32.0,31.600000381469727,250.0,251.1999969482422,True,7.765999794006348,2021-07-14,False,0.0,0.0,32.34612459584581,-0.010758314861189167,True
2021-07-16,TripCom,1.0,31.59000015258789,30.219999313354492,249.0,247.8000030517578,True,7.76600980758667,2021-07-15,False,0.0,0.0,31.90827840697294,-0.010024867669715665,True
2021-07-19,TripCom,1.0,29.8799991607666,28.86000061035156,240.0,237.8000030517578,True,7.767899990081787,2021-07-16,False,0.0,0.0,30.613164865071088,-0.024240808609281572,True
2021-07-20,TripCom,1.0,29.030000686645508,28.88999938964844,228.0,225.0,True,7.767990112304688,2021-07-19,False,0.0,0.0,28.9650214208685,0.0022408575979970813,True
2021-07-21,TripCom,1.0,28.989999771118164,29.15999984741211,225.0,225.8000030517578,True,7.770699977874756,2021-07-20,False,0.0,0.0,29.057871709713453,-0.002338482627997962,True
2021-07-22,TripCom,1.0,29.38999938964844,28.559999465942383,227.8000030517578,229.0,True,7.772299766540527,2021-07-21,False,0.0,0.0,29.463608826030722,-0.0025014430549457067,True
2021-07-23,TripCom,1.0,28.149999618530273,27.229999542236328,229.0,222.0,True,7.772659778594971,2021-07-22,False,0.0,0.0,28.5616515226053,-0.014517621186877605,True
2021-07-26,TripCom,1.0,25.56999969482422,25.350000381469727,222.0,207.3999938964844,True,7.770899772644043,2021-07-23,False,0.0,0.0,26.68931526135444,-0.04284353046828704,True
2021-07-27,TripCom,1.0,24.739999771118164,25.989999771118164,202.8000030517578,193.1000061035156,True,7.768970012664795,2021-07-26,False,0.0,0.0,24.855290442456134,-0.004649267239502652,True
2021-07-28,TripCom,1.0,27.40999984741211,27.989999771118164,194.5,207.0,True,7.778800010681152,2021-07-27,False,0.0,0.0,26.610788259855777,0.029591197504156508,True
2021-07-29,TripCom,1.0,28.600000381469727,27.739999771118164,216.0,219.1999969482422,True,7.782509803771973,2021-07-28,False,0.0,0.0,28.165720631922863,0.015301073065272064,True
2021-07-30,TripCom,1.0,26.899999618530273,25.93000030517578,221.0,215.0,True,7.780499935150147,2021-07-29,False,0.0,0.0,27.63318575824279,-0.02689116055839369,True
2021-08-02,TripCom,1.0,26.149999618530273,25.989999771118164,215.0,203.6000061035156,True,7.770040035247803,2021-07-30,False,0.0,0.0,26.203211975731136,-0.002032821823335862,True
2021-08-03,TripCom,1.0,25.799999237060547,24.59000015258789,208.0,200.1999969482422,True,7.77209997177124,2021-08-02,False,0.0,0.0,25.75880362776872,0.0015980052200328387,True
2021-08-04,TripCom,1.0,24.709999084472656,24.18000030517578,197.6999969482422,194.6000061035156,True,7.773749828338623,2021-08-03,False,0.0,0.0,25.03296483688166,-0.012985566812909521,True
2021-08-05,TripCom,1.0,24.09000015258789,24.729999542236328,191.0,185.8000030517578,True,7.777100086212158,2021-08-04,False,0.0,0.0,23.890653455927403,0.008309509300380213,True
2021-08-06,TripCom,1.0,25.190000534057617,24.670000076293945,193.8000030517578,192.8999938964844,True,7.77554988861084,2021-08-05,False,0.0,0.0,24.808534014942502,0.015259404082485162,True
2021-08-09,TripCom,1.0,24.90999984741211,24.850000381469727,192.8999938964844,195.5,True,7.776370048522949,2021-08-06,False,0.0,0.0,25.140264516750133,-0.009201401706441903,True
2021-08-10,TripCom,1.0,25.049999237060547,24.6200008392334,195.0,196.8999938964844,True,7.780200004577637,2021-08-09,False,0.0,0.0,25.307831904145697,-0.010240112183696581,True
2021-08-11,TripCom,1.0,24.899999618530273,24.530000686645508,196.8000030517578,195.6999969482422,True,7.783100128173828,2021-08-10,False,0.0,0.0,25.144221932830234,-0.009760337778447425,True
2021-08-12,TripCom,1.0,24.25,23.989999771118164,195.0,191.0,True,7.780900001525879,2021-08-11,False,0.0,0.0,24.547288869223845,-0.012184797733356678,True
2021-08-13,TripCom,1.0,24.270000457763672,24.90999984741211,191.0,189.3000030517578,True,7.778369903564453,2021-08-12,False,0.0,0.0,24.336719055365407,-0.0027452434630976796,True
2021-08-16,TripCom,1.0,24.770000457763672,24.850000381469727,190.6999969482422,191.1999969482422,True,7.781660079956055,2021-08-13,False,0.0,0.0,24.57059226227753,0.008082970640471032,True
2021-08-17,TripCom,1.0,24.38999938964844,24.059999465942383,196.0,192.6999969482422,True,7.782199859619141,2021-08-16,False,0.0,0.0,24.7616355817509,-0.015122315852816204,True
2021-08-18,TripCom,1.0,24.31999969482422,25.18000030517578,192.6999969482422,192.1000061035156,True,7.78400993347168,2021-08-17,False,0.0,0.0,24.67879765639491,-0.014645435974863563,True
2021-08-19,TripCom,1.0,24.59000015258789,26.530000686645508,194.1000061035156,194.0,True,7.791800022125244,2021-08-18,False,0.0,0.0,24.897969589713075,-0.012446395130696786,True
2021-08-20,TripCom,1.0,26.489999771118164,26.290000915527344,201.3999938964844,205.8000030517578,True,7.787899971008301,2021-08-19,False,0.0,0.0,26.425609447717758,0.0024336998527423326,True
2021-08-23,TripCom,1.0,26.15999984741211,27.399999618530273,205.8000030517578,207.6000061035156,True,7.789599895477295,2021-08-20,False,0.0,0.0,26.650920315438775,-0.018592162671798196,True
2021-08-24,TripCom,1.0,28.549999237060547,28.760000228881836,210.8000030517578,223.6000061035156,True,7.790709972381592,2021-08-23,False,0.0,0.0,28.700851000253817,-0.005269864523668399,True
2021-08-25,TripCom,1.0,29.239999771118164,29.020000457763672,232.3999938964844,231.0,True,7.791600227355957,2021-08-24,False,0.0,0.0,29.64731162527685,-0.013833823967984049,True
2021-08-26,TripCom,1.0,28.719999313354492,28.709999084472656,230.0,225.6000061035156,True,7.787799835205078,2021-08-25,False,0.0,0.0,28.968387847320013,-0.008611440921344471,True
2021-08-27,TripCom,1.0,28.63999938964844,28.43000030517578,226.0,223.6000061035156,True,7.78350019454956,2021-08-26,False,0.0,0.0,28.727436309450184,-0.0030483143073460894,True
2021-08-30,TripCom,1.0,28.38999938964844,28.59000015258789,223.1999969482422,226.3999938964844,True,7.787179946899414,2021-08-27,False,0.0,0.0,29.073425224574276,-0.023787585426437552,True
2021-08-31,TripCom,1.0,29.270000457763672,30.489999771118164,226.0,226.1999969482422,True,7.787399768829346,2021-08-30,False,0.0,0.0,29.046922421223805,0.007650579406949021,True
2021-09-01,TripCom,1.0,31.010000228881836,31.690000534057617,239.8000030517578,238.1999969482422,True,7.787089824676514,2021-08-31,False,0.0,0.0,30.589090701562228,0.013666308121644377,True
2021-09-02,TripCom,1.0,31.1200008392334,31.239999771118164,245.0,246.0,True,7.777900218963623,2021-09-01,False,0.0,0.0,31.628073525579197,-0.016194402627109472,True
2021-09-03,TripCom,1.0,30.760000228881836,31.420000076293945,247.0,246.0,True,7.776700019836426,2021-09-02,False,0.0,0.0,31.632954771627457,-0.027984297620615717,True
2021-09-07,TripCom,1.0,31.520000457763672,32.31999969482422,240.0,246.6000061035156,True,7.770899772644043,2021-09-06,False,0.0,0.0,31.733777724379287,-0.006759377438033898,True
2021-09-08,TripCom,1.0,32.220001220703125,32.18000030517578,248.8000030517578,255.1999969482422,True,7.77370023727417,2021-09-07,False,0.0,0.0,32.82863876389032,-0.01871385184128238,True
2021-09-09,TripCom,1.0,31.280000686645508,31.809999465942383,254.0,249.0,True,7.774479866027832,2021-09-08,False,0.0,0.0,32.02786608118391,-0.023627401268591086,True
2021-09-10,TripCom,1.0,32.0,30.90999984741211,251.3999938964844,250.6000061035156,True,7.775489807128906,2021-09-09,False,0.0,0.0,32.22948165577359,-0.00714571023535715,True
2021-09-13,TripCom,1.0,30.299999237060547,29.34000015258789,245.0,239.3999938964844,True,7.777239799499512,2021-09-10,False,0.0,0.0,30.782128373088163,-0.015786586607914543,True
2021-09-14,TripCom,1.0,29.270000457763672,28.399999618530273,235.8000030517578,224.6000061035156,True,7.777910232543945,2021-09-13,False,0.0,0.0,28.876651875429907,0.013529741330390976,True
2021-09-15,TripCom,1.0,28.0,28.59000015258789,223.3999938964844,220.0,True,7.779339790344238,2021-09-14,False,0.0,0.0,28.280034801033537,-0.009951561440584289,True
2021-09-16,TripCom,1.0,27.8799991607666,28.61000061035156,225.0,217.6000061035156,True,7.779600143432617,2021-09-15,False,0.0,0.0,27.97059001640453,-0.0032440458165070574,True
2021-09-17,TripCom,1.0,29.040000915527344,28.81999969482422,227.1999969482422,225.1999969482422,True,7.781199932098389,2021-09-16,False,0.0,0.0,28.941551292014104,0.0033958979839630032,True
2021-09-20,TripCom,1.0,27.899999618530273,27.959999084472656,225.0,219.3999938964844,True,7.782820224761963,2021-09-17,False,0.0,0.0,28.190294464008996,-0.01035107560717563,True
2021-09-21,TripCom,1.0,27.969999313354492,28.290000915527344,209.1999969482422,220.8000030517578,True,7.781929969787598,2021-09-20,False,0.0,0.0,28.37342457577839,-0.014320470037205713,True
2021-09-23,TripCom,1.0,28.88999938964844,29.31999969482422,229.8000030517578,229.0,True,7.786320209503174,2021-09-22,False,0.0,0.0,29.41055515807151,-0.017858135543364018,True
2021-09-24,TripCom,1.0,29.09000015258789,29.06999969482422,232.3999938964844,228.3999938964844,True,7.785600185394287,2021-09-23,False,0.0,0.0,29.336208957269683,-0.008428075886922848,True
2021-09-27,TripCom,1.0,28.799999237060547,30.059999465942383,228.3999938964844,226.8000030517578,True,7.784969806671143,2021-09-24,False,0.0,0.0,29.133061358491975,-0.011498297777986721,True
2021-09-28,TripCom,1.0,29.520000457763672,30.010000228881836,232.1999969482422,232.8000030517578,True,7.785299777984619,2021-09-27,False,0.0,0.0,29.90250981857795,-0.012874402055336631,True
2021-09-29,TripCom,1.0,29.760000228881836,29.670000076293945,232.8000030517578,233.3999938964844,True,7.782700061798096,2021-09-28,False,0.0,0.0,29.989591278500363,-0.007685146419382338,True
2021-09-30,TripCom,1.0,29.799999237060547,30.75,233.3999938964844,234.8000030517578,True,7.782999992370605,2021-09-29,False,0.0,0.0,30.16831598123138,-0.012283866044855873,True
2021-10-04,TripCom,1.0,31.0,30.329999923706055,236.8000030517578,239.8000030517578,True,7.786139965057373,2021-10-01,False,0.0,0.0,30.798316512152606,0.00652717469580244,True
2021-10-05,TripCom,1.0,30.190000534057617,31.43000030517578,247.6000061035156,239.1999969482422,True,7.785299777984619,2021-10-04,False,0.0,0.0,30.72457114941872,-0.017551936237959698,True
2021-10-06,TripCom,1.0,30.86000061035156,31.1200008392334,240.3999938964844,244.3999938964844,True,7.787399768829346,2021-10-05,False,0.0,0.0,31.38403076142889,-0.016838322356462765,True
2021-10-07,TripCom,1.0,31.6200008392334,31.61000061035156,251.0,248.0,True,7.78508996963501,2021-10-06,False,0.0,0.0,31.855765439744435,-0.007428525830059929,True
2021-10-08,TripCom,1.0,31.6200008392334,31.81999969482422,250.0,246.0,True,7.786280155181885,2021-10-07,False,0.0,0.0,31.594034005607075,0.0008215528450472576,True
2021-10-11,TripCom,1.0,32.47999954223633,31.649999618530273,247.6000061035156,247.8000030517578,True,7.784860134124756,2021-10-08,False,0.0,0.0,31.831015430262156,0.020183358741282298,True
2021-10-12,TripCom,1.0,31.56999969482422,31.670000076293945,247.8000030517578,252.0,True,7.784299850463867,2021-10-11,False,0.0,0.0,32.37285367225201,-0.02511292908099838,True
2021-10-15,TripCom,1.0,32.869998931884766,32.720001220703125,255.0,258.0,True,7.778900146484375,2021-10-14,False,0.0,0.0,33.16664247407797,-0.008984270890398438,True
2021-10-18,TripCom,1.0,32.5099983215332,31.81999969482422,258.0,253.8000030517578,True,7.77934980392456,2021-10-15,False,0.0,0.0,32.624834908917414,-0.003526122680420407,True
2021-10-19,TripCom,1.0,31.209999084472656,31.280000686645508,249.0,243.6000061035156,True,7.77810001373291,2021-10-18,False,0.0,0.0,31.3187032403053,-0.003476939750944208,True
2021-10-20,TripCom,1.0,31.34000015258789,31.190000534057617,246.0,245.1999969482422,True,7.7771501541137695,2021-10-19,False,0.0,0.0,31.52825804945301,-0.005988982833317724,True
2021-10-21,TripCom,1.0,31.0,31.200000762939453,249.6000061035156,241.0,True,7.774919986724853,2021-10-20,False,0.0,0.0,30.9971035600998,9.34379103534333e-05,True
2021-10-22,TripCom,1.0,31.11000061035156,30.440000534057617,246.0,243.3999938964844,True,7.77370023727417,2021-10-21,False,0.0,0.0,31.31069972693365,-0.00643055291294381,True
2021-10-25,TripCom,1.0,29.700000762939453,29.100000381469727,243.3999938964844,232.6000061035156,True,7.775109767913818,2021-10-22,False,0.0,0.0,29.9159771432945,-0.007245618802812714,True
2021-10-26,TripCom,1.0,29.079999923706055,28.86000061035156,232.6000061035156,227.3999938964844,True,7.7725701332092285,2021-10-25,False,0.0,0.0,29.25673104252748,-0.006059018274384265,True
2021-10-27,TripCom,1.0,28.700000762939453,28.950000762939453,230.0,225.1999969482422,True,7.774250030517578,2021-10-26,False,0.0,0.0,28.967424004145297,-0.009274739049979441,True
2021-10-28,TripCom,1.0,28.549999237060547,28.8700008392334,221.6000061035156,225.3999938964844,True,7.776000022888184,2021-10-27,False,0.0,0.0,28.986624644165794,-0.015177595046406367,True
2021-10-29,TripCom,1.0,28.86000061035156,28.559999465942383,228.0,225.3999938964844,True,7.778299808502197,2021-10-28,False,0.0,0.0,28.97805425937777,-0.004082219335843629,True
2021-11-01,TripCom,1.0,28.40999984741211,29.420000076293945,225.1999969482422,224.1999969482422,True,7.777999877929688,2021-10-29,False,0.0,0.0,28.824890777437076,-0.014498086491869788,True
2021-11-02,TripCom,1.0,28.739999771118164,28.93000030517578,226.1999969482422,226.6000061035156,True,7.7802300453186035,2021-11-01,False,0.0,0.0,29.125103600228602,-0.013310596281930653,True
2021-11-03,TripCom,1.0,28.850000381469727,28.6200008392334,227.6000061035156,226.3999938964844,True,7.782310009002685,2021-11-02,False,0.0,0.0,29.091618508461078,-0.008340102749782474,True
2021-11-04,TripCom,1.0,28.8799991607666,28.61000061035156,223.0,226.3999938964844,True,7.781280040740967,2021-11-03,False,0.0,0.0,29.09546921728904,-0.007433180089737146,True
2021-11-05,TripCom,1.0,29.440000534057617,30.209999084472656,229.1999969482422,224.1999969482422,True,7.783199787139893,2021-11-04,False,0.0,0.0,28.805633040370584,0.021783352305343673,True
2021-11-08,TripCom,1.0,30.84000015258789,31.1200008392334,231.8000030517578,240.1999969482422,True,7.782999992370605,2021-11-05,False,0.0,0.0,30.862135061506056,-0.000717476300970965,True
2021-11-09,TripCom,1.0,31.030000686645508,30.40999984741211,242.0,245.1999969482422,True,7.783740043640137,2021-11-08,False,0.0,0.0,31.501565516513857,-0.01508274294485501,True
2021-11-10,TripCom,1.0,30.68000030517578,30.3799991607666,237.0,240.1999969482422,True,7.788380146026611,2021-11-09,False,0.0,0.0,30.84081573378063,-0.005228012410899208,True
2021-11-11,TripCom,1.0,30.6299991607666,30.940000534057617,244.0,240.1999969482422,True,7.789999961853027,2021-11-10,False,0.0,0.0,30.834402840113132,-0.006651148509454252,True
2021-11-12,TripCom,1.0,30.809999465942383,30.93000030517578,240.1999969482422,242.3999938964844,True,7.790890216827393,2021-11-11,False,0.0,0.0,31.11326012179319,-0.009794803516119721,True
2021-11-15,TripCom,1.0,31.149999618530273,30.8700008392334,243.0,243.1999969482422,True,7.791699886322021,2021-11-12,False,0.0,0.0,31.212700758042395,-0.002010854573690768,True
2021-11-16,TripCom,1.0,31.25,29.969999313354492,243.1999969482422,244.0,True,7.791749954223633,2021-11-15,False,0.0,0.0,31.315173283728928,-0.0020833733491563144,True
2021-11-17,TripCom,1.0,29.799999237060547,29.3700008392334,244.0,233.1999969482422,True,7.788859844207764,2021-11-16,False,0.0,0.0,29.9401968468675,-0.004693585772178821,True
2021-11-18,TripCom,1.0,28.61000061035156,29.450000762939453,233.0,227.3999938964844,True,7.787300109863281,2021-11-17,False,0.0,0.0,29.201390814316103,-0.020460010371674553,True
2021-11-19,TripCom,1.0,29.190000534057617,29.030000686645508,230.1999969482422,230.1999969482422,True,7.788899898529053,2021-11-18,False,0.0,0.0,29.554879372851595,-0.01242264965966866,True
2021-11-22,TripCom,1.0,28.989999771118164,29.229999542236328,234.8000030517578,228.1999969482422,True,7.788909912109375,2021-11-19,False,0.0,0.0,29.298066035333253,-0.010570573186164722,True
2021-11-23,TripCom,1.0,29.329999923706055,29.280000686645508,228.0,228.3999938964844,True,7.790939807891846,2021-11-22,False,0.0,0.0,29.31610300276306,0.0004739247966920601,True
2021-11-24,TripCom,1.0,28.950000762939453,29.09000015258789,228.3999938964844,228.0,True,7.79040002822876,2021-11-23,False,0.0,0.0,29.266789789206566,-0.010883188511911612,True
2021-11-26,TripCom,1.0,27.200000762939453,27.850000381469727,225.0,220.6000061035156,True,7.798389911651611,2021-11-25,False,0.0,0.0,28.28789129585789,-0.039216842331449175,True
2021-11-29,TripCom,1.0,27.75,27.1200008392334,217.1999969482422,213.8000030517578,True,7.796299934387207,2021-11-26,False,0.0,0.0,27.423265504287272,0.011844081089095848,True
2021-11-30,TripCom,1.0,27.100000381469727,27.5,219.0,211.0,True,7.797920227050781,2021-11-29,False,0.0,0.0,27.05849686279766,0.0015326690698027612,True
2021-12-01,TripCom,1.0,28.100000381469727,27.950000762939453,211.6000061035156,215.1999969482422,True,7.799530029296875,2021-11-30,False,0.0,0.0,27.591405653917636,0.01826525503457166,True
2021-12-02,TripCom,1.0,28.200000762939453,28.770000457763672,219.8000030517578,222.1999969482422,True,7.797399997711182,2021-12-01,False,0.0,0.0,28.49667799695615,-0.01046551397181572,True
2021-12-03,TripCom,1.0,27.989999771118164,25.260000228881836,223.6000061035156,223.3999938964844,True,7.793489933013916,2021-12-02,False,0.0,0.0,28.66494931239241,-0.023827802733527914,True
2021-12-06,TripCom,1.0,25.010000228881836,26.649999618530273,203.8000030517578,193.8999938964844,True,7.791699886322021,2021-12-03,False,0.0,0.0,24.885454615220375,0.004992273252912405,True
2021-12-07,TripCom,1.0,27.40999984741211,27.8700008392334,204.1999969482422,212.3999938964844,True,7.795400142669678,2021-12-06,False,0.0,0.0,27.246836597119714,0.005970478556418968,True
2021-12-08,TripCom,1.0,27.549999237060547,27.079999923706055,220.0,212.6000061035156,True,7.801539897918701,2021-12-07,False,0.0,0.0,27.2510310637818,0.010911150309575124,True
2021-12-09,TripCom,1.0,26.88999938964844,26.09000015258789,212.8000030517578,212.0,True,7.798500061035156,2021-12-08,False,0.0,0.0,27.184714796534806,-0.010900411753058226,True
2021-12-10,TripCom,1.0,26.149999618530273,26.010000228881836,204.8000030517578,205.3999938964844,True,7.797800064086914,2021-12-09,False,0.0,0.0,26.340761780038765,-0.007268441007872273,True
2021-12-13,TripCom,1.0,25.5,25.079999923706055,205.3999938964844,205.1999969482422,True,7.796750068664551,2021-12-10,False,0.0,0.0,26.31865779216768,-0.03159965725409908,True
2021-12-14,TripCom,1.0,24.950000762939453,24.989999771118164,199.0,192.8000030517578,True,7.79863977432251,2021-12-13,False,0.0,0.0,24.72226037245154,0.009169785352034499,True
2021-12-15,TripCom,1.0,24.690000534057617,24.280000686645508,195.0,190.6999969482422,True,7.801499843597412,2021-12-14,False,0.0,0.0,24.444017275056048,0.010012831235504116,True
2021-12-16,TripCom,1.0,24.469999313354492,22.450000762939453,192.1000061035156,194.0,True,7.800899982452393,2021-12-15,False,0.0,0.0,24.868925436345823,-0.01617120026425134,True
2021-12-17,TripCom,1.0,22.149999618530273,22.86000061035156,175.10000610351562,173.60000610351562,True,7.802800178527832,2021-12-16,False,0.0,0.0,22.248423915972822,-0.004433691597103717,True
2021-12-20,TripCom,1.0,22.1299991607666,21.739999771118164,175.39999389648438,173.39999389648438,True,7.803249835968018,2021-12-17,False,0.0,0.0,22.221509953099375,-0.004126620447534979,True
2021-12-21,TripCom,1.0,22.40999984741211,23.559999465942383,173.39999389648438,175.0,True,7.802169799804688,2021-12-20,False,0.0,0.0,22.42965796570856,-0.0008768184466450002,True
2021-12-22,TripCom,1.0,22.899999618530273,22.8799991607666,184.1000061035156,182.0,True,7.800899982452393,2021-12-21,False,0.0,0.0,23.330641388736804,-0.018630683769464085,True
2021-12-23,TripCom,1.0,22.989999771118164,23.790000915527344,183.6999969482422,181.5,True,7.801080226898193,2021-12-22,False,0.0,0.0,23.266008645083076,-0.01193411015095025,True
2021-12-28,TripCom,1.0,23.5,23.290000915527344,185.0,184.3999938964844,True,7.799349784851074,2021-12-27,False,0.0,0.0,23.64299576031971,-0.006066487568751278,True
2021-12-29,TripCom,1.0,23.549999237060547,22.8700008392334,188.0,180.8999938964844,True,7.798500061035156,2021-12-28,False,0.0,0.0,23.196767645145357,0.01511284474058705,True
2021-12-30,TripCom,1.0,22.8799991607666,24.760000228881836,188.0,178.39999389648438,True,7.797999858856201,2021-12-29,False,0.0,0.0,22.877660570085187,0.00010221635884377633,True
2021-12-31,TripCom,1.0,24.559999465942383,24.6200008392334,191.3999938964844,191.3999938964844,False,7.7965497970581055,2021-12-30,False,0.0,0.0,24.54931974765375,0.0004349365304996411,True
2022-01-03,TripCom,1.0,24.530000686645508,25.13999938964844,193.5,190.5,True,7.797560214996338,2021-12-31,False,0.0,0.0,24.430718679623492,0.0040555835121534045,True
2022-01-04,TripCom,1.0,25.510000228881836,25.690000534057617,193.0,194.6000061035156,True,7.795919895172119,2022-01-03,False,0.0,0.0,24.96177599567539,0.021724846483143434,True
2022-01-05,TripCom,1.0,25.040000915527344,24.940000534057617,199.0,196.5,True,7.797699928283691,2022-01-04,False,0.0,0.0,25.19973861616018,-0.006359039294497215,True
2022-01-06,TripCom,1.0,25.190000534057617,25.190000534057617,196.0,197.5,True,7.793499946594238,2022-01-05,False,0.0,0.0,25.34163101987414,-0.006001426681116584,True
2022-01-07,TripCom,1.0,25.420000076293945,25.020000457763672,200.0,200.0,True,7.795199871063232,2022-01-06,False,0.0,0.0,25.656814874295307,-0.009272954672595368,True
2022-01-10,TripCom,1.0,25.3700008392334,23.229999542236328,200.0,197.1000061035156,True,7.800620079040527,2022-01-07,False,0.0,0.0,25.267222875410027,0.00405938941436812,True
2022-01-11,TripCom,1.0,23.549999237060547,24.0,190.6999969482422,184.6999969482422,True,7.79817008972168,2022-01-10,False,0.0,0.0,23.685043391357244,-0.005717980326651606,True
2022-01-12,TripCom,1.0,25.079999923706055,24.86000061035156,188.0,194.6999969482422,True,7.795499801635742,2022-01-11,False,0.0,0.0,24.97594790617376,0.004157434707170005,True
2022-01-13,TripCom,1.0,24.549999237060547,24.1299991607666,193.5,195.5,True,7.796000003814697,2022-01-12,False,0.0,0.0,25.076962532624293,-0.021237774127225606,True
2022-01-14,TripCom,1.0,24.329999923706055,23.719999313354492,193.0,190.1000061035156,True,7.791790008544922,2022-01-13,False,0.0,0.0,24.39747553451018,-0.002769511586588891,True
2022-01-18,TripCom,1.0,23.56999969482422,23.350000381469727,188.0,186.3000030517578,True,7.784180164337158,2022-01-17,False,0.0,0.0,23.933156622618036,-0.01529009990233643,True
2022-01-19,TripCom,1.0,23.65999984741211,23.469999313354492,188.0,183.8000030517578,True,7.789899826049805,2022-01-18,False,0.0,0.0,23.59465553550787,0.002765626075339256,True
2022-01-20,TripCom,1.0,25.049999237060547,25.209999084472656,183.0,192.0,True,7.792449951171875,2022-01-19,False,0.0,0.0,24.63923428486389,0.01653373499306454,True
2022-01-21,TripCom,1.0,25.649999618530273,25.770000457763672,197.0,207.1999969482422,True,7.791319847106934,2022-01-20,False,0.0,0.0,26.593696705337994,-0.0361306649973816,True
2022-01-24,TripCom,1.0,25.219999313354492,25.790000915527344,207.1999969482422,205.0,True,7.786019802093506,2022-01-21,False,0.0,0.0,26.329242053157838,-0.0430428833480101,True
2022-01-25,TripCom,1.0,25.13999938964844,25.469999313354492,206.3999938964844,198.8999938964844,True,7.787059783935547,2022-01-24,False,0.0,0.0,25.54237406868362,-0.015878622321406244,True
2022-01-26,TripCom,1.0,25.899999618530273,25.329999923706055,198.6000061035156,199.8000030517578,True,7.786190032958984,2022-01-25,False,0.0,0.0,25.66081770493699,0.009277728386151818,True
2022-01-27,TripCom,1.0,25.68000030517578,24.350000381469727,199.8000030517578,199.6999969482422,True,7.785369873046875,2022-01-26,False,0.0,0.0,25.65067558827334,0.0011425807115248432,True
2022-01-28,TripCom,1.0,24.38999938964844,25.329999923706055,199.6999969482422,195.8000030517578,True,7.786489963531494,2022-01-27,False,0.0,0.0,25.146118979000704,-0.030530382484536656,True
2022-01-31,TripCom,1.0,25.84000015258789,26.61000061035156,200.1999969482422,200.1999969482422,False,7.789400100708008,2022-01-28,False,0.0,0.0,25.701593750466774,0.005370681204257544,True
2022-02-04,TripCom,1.0,26.299999237060547,27.13999938964844,208.8000030517578,208.0,True,7.795499801635742,2022-02-03,False,0.0,0.0,26.6820608418661,-0.014422550838230741,True
2022-02-07,TripCom,1.0,27.049999237060547,27.36000061035156,212.0,212.0,True,7.7930498123168945,2022-02-04,False,0.0,0.0,27.203727052396683,-0.005667010812490325,True
2022-02-08,TripCom,1.0,27.5,28.459999084472656,212.8000030517578,215.0,True,7.787899971008301,2022-02-07,False,0.0,0.0,27.606928799852565,-0.003880780017357921,True
2022-02-09,TripCom,1.0,28.88999938964844,29.59000015258789,218.0,223.0,True,7.791989803314209,2022-02-08,False,0.0,0.0,28.61913396051291,0.009419979621088537,True
2022-02-10,TripCom,1.0,29.290000915527344,29.84000015258789,228.0,233.3999938964844,True,7.793300151824951,2022-02-09,False,0.0,0.0,29.948800809606865,-0.022243091916855473,True
2022-02-11,TripCom,1.0,29.84000015258789,29.13999938964844,235.0,235.3999938964844,True,7.791130065917969,2022-02-10,False,0.0,0.0,30.2138447060759,-0.012450472859000694,True
2022-02-14,TripCom,1.0,28.649999618530273,29.579999923706055,235.3999938964844,228.6000061035156,True,7.79656982421875,2022-02-11,False,0.0,0.0,29.320587291273608,-0.02313647737006619,True
2022-02-15,TripCom,1.0,30.010000228881836,30.420000076293945,228.6000061035156,230.8000030517578,True,7.800829887390137,2022-02-14,False,0.0,0.0,29.586596090864735,0.014209243077823341,True
2022-02-16,TripCom,1.0,30.030000686645508,30.010000228881836,233.1999969482422,237.0,True,7.802599906921387,2022-02-15,False,0.0,0.0,30.37449091677332,-0.011406236718087381,True
2022-02-17,TripCom,1.0,29.579999923706055,29.799999237060547,236.0,234.0,True,7.801259994506836,2022-02-16,False,0.0,0.0,29.995154649988375,-0.01393740224727491,True
2022-02-18,TripCom,1.0,29.1200008392334,28.56999969482422,231.1999969482422,232.8000030517578,True,7.799499988555908,2022-02-17,False,0.0,0.0,29.848067618865546,-0.0246948492083936,True
2022-02-22,TripCom,1.0,27.579999923706055,27.649999618530273,227.0,220.8000030517578,True,7.799739837646484,2022-02-21,False,0.0,0.0,28.308636909405255,-0.026076079634032023,True
2022-02-23,TripCom,1.0,27.88999938964844,27.020000457763672,224.0,218.0,True,7.800899982452393,2022-02-22,False,0.0,0.0,27.945493531563866,-0.0019877736287314818,True
2022-02-24,TripCom,1.0,25.700000762939453,26.8700008392334,214.6000061035156,204.8000030517578,True,7.801599979400635,2022-02-23,False,0.0,0.0,26.251025891164925,-0.021214048254622142,True
2022-02-25,TripCom,1.0,26.969999313354492,26.959999084472656,213.8000030517578,208.0,True,7.805069923400879,2022-02-24,False,0.0,0.0,26.649344854218654,0.011960544713738752,True
2022-02-28,TripCom,1.0,26.36000061035156,25.81999969482422,209.8000030517578,209.0,True,7.807499885559082,2022-02-25,False,0.0,0.0,26.769132637013655,-0.015401723658767352,True
2022-03-01,TripCom,1.0,25.799999237060547,25.790000915527344,204.1999969482422,204.1999969482422,True,7.807479858398437,2022-02-28,False,0.0,0.0,26.154405858452016,-0.01364319803363312,True
2022-03-02,TripCom,1.0,26.760000228881836,27.8700008392334,207.8000030517578,199.6999969482422,True,7.813260078430176,2022-03-01,False,0.0,0.0,25.559112962276497,0.045914319042316354,True
2022-03-03,TripCom,1.0,28.100000381469727,26.989999771118164,216.3999938964844,221.1999969482422,True,7.815899848937988,2022-03-02,False,0.0,0.0,28.301283438054607,-0.007137564873731073,True
2022-03-04,TripCom,1.0,26.709999084472656,25.0,212.3999938964844,207.3999938964844,True,7.813720226287842,2022-03-03,False,0.0,0.0,26.543053486702124,0.006269918309719014,True
2022-03-07,TripCom,1.0,24.0,22.190000534057617,203.0,187.1999969482422,True,7.8155999183654785,2022-03-04,False,0.0,0.0,23.952095668094586,0.0019980085197244257,True
2022-03-08,TripCom,1.0,22.479999542236328,22.899999618530273,177.89999389648438,172.6999969482422,True,7.814599990844727,2022-03-07,False,0.0,0.0,22.099659246867482,0.017063814951278733,True
2022-03-09,TripCom,1.0,23.770000457763672,24.13999938964844,174.1999969482422,180.3000030517578,True,7.818299770355225,2022-03-08,False,0.0,0.0,23.061280373950904,0.03026926374210559,True
2022-03-10,TripCom,1.0,22.520000457763672,21.219999313354492,190.0,189.1999969482422,True,7.818600177764893,2022-03-09,False,0.0,0.0,24.19870471012228,-0.07189528375657472,True
2022-03-11,TripCom,1.0,21.559999465942383,19.3700008392334,168.0,172.0,True,7.819069862365723,2022-03-10,False,0.0,0.0,21.997501368783013,-0.02008915149202295,True
2022-03-15,TripCom,1.0,15.93000030517578,18.18000030517578,130.8000030517578,126.1999969482422,True,7.828020095825195,2022-03-14,False,0.0,0.0,16.121572939694754,-0.01195416614305067,True
2022-03-16,TripCom,1.0,22.68000030517578,23.34000015258789,144.5,171.0,True,7.828949928283691,2022-03-15,False,0.0,0.0,21.8420096649523,0.03764832804591034,True
2022-03-17,TripCom,1.0,22.06999969482422,22.309999465942383,188.1000061035156,179.0,True,7.826700210571289,2022-03-16,False,0.0,0.0,22.870430089839147,-0.03562560726901731,True
2022-03-18,TripCom,1.0,22.270000457763672,23.209999084472656,180.0,178.60000610351562,True,7.820419788360596,2022-03-17,False,0.0,0.0,22.83764950435682,-0.025169966299708246,True
2022-03-21,TripCom,1.0,22.0,22.520000457763672,177.8000030517578,172.5,True,7.818270206451416,2022-03-18,False,0.0,0.0,22.063704047687924,-0.002891454245523839,True
2022-03-22,TripCom,1.0,23.719999313354492,24.18000030517578,172.5,187.3999938964844,True,7.823939800262451,2022-03-21,False,0.0,0.0,23.952126253604117,-0.009738553590867838,True
2022-03-23,TripCom,1.0,23.489999771118164,24.020000457763672,187.0,191.1000061035156,True,7.825029850006104,2022-03-22,False,0.0,0.0,24.421632858482518,-0.03889454314185503,True
2022-03-24,TripCom,1.0,25.13999938964844,24.5,190.1000061035156,205.6000061035156,True,7.826670169830322,2022-03-23,False,0.0,0.0,26.269154268956868,-0.04393523049837533,True
2022-03-25,TripCom,1.0,23.219999313354492,22.440000534057617,202.0,186.5,True,7.823659896850586,2022-03-24,False,0.0,0.0,23.837948282373006,-0.026264829814157675,True
2022-03-28,TripCom,1.0,22.6200008392334,23.450000762939453,176.60000610351562,176.3000030517578,True,7.823400020599365,2022-03-25,False,0.0,0.0,22.53495955563463,0.0037666463838998965,True
2022-03-29,TripCom,1.0,24.84000015258789,24.229999542236328,182.0,188.8000030517578,True,7.828410148620605,2022-03-28,False,0.0,0.0,24.117285562129762,0.029526436565607383,True
2022-03-30,TripCom,1.0,23.790000915527344,24.309999465942383,196.8999938964844,191.3999938964844,True,7.828800201416016,2022-03-29,False,0.0,0.0,24.4481898850689,-0.02729081705119274,True
2022-03-31,TripCom,1.0,23.65999984741211,23.1200008392334,196.0,188.6000061035156,True,7.827199935913086,2022-03-30,False,0.0,0.0,24.095462955810437,-0.018237711577590687,True
2022-04-01,TripCom,1.0,24.700000762939453,24.549999237060547,183.8999938964844,186.6999969482422,True,7.82705020904541,2022-03-31,False,0.0,0.0,23.853174818334555,0.03488594997424821,True
2022-04-04,TripCom,1.0,25.3700008392334,24.3700008392334,192.0,198.1000061035156,True,7.833479881286621,2022-04-01,False,0.0,0.0,25.28888937045159,0.003202262732527661,True
2022-04-06,TripCom,1.0,23.190000534057617,23.40999984741211,186.6999969482422,187.3999938964844,True,7.834459781646728,2022-04-05,False,0.0,0.0,23.919963739617888,-0.03099223888192837,True
2022-04-07,TripCom,1.0,23.350000381469727,22.3700008392334,184.0,187.6999969482422,True,7.833759784698486,2022-04-06,False,0.0,0.0,23.96039731967178,-0.02580535528185024,True
2022-04-08,TripCom,1.0,22.290000915527344,22.06999969482422,178.0,177.39999389648438,True,7.837110042572021,2022-04-07,False,0.0,0.0,22.63589421774463,-0.015398697611370693,True
2022-04-11,TripCom,1.0,21.440000534057617,21.489999771118164,174.0,167.10000610351562,True,7.836470127105713,2022-04-08,False,0.0,0.0,21.32337690225224,0.005454383069308122,True
2022-04-12,TripCom,1.0,22.149999618530273,22.1299991607666,167.10000610351562,175.89999389648438,True,7.838860034942627,2022-04-11,False,0.0,0.0,22.439486495790174,-0.012984717691820524,True
2022-04-13,TripCom,1.0,22.399999618530273,22.81999969482422,178.10000610351562,180.6999969482422,True,7.837800025939941,2022-04-12,False,0.0,0.0,23.05493842024528,-0.028819052830524328,True
2022-04-14,TripCom,1.0,22.940000534057617,23.13999938964844,181.0,185.5,True,7.837430000305176,2022-04-13,False,0.0,0.0,23.66847295513669,-0.031261772527002574,True
2022-04-19,TripCom,1.0,22.489999771118164,22.760000228881836,184.3000030517578,180.0,True,7.843599796295166,2022-04-18,False,0.0,0.0,22.94864662587973,-0.02018820842364466,True
2022-04-20,TripCom,1.0,22.760000228881836,22.020000457763672,180.0,177.0,True,7.84149980545044,2022-04-19,False,0.0,0.0,22.572212509266596,0.008285004522714523,True
2022-04-21,TripCom,1.0,22.049999237060547,21.549999237060547,170.8000030517578,173.1999969482422,True,7.841899871826172,2022-04-20,False,0.0,0.0,22.0864841147109,-0.001653275620985717,True
2022-04-22,TripCom,1.0,21.75,21.81999969482422,173.0,171.6999969482422,True,7.843900203704834,2022-04-21,False,0.0,0.0,21.889620276803722,-0.0063988069699361105,True
2022-04-25,TripCom,1.0,20.90999984741211,21.6200008392334,171.6999969482422,163.1999969482422,True,7.844600200653076,2022-04-22,False,0.0,0.0,20.80411911044944,0.005076504885857425,True
2022-04-26,TripCom,1.0,21.0,20.709999084472656,165.0,164.89999389648438,True,7.846290111541748,2022-04-25,False,0.0,0.0,21.016300895364488,-0.0007759319994846692,True
2022-04-27,TripCom,1.0,21.030000686645508,21.670000076293945,163.8000030517578,166.0,True,7.847109794616699,2022-04-26,False,0.0,0.0,21.154285379552086,-0.0058924810211169465,True
2022-04-28,TripCom,1.0,21.899999618530273,22.290000915527344,169.5,172.1999969482422,True,7.845600128173828,2022-04-27,False,0.0,0.0,21.948607389492857,-0.0022170734347071175,True
2022-04-29,TripCom,1.0,23.799999237060547,23.649999618530273,173.0,187.1999969482422,True,7.84630012512207,2022-04-28,False,0.0,0.0,23.858378339221353,-0.0024499000733584353,True
2022-05-03,TripCom,1.0,24.0,23.540000915527344,189.0,189.8999938964844,True,7.847000122070312,2022-05-02,False,0.0,0.0,24.20033018253378,-0.008312446627972037,True
2022-05-04,TripCom,1.0,22.899999618530273,23.600000381469727,189.8999938964844,184.6999969482422,True,7.847499847412109,2022-05-03,False,0.0,0.0,23.53615808086332,-0.02740098649045386,True
2022-05-05,TripCom,1.0,22.6299991607666,22.420000076293945,189.0,182.1000061035156,True,7.847259998321533,2022-05-04,False,0.0,0.0,23.20555278434324,-0.02511517162629584,True
2022-05-06,TripCom,1.0,21.969999313354492,21.299999237060547,176.0,172.10000610351562,True,7.848000049591064,2022-05-05,False,0.0,0.0,21.92915456371375,0.0018608450423149847,True
2022-05-10,TripCom,1.0,20.420000076293945,19.6200008392334,159.0,162.3000030517578,True,7.849649906158447,2022-05-09,False,0.0,0.0,20.676081735113467,-0.012462743992779579,True
2022-05-11,TripCom,1.0,20.299999237060547,19.989999771118164,157.0,164.0,True,7.849400043487549,2022-05-10,False,0.0,0.0,20.89331657087177,-0.02880847806730502,True
2022-05-12,TripCom,1.0,19.079999923706055,19.489999771118164,158.10000610351562,158.5,True,7.849649906158447,2022-05-11,False,0.0,0.0,20.191983323440798,-0.056644998437628935,True
2022-05-13,TripCom,1.0,20.0,20.8799991607666,154.39999389648438,159.0,True,7.849760055541992,2022-05-12,False,0.0,0.0,20.25539620000802,-0.012688963512073048,True
2022-05-16,TripCom,1.0,21.329999923706055,20.979999542236328,164.10000610351562,165.39999389648438,True,7.84984016418457,2022-05-13,False,0.0,0.0,21.070491938311445,0.012240953555027634,True
2022-05-17,TripCom,1.0,22.09000015258789,21.649999618530273,165.0,171.8000030517578,True,7.849730014801025,2022-05-16,False,0.0,0.0,21.88610343640113,0.009273135209879158,True
2022-05-18,TripCom,1.0,21.399999618530273,21.530000686645508,172.0,170.5,True,7.849999904632568,2022-05-17,False,0.0,0.0,21.719745486796988,-0.014830872875854162,True
2022-05-19,TripCom,1.0,21.13999938964844,20.979999542236328,168.0,166.3000030517578,True,7.849380016326904,2022-05-18,False,0.0,0.0,21.186387040231164,-0.0021919031161230507,True
2022-05-20,TripCom,1.0,21.649999618530273,21.38999938964844,169.0,170.6999969482422,True,7.848800182342529,2022-05-19,False,0.0,0.0,21.748546654591426,-0.004541497994900556,True
2022-05-23,TripCom,1.0,21.36000061035156,20.329999923706055,174.0,168.0,True,7.847899913787842,2022-05-20,False,0.0,0.0,21.40700083405035,-0.0021979676401508996,True
2022-05-24,TripCom,1.0,19.799999237060547,19.350000381469727,162.10000610351562,156.8000030517578,True,7.84827995300293,2022-05-23,False,0.0,0.0,19.97890034385975,-0.00899483469271889,True
2022-05-25,TripCom,1.0,19.670000076293945,19.56999969482422,157.0,154.3000030517578,True,7.849100112915039,2022-05-24,False,0.0,0.0,19.658304879800173,0.0005947470582099434,True
2022-05-26,TripCom,1.0,19.969999313354492,21.11000061035156,155.0,155.39999389648438,True,7.84906005859375,2022-05-25,False,0.0,0.0,19.798548200219287,0.00862250125290931,True
2022-05-27,TripCom,1.0,21.489999771118164,21.299999237060547,165.0,166.39999389648438,True,7.8495001792907715,2022-05-26,False,0.0,0.0,21.198801209724817,0.013643066635750767,True
2022-05-31,TripCom,1.0,22.36000061035156,22.059999465942383,172.0,176.3000030517578,True,7.84906005859375,2022-05-30,False,0.0,0.0,22.4612885792269,-0.004519644263950795,True
2022-06-01,TripCom,1.0,22.34000015258789,21.780000686645508,176.3000030517578,174.39999389648438,True,7.848189830780029,2022-05-31,False,0.0,0.0,22.22168393691247,0.005310234391808777,True
2022-06-02,TripCom,1.0,21.670000076293945,22.1200008392334,173.0,171.3000030517578,True,7.847219944000244,2022-06-01,False,0.0,0.0,21.829387257423416,-0.007328282268120656,True
2022-06-06,TripCom,1.0,23.1200008392334,22.770000457763672,173.39999389648438,181.1999969482422,True,7.844759941101074,2022-06-03,False,0.0,0.0,23.09822076248382,0.0009424888109936802,True
2022-06-07,TripCom,1.0,22.549999237060547,23.299999237060547,181.0,178.60000610351562,True,7.845729827880859,2022-06-06,False,0.0,0.0,22.763976076366585,-0.00944425768332513,True
2022-06-08,TripCom,1.0,23.61000061035156,25.36000061035156,180.5,189.0,True,7.845600128173828,2022-06-07,False,0.0,0.0,24.08993536661323,-0.020123756677814075,True
2022-06-09,TripCom,1.0,23.979999542236328,23.040000915527344,194.0,191.0,True,7.845359802246094,2022-06-08,False,0.0,0.0,24.34560107049743,-0.015131048509674283,True
2022-06-10,TripCom,1.0,22.940000534057617,22.43000030517578,183.0,181.1999969482422,True,7.847839832305908,2022-06-09,False,0.0,0.0,23.08915584672435,-0.006480928457880175,True
2022-06-13,TripCom,1.0,21.299999237060547,20.540000915527344,179.0,172.0,True,7.848800182342529,2022-06-10,False,0.0,0.0,21.914177454402388,-0.028426762817885365,True
2022-06-14,TripCom,1.0,21.13999938964844,22.18000030517578,166.39999389648438,171.5,True,7.849309921264648,2022-06-13,False,0.0,0.0,21.84905446724527,-0.032990695224765165,True
2022-06-15,TripCom,1.0,22.31999969482422,21.920000076293945,172.8000030517578,178.89999389648438,True,7.849800109863281,2022-06-14,False,0.0,0.0,22.79038846756064,-0.02085576479897311,True
2022-06-16,TripCom,1.0,20.920000076293945,20.790000915527344,175.89999389648438,168.0,True,7.849899768829346,2022-06-15,False,0.0,0.0,21.40154714676743,-0.022757573148791455,True
2022-06-17,TripCom,1.0,21.719999313354492,21.350000381469727,163.5,170.0,True,7.848599910736084,2022-06-16,False,0.0,0.0,21.65991411633269,0.002770186968830579,True
2022-06-21,TripCom,1.0,22.61000061035156,23.06999969482422,172.0,179.6999969482422,True,7.849679946899414,2022-06-20,False,0.0,0.0,22.89265271499672,-0.012423703654822038,True
2022-06-22,TripCom,1.0,22.579999923706055,22.81999969482422,182.0,179.6999969482422,True,7.849699974060059,2022-06-21,False,0.0,0.0,22.892594308327038,-0.013748910265352965,True
2022-06-23,TripCom,1.0,23.350000381469727,22.729999542236328,182.3999938964844,181.3000030517578,True,7.849730014801025,2022-06-22,False,0.0,0.0,23.096336142760116,0.010923004042378892,True
2022-06-24,TripCom,1.0,23.56999969482422,23.649999618530273,181.3000030517578,185.5,True,7.8495001792907715,2022-06-23,False,0.0,0.0,23.63207793655475,-0.0026303197078076934,True
2022-06-27,TripCom,1.0,24.989999771118164,24.56999969482422,193.5,197.6999969482422,True,7.849400043487549,2022-06-24,False,0.0,0.0,25.1866379408537,-0.007837877759963696,True
2022-06-28,TripCom,1.0,27.940000534057617,27.219999313354492,194.1999969482422,230.3999938964844,True,7.849090099334717,2022-06-27,False,0.0,0.0,29.353720110310995,-0.04935991522416794,True
2022-06-29,TripCom,1.0,28.079999923706055,27.899999618530273,217.8000030517578,220.0,True,7.84660005569458,2022-06-28,False,0.0,0.0,28.037621191147306,0.001510354137360892,True
2022-06-30,TripCom,1.0,27.219999313354492,27.450000762939453,220.0,221.6000061035156,True,7.845799922943115,2022-06-29,False,0.0,0.0,28.244412077792195,-0.03694366347336775,True
2022-07-05,TripCom,1.0,26.709999084472656,26.0,222.0,219.6000061035156,True,7.846799850463867,2022-07-04,False,0.0,0.0,27.985931881585312,-0.04666395826773284,True
2022-07-06,TripCom,1.0,26.059999465942383,24.899999618530273,208.0,205.0,True,7.84600019454956,2022-07-05,False,0.0,0.0,26.12796264552847,-0.002604555351715998,True
2022-07-07,TripCom,1.0,25.530000686645508,26.6299991607666,198.3999938964844,205.6000061035156,True,7.846620082855225,2022-07-06,False,0.0,0.0,26.202365341065672,-0.02599542873636107,True
2022-07-08,TripCom,1.0,26.36000061035156,26.15999984741211,213.0,210.0,True,7.84689998626709,2022-07-07,False,0.0,0.0,26.762160900167245,-0.015141250338391199,True
2022-07-11,TripCom,1.0,24.670000076293945,24.510000228881836,204.8000030517578,196.1999969482422,True,7.847489833831787,2022-07-08,False,0.0,0.0,25.001624863837673,-0.013352883675807892,True
2022-07-12,TripCom,1.0,24.030000686645508,24.59000015258789,190.1999969482422,188.0,True,7.848810195922852,2022-07-11,False,0.0,0.0,23.952675030625485,0.0032230684013945243,True
2022-07-13,TripCom,1.0,24.579999923706055,26.11000061035156,192.3000030517578,194.5,True,7.849699974060059,2022-07-12,False,0.0,0.0,24.77801707616091,-0.008023750825556508,True
2022-07-14,TripCom,1.0,25.829999923706055,25.5,203.6000061035156,203.8000030517578,True,7.849699974060059,2022-07-13,False,0.0,0.0,25.962776122046794,-0.005127220409889333,True
2022-07-15,TripCom,1.0,24.799999237060547,25.36000061035156,199.5,195.8999938964844,True,7.849299907684326,2022-07-14,False,0.0,0.0,24.957639050675304,-0.006336327304233613,True
2022-07-18,TripCom,1.0,25.829999923706055,25.61000061035156,198.6999969482422,204.0,True,7.8496599197387695,2022-07-15,False,0.0,0.0,25.98838702387873,-0.006113181160555481,True
2022-07-19,TripCom,1.0,25.700000762939453,26.739999771118164,202.8000030517578,201.6000061035156,True,7.849599838256836,2022-07-18,False,0.0,0.0,25.682838648789645,0.0006680095917039885,True
2022-07-20,TripCom,1.0,26.700000762939453,26.520000457763672,209.8000030517578,209.6000061035156,True,7.849800109863281,2022-07-19,False,0.0,0.0,26.701317634846905,-4.9319827570837305e-05,True
2022-07-21,TripCom,1.0,26.84000015258789,27.030000686645508,206.0,208.3999938964844,True,7.850500106811523,2022-07-20,False,0.0,0.0,26.546078728878072,0.011011274836001395,True
2022-07-22,TripCom,1.0,26.770000457763672,26.510000228881836,211.3999938964844,209.1999969482422,True,7.849589824676514,2022-07-21,False,0.0,0.0,26.65107370204066,0.004452435824709333,True
2022-07-25,TripCom,1.0,26.559999465942383,26.829999923706055,209.1999969482422,209.8000030517578,True,7.848599910736084,2022-07-22,False,0.0,0.0,26.730882633573003,-0.006413245440716864,True
2022-07-26,TripCom,1.0,27.059999465942383,26.239999771118164,209.0,213.0,True,7.849440097808838,2022-07-25,False,0.0,0.0,27.135693418369893,-0.0027933585721706677,True
2022-07-27,TripCom,1.0,26.65999984741211,26.549999237060547,212.3999938964844,209.0,True,7.849130153656006,2022-07-26,False,0.0,0.0,26.627154335394856,0.0012327742654174578,True
2022-07-28,TripCom,1.0,26.299999237060547,26.170000076293945,212.0,207.8000030517578,True,7.849259853363037,2022-07-27,False,0.0,0.0,26.473834085480725,-0.006587942023243976,True
2022-07-29,TripCom,1.0,25.18000030517578,25.780000686645508,207.1999969482422,198.1000061035156,True,7.849100112915039,2022-07-28,False,0.0,0.0,25.23856279748026,-0.002323053853068302,True
2022-08-01,TripCom,1.0,25.40999984741211,25.229999542236328,202.0,203.1999969482422,True,7.8495001792907715,2022-07-29,False,0.0,0.0,25.886998191852005,-0.018598051019515616,True
2022-08-02,TripCom,1.0,24.43000030517578,25.299999237060547,199.8999938964844,194.3999938964844,True,7.849440097808838,2022-08-01,False,0.0,0.0,24.76609687750225,-0.013663758737492149,True
2022-08-03,TripCom,1.0,25.260000228881836,26.260000228881836,197.1000061035156,198.3999938964844,True,7.849800109863281,2022-08-02,False,0.0,0.0,25.274528156098476,-0.0005749703452733179,True
2022-08-04,TripCom,1.0,26.989999771118164,26.799999237060547,204.8000030517578,209.0,True,7.849699974060059,2022-08-03,False,0.0,0.0,26.625221434023807,0.013607477783815547,True
2022-08-05,TripCom,1.0,26.09000015258789,26.520000457763672,209.0,212.8000030517578,True,7.849400043487549,2022-08-04,False,0.0,0.0,27.11035262221253,-0.038363565518922726,True
2022-08-08,TripCom,1.0,26.520000457763672,25.420000076293945,206.1999969482422,210.1999969482422,True,7.8495001792907715,2022-08-05,False,0.0,0.0,26.77877471775973,-0.009710403006483848,True
2022-08-09,TripCom,1.0,25.420000076293945,25.61000061035156,202.0,200.8000030517578,True,7.849800109863281,2022-08-08,False,0.0,0.0,25.580269591763543,-0.006285066494500224,True
2022-08-10,TripCom,1.0,25.799999237060547,25.36000061035156,200.8000030517578,195.6000061035156,True,7.849770069122315,2022-08-09,False,0.0,0.0,24.91792808975686,0.03478691435916392,True
2022-08-11,TripCom,1.0,25.63999938964844,25.940000534057617,197.0,201.3999938964844,True,7.849699974060059,2022-08-10,False,0.0,0.0,25.65703078614804,-0.0006640305322567208,True
2022-08-12,TripCom,1.0,25.299999237060547,26.280000686645508,202.6000061035156,204.6000061035156,True,7.84660005569458,2022-08-11,False,0.0,0.0,26.074988485621805,-0.030172193722082685,True
2022-08-15,TripCom,1.0,26.0,26.440000534057617,207.0,207.0,True,7.842800140380859,2022-08-12,False,0.0,0.0,26.393634453873478,-0.015026323885428017,True
2022-08-16,TripCom,1.0,26.11000061035156,26.559999465942383,207.0,206.0,True,7.838600158691406,2022-08-15,False,0.0,0.0,26.280202565452722,-0.006497495469548031,True
2022-08-17,TripCom,1.0,26.5,26.190000534057617,211.0,210.0,True,7.837900161743164,2022-08-16,False,0.0,0.0,26.792890400034846,-0.010991835749931678,True
2022-08-18,TripCom,1.0,25.959999084472656,25.93000030517578,202.0,201.3999938964844,True,7.84089994430542,2022-08-17,False,0.0,0.0,25.68582628614645,0.010617523179071497,True
2022-08-19,TripCom,1.0,25.93000030517578,26.11000061035156,202.0,206.3999938964844,True,7.84250020980835,2022-08-18,False,0.0,0.0,26.318136866397136,-0.014857704880887557,True
2022-08-22,TripCom,1.0,26.0,26.559999465942383,206.8000030517578,205.1999969482422,True,7.843500137329102,2022-08-19,False,0.0,0.0,26.16178917007295,-0.006203379580209667,True
2022-08-23,TripCom,1.0,26.780000686645508,26.88999938964844,206.6000061035156,210.6000061035156,True,7.846199989318848,2022-08-22,False,0.0,0.0,26.841019396677197,-0.0022759259811095944,True
2022-08-24,TripCom,1.0,26.61000061035156,27.86000061035156,212.1999969482422,210.6000061035156,True,7.846199989318848,2022-08-23,False,0.0,0.0,26.841019396677197,-0.008644183957849272,True
2022-08-25,TripCom,1.0,28.420000076293945,28.670000076293945,213.0,223.0,True,7.846399784088135,2022-08-24,False,0.0,0.0,28.42067778042944,-2.384574431824049e-05,True
2022-08-26,TripCom,1.0,29.93000030517578,28.8700008392334,228.0,223.6000061035156,True,7.845799922943115,2022-08-25,False,0.0,0.0,28.499325537177196,0.04898091042855324,True
2022-08-29,TripCom,1.0,28.850000381469727,27.36000061035156,224.0,225.0,True,7.84630012512207,2022-08-26,False,0.0,0.0,28.675935971350512,0.006051703019068544,True
2022-08-30,TripCom,1.0,27.11000061035156,25.520000457763672,217.6000061035156,213.0,True,7.847700119018555,2022-08-29,False,0.0,0.0,27.141709898394804,-0.0011689692861942547,True
2022-08-31,TripCom,1.0,26.059999465942383,25.719999313354492,199.0,206.1999969482422,True,7.8471999168396,2022-08-30,False,0.0,0.0,26.276888461290493,-0.00828823590904948,True
2022-09-01,TripCom,1.0,24.8700008392334,25.68000030517578,204.0,198.0,True,7.848899841308594,2022-08-31,False,0.0,0.0,25.226465364984044,-0.014231364765690646,True
2022-09-02,TripCom,1.0,25.36000061035156,25.290000915527344,197.1999969482422,198.3000030517578,True,7.848060131072998,2022-09-01,False,0.0,0.0,25.267390888943908,0.0036584869162652467,True
2022-09-06,TripCom,1.0,25.290000915527344,24.90999984741211,198.5,200.6000061035156,True,7.84867000579834,2022-09-05,False,0.0,0.0,25.558471174774695,-0.010559717643941813,True
2022-09-07,TripCom,1.0,24.84000015258789,25.309999465942383,196.0,198.0,True,7.848800182342529,2022-09-06,False,0.0,0.0,25.22678567425391,-0.015451090387484712,True
2022-09-08,TripCom,1.0,24.63999938964844,25.100000381469727,200.0,194.1999969482422,True,7.8495001792907715,2022-09-07,False,0.0,0.0,24.740428372827786,-0.004067567908878633,True
2022-09-09,TripCom,1.0,25.56999969482422,25.549999237060547,197.0,201.3999938964844,True,7.849279880523682,2022-09-08,False,0.0,0.0,25.658403950687966,-0.0034513799895696806,True
2022-09-13,TripCom,1.0,25.3799991607666,25.450000762939453,201.6000061035156,205.6000061035156,True,7.848800182342529,2022-09-12,False,0.0,0.0,26.195087316154968,-0.031610456948907295,True
2022-09-14,TripCom,1.0,25.549999237060547,25.940000534057617,203.0,201.1999969482422,True,7.848659992218018,2022-09-13,False,0.0,0.0,25.634948787147476,-0.0033193206738748593,True
2022-09-15,TripCom,1.0,26.040000915527344,26.459999084472656,201.3999938964844,205.6000061035156,True,7.8495001792907715,2022-09-14,False,0.0,0.0,26.192751309942928,-0.0058488524292230615,True
2022-09-16,TripCom,1.0,25.59000015258789,25.1299991607666,204.0,203.8000030517578,True,7.84876012802124,2022-09-15,False,0.0,0.0,25.965885022293076,-0.014581905783795257,True
2022-09-19,TripCom,1.0,24.979999542236328,25.729999542236328,198.8000030517578,196.6000061035156,True,7.848999977111816,2022-09-16,False,0.0,0.0,25.04777763750971,-0.0027096201575771417,True
2022-09-20,TripCom,1.0,26.799999237060547,26.700000762939453,202.0,207.0,True,7.849160194396973,2022-09-19,False,0.0,0.0,26.372248097033925,0.016089610249446995,True
2022-09-21,TripCom,1.0,25.950000762939453,24.43000030517578,207.6000061035156,206.0,True,7.848899841308594,2022-09-20,False,0.0,0.0,26.245716490841986,-0.011331155408596416,True
2022-09-22,TripCom,1.0,25.0,25.600000381469727,196.6000061035156,196.6999969482422,True,7.849279880523682,2022-09-21,False,0.0,0.0,25.059623295674726,-0.0023820923907580394,True
2022-09-23,TripCom,1.0,25.8799991607666,25.989999771118164,199.5,206.8000030517578,True,7.849679946899414,2022-09-22,False,0.0,0.0,26.34502354881906,-0.01780896031896173,True
2022-09-26,TripCom,1.0,27.3799991607666,27.3700008392334,209.3999938964844,217.8000030517578,True,7.848899841308594,2022-09-23,False,0.0,0.0,27.749112290295898,-0.013391060932907983,True
2022-09-27,TripCom,1.0,28.299999237060547,27.65999984741211,217.8000030517578,224.8000030517578,True,7.849579811096191,2022-09-26,False,0.0,0.0,28.6384760027511,-0.011889350791980835,True
2022-09-28,TripCom,1.0,27.100000381469727,28.299999237060547,223.0,214.0,True,7.849279880523682,2022-09-27,False,0.0,0.0,27.26364752657062,-0.006020480438550635,True
2022-09-29,TripCom,1.0,27.010000228881836,27.18000030517578,222.8000030517578,212.3999938964844,True,7.849599838256836,2022-09-28,False,0.0,0.0,27.05870340820484,-0.0018015298765852172,True
2022-09-30,TripCom,1.0,26.579999923706055,27.309999465942383,211.6000061035156,210.8000030517578,True,7.848800182342529,2022-09-29,False,0.0,0.0,26.85760857130689,-0.010390103630546044,True
2022-10-03,TripCom,1.0,27.38999938964844,27.68000030517578,216.3999938964844,217.0,True,7.849599838256836,2022-09-30,False,0.0,0.0,27.64472131972899,-0.00925683807245159,True
2022-10-05,TripCom,1.0,29.25,30.239999771118164,227.1999969482422,230.3999938964844,True,7.85099983215332,2022-10-04,False,0.0,0.0,29.346579903478588,-0.0032964378158180097,True
2022-10-06,TripCom,1.0,30.309999465942383,29.459999084472656,237.1999969482422,240.8000030517578,True,7.849629878997803,2022-10-05,False,0.0,0.0,30.67660600100827,-0.012022671147710717,True
2022-10-07,TripCom,1.0,28.690000534057617,28.329999923706055,235.3999938964844,229.6000061035156,True,7.849440097808838,2022-10-06,False,0.0,0.0,29.25049471587256,-0.019347838289962116,True
2022-10-10,TripCom,1.0,27.079999923706055,26.600000381469727,226.1999969482422,213.8000030517578,True,7.849899768829346,2022-10-07,False,0.0,0.0,27.236016936257236,-0.0057448042273078315,True
2022-10-11,TripCom,1.0,25.68000030517578,23.6299991607666,209.0,202.0,True,7.849629878997803,2022-10-10,False,0.0,0.0,25.733697398964527,-0.0020888251851469697,True
2022-10-12,TripCom,1.0,23.979999542236328,23.86000061035156,190.3000030517578,190.8000030517578,True,7.849689960479736,2022-10-11,False,0.0,0.0,24.3066928773448,-0.013531608964688413,True
2022-10-13,TripCom,1.0,23.290000915527344,24.299999237060547,189.8999938964844,187.3999938964844,True,7.849800109863281,2022-10-12,False,0.0,0.0,23.87321858820534,-0.024733146270301543,True
2022-10-14,TripCom,1.0,24.979999542236328,23.670000076293945,194.3000030517578,194.1000061035156,True,7.849480152130127,2022-10-13,False,0.0,0.0,24.727752964741537,0.010149271694966266,True
2022-10-17,TripCom,1.0,24.86000061035156,24.239999771118164,190.5,190.3000030517578,True,7.849579811096191,2022-10-14,False,0.0,0.0,24.243336284414756,0.025118323408239718,True
2022-10-18,TripCom,1.0,25.149999618530273,24.530000686645508,193.1999969482422,197.1000061035156,True,7.849400043487549,2022-10-17,False,0.0,0.0,25.110200144155545,0.0015837375450749036,True
2022-10-19,TripCom,1.0,23.5,22.6200008392334,195.1000061035156,189.8999938964844,True,7.849199771881104,2022-10-18,False,0.0,0.0,24.193548312629304,-0.029085577817107744,True
2022-10-20,TripCom,1.0,23.219999313354492,23.260000228881836,177.0,181.8999938964844,True,7.849490165710449,2022-10-19,False,0.0,0.0,23.173478793704664,0.002005477370520481,True
2022-10-21,TripCom,1.0,23.260000228881836,23.940000534057617,182.0,184.3999938964844,True,7.849199771881104,2022-10-20,False,0.0,0.0,23.49283993982127,-0.009960534382165598,True
2022-10-24,TripCom,1.0,20.829999923706055,20.36000061035156,182.8000030517578,168.1999969482422,True,7.848569869995117,2022-10-21,False,0.0,0.0,21.43065548683799,-0.028428144754133466,True
2022-10-25,TripCom,1.0,21.34000015258789,21.8799991607666,163.0,169.8000030517578,True,7.849400043487549,2022-10-24,False,0.0,0.0,21.63222693594737,-0.01360093753360081,True
2022-10-26,TripCom,1.0,22.649999618530273,23.31999969482422,173.10000610351562,178.3000030517578,True,7.849629878997803,2022-10-25,False,0.0,0.0,22.71444715231875,-0.002841325387336724,True
2022-10-27,TripCom,1.0,23.600000381469727,23.200000762939453,186.8000030517578,186.1999969482422,True,7.849299907684326,2022-10-26,False,0.0,0.0,23.721860438273694,-0.005150276175023283,True
2022-10-28,TripCom,1.0,22.059999465942383,22.829999923706055,183.8999938964844,174.60000610351562,True,7.849299907684326,2022-10-27,False,0.0,0.0,22.244022799101522,-0.008307344663869731,True
2022-10-31,TripCom,1.0,22.209999084472656,22.6299991607666,174.60000610351562,173.1999969482422,True,7.849299907684326,2022-10-28,False,0.0,0.0,22.065661776878017,0.006519962259177614,True
2022-11-01,TripCom,1.0,25.0,24.540000915527344,180.0,193.8999938964844,True,7.848740100860596,2022-10-31,False,0.0,0.0,24.704601172259956,0.011886316304927202,True
2022-11-02,TripCom,1.0,24.649999618530273,25.5,193.8999938964844,207.0,True,7.849480152130127,2022-11-01,False,0.0,0.0,26.371173120786356,-0.06749460130919793,True
2022-11-03,TripCom,1.0,24.8799991607666,26.520000457763672,198.6999969482422,199.3000030517578,True,7.849629878997803,2022-11-02,False,0.0,0.0,25.38973252547843,-0.020280626880893937,True
2022-11-04,TripCom,1.0,28.420000076293945,28.0,207.0,223.1999969482422,True,7.8496599197387695,2022-11-03,False,0.0,0.0,28.43435247264446,-0.0005048829513283337,True
2022-11-07,TripCom,1.0,28.040000915527344,26.989999771118164,212.1999969482422,216.6000061035156,True,7.849760055541992,2022-11-04,False,0.0,0.0,27.593200883967693,0.016062697225684985,True
2022-11-08,TripCom,1.0,26.649999618530273,27.170000076293945,216.6000061035156,212.6000061035156,True,7.849510192871094,2022-11-07,False,0.0,0.0,27.084493284255927,-0.016172224283953263,True
2022-11-09,TripCom,1.0,25.969999313354492,25.0,212.6000061035156,208.3999938964844,True,7.849999904632568,2022-11-08,False,0.0,0.0,26.54777024564039,-0.022003761711402614,True
2022-11-10,TripCom,1.0,26.979999542236328,27.5,200.0,200.1999969482422,True,7.849100112915039,2022-11-09,False,0.0,0.0,25.506108224919924,0.056177872100998894,True
2022-11-11,TripCom,1.0,29.06999969482422,28.84000015258789,225.0,234.8000030517578,True,7.849370002746582,2022-11-10,False,0.0,0.0,29.91322908330206,-0.02859412273181361,True
2022-11-14,TripCom,1.0,28.670000076293945,27.719999313354492,232.6000061035156,221.0,True,7.845399856567383,2022-11-11,False,0.0,0.0,28.16937365085362,0.017615935531782423,True
2022-11-15,TripCom,1.0,29.700000762939453,29.280000686645508,219.8000030517578,228.3999938964844,True,7.835639953613281,2022-11-14,False,0.0,0.0,29.148862792140083,0.018731171737845997,True
2022-11-16,TripCom,1.0,29.030000686645508,28.760000228881836,230.3999938964844,230.1999969482422,True,7.835999965667725,2022-11-15,False,0.0,0.0,29.37723302154536,-0.011890185640354378,True
2022-11-17,TripCom,1.0,28.290000915527344,29.170000076293945,225.0,233.6000061035156,True,7.819900035858154,2022-11-16,False,0.0,0.0,29.872505407018338,-0.054430088069263416,True
2022-11-18,TripCom,1.0,28.200000762939453,28.350000381469727,231.0,225.8000030517578,True,7.82420015335083,2022-11-17,False,0.0,0.0,28.85918031571005,-0.023106145854670856,True
2022-11-21,TripCom,1.0,27.25,27.5,222.0,221.1999969482422,True,7.826469898223877,2022-11-18,False,0.0,0.0,28.263061102227056,-0.036502169538878526,True
2022-11-22,TripCom,1.0,26.579999923706055,26.770000457763672,217.0,213.8000030517578,True,7.819139957427979,2022-11-21,False,0.0,0.0,27.343161040192584,-0.02830739380964209,True
2022-11-23,TripCom,1.0,27.190000534057617,27.11000061035156,213.6000061035156,213.0,True,7.804299831390381,2022-11-22,False,0.0,0.0,27.292646951270815,-0.003768045181359092,True
2022-11-25,TripCom,1.0,25.940000534057617,25.950000762939453,205.3999938964844,205.0,True,7.8180999755859375,2022-11-24,False,0.0,0.0,26.22120472239625,-0.01078222450058508,True
2022-11-28,TripCom,1.0,26.84000015258789,28.11000061035156,199.0,205.3999938964844,True,7.8084001541137695,2022-11-25,False,0.0,0.0,26.305003565713992,0.020134147053104012,True
2022-11-29,TripCom,1.0,29.1200008392334,29.200000762939453,218.0,227.8000030517578,True,7.8080902099609375,2022-11-28,False,0.0,0.0,29.174868236172372,-0.0018824096875396101,True
2022-11-30,TripCom,1.0,30.920000076293945,31.950000762939453,230.0,235.6000061035156,True,7.813419818878174,2022-11-29,False,0.0,0.0,30.153250633516105,0.025110493451480753,True
2022-12-01,TripCom,1.0,30.739999771118164,31.8700008392334,247.8000030517578,246.3999938964844,True,7.810750007629395,2022-11-30,False,0.0,0.0,31.546265551426618,-0.025890485276331976,True
2022-12-02,TripCom,1.0,31.979999542236328,32.2599983215332,246.8000030517578,248.6000061035156,True,7.80472993850708,2022-12-01,False,0.0,0.0,31.852480234706082,0.003995441744211181,True
2022-12-05,TripCom,1.0,33.33000183105469,32.70000076293945,252.0,262.79998779296875,True,7.779500007629395,2022-12-02,False,0.0,0.0,33.78108972751969,-0.013443223150197081,True
2022-12-06,TripCom,1.0,32.83000183105469,33.11000061035156,258.0,261.3999938964844,True,7.785140037536621,2022-12-05,False,0.0,0.0,33.576787653931106,-0.02249219730640606,True
2022-12-07,TripCom,1.0,31.38999938964844,32.27000045776367,261.3999938964844,248.3999938964844,True,7.768899917602539,2022-12-06,False,0.0,0.0,31.973638035118356,-0.01842240046836041,True
2022-12-08,TripCom,1.0,33.16999816894531,33.70000076293945,250.1999969482422,261.6000061035156,True,7.775259971618652,2022-12-07,False,0.0,0.0,33.64517804657479,-0.014223950787263018,True
2022-12-09,TripCom,1.0,33.880001068115234,32.40999984741211,266.6000061035156,266.3999938964844,True,7.791500091552734,2022-12-08,False,0.0,0.0,34.19110450698778,-0.009140606790995154,True
2022-12-12,TripCom,1.0,33.20000076293945,33.150001525878906,258.0,259.3999938964844,True,7.783840179443359,2022-12-09,False,0.0,0.0,33.32545220822284,-0.0037715367092538976,True
2022-12-13,TripCom,1.0,34.119998931884766,33.31999969482422,259.3999938964844,265.79998779296875,True,7.7868499755859375,2022-12-12,False,0.0,0.0,34.13446883224022,-0.00042399863470432564,True
2022-12-14,TripCom,1.0,33.5,34.40999984741211,265.6000061035156,259.20001220703125,True,7.774799823760986,2022-12-13,False,0.0,0.0,33.33848048600249,0.004833138851668473,True
2022-12-15,TripCom,1.0,34.790000915527344,34.630001068115234,272.0,268.3999938964844,True,7.774799823760986,2022-12-14,False,0.0,0.0,34.52178833932324,0.007739344716308327,True
2022-12-16,TripCom,1.0,35.0,34.81999969482422,277.20001220703125,279.0,True,7.775599956512451,2022-12-15,False,0.0,0.0,35.88147558521496,-0.02487310041895352,True
2022-12-19,TripCom,1.0,34.849998474121094,34.52000045776367,274.20001220703125,273.3999938964844,True,7.775760173797607,2022-12-16,False,0.0,0.0,35.1605486519215,-0.0088715837075104,True
2022-12-20,TripCom,1.0,33.47999954223633,34.5,271.3999938964844,264.79998779296875,True,7.778550148010254,2022-12-19,False,0.0,0.0,34.04233215115343,-0.016656581488341704,True
2022-12-21,TripCom,1.0,34.349998474121094,34.959999084472656,265.0,271.6000061035156,True,7.780300140380859,2022-12-20,False,0.0,0.0,34.90867976851859,-0.01613352800884371,True
2022-12-22,TripCom,1.0,35.0,34.81999969482422,272.0,278.3999938964844,True,7.787899971008301,2022-12-21,False,0.0,0.0,35.74776190409131,-0.021139601609523773,True
2022-12-23,TripCom,1.0,34.84000015258789,33.9900016784668,274.6000061035156,277.20001220703125,True,7.79610013961792,2022-12-22,False,0.0,0.0,35.556240587311976,-0.020349528426127694,True
2022-12-28,TripCom,1.0,35.52000045776367,34.54999923706055,288.0,285.0,True,7.805099964141846,2022-12-27,False,0.0,0.0,36.514586784198244,-0.027615887666259553,True
2022-12-29,TripCom,1.0,34.5,34.72999954223633,273.0,267.6000061035156,True,7.800399780273437,2022-12-28,False,0.0,0.0,34.30593477788841,0.005640959238207621,True
2022-12-30,TripCom,1.0,33.86000061035156,34.400001525878906,273.3999938964844,273.6000061035156,True,7.79380989074707,2022-12-29,False,0.0,0.0,35.10478314698665,-0.03610299845082787,True
2023-01-03,TripCom,1.0,35.0099983215332,35.689998626708984,273.0,271.79998779296875,True,7.79925012588501,2023-01-02,False,0.0,0.0,34.84950263242475,0.004594821585819808,True
2023-01-04,TripCom,1.0,37.16999816894531,38.130001068115234,278.79998779296875,294.3999938964844,True,7.805500030517578,2023-01-03,False,0.0,0.0,37.71699349759184,-0.01460881375080092,True
2023-01-05,TripCom,1.0,37.83000183105469,38.29999923706055,296.20001220703125,297.20001220703125,True,7.813199996948242,2023-01-04,False,0.0,0.0,38.03819335523404,-0.005488256211847453,True
2023-01-06,TripCom,1.0,37.400001525878906,38.33000183105469,300.0,291.0,True,7.815710067749023,2023-01-05,False,0.0,0.0,37.232701504728404,0.0044832973906547835,True
2023-01-09,TripCom,1.0,39.0,37.68000030517578,302.20001220703125,304.20001220703125,True,7.811500072479248,2023-01-06,False,0.0,0.0,38.942585852205326,0.001473242324498969,True
2023-01-10,TripCom,1.0,37.720001220703125,37.650001525878906,299.3999938964844,293.6000061035156,True,7.807819843292236,2023-01-09,False,0.0,0.0,37.60332743278521,0.0030979480943345017,True
2023-01-11,TripCom,1.0,36.70000076293945,36.52000045776367,296.3999938964844,288.3999938964844,True,7.804800033569336,2023-01-10,False,0.0,0.0,36.95161857524127,-0.006832675057780957,True
2023-01-12,TripCom,1.0,36.13999938964844,36.97999954223633,285.6000061035156,285.0,True,7.808499813079834,2023-01-11,False,0.0,0.0,36.49868820161886,-0.00987605198537489,True
2023-01-13,TripCom,1.0,37.52000045776367,37.529998779296875,287.79998779296875,291.79998779296875,True,7.811100006103516,2023-01-12,False,0.0,0.0,37.357092799344414,0.004351341869089698,True
2023-01-17,TripCom,1.0,36.54999923706055,36.31999969482422,291.79998779296875,292.20001220703125,True,7.810210227966309,2023-01-16,False,0.0,0.0,37.41256684240584,-0.023325494488256382,True
2023-01-18,TripCom,1.0,36.84000015258789,36.369998931884766,286.3999938964844,283.3999938964844,True,7.810420036315918,2023-01-17,False,0.0,0.0,36.284859531083654,0.015183654073220865,True
2023-01-19,TripCom,1.0,37.310001373291016,37.58000183105469,283.6000061035156,290.0,True,7.818160057067871,2023-01-18,False,0.0,0.0,37.093126500759034,0.00582974111309964,True
2023-01-20,TripCom,1.0,38.79999923706055,38.279998779296875,297.6000061035156,303.6000061035156,True,7.823440074920654,2023-01-19,False,0.0,0.0,38.80645894850735,-0.00016647355420529308,True
2023-01-26,TripCom,1.0,40.06999969482422,40.060001373291016,304.79998779296875,310.6000061035156,True,7.831500053405762,2023-01-25,False,0.0,0.0,39.66034654733124,0.010276056022606728,True
2023-01-27,TripCom,1.0,40.0,39.40999984741211,312.0,314.0,True,7.829500198364258,2023-01-26,False,0.0,0.0,40.10473108687078,-0.0026148554554619174,True
2023-01-30,TripCom,1.0,37.61000061035156,37.45000076293945,313.3999938964844,292.6000061035156,True,7.828080177307129,2023-01-27,False,0.0,0.0,37.37825871428037,0.006180771120889439,True
2023-01-31,TripCom,1.0,37.02000045776367,36.7599983215332,297.0,289.20001220703125,True,7.828519821166992,2023-01-30,False,0.0,0.0,36.94185092628665,0.002113239706628356,True
2023-02-01,TripCom,1.0,37.90999984741211,37.63999938964844,289.0,292.79998779296875,True,7.835130214691162,2023-01-31,False,0.0,0.0,37.37014954058553,0.014342680392619211,True
2023-02-02,TripCom,1.0,37.59000015258789,36.439998626708984,295.3999938964844,290.6000061035156,True,7.839660167694092,2023-02-01,False,0.0,0.0,37.067934054211804,0.013985776961488394,True
2023-02-03,TripCom,1.0,36.31999969482422,35.77000045776367,282.6000061035156,282.79998779296875,True,7.839000225067139,2023-02-02,False,0.0,0.0,36.0760275128767,0.006739958390940437,True
2023-02-06,TripCom,1.0,35.150001525878906,36.15999984741211,283.0,280.3999938964844,True,7.844399929046631,2023-02-03,False,0.0,0.0,35.745244560798774,-0.016792579346643688,True
2023-02-07,TripCom,1.0,37.11000061035156,37.08000183105469,283.79998779296875,289.0,True,7.846330165863037,2023-02-06,False,0.0,0.0,36.83250562885435,0.007505731097204205,True
2023-02-08,TripCom,1.0,36.9900016784668,37.08000183105469,290.0,291.79998779296875,True,7.846759796142578,2023-02-07,False,0.0,0.0,37.18732258586735,-0.00532026127366958,True
2023-02-09,TripCom,1.0,37.95000076293945,37.689998626708984,293.3999938964844,296.0,True,7.848499774932861,2023-02-08,False,0.0,0.0,37.714213988434764,0.006232471678056406,True
2023-02-10,TripCom,1.0,36.31999969482422,36.56999969482422,291.3999938964844,288.20001220703125,True,7.848700046539307,2023-02-09,False,0.0,0.0,36.719458062880875,-0.010938261676562533,True
2023-02-13,TripCom,1.0,37.25,37.849998474121094,285.0,291.3999938964844,True,7.849699974060059,2023-02-10,False,0.0,0.0,37.12243714529705,0.003430383208912424,True
2023-02-14,TripCom,1.0,37.34000015258789,37.779998779296875,296.0,291.6000061035156,True,7.849289894104004,2023-02-13,False,0.0,0.0,37.14985814481779,0.005105189487210726,True
2023-02-15,TripCom,1.0,37.310001373291016,37.83000183105469,293.20001220703125,291.3999938964844,True,7.849740028381348,2023-02-14,False,0.0,0.0,37.12224772322458,0.005044965067310336,True
2023-02-16,TripCom,1.0,37.900001525878906,38.04999923706055,296.0,298.0,True,7.848800182342529,2023-02-15,False,0.0,0.0,37.96758651983669,-0.0017816570574247237,True
2023-02-17,TripCom,1.0,36.849998474121094,36.470001220703125,296.6000061035156,290.6000061035156,True,7.846409797668457,2023-02-16,False,0.0,0.0,37.03604751689961,-0.005036118349686092,True
2023-02-21,TripCom,1.0,35.83000183105469,36.400001525878906,290.3999938964844,284.20001220703125,True,7.84453010559082,2023-02-20,False,0.0,0.0,36.22906769195532,-0.011076189114918922,True
2023-02-22,TripCom,1.0,36.790000915527344,36.77000045776367,282.3999938964844,282.6000061035156,True,7.833899974822998,2023-02-21,False,0.0,0.0,36.07398703222539,0.019654069230998772,True
2023-02-23,TripCom,1.0,37.38999938964844,36.279998779296875,287.0,290.6000061035156,True,7.844799995422363,2023-02-22,False,0.0,0.0,37.04364754653885,0.009306391857070828,True
2023-02-24,TripCom,1.0,35.09000015258789,34.790000915527344,282.0,278.20001220703125,True,7.845160007476807,2023-02-23,False,0.0,0.0,35.461356038869006,-0.010527347338147752,True
2023-02-27,TripCom,1.0,35.06999969482422,35.4900016784668,274.6000061035156,275.79998779296875,True,7.846839904785156,2023-02-24,False,0.0,0.0,35.14790554408795,-0.0022189748032226397,True
2023-02-28,TripCom,1.0,35.5,35.54999923706055,278.20001220703125,277.6000061035156,True,7.847780227661133,2023-02-27,False,0.0,0.0,35.37306066816916,0.0035821641219797584,True
2023-03-01,TripCom,1.0,37.290000915527344,37.72999954223633,277.6000061035156,291.79998779296875,True,7.844900131225586,2023-02-28,False,0.0,0.0,37.196137989252094,0.002520280345811532,True
2023-03-02,TripCom,1.0,37.29999923706055,37.869998931884766,290.0,296.79998779296875,True,7.849020004272461,2023-03-01,False,0.0,0.0,37.81363630509433,-0.013676480187724493,True
2023-03-03,TripCom,1.0,37.560001373291016,38.720001220703125,297.0,296.3999938964844,True,7.848100185394287,2023-03-02,False,0.0,0.0,37.76710119579001,-0.005498694022514794,True
2023-03-06,TripCom,1.0,39.5,38.61000061035156,301.3999938964844,310.0,True,7.849400043487549,2023-03-03,False,0.0,0.0,39.493464249818594,0.0001654757202609325,True
2023-03-07,TripCom,1.0,39.31999969482422,37.529998779296875,310.0,314.3999938964844,True,7.84945011138916,2023-03-06,False,0.0,0.0,40.05376038256561,-0.018489273788034666,True
2023-03-08,TripCom,1.0,37.72999954223633,36.939998626708984,296.0,297.3999938964844,True,7.849420070648193,2023-03-07,False,0.0,0.0,37.88814857909949,-0.00418283894475957,True
2023-03-09,TripCom,1.0,35.91999816894531,35.029998779296875,294.6000061035156,283.3999938964844,True,7.849689960479736,2023-03-08,False,0.0,0.0,36.10333596910168,-0.00509107772767825,True
2023-03-10,TripCom,1.0,35.97999954223633,36.08000183105469,276.79998779296875,280.0,True,7.849460124969482,2023-03-09,False,0.0,0.0,35.67124305903632,0.008618368170458357,True
2023-03-13,TripCom,1.0,36.20000076293945,37.279998779296875,284.6000061035156,294.20001220703125,True,7.849579811096191,2023-03-10,False,0.0,0.0,37.47971474742497,-0.03474070663943429,True
2023-03-14,TripCom,1.0,37.4900016784668,37.810001373291016,295.0,293.3999938964844,True,7.847519874572754,2023-03-13,False,0.0,0.0,37.3876076245628,0.002734972942736391,True
2023-03-15,TripCom,1.0,36.65999984741211,36.380001068115234,297.79998779296875,296.6000061035156,True,7.844600200653076,2023-03-14,False,0.0,0.0,37.809448348791975,-0.030872789459599925,True
2023-03-16,TripCom,1.0,36.43000030517578,37.38999938964844,288.79998779296875,288.3999938964844,True,7.848000049591064,2023-03-15,False,0.0,0.0,36.748215096088344,-0.008697036267901748,True
2023-03-17,TripCom,1.0,37.88999938964844,36.650001525878906,289.6000061035156,299.20001220703125,True,7.848050117492676,2023-03-16,False,0.0,0.0,38.124120989000616,-0.006159969713571911,True
2023-03-20,TripCom,1.0,35.209999084472656,36.439998626708984,299.20001220703125,281.3999938964844,True,7.849219799041748,2023-03-17,False,0.0,0.0,35.8506961329887,-0.01803287762758421,True
2023-03-21,TripCom,1.0,36.90999984741211,38.099998474121094,284.6000061035156,291.20001220703125,True,7.848849773406982,2023-03-20,False,0.0,0.0,37.10097920253975,-0.005160849956684199,True
2023-03-22,TripCom,1.0,38.099998474121094,37.189998626708984,296.0,300.0,True,7.842800140380859,2023-03-21,False,0.0,0.0,38.25164413604852,-0.00397230121440284,True
2023-03-23,TripCom,1.0,38.029998779296875,37.38999938964844,293.6000061035156,299.79998779296875,True,7.845620155334473,2023-03-22,False,0.0,0.0,38.21240155109035,-0.00478482101835187,True
2023-03-24,TripCom,1.0,36.9900016784668,36.220001220703125,297.0,294.0,True,7.847030162811279,2023-03-23,False,0.0,0.0,37.46640370943489,-0.012796979114805929,True
2023-03-27,TripCom,1.0,36.029998779296875,36.11000061035156,287.0,281.6000061035156,True,7.849400043487549,2023-03-24,False,0.0,0.0,35.87535410902546,0.004301346213887669,True
2023-03-28,TripCom,1.0,36.77000045776367,35.75,287.3999938964844,282.3999938964844,True,7.849530220031738,2023-03-27,False,0.0,0.0,35.97667452452238,0.02181150917810326,True
2023-03-29,TripCom,1.0,35.59000015258789,36.150001525878906,288.79998779296875,281.79998779296875,True,7.849699974060059,2023-03-28,False,0.0,0.0,35.899459689440185,-0.008657541138070712,True
2023-03-30,TripCom,1.0,36.189998626708984,36.97999954223633,282.20001220703125,284.0,True,7.849699974060059,2023-03-29,False,0.0,0.0,36.179726733314645,0.0002838726667047098,True
2023-03-31,TripCom,1.0,37.150001525878906,37.66999816894531,294.0,293.79998779296875,True,7.849899768829346,2023-03-30,False,0.0,0.0,37.42722791946974,-0.007434646542966217,True
2023-04-03,TripCom,1.0,37.720001220703125,37.400001525878906,294.79998779296875,294.6000061035156,True,7.849569797515869,2023-03-31,False,0.0,0.0,37.53071998885173,0.005030692809340209,True
2023-04-04,TripCom,1.0,37.13999938964844,37.54999923706055,296.0,294.0,True,7.849599838256836,2023-04-03,False,0.0,0.0,37.45413856221347,-0.008422673371169864,True
2023-04-06,TripCom,1.0,37.220001220703125,37.63999938964844,288.79998779296875,293.3999938964844,True,7.849299907684326,2023-04-05,False,0.0,0.0,37.379129011142886,-0.004266216812367496,True
2023-04-11,TripCom,1.0,38.099998474121094,37.08000183105469,293.6000061035156,297.20001220703125,True,7.849699974060059,2023-04-10,False,0.0,0.0,37.8613212210851,0.006284199365238496,True
2023-04-12,TripCom,1.0,36.70000076293945,35.2599983215332,294.3999938964844,287.20001220703125,True,7.849400043487549,2023-04-11,False,0.0,0.0,36.58878520853501,0.0030349974637831068,True
2023-04-13,TripCom,1.0,36.04999923706055,35.72999954223633,278.0,282.79998779296875,True,7.849800109863281,2023-04-12,False,0.0,0.0,36.02639351766808,0.0006550194684908917,True
2023-04-14,TripCom,1.0,35.5099983215332,35.47999954223633,283.0,281.6000061035156,True,7.847209930419922,2023-04-13,False,0.0,0.0,35.885366722748884,-0.010515300530554939,True
2023-04-17,TripCom,1.0,36.439998626708984,36.54999923706055,277.20001220703125,287.20001220703125,True,7.849699974060059,2023-04-14,False,0.0,0.0,36.58738718117965,-0.004036533773304818,True
2023-04-18,TripCom,1.0,36.81999969482422,37.650001525878906,287.0,288.3999938964844,True,7.849279880523682,2023-04-17,False,0.0,0.0,36.7422232722377,0.002114575890463044,True
2023-04-19,TripCom,1.0,37.29999923706055,37.13999938964844,293.20001220703125,294.0,True,7.849279880523682,2023-04-18,False,0.0,0.0,37.45566529351291,-0.004164668521780879,True
2023-04-20,TripCom,1.0,36.83000183105469,36.959999084472656,293.3999938964844,291.6000061035156,True,7.849170207977295,2023-04-19,False,0.0,0.0,37.150424615223116,-0.008662420675370708,True
2023-04-21,TripCom,1.0,36.5,36.56999969482422,291.6000061035156,286.6000061035156,True,7.84896993637085,2023-04-20,False,0.0,0.0,36.51434626796796,-0.00039297121417547487,True
2023-04-24,TripCom,1.0,36.0,35.790000915527344,285.20001220703125,284.3999938964844,True,7.848790168762207,2023-04-21,False,0.0,0.0,36.23488305603864,-0.0065033367241476014,True
2023-04-25,TripCom,1.0,35.150001525878906,35.11000061035156,281.0,274.0,True,7.847899913787842,2023-04-24,False,0.0,0.0,34.91379897934402,0.006742524375701109,True
2023-04-26,TripCom,1.0,35.4900016784668,34.91999816894531,273.3999938964844,278.79998779296875,True,7.849100112915039,2023-04-25,False,0.0,0.0,35.519993856904264,-0.0008447312239585614,True
2023-04-27,TripCom,1.0,35.060001373291016,35.0099983215332,276.3999938964844,276.6000061035156,True,7.849599838256836,2023-04-26,False,0.0,0.0,35.23746583302778,-0.005048968157290723,True
2023-04-28,TripCom,1.0,35.029998779296875,35.5099983215332,275.0,274.79998779296875,True,7.849699974060059,2023-04-27,False,0.0,0.0,35.00770586150637,0.0006365976343087887,True
2023-05-02,TripCom,1.0,34.86000061035156,34.52000045776367,280.0,273.6000061035156,True,7.849899768829346,2023-05-01,False,0.0,0.0,34.85394898797766,0.0001736129547666998,True
2023-05-03,TripCom,1.0,34.040000915527344,32.90999984741211,272.0,268.6000061035156,True,7.849629878997803,2023-05-02,False,0.0,0.0,34.21817464568266,-0.005220594701264236,True
2023-05-04,TripCom,1.0,32.84000015258789,32.939998626708984,259.79998779296875,259.79998779296875,True,7.849760055541992,2023-05-03,False,0.0,0.0,33.096551481156155,-0.0077818028654359495,True
2023-05-05,TripCom,1.0,32.88999938964844,33.099998474121094,264.0,260.3999938964844,True,7.848790168762207,2023-05-04,False,0.0,0.0,33.17708695193093,-0.008690843964005879,True
2023-05-08,TripCom,1.0,33.150001525878906,33.150001525878906,265.0,261.0,True,7.847099781036377,2023-05-05,False,0.0,0.0,33.260695961932754,-0.003333635777205579,True
2023-05-09,TripCom,1.0,31.950000762939453,32.47999954223633,261.6000061035156,251.1999969482422,True,7.847179889678955,2023-05-08,False,0.0,0.0,32.01149973363479,-0.0019230002163630466,True
2023-05-10,TripCom,1.0,32.7599983215332,32.52000045776367,252.8000030517578,254.1999969482422,True,7.84867000579834,2023-05-09,False,0.0,0.0,32.38765252717308,0.011430952426763508,True
2023-05-11,TripCom,1.0,32.38999938964844,33.41999816894531,256.0,254.0,True,7.841700077056885,2023-05-10,False,0.0,0.0,32.39093532066458,-2.8895261249051174e-05,True
2023-05-12,TripCom,1.0,33.27000045776367,33.04999923706055,261.6000061035156,257.3999938964844,True,7.832149982452393,2023-05-11,False,0.0,0.0,32.86453840556915,0.01226188734006195,True
2023-05-15,TripCom,1.0,33.68000030517578,34.2400016784668,257.3999938964844,263.3999938964844,True,7.836800098419189,2023-05-12,False,0.0,0.0,33.61065621025812,0.002061032632330484,True
2023-05-16,TripCom,1.0,33.59000015258789,33.95000076293945,267.6000061035156,264.0,True,7.842400074005127,2023-05-15,False,0.0,0.0,33.6631640197839,-0.002175775577536676,True
2023-05-17,TripCom,1.0,33.18000030517578,33.75,269.79998779296875,259.20001220703125,True,7.838319778442383,2023-05-16,False,0.0,0.0,33.068313048404235,0.003371779806343511,True
2023-05-18,TripCom,1.0,34.43000030517578,33.56999969482422,263.0,269.6000061035156,True,7.838300228118896,2023-05-17,False,0.0,0.0,34.395213025441436,0.0010108877550338846,True
2023-05-19,TripCom,1.0,33.25,33.25,266.0,258.79998779296875,True,7.829699993133545,2023-05-18,False,0.0,0.0,33.05362760002682,0.005923445858420973,True
2023-05-22,TripCom,1.0,34.09000015258789,33.90999984741211,262.0,264.6000061035156,True,7.827300071716309,2023-05-19,False,0.0,0.0,33.80476073220178,0.008402447990166984,True
2023-05-23,TripCom,1.0,33.5099983215332,32.959999084472656,265.6000061035156,261.6000061035156,True,7.816800117492676,2023-05-22,False,0.0,0.0,33.46638038218466,0.0013024874249438767,True
2023-05-24,TripCom,1.0,32.400001525878906,32.02000045776367,257.0,253.0,True,7.828499794006348,2023-05-23,False,0.0,0.0,32.3178139691211,0.002539875621932808,True
2023-05-25,TripCom,1.0,30.850000381469727,31.209999084472656,251.0,244.0,True,7.836820125579834,2023-05-24,False,0.0,0.0,31.1350772494535,-0.009198306717641547,True
2023-05-30,TripCom,1.0,31.13999938964844,31.3799991607666,248.3999938964844,246.1999969482422,True,7.834549903869629,2023-05-29,False,0.0,0.0,31.424906340393527,-0.009107627249188788,True
2023-05-31,TripCom,1.0,32.0,31.579999923706055,245.3999938964844,251.1999969482422,True,7.828000068664551,2023-05-30,False,0.0,0.0,32.08993290046006,-0.0028064613401102,True
2023-06-01,TripCom,1.0,30.809999465942383,32.22999954223633,250.8000030517578,241.6000061035156,True,7.834070205688477,2023-05-31,False,0.0,0.0,30.839652921170526,-0.0009619991797786831,True
2023-06-02,TripCom,1.0,33.470001220703125,34.41999816894531,248.8000030517578,256.79998779296875,True,7.831210136413574,2023-06-01,False,0.0,0.0,32.79186528259531,0.020469076741155057,True
2023-06-05,TripCom,1.0,34.22999954223633,33.959999084472656,269.79998779296875,268.20001220703125,True,7.831500053405762,2023-06-02,False,0.0,0.0,34.246314292036104,-0.00047650783738051317,True
2023-06-06,TripCom,1.0,34.41999816894531,35.119998931884766,268.20001220703125,270.0,True,7.837470054626465,2023-06-05,False,0.0,0.0,34.4498923910553,-0.0008681362419609151,True
2023-06-07,TripCom,1.0,35.0099983215332,34.290000915527344,273.3999938964844,268.6000061035156,True,7.837860107421875,2023-06-06,False,0.0,0.0,34.269558581323906,0.021376231835516624,True
2023-06-08,TripCom,1.0,35.720001220703125,36.150001525878906,275.6000061035156,282.3999938964844,True,7.842999935150147,2023-06-07,False,0.0,0.0,36.00662963553602,-0.007992287861525504,True
2023-06-09,TripCom,1.0,36.369998931884766,37.779998779296875,283.20001220703125,284.79998779296875,True,7.839739799499512,2023-06-08,False,0.0,0.0,36.327734730577454,0.0011627379270215954,True
2023-06-12,TripCom,1.0,37.2400016784668,36.790000915527344,292.20001220703125,292.20001220703125,True,7.836780071258545,2023-06-09,False,0.0,0.0,37.285723160546155,-0.0012269988091859751,True
2023-06-13,TripCom,1.0,37.79999923706055,36.18000030517578,293.3999938964844,297.20001220703125,True,7.838799953460693,2023-06-12,False,0.0,0.0,37.91396820578673,-0.003010515989383844,True
2023-06-14,TripCom,1.0,35.5099983215332,35.91999816894531,286.79998779296875,281.6000061035156,True,7.834420204162598,2023-06-13,False,0.0,0.0,35.94394974549558,-0.012146473945995773,True
2023-06-15,TripCom,1.0,36.099998474121094,35.86000061035156,281.6000061035156,281.79998779296875,True,7.833310127258301,2023-06-14,False,0.0,0.0,35.97457310063124,0.003480436924160557,True
2023-06-16,TripCom,1.0,36.0,36.0,283.0,282.20001220703125,True,7.830900192260742,2023-06-15,False,0.0,0.0,36.03672697628413,-0.0010196737416574564,True
2023-06-20,TripCom,1.0,34.869998931884766,34.70000076293945,280.20001220703125,278.20001220703125,True,7.8211798667907715,2023-06-19,False,0.0,0.0,35.570082384665035,-0.019878072029251292,True
2023-06-21,TripCom,1.0,34.970001220703125,35.209999084472656,275.3999938964844,274.6000061035156,True,7.8171000480651855,2023-06-20,False,0.0,0.0,35.128117129763744,-0.004511281641830678,True
2023-06-23,TripCom,1.0,34.959999084472656,34.279998779296875,274.79998779296875,275.3999938964844,True,7.8282999992370605,2023-06-22,False,0.0,0.0,35.18005108686747,-0.006274666865427658,True
2023-06-26,TripCom,1.0,34.20000076293945,33.9900016784668,270.20001220703125,267.79998779296875,True,7.830100059509277,2023-06-23,False,0.0,0.0,34.20134937710517,-3.943238439418906e-05,True
2023-06-27,TripCom,1.0,35.0,34.880001068115234,268.6000061035156,271.20001220703125,True,7.829730033874512,2023-06-26,False,0.0,0.0,34.6372111214196,0.01041949138793985,True
2023-06-28,TripCom,1.0,34.43000030517578,34.91999816894531,274.6000061035156,274.3999938964844,True,7.8302001953125,2023-06-27,False,0.0,0.0,35.043803102346246,-0.017670509990354244,True
2023-06-29,TripCom,1.0,34.400001525878906,34.66999816894531,277.6000061035156,273.20001220703125,True,7.833109855651856,2023-06-28,False,0.0,0.0,34.877592328148964,-0.013787960632682061,True
2023-06-30,TripCom,1.0,34.70000076293945,35.0,275.79998779296875,272.6000061035156,True,7.832940101623535,2023-06-29,False,0.0,0.0,34.801747819699756,-0.0029279012836855856,True
2023-07-03,TripCom,1.0,35.560001373291016,35.209999084472656,271.79998779296875,280.0,True,7.838799953460693,2023-06-30,False,0.0,0.0,35.71975323549173,-0.004482398418847122,True
2023-07-05,TripCom,1.0,35.16999816894531,35.11000061035156,284.0,275.3999938964844,True,7.834099769592285,2023-07-04,False,0.0,0.0,35.15400645846219,0.00045480091310201587,True
2023-07-06,TripCom,1.0,34.189998626708984,33.720001220703125,273.20001220703125,269.79998779296875,True,7.831399917602539,2023-07-05,False,0.0,0.0,34.4510548090569,-0.007606452056445612,True
2023-07-07,TripCom,1.0,33.959999084472656,34.58000183105469,265.79998779296875,262.3999938964844,True,7.822100162506104,2023-07-06,False,0.0,0.0,33.54597722415442,0.012266382155528444,True
2023-07-10,TripCom,1.0,34.2400016784668,35.2599983215332,267.6000061035156,267.6000061035156,True,7.820400238037109,2023-07-07,False,0.0,0.0,34.2181982965468,0.0006369838139237416,True
2023-07-11,TripCom,1.0,35.619998931884766,35.880001068115234,275.0,277.6000061035156,True,7.827300071716309,2023-07-10,False,0.0,0.0,35.46561439577538,0.00434362936788002,True
2023-07-12,TripCom,1.0,36.63999938964844,37.18000030517578,280.0,285.0,True,7.828199863433838,2023-07-11,False,0.0,0.0,36.40683745585729,0.006383923951422066,True
2023-07-13,TripCom,1.0,37.779998779296875,38.0099983215332,290.0,294.20001220703125,True,7.8267998695373535,2023-07-12,False,0.0,0.0,37.58879965132181,0.005073705356007263,True
2023-07-14,TripCom,1.0,37.29999923706055,36.90999984741211,295.79998779296875,291.79998779296875,True,7.8254899978637695,2023-07-13,False,0.0,0.0,37.288398282104424,0.00031106594150109856,True
2023-07-18,TripCom,1.0,36.939998626708984,36.09000015258789,285.6000061035156,288.79998779296875,True,7.814700126647949,2023-07-17,False,0.0,0.0,36.955991031334314,-0.0004328355286671304,True
2023-07-19,TripCom,1.0,36.59000015258789,36.75,282.3999938964844,286.0,True,7.81397008895874,2023-07-18,False,0.0,0.0,36.60111271786443,-0.0003036588713056787,True
2023-07-20,TripCom,1.0,36.650001525878906,36.540000915527344,283.0,288.20001220703125,True,7.813899993896484,2023-07-19,False,0.0,0.0,36.88299215911992,-0.006337057728060813,True
2023-07-21,TripCom,1.0,37.130001068115234,36.709999084472656,287.6000061035156,289.3999938964844,True,7.8084001541137695,2023-07-20,False,0.0,0.0,37.06264896580859,0.001815600892474123,True
2023-07-24,TripCom,1.0,36.2400016784668,37.900001525878906,285.6000061035156,283.3999938964844,True,7.813700199127197,2023-07-21,False,0.0,0.0,36.2696272795494,-0.0008171494781268329,True
2023-07-25,TripCom,1.0,38.5,37.91999816894531,290.79998779296875,296.6000061035156,True,7.817070007324219,2023-07-24,False,0.0,0.0,37.942605838967246,0.01458359598869663,True
2023-07-26,TripCom,1.0,37.47999954223633,38.41999816894531,294.6000061035156,296.0,True,7.813469886779785,2023-07-25,False,0.0,0.0,37.88329695886143,-0.010702856302467811,True
2023-07-27,TripCom,1.0,38.5,37.61000061035156,299.0,301.20001220703125,True,7.811200141906738,2023-07-26,False,0.0,0.0,38.56001724896367,-0.0015576757764019789,True
2023-07-28,TripCom,1.0,39.16999816894531,39.560001373291016,301.20001220703125,307.6000061035156,True,7.802000045776367,2023-07-27,False,0.0,0.0,39.4257888104007,-0.006509039590757215,True
2023-07-31,TripCom,1.0,40.0,41.040000915527344,314.20001220703125,311.3999938964844,True,7.8029398918151855,2023-07-28,False,0.0,0.0,39.908034434960115,0.00230178620447008,True
2023-08-01,TripCom,1.0,40.31999969482422,40.36000061035156,317.3999938964844,318.0,True,7.796470165252685,2023-07-31,False,0.0,0.0,40.78768894893778,-0.01153267823513282,True
2023-08-02,TripCom,1.0,39.29999923706055,38.31999969482422,316.3999938964844,310.20001220703125,True,7.797920227050781,2023-08-01,False,0.0,0.0,39.77983913338271,-0.012135730048731475,True
2023-08-03,TripCom,1.0,39.04999923706055,39.7400016784668,301.3999938964844,305.3999938964844,True,7.79419994354248,2023-08-02,False,0.0,0.0,39.182981718285184,-0.003399655942575741,True
2023-08-04,TripCom,1.0,40.0,39.75,310.79998779296875,314.3999938964844,True,7.8018798828125,2023-08-03,False,0.0,0.0,40.29797928433965,-0.007421871753757081,True
2023-08-07,TripCom,1.0,40.439998626708984,40.459999084472656,313.3999938964844,315.0,True,7.808199882507324,2023-08-04,False,0.0,0.0,40.3422049563169,0.0024211698574001517,True
2023-08-08,TripCom,1.0,39.380001068115234,39.939998626708984,315.0,314.79998779296875,True,7.811500072479248,2023-08-07,False,0.0,0.0,40.29955640684724,-0.023082361283524033,True
2023-08-09,TripCom,1.0,40.86000061035156,40.880001068115234,312.6000061035156,317.79998779296875,True,7.807400226593018,2023-08-08,False,0.0,0.0,40.704969460960996,0.003801419554216423,True
2023-08-10,TripCom,1.0,42.04999923706055,41.36000061035156,319.79998779296875,326.3999938964844,True,7.8140997886657715,2023-08-09,False,0.0,0.0,41.770645720435056,0.006665530933495756,True
2023-08-11,TripCom,1.0,40.2400016784668,40.52000045776367,326.20001220703125,320.0,True,7.820419788360596,2023-08-10,False,0.0,0.0,40.918519550097194,-0.016721193798426626,True
2023-08-14,TripCom,1.0,39.72999954223633,40.040000915527344,315.79998779296875,314.79998779296875,True,7.8196001052856445,2023-08-11,False,0.0,0.0,40.25781159578484,-0.013197503643350483,True
2023-08-15,TripCom,1.0,39.97999954223633,39.61000061035156,312.0,314.0,True,7.817599773406982,2023-08-14,False,0.0,0.0,40.16578094316485,-0.004636095189517242,True
2023-08-16,TripCom,1.0,38.88999938964844,39.349998474121094,313.0,314.6000061035156,True,7.819300174713135,2023-08-15,False,0.0,0.0,40.23378039903134,-0.03396981872377047,True
2023-08-17,TripCom,1.0,40.040000915527344,38.47999954223633,309.79998779296875,311.20001220703125,True,7.824100017547607,2023-08-16,False,0.0,0.0,39.774544229890104,0.006651861862118746,True
2023-08-18,TripCom,1.0,37.150001525878906,37.61000061035156,304.0,299.6000061035156,True,7.831299781799316,2023-08-17,False,0.0,0.0,38.25674082861883,-0.029355963322059697,True
2023-08-21,TripCom,1.0,37.43000030517578,37.70000076293945,295.3999938964844,294.20001220703125,True,7.829699993133545,2023-08-18,False,0.0,0.0,37.574876746878864,-0.0038631253745626815,True
2023-08-22,TripCom,1.0,38.5,38.04999923706055,295.0,298.79998779296875,True,7.832640171051025,2023-08-21,False,0.0,0.0,38.14805496840208,0.00918346865323727,True
2023-08-23,TripCom,1.0,38.65999984741211,39.33000183105469,298.79998779296875,304.0,True,7.839000225067139,2023-08-22,False,0.0,0.0,38.78045557747083,-0.0031109276551659626,True
2023-08-24,TripCom,1.0,40.029998779296875,39.599998474121094,311.6000061035156,317.79998779296875,True,7.83788013458252,2023-08-23,False,0.0,0.0,40.546676184898836,-0.012824666378838945,True
2023-08-25,TripCom,1.0,39.279998779296875,39.150001525878906,317.6000061035156,311.6000061035156,True,7.840799808502197,2023-08-24,False,0.0,0.0,39.740844520176516,-0.01166403562536944,True
2023-08-28,TripCom,1.0,39.13999938964844,39.540000915527344,320.79998779296875,308.79998779296875,True,7.841300010681152,2023-08-25,False,0.0,0.0,39.381223441563506,-0.006144193941204801,True
2023-08-29,TripCom,1.0,40.0,39.97999954223633,306.79998779296875,310.3999938964844,True,7.843339920043945,2023-08-28,False,0.0,0.0,39.574976612099356,0.010682439323677961,True
2023-08-30,TripCom,1.0,39.13999938964844,39.779998779296875,313.79998779296875,306.79998779296875,True,7.84591007232666,2023-08-29,False,0.0,0.0,39.103174133372264,0.0009413027958133924,True
2023-08-31,TripCom,1.0,39.7599983215332,39.310001373291016,310.3999938964844,309.3999938964844,True,7.846199989318848,2023-08-30,False,0.0,0.0,39.433100649699895,0.008255757958447685,True
2023-09-05,TripCom,1.0,38.5,38.2599983215332,329.3999938964844,304.0,True,7.845590114593506,2023-09-04,False,0.0,0.0,38.74788200246818,-0.006417855010993012,True
2023-09-06,TripCom,1.0,38.43000030517578,37.88999938964844,301.6000061035156,302.20001220703125,True,7.835700035095215,2023-09-05,False,0.0,0.0,38.56707261042556,-0.003560458725591964,True
2023-09-07,TripCom,1.0,36.349998474121094,35.849998474121094,301.0,290.79998779296875,True,7.841599941253662,2023-09-06,False,0.0,0.0,37.08426723774914,-0.01999865399831613,True
2023-09-11,TripCom,1.0,36.29999923706055,35.9900016784668,281.79998779296875,288.20001220703125,True,7.836880207061768,2023-09-08,False,0.0,0.0,36.77483955252192,-0.012996183275016726,True
2023-09-12,TripCom,1.0,36.0,36.20000076293945,283.0,284.0,True,7.840419769287109,2023-09-11,False,0.0,0.0,36.222550368093714,-0.006162924775194867,True
2023-09-13,TripCom,1.0,36.029998779296875,35.849998474121094,286.0,285.6000061035156,True,7.831860065460205,2023-09-12,False,0.0,0.0,36.46643373558968,-0.012040322912874935,True
2023-09-14,TripCom,1.0,36.04999923706055,35.63999938964844,284.6000061035156,281.3999938964844,True,7.827400207519531,2023-09-13,False,0.0,0.0,35.95063321614148,0.00276014475477826,True
2023-09-15,TripCom,1.0,36.02000045776367,35.90999984741211,279.0,284.3999938964844,True,7.826300144195557,2023-09-14,False,0.0,0.0,36.339009321973435,-0.008817448774401715,True
2023-09-18,TripCom,1.0,36.0,36.130001068115234,280.79998779296875,282.6000061035156,True,7.82919979095459,2023-09-15,False,0.0,0.0,36.09564369911923,-0.002653246446542301,True
2023-09-19,TripCom,1.0,36.099998474121094,36.0099983215332,283.0,283.20001220703125,True,7.82544994354248,2023-09-18,False,0.0,0.0,36.18961391999273,-0.0024793463074543887,True
2023-09-20,TripCom,1.0,35.970001220703125,35.7599983215332,283.20001220703125,279.6000061035156,True,7.81820011138916,2023-09-19,False,0.0,0.0,35.76270779974133,0.0057796227363686725,True
2023-09-21,TripCom,1.0,35.33000183105469,35.41999816894531,280.0,280.3999938964844,True,7.820899963378906,2023-09-20,False,0.0,0.0,35.85265061686604,-0.014684987428485563,True
2023-09-22,TripCom,1.0,36.68000030517578,35.83000183105469,280.20001220703125,287.3999938964844,True,7.823800086975098,2023-09-21,False,0.0,0.0,36.7340666557856,-0.00147291554936535,True
2023-09-25,TripCom,1.0,35.0099983215332,35.84000015258789,278.0,275.20001220703125,True,7.821000099182129,2023-09-22,False,0.0,0.0,35.187317314547784,-0.005052027091066336,True
2023-09-26,TripCom,1.0,35.400001525878906,35.25,278.20001220703125,275.79998779296875,True,7.820409774780273,2023-09-25,False,0.0,0.0,35.26669263321534,0.003772896196283071,True
2023-09-27,TripCom,1.0,35.209999084472656,35.43000030517578,278.0,277.6000061035156,True,7.816359996795654,2023-09-26,False,0.0,0.0,35.515253419407344,-0.008632170819096618,True
2023-09-28,TripCom,1.0,34.70000076293945,35.09000015258789,277.6000061035156,272.20001220703125,True,7.821300029754639,2023-09-27,False,0.0,0.0,34.80240000658438,-0.0029466411693102046,True
2023-09-29,TripCom,1.0,35.689998626708984,34.970001220703125,271.6000061035156,279.20001220703125,True,7.821080207824707,2023-09-28,False,0.0,0.0,35.69839520731443,-0.00023523657539303855,True
2023-10-03,TripCom,1.0,34.2599983215332,33.2400016784668,273.0,269.20001220703125,True,7.831600189208984,2023-10-02,False,0.0,0.0,34.373564240160896,-0.0033093436515434504,True
2023-10-04,TripCom,1.0,32.959999084472656,33.11000061035156,263.79998779296875,259.0,True,7.831900119781494,2023-10-03,False,0.0,0.0,33.0698803660466,-0.003328232125185515,True
2023-10-05,TripCom,1.0,32.810001373291016,33.18000030517578,259.6000061035156,257.6000061035156,True,7.832600116729736,2023-10-04,False,0.0,0.0,32.888185566029975,-0.0023801031136492234,True
2023-10-06,TripCom,1.0,33.29999923706055,33.900001525878906,260.20001220703125,260.6000061035156,True,7.828800201416016,2023-10-05,False,0.0,0.0,33.28734919769446,0.00037995324384088036,True
2023-10-09,TripCom,1.0,33.09000015258789,33.29999923706055,260.6000061035156,259.79998779296875,True,7.831099987030029,2023-10-06,False,0.0,0.0,33.175414465816154,-0.002577946913154161,True
2023-10-10,TripCom,1.0,33.63999938964844,34.2400016784668,261.79998779296875,261.79998779296875,True,7.831459999084473,2023-10-09,False,0.0,0.0,33.42926961557285,0.006283964940901665,True
2023-10-11,TripCom,1.0,34.349998474121094,34.459999084472656,267.6000061035156,265.79998779296875,True,7.828700065612793,2023-10-10,False,0.0,0.0,33.951995294912756,0.011654350395845281,True
2023-10-12,TripCom,1.0,34.72999954223633,33.900001525878906,273.6000061035156,271.79998779296875,True,7.819240093231201,2023-10-11,False,0.0,0.0,34.76040952218042,-0.000875228173060183,True
2023-10-13,TripCom,1.0,33.380001068115234,33.040000915527344,265.20001220703125,261.79998779296875,True,7.819699764251709,2023-10-12,False,0.0,0.0,33.47954469937647,-0.0029776961141534386,True
2023-10-16,TripCom,1.0,32.880001068115234,33.61000061035156,260.0,255.6000061035156,True,7.823800086975098,2023-10-13,False,0.0,0.0,32.66954718449839,0.006421237441025074,True
2023-10-17,TripCom,1.0,32.83000183105469,33.150001525878906,262.6000061035156,258.79998779296875,True,7.823309898376465,2023-10-16,False,0.0,0.0,33.08062586740637,-0.007605002501956282,True
2023-10-18,TripCom,1.0,32.810001373291016,32.939998626708984,258.79998779296875,258.20001220703125,True,7.817500114440918,2023-10-17,False,0.0,0.0,33.028462862452656,-0.006636311872161738,True
2023-10-19,TripCom,1.0,32.650001525878906,33.04999923706055,255.8000030517578,253.8000030517578,True,7.8242998123168945,2023-10-18,False,0.0,0.0,32.43740770927894,0.006532586720807476,True
2023-10-20,TripCom,1.0,32.4900016784668,32.09000015258789,254.0,252.6000061035156,True,7.828589916229248,2023-10-19,False,0.0,0.0,32.26634793832501,0.006907573720873472,True
2023-10-24,TripCom,1.0,33.40999984741211,34.65999984741211,263.79998779296875,258.6000061035156,True,7.825240135192871,2023-10-23,False,0.0,0.0,33.046909952385995,0.010927186020532886,True
2023-10-25,TripCom,1.0,34.18000030517578,34.540000915527344,270.20001220703125,266.0,True,7.8238701820373535,2023-10-24,False,0.0,0.0,33.99851912301707,0.005323718153709134,True
2023-10-26,TripCom,1.0,34.540000915527344,34.970001220703125,269.0,269.3999938964844,True,7.823550224304199,2023-10-25,False,0.0,0.0,34.43449408167427,0.0030593023159295463,True
2023-10-27,TripCom,1.0,35.58000183105469,35.31999969482422,274.0,277.20001220703125,True,7.821899890899658,2023-10-26,False,0.0,0.0,35.43896189844336,0.003971900197498712,True
2023-10-30,TripCom,1.0,35.63999938964844,35.20000076293945,274.6000061035156,279.6000061035156,True,7.820400238037109,2023-10-27,False,0.0,0.0,35.7526466156538,-0.0031557121297978163,True
2023-10-31,TripCom,1.0,34.52000045776367,34.0,276.3999938964844,268.79998779296875,True,7.821569919586182,2023-10-30,False,0.0,0.0,34.366500658628674,0.004456607628685383,True
2023-11-01,TripCom,1.0,33.95000076293945,33.529998779296875,264.6000061035156,262.20001220703125,True,7.820700168609619,2023-10-31,False,0.0,0.0,33.526411517403275,0.012555344768339971,True
2023-11-02,TripCom,1.0,33.63999938964844,33.09000015258789,265.20001220703125,260.6000061035156,True,7.82436990737915,2023-11-01,False,0.0,0.0,33.306197072526466,0.00997233901479122,True
2023-11-03,TripCom,1.0,33.599998474121094,33.58000183105469,258.3999938964844,260.20001220703125,True,7.822189807891846,2023-11-02,False,0.0,0.0,33.264343949377725,0.010039950505387196,True
2023-11-06,TripCom,1.0,34.2400016784668,34.0,266.0,268.79998779296875,True,7.824520111083984,2023-11-03,False,0.0,0.0,34.35354296197598,-0.003310556053147451,True
2023-11-07,TripCom,1.0,33.529998779296875,33.5,265.79998779296875,265.3999938964844,True,7.824120044708252,2023-11-06,False,0.0,0.0,33.92074666287673,-0.011586299076476347,True
2023-11-08,TripCom,1.0,33.29999923706055,33.529998779296875,263.79998779296875,261.79998779296875,True,7.820899963378906,2023-11-07,False,0.0,0.0,33.47440691209939,-0.005223800006648904,True
2023-11-09,TripCom,1.0,33.599998474121094,33.66999816894531,262.0,262.3999938964844,True,7.819699764251709,2023-11-08,False,0.0,0.0,33.55627476851015,0.0013021482484916191,True
2023-11-10,TripCom,1.0,33.439998626708984,33.90999984741211,262.0,260.6000061035156,True,7.81466007232666,2023-11-09,False,0.0,0.0,33.34758053345846,0.002767525141650573,True
2023-11-13,TripCom,1.0,34.56999969482422,35.209999084472656,261.79998779296875,269.20001220703125,True,7.808899879455566,2023-11-10,False,0.0,0.0,34.47348747744474,0.002795695414386845,True
2023-11-14,TripCom,1.0,35.36000061035156,35.36000061035156,273.3999938964844,272.0,True,7.811180114746094,2023-11-13,False,0.0,0.0,34.82188299390425,0.01533524421167165,True
2023-11-15,TripCom,1.0,36.06999969482422,35.790000915527344,278.6000061035156,278.20001220703125,True,7.808599948883057,2023-11-14,False,0.0,0.0,35.627386987192885,0.01234684696131616,True
2023-11-16,TripCom,1.0,34.91999816894531,35.36000061035156,278.0,273.3999938964844,True,7.805319786071777,2023-11-15,False,0.0,0.0,35.027391752014275,-0.003070698351332002,True
2023-11-17,TripCom,1.0,35.56999969482422,35.45000076293945,273.3999938964844,274.0,True,7.807069778442383,2023-11-16,False,0.0,0.0,35.096394393270906,0.013404176023850578,True
2023-11-20,TripCom,1.0,35.779998779296875,36.66999816894531,278.0,280.3999938964844,True,7.802360057830811,2023-11-17,False,0.0,0.0,35.937843398429415,-0.004401829982814132,True
2023-11-21,TripCom,1.0,32.65999984741211,32.779998779296875,282.0,275.6000061035156,True,7.7954301834106445,2023-11-20,False,0.0,0.0,35.354047130075834,-0.07926179033283409,True
2023-11-22,TripCom,1.0,34.060001373291016,34.93000030517578,256.79998779296875,264.3999938964844,True,7.792290210723877,2023-11-21,False,0.0,0.0,33.93097366068486,0.0037954410105944802,True
2023-11-24,TripCom,1.0,35.0,35.36000061035156,276.79998779296875,276.0,True,7.796500205993652,2023-11-23,False,0.0,0.0,35.40049928913254,-0.011377862763635616,True
2023-11-27,TripCom,1.0,35.369998931884766,35.52000045776367,276.0,279.6000061035156,True,7.798299789428711,2023-11-24,False,0.0,0.0,35.85396992335923,-0.013590324948939969,True
2023-11-28,TripCom,1.0,35.36000061035156,35.400001525878906,282.3999938964844,275.0,True,7.791699886322021,2023-11-27,False,0.0,0.0,35.293967171752875,0.0018692073466763937,True
2023-11-29,TripCom,1.0,34.81999969482422,34.470001220703125,277.6000061035156,272.79998779296875,True,7.788690090179443,2023-11-28,False,0.0,0.0,35.025143462433455,-0.005874262639976369,True
2023-11-30,TripCom,1.0,35.099998474121094,35.18000030517578,272.79998779296875,274.6000061035156,True,7.794509887695312,2023-11-29,False,0.0,0.0,35.22992594274707,-0.0036948032437891243,True
2023-12-01,TripCom,1.0,34.43000030517578,34.13999938964844,273.0,269.20001220703125,True,7.804100036621094,2023-11-30,False,0.0,0.0,34.494690091592624,-0.0018771155891839086,True
2023-12-04,TripCom,1.0,33.709999084472656,33.70000076293945,270.6000061035156,264.0,True,7.810259819030762,2023-12-01,False,0.0,0.0,33.80169240423066,-0.0027163702794958944,True
2023-12-05,TripCom,1.0,33.0,32.939998626708984,264.0,258.0,True,7.814080238342285,2023-12-04,False,0.0,0.0,33.01732156959951,-0.0005247583387260057,True
2023-12-06,TripCom,1.0,33.11000061035156,32.7599983215332,258.0,257.6000061035156,True,7.815529823303223,2023-12-05,False,0.0,0.0,32.96001831321032,0.004540109332848097,True
2023-12-07,TripCom,1.0,32.880001068115234,33.02000045776367,254.3999938964844,256.20001220703125,True,7.8190999031066895,2023-12-06,False,0.0,0.0,32.765921318544315,0.003475611592082206,True
2023-12-08,TripCom,1.0,33.11000061035156,32.900001525878906,256.79998779296875,260.79998779296875,True,7.810770034790039,2023-12-07,False,0.0,0.0,33.389792124379106,-0.008414858258011026,True
2023-12-11,TripCom,1.0,32.77000045776367,33.38999938964844,256.0,257.6000061035156,True,7.811500072479248,2023-12-08,False,0.0,0.0,32.9770215340672,-0.0062975250959089735,True
2023-12-12,TripCom,1.0,33.599998474121094,33.880001068115234,259.79998779296875,265.0,True,7.809460163116455,2023-12-11,False,0.0,0.0,33.9332033796109,-0.00986796420740621,True
2023-12-13,TripCom,1.0,33.97999954223633,33.47999954223633,265.79998779296875,264.79998779296875,True,7.80620002746582,2023-12-12,False,0.0,0.0,33.92175281971766,0.0017156180740331983,True
2023-12-14,TripCom,1.0,33.5,33.47999954223633,264.0,261.20001220703125,True,7.809500217437744,2023-12-13,False,0.0,0.0,33.44644406613892,0.0015999638526853488,True
2023-12-15,TripCom,1.0,33.689998626708984,33.7599983215332,263.0,266.6000061035156,True,7.811399936676025,2023-12-14,False,0.0,0.0,34.129606506482574,-0.012964216939966633,True
2023-12-18,TripCom,1.0,33.77000045776367,33.38999938964844,266.6000061035156,262.79998779296875,True,7.8069000244140625,2023-12-15,False,0.0,0.0,33.6625276321113,0.0031875689580589395,True
2023-12-19,TripCom,1.0,33.79999923706055,34.2400016784668,260.6000061035156,264.6000061035156,True,7.802299976348877,2023-12-18,False,0.0,0.0,33.91307779828999,-0.0033399358380350463,True
2023-12-20,TripCom,1.0,33.84000015258789,33.689998626708984,267.3999938964844,265.6000061035156,True,7.795100212097168,2023-12-19,False,0.0,0.0,34.07268654369993,-0.006852542962402897,True
2023-12-21,TripCom,1.0,33.9900016784668,34.689998626708984,265.6000061035156,267.0,True,7.799600124359131,2023-12-20,False,0.0,0.0,34.232524199045216,-0.007109779037441477,True
2023-12-22,TripCom,1.0,33.790000915527344,34.400001525878906,267.0,263.6000061035156,True,7.806859970092773,2023-12-21,False,0.0,0.0,33.76517666684665,0.0007349325599146361,True
2023-12-27,TripCom,1.0,33.9900016784668,34.2400016784668,265.0,265.79998779296875,True,7.809899806976318,2023-12-26,False,0.0,0.0,34.03372570228605,-0.0012855523072472508,True
2023-12-28,TripCom,1.0,34.95000076293945,35.27000045776367,268.0,276.6000061035156,True,7.80679988861084,2023-12-27,False,0.0,0.0,35.4306514897405,-0.013658816280913477,True
2023-12-29,TripCom,1.0,35.06999969482422,36.0099983215332,276.6000061035156,277.6000061035156,True,7.809899806976318,2023-12-28,False,0.0,0.0,35.54463091262003,-0.013443060212141145,True
