pair,cum_return,ann_return,ann_vol,sharpe,max_drawdown,sharpe_gross,n_trades,hit_rate,avg_days_held,pct_days_in_market,turnover,cost_drag,signal,L,k,exit_z,H,stop_z
Alibaba,-0.1433197531725131,-0.05580203838294151,0.14003303769738515,-0.3279650686187897,-0.14819601495658252,0.11788443373313046,63.0,0.38095238095238093,1.9365079365079365,0.18856259659969088,46.95476309589477,0.0643443344750668,spread,20,1.5,0.0,5,4.0
JD,-0.1002336082487505,-0.0384464555979287,0.14407890671927995,-0.19246965788511566,-0.13100022796339905,0.1822773685686044,55.0,0.2909090909090909,2.1272727272727274,0.18083462132921174,40.56778202732826,0.05561531813382699,spread,20,1.5,0.0,5,4.0
NetEase,-0.20450443677850572,-0.08141821839406516,0.12636230248338448,-0.5884385487258228,-0.22147377797266565,0.06408336838405534,61.0,0.36065573770491804,2.0655737704918034,0.1947449768160742,45.41478250211123,0.0849882292443451,spread,20,1.5,0.0,5,4.0
YumChina,0.04253682998004127,0.01558278704624061,0.10172716442433027,0.19811083464011395,-0.09213042687662076,1.0374650691726637,64.0,0.484375,2.375,0.23493044822256567,47.448993250539615,0.08896230174322722,spread,20,1.5,0.0,5,4.0
Baidu,-0.2783866691088688,-0.11406021857839932,0.13477565978213132,-0.8039980712201547,-0.29965684515752233,-0.019856300518606408,78.0,0.21794871794871795,2.0384615384615383,0.24613003095975233,58.25425506676064,0.10898011698722301,spread,20,1.5,0.0,5,4.0
TripCom,-0.1243370044966684,-0.048089480314377875,0.1179987172037325,-0.34608136214707275,-0.17976862773687818,0.42078976595148737,67.0,0.34328358208955223,2.0597014925373136,0.21362229102167182,49.77103743893126,0.09315400698768209,spread,20,1.5,0.0,5,4.0
Alibaba,-0.14229260421470402,-0.0553819804201211,0.14896887895112515,-0.296808528879815,-0.14717471257598602,0.11550606761010368,62.0,0.3709677419354839,1.9838709677419355,0.1901081916537867,46.17710037541854,0.06330550822369654,spread,20,1.5,0.0,10,4.0
JD,-0.1098068470485728,-0.04225673230072291,0.14631894297804124,-0.2136181346722454,-0.1359226663138431,0.15562230678731287,55.0,0.2727272727272727,2.1818181818181817,0.18547140649149924,40.592812569172004,0.05566465575616166,spread,20,1.5,0.0,10,4.0
NetEase,-0.2063265812451296,-0.08219979408161959,0.12740026617582734,-0.5890884477065202,-0.22325705284329345,0.058201484840296976,61.0,0.36065573770491804,2.098360655737705,0.19783616692426584,45.408465813474095,0.08500308054422136,spread,20,1.5,0.0,10,4.0
YumChina,0.10475420812823422,0.03767114386466708,0.10603953093990104,0.39103473023570595,-0.08399904732469499,1.1694705232885563,62.0,0.5,2.6129032258064515,0.250386398763524,45.94978928000651,0.08623089264794241,spread,20,1.5,0.0,10,4.0
Baidu,-0.29373886864607535,-0.12110381528970904,0.14157744549382412,-0.8134335977865021,-0.3145565253565854,-0.06682149067630531,78.0,0.20512820512820512,2.2051282051282053,0.26625386996904027,58.236073254933785,0.10903124568741984,spread,20,1.5,0.0,10,4.0
TripCom,-0.1114840970761114,-0.04292694900628036,0.11910961418686128,-0.2977178957402412,-0.17598460954025874,0.4506478804818805,66.0,0.36363636363636365,2.242424242424242,0.22910216718266255,48.97878567911444,0.09177191624292502,spread,20,1.5,0.0,10,4.0
Alibaba,-0.12898375196934353,-0.04996762650811937,0.13030697803852484,-0.3166813654869837,-0.13924629087959217,0.18250081381683803,66.0,0.4090909090909091,1.378787878787879,0.14064914992272023,49.12704783867677,0.06699369079301551,spread,20,1.5,0.5,5,4.0
JD,-0.08351922962235514,-0.031854556459629646,0.14079663984636595,-0.15323082396897825,-0.12808398713367697,0.22958804767567947,55.0,0.2909090909090909,1.7818181818181817,0.15146831530139104,40.60451093054134,0.055516581797937295,spread,20,1.5,0.5,5,4.0
NetEase,-0.23599693708961988,-0.09508834027675306,0.10399395536977195,-0.8794959689339131,-0.2647045912472593,-0.06484203108677682,63.0,0.30158730158730157,1.4761904761904763,0.1437403400309119,46.85597892040263,0.08736478077182014,spread,20,1.5,0.5,5,4.0
YumChina,0.021383363861545046,0.007884518288442832,0.1015884283445856,0.12568124520138518,-0.11650442124437577,1.0425006356897626,70.0,0.4714285714285714,1.8142857142857143,0.19629057187017002,51.90558702592501,0.09694490008275908,spread,20,1.5,0.5,5,4.0
Baidu,-0.24748992440018414,-0.10016531750546409,0.121939639944778,-0.7783299757184158,-0.2649396170593594,0.12799544443704264,82.0,0.24390243902439024,1.4146341463414633,0.17956656346749225,61.08860979265383,0.11389333259703781,spread,20,1.5,0.5,5,4.0
TripCom,-0.12851872303931766,-0.04977938544756688,0.10644137279681004,-0.4119885114250439,-0.1958204387278767,0.5087475564865402,73.0,0.3698630136986301,1.4657534246575343,0.16563467492260062,54.24783044881068,0.10115886550861115,spread,20,1.5,0.5,5,4.0
Alibaba,-0.12898375196934353,-0.04996762650811937,0.13030697803852484,-0.3166813654869837,-0.13924629087959217,0.18250081381683803,66.0,0.4090909090909091,1.378787878787879,0.14064914992272023,49.12704783867677,0.06699369079301551,spread,20,1.5,0.5,10,4.0
JD,-0.08548725748949104,-0.032626769398635846,0.14270795451808888,-0.15470758319907463,-0.12808398713367697,0.2232355810922545,55.0,0.2909090909090909,1.8,0.15301391035548687,40.63660779005091,0.05556642536726513,spread,20,1.5,0.5,10,4.0
NetEase,-0.23599693708961988,-0.09508834027675306,0.10399395536977195,-0.8794959689339131,-0.2647045912472593,-0.06484203108677682,63.0,0.30158730158730157,1.4761904761904763,0.1437403400309119,46.85597892040263,0.08736478077182014,spread,20,1.5,0.5,10,4.0
YumChina,0.021383363861545046,0.007884518288442832,0.1015884283445856,0.12568124520138518,-0.11650442124437577,1.0425006356897626,70.0,0.4714285714285714,1.8142857142857143,0.19629057187017002,51.90558702592501,0.09694490008275908,spread,20,1.5,0.5,10,4.0
Baidu,-0.24748992440018414,-0.10016531750546409,0.121939639944778,-0.7783299757184158,-0.2649396170593594,0.12799544443704264,82.0,0.24390243902439024,1.4146341463414633,0.17956656346749225,61.08860979265383,0.11389333259703781,spread,20,1.5,0.5,10,4.0
TripCom,-0.12851872303931766,-0.04977938544756688,0.10644137279681004,-0.4119885114250439,-0.1958204387278767,0.5087475564865402,73.0,0.3698630136986301,1.4657534246575343,0.16563467492260062,54.24783044881068,0.10115886550861115,spread,20,1.5,0.5,10,4.0
Alibaba,-0.069302503936296,-0.026306940335176554,0.08170379152302074,-0.2756364892458387,-0.10402042225187558,0.14465578601728654,35.0,0.3142857142857143,1.6571428571428573,0.08964451313755796,25.888182028350023,0.03536787274896365,spread,20,2.0,0.0,5,4.0
JD,-0.028906573544179026,-0.010828879583163586,0.11882357631619817,-0.03010712054495439,-0.07933336075902309,0.25983188417732267,35.0,0.2571428571428571,2.2857142857142856,0.12364760432766615,25.83858597288962,0.035495783386408505,spread,20,2.0,0.0,5,4.0
NetEase,-0.11269036686532452,-0.04340945746678837,0.07393794422335075,-0.5450101708837025,-0.13381282604585087,0.018794210734895636,31.0,0.3225806451612903,1.7741935483870968,0.08500772797527048,23.006082839023943,0.04297796759448826,spread,20,2.0,0.0,5,4.0
YumChina,0.03963265749199674,0.01453173980443001,0.10718154479972046,0.18405949901576754,-0.09668841720051058,0.6365697787232628,36.0,0.5555555555555556,2.4722222222222223,0.1375579598145286,26.626848171131694,0.04994954596189559,spread,20,2.0,0.0,5,4.0
Baidu,-0.14409130938718606,-0.05611777868845147,0.08322785239348403,-0.6312683771988407,-0.15862984212236653,-0.04615891641293151,36.0,0.1388888888888889,1.75,0.09752321981424149,26.885166321367013,0.050228658288835895,spread,20,2.0,0.0,5,4.0
TripCom,-0.05975480182858184,-0.022611107980405998,0.1489164545229947,-0.07916113077733974,-0.14833355729114817,0.2556190034588567,37.0,0.4594594594594595,1.8918918918918919,0.10835913312693499,27.425096357334272,0.05126632286316358,spread,20,2.0,0.0,5,4.0
Alibaba,-0.069302503936296,-0.026306940335176554,0.08170379152302074,-0.2756364892458387,-0.10402042225187558,0.14465578601728654,35.0,0.3142857142857143,1.6571428571428573,0.08964451313755796,25.888182028350023,0.03536787274896365,spread,20,2.0,0.0,10,4.0
JD,-0.0364808096767445,-0.013699743492205485,0.12127663768454083,-0.05031896611124251,-0.08131037725618584,0.23405202163615021,35.0,0.22857142857142856,2.342857142857143,0.1267387944358578,25.86892444864388,0.03554514994747291,spread,20,2.0,0.0,10,4.0
NetEase,-0.11618909433852898,-0.044811287479494255,0.07562247346834222,-0.5500083263628163,-0.13722826610113859,0.0010191754275691626,31.0,0.3225806451612903,1.8064516129032258,0.0865533230293663,22.993994654771086,0.04296495212887893,spread,20,2.0,0.0,10,4.0
YumChina,0.08831195588436325,0.031911515107789334,0.10913909889599537,0.3336322221176937,-0.0966884172005108,0.7646400971027449,35.0,0.5714285714285714,2.8285714285714287,0.15301391035548687,25.870810791875947,0.04860088786102929,spread,20,2.0,0.0,10,4.0
Baidu,-0.14118321362232011,-0.054928644478697386,0.08698843162111713,-0.5862413423479804,-0.15577114350224053,-0.026140850826003894,36.0,0.1388888888888889,1.8333333333333333,0.1021671826625387,26.88568085353485,0.050246190047408844,spread,20,2.0,0.0,10,4.0
TripCom,-0.05975480182858184,-0.022611107980405998,0.1489164545229947,-0.07916113077733974,-0.14833355729114817,0.2556190034588567,37.0,0.4594594594594595,1.8918918918918919,0.10835913312693499,27.425096357334272,0.05126632286316358,spread,20,2.0,0.0,10,4.0
Alibaba,-0.06995767643514261,-0.026561424323428784,0.08059629766655343,-0.28367641213940326,-0.09405496111828304,0.14191075023140537,35.0,0.37142857142857144,1.3428571428571427,0.07264296754250386,25.91528220280286,0.03531717046406099,spread,20,2.0,0.5,5,4.0
JD,0.0019171222543865607,0.0007111862566844263,0.11506325231059424,0.06283413797250553,-0.07278022021762243,0.36154186201243294,35.0,0.2857142857142857,1.8571428571428572,0.10046367851622875,25.869131485763866,0.035415746550559186,spread,20,2.0,0.5,5,4.0
NetEase,-0.14064530294520838,-0.0547089678454169,0.06813936849485612,-0.7665057042884881,-0.1596503426128454,-0.157529827003419,31.0,0.2903225806451613,1.3548387096774193,0.06491499227202473,22.990383269933016,0.042824117629745806,spread,20,2.0,0.5,5,4.0
YumChina,0.030091757249254503,0.011065746174499624,0.1083936507908936,0.15262748402024515,-0.09668841720051069,0.6483363912438732,40.0,0.55,1.975,0.12210200927357033,29.606425530953075,0.05536092766300187,spread,20,2.0,0.5,5,4.0
Baidu,-0.12479557518077822,-0.0482745486260967,0.07667711573958332,-0.5873557766043888,-0.1483085273333885,0.0642877772592349,37.0,0.1891891891891892,1.4054054054054055,0.0804953560371517,27.60107519822088,0.051503245506844104,spread,20,2.0,0.5,5,4.0
TripCom,-0.04791363158086359,-0.018060130163623955,0.14360412224840488,-0.056045827779556696,-0.1390797077036594,0.2981192445282538,38.0,0.4473684210526316,1.2894736842105263,0.07585139318885449,28.167814956731053,0.05244961027947571,spread,20,2.0,0.5,5,4.0
Alibaba,-0.06995767643514261,-0.026561424323428784,0.08059629766655343,-0.28367641213940326,-0.09405496111828304,0.14191075023140537,35.0,0.37142857142857144,1.3428571428571427,0.07264296754250386,25.91528220280286,0.03531717046406099,spread,20,2.0,0.5,10,4.0
JD,-0.0002343694963287124,-8.70017959386793e-05,0.11739477764122597,0.05729626815896787,-0.07278022021762198,0.3503100275608921,35.0,0.2857142857142857,1.8857142857142857,0.10200927357032458,25.90122834527345,0.03546559011988702,spread,20,2.0,0.5,10,4.0
NetEase,-0.14064530294520838,-0.0547089678454169,0.06813936849485612,-0.7665057042884881,-0.1596503426128454,-0.157529827003419,31.0,0.2903225806451613,1.3548387096774193,0.06491499227202473,22.990383269933016,0.042824117629745806,spread,20,2.0,0.5,10,4.0
YumChina,0.030091757249254503,0.011065746174499624,0.1083936507908936,0.15262748402024515,-0.09668841720051069,0.6483363912438732,40.0,0.55,1.975,0.12210200927357033,29.606425530953075,0.05536092766300187,spread,20,2.0,0.5,10,4.0
Baidu,-0.12479557518077822,-0.0482745486260967,0.07667711573958332,-0.5873557766043888,-0.1483085273333885,0.0642877772592349,37.0,0.1891891891891892,1.4054054054054055,0.0804953560371517,27.60107519822088,0.051503245506844104,spread,20,2.0,0.5,10,4.0
TripCom,-0.04791363158086359,-0.018060130163623955,0.14360412224840488,-0.056045827779556696,-0.1390797077036594,0.2981192445282538,38.0,0.4473684210526316,1.2894736842105263,0.07585139318885449,28.167814956731053,0.05244961027947571,spread,20,2.0,0.5,10,4.0
Alibaba,0.011858576682607591,0.004385466778955793,0.04521475901958928,0.116374895596359,-0.040272157436333056,0.44059549575676643,15.0,0.3333333333333333,1.2666666666666666,0.02936630602782071,11.172204219299058,0.015224349101767726,spread,20,2.5,0.0,5,4.0
JD,0.008506862226476564,0.0031492472065002275,0.08555099692753453,0.07816516198735175,-0.07117020718364087,0.2750191277951421,17.0,0.29411764705882354,2.0588235294117645,0.05409582689335394,12.6469143073761,0.017365092473788393,spread,20,2.5,0.0,5,4.0
NetEase,-0.05720661038805175,-0.02162871831387636,0.054880724480274395,-0.3589239778492432,-0.0904735209950378,0.05877920562799358,17.0,0.4117647058823529,1.7058823529411764,0.04482225656877898,12.643014938300709,0.02360628514065431,spread,20,2.5,0.0,5,4.0
YumChina,0.03428477245432249,0.012591449564359758,0.09771463558060006,0.17301307734004148,-0.09668841720051036,0.39367053327415286,16.0,0.5625,2.6875,0.06646058732612056,11.782679628769964,0.022135279926859854,spread,20,2.5,0.0,5,4.0
Baidu,-0.1059022906591287,-0.04069957034657179,0.06995198818782823,-0.5410030494528617,-0.12108950508780225,-0.09650945586807427,23.0,0.08695652173913043,1.608695652173913,0.05727554179566564,17.185920853385703,0.032084691158899795,spread,20,2.5,0.0,5,4.0
TripCom,-0.054352467124063164,-0.02053035712286644,0.14348872339464364,-0.07330870996273532,-0.14878202826865883,0.14299027706574818,23.0,0.4782608695652174,1.8695652173913044,0.06656346749226007,17.079206840494255,0.031922481794441585,spread,20,2.5,0.0,5,4.0
Alibaba,0.011858576682607591,0.004385466778955793,0.04521475901958928,0.116374895596359,-0.040272157436333056,0.44059549575676643,15.0,0.3333333333333333,1.2666666666666666,0.02936630602782071,11.172204219299058,0.015224349101767726,spread,20,2.5,0.0,10,4.0
JD,0.002794187706811835,0.0010362620249400045,0.08582650005959486,0.0543613668836073,-0.07117020718364109,0.25064623764769867,17.0,0.23529411764705882,2.1176470588235294,0.05564142194744977,12.645155923620775,0.017364615465524976,spread,20,2.5,0.0,10,4.0
NetEase,-0.05720661038805175,-0.02162871831387636,0.054880724480274395,-0.3589239778492432,-0.0904735209950378,0.05877920562799358,17.0,0.4117647058823529,1.7058823529411764,0.04482225656877898,12.643014938300709,0.02360628514065431,spread,20,2.5,0.0,10,4.0
YumChina,0.02106720710675103,0.0077687040764917725,0.09848344665282814,0.12541348369523242,-0.0966884172005108,0.3447921288051368,16.0,0.4375,3.125,0.07727975270479134,11.787693878425594,0.022192257192389094,spread,20,2.5,0.0,10,4.0
Baidu,-0.1059022906591287,-0.04069957034657179,0.06995198818782823,-0.5410030494528617,-0.12108950508780225,-0.09650945586807427,23.0,0.08695652173913043,1.608695652173913,0.05727554179566564,17.185920853385703,0.032084691158899795,spread,20,2.5,0.0,10,4.0
TripCom,-0.054352467124063164,-0.02053035712286644,0.14348872339464364,-0.07330870996273532,-0.14878202826865883,0.14299027706574818,23.0,0.4782608695652174,1.8695652173913044,0.06656346749226007,17.079206840494255,0.031922481794441585,spread,20,2.5,0.0,10,4.0
Alibaba,0.013007722759496243,0.004808715802485208,0.04500561450920739,0.12578510518985578,-0.040272157436333056,0.45127217733751324,15.0,0.3333333333333333,1.2,0.027820710973724884,11.165012144524537,0.015209188096490137,spread,20,2.5,0.5,5,4.0
JD,0.02610886536719148,0.00961287912878861,0.08532598742354076,0.15114760729601232,-0.0711702071836412,0.34814768964154924,17.0,0.35294117647058826,1.9411764705882353,0.05100463678516229,12.635807951362855,0.017334135576167066,spread,20,2.5,0.5,5,4.0
NetEase,-0.08443783211216871,-0.032214866950108,0.05092877918440609,-0.5979775720050733,-0.10210163766983416,-0.15189790194539257,17.0,0.35294117647058826,1.411764705882353,0.03709428129829984,12.613999065220995,0.023512281726445407,spread,20,2.5,0.5,5,4.0
YumChina,0.01428619221579952,0.0052792420746889945,0.0993178331597407,0.1010964905774718,-0.09668841720051058,0.3311690596801701,17.0,0.5882352941176471,2.0588235294117645,0.05409582689335394,12.540017889843861,0.023465045188116217,spread,20,2.5,0.5,5,4.0
Baidu,-0.094857821840022,-0.036317988676793256,0.06229064731850717,-0.5447126464485513,-0.11023263848985565,-0.046169405360732635,23.0,0.08695652173913043,1.3478260869565217,0.047987616099071206,17.17067391483852,0.03202888161677312,spread,20,2.5,0.5,5,4.0
TripCom,-0.03962137266470167,-0.01489427342042915,0.14076227382460357,-0.03786957175948656,-0.13266079300514177,0.1907351677661565,24.0,0.4166666666666667,1.3333333333333333,0.04953560371517028,17.80787464986172,0.03317478342670184,spread,20,2.5,0.5,5,4.0
Alibaba,0.013007722759496243,0.004808715802485208,0.04500561450920739,0.12578510518985578,-0.040272157436333056,0.45127217733751324,15.0,0.3333333333333333,1.2,0.027820710973724884,11.165012144524537,0.015209188096490137,spread,20,2.5,0.5,10,4.0
JD,0.02610886536719148,0.00961287912878861,0.08532598742354076,0.15114760729601232,-0.0711702071836412,0.34814768964154924,17.0,0.35294117647058826,1.9411764705882353,0.05100463678516229,12.635807951362855,0.017334135576167066,spread,20,2.5,0.5,10,4.0
NetEase,-0.08443783211216871,-0.032214866950108,0.05092877918440609,-0.5979775720050733,-0.10210163766983416,-0.15189790194539257,17.0,0.35294117647058826,1.411764705882353,0.03709428129829984,12.613999065220995,0.023512281726445407,spread,20,2.5,0.5,10,4.0
YumChina,0.01428619221579952,0.0052792420746889945,0.0993178331597407,0.1010964905774718,-0.09668841720051058,0.3311690596801701,17.0,0.5882352941176471,2.0588235294117645,0.05409582689335394,12.540017889843861,0.023465045188116217,spread,20,2.5,0.5,10,4.0
Baidu,-0.094857821840022,-0.036317988676793256,0.06229064731850717,-0.5447126464485513,-0.11023263848985565,-0.046169405360732635,23.0,0.08695652173913043,1.3478260869565217,0.047987616099071206,17.17067391483852,0.03202888161677312,spread,20,2.5,0.5,10,4.0
TripCom,-0.03962137266470167,-0.01489427342042915,0.14076227382460357,-0.03786957175948656,-0.13266079300514177,0.1907351677661565,24.0,0.4166666666666667,1.3333333333333333,0.04953560371517028,17.80787464986172,0.03317478342670184,spread,20,2.5,0.5,10,4.0
Alibaba,-0.10215382672699591,-0.03920867696775099,0.12269467729691425,-0.255093227893053,-0.13672156461659835,0.12485741357299761,47.0,0.3404255319148936,2.0425531914893615,0.14837712519319937,35.05227541330623,0.04805830783048627,spread,60,1.5,0.0,5,4.0
JD,-0.1271571061059784,-0.04922857363462041,0.12102982119147727,-0.3445162049479354,-0.17593469768091807,-0.04252070712705626,37.0,0.2702702702702703,2.054054054054054,0.11746522411128284,27.510459745294995,0.037697140302785925,spread,60,1.5,0.0,5,4.0
NetEase,-0.15770419830519655,-0.061718202956215995,0.09974133433290548,-0.5694593896880356,-0.174193218635866,0.038353089673635994,45.0,0.28888888888888886,2.1333333333333333,0.14837712519319937,33.38236134181998,0.062482493703019386,spread,60,1.5,0.0,5,4.0
YumChina,0.02422142981829878,0.008923147663523423,0.09986886538326151,0.13618721385330382,-0.08572015591543825,0.8069026547060603,50.0,0.5,2.5,0.19319938176197837,37.03776124615434,0.06951540700816163,spread,60,1.5,0.0,5,4.0
Baidu,-0.12916567060440187,-0.05004128333131763,0.15915164235628368,-0.2339648844786505,-0.1525795022531511,0.2604812404216921,58.0,0.25862068965517243,1.9482758620689655,0.17492260061919504,43.33044105047768,0.08098452920112269,spread,60,1.5,0.0,5,4.0
TripCom,-0.11979172453940212,-0.04625839934165288,0.12396337860686618,-0.30835442639709365,-0.1760505572290395,0.25638060605538715,52.0,0.34615384615384615,2.230769230769231,0.17956656346749225,38.61782649837572,0.07224044135295489,spread,60,1.5,0.0,5,4.0
Alibaba,-0.10215382672699591,-0.03920867696775099,0.12269467729691425,-0.255093227893053,-0.13672156461659835,0.12485741357299761,47.0,0.3404255319148936,2.0425531914893615,0.14837712519319937,35.05227541330623,0.04805830783048627,spread,60,1.5,0.0,10,4.0
JD,-0.14145922894486873,-0.05504139960174903,0.12273598367188054,-0.3864850973550923,-0.18060260528910765,-0.08882684582901831,37.0,0.21621621621621623,2.135135135135135,0.12210200927357033,27.497884496665534,0.03769503417062134,spread,60,1.5,0.0,10,4.0
NetEase,-0.16093801829600418,-0.06305696883566869,0.09962594529560259,-0.5841296855069075,-0.17736373245386994,0.010931343160310863,44.0,0.29545454545454547,2.2045454545454546,0.14992272024729522,32.641574597231646,0.0611182070440454,spread,60,1.5,0.0,10,4.0
YumChina,0.09069473172636155,0.03274956267809648,0.1143640102657732,0.33007192960237863,-0.06958513522944809,0.9040106659133947,49.0,0.5714285714285714,2.8979591836734695,0.21947449768160743,36.260586533328,0.06817608996624483,spread,60,1.5,0.0,10,4.0
Baidu,-0.1295138296304824,-0.05018227601427083,0.16507406402018712,-0.22067319113987532,-0.16324089366640027,0.23966832629849658,56.0,0.25,2.25,0.19504643962848298,41.780737245514075,0.07820023975617771,spread,60,1.5,0.0,10,4.0
TripCom,-0.0853701820136038,-0.032580802216395255,0.12529874059761187,-0.1935537498191745,-0.14536609599013972,0.34340362078087905,50.0,0.36,2.5,0.19349845201238391,37.08103610319436,0.06946801118844705,spread,60,1.5,0.0,10,4.0
Alibaba,-0.12942691607660717,-0.05014707563072651,0.11813761113565675,-0.363558524165635,-0.13954356569079773,0.062266857716919324,51.0,0.3137254901960784,1.3333333333333333,0.10510046367851623,38.036597412000795,0.05185982441425125,spread,60,1.5,0.5,5,4.0
JD,-0.10945994557205074,-0.042118212157958745,0.11936920278245533,-0.29044671247313797,-0.1523594363307852,0.0319315870048152,39.0,0.2564102564102564,1.6923076923076923,0.10200927357032458,29.035995769753086,0.03967201275918096,spread,60,1.5,0.5,5,4.0
NetEase,-0.18313173487007928,-0.07233366657971141,0.08510509264816293,-0.8128342849877602,-0.20374794139902486,-0.025825839764305435,50.0,0.28,1.34,0.1035548686244204,37.06799546044776,0.06907707578579521,spread,60,1.5,0.5,5,4.0
YumChina,0.032869456999195634,0.012076897355623117,0.10207544614547154,0.1649945253917899,-0.08410894894622178,0.9069947780819935,57.0,0.49122807017543857,1.8596491228070176,0.16383307573415765,42.230298406023294,0.07893406355063501,spread,60,1.5,0.5,5,4.0
Baidu,-0.16807555869717195,-0.06602335852871877,0.15562900819744546,-0.34844886666766506,-0.19044323318545608,0.18100100998321322,61.0,0.22950819672131148,1.4754098360655739,0.1393188854489164,45.54297700379762,0.0848756363572758,spread,60,1.5,0.5,5,4.0
TripCom,-0.11689312300871102,-0.0450937911530358,0.11332006707340134,-0.3380326771586652,-0.17601407948903702,0.36110120771329546,59.0,0.4067796610169492,1.423728813559322,0.13003095975232198,43.84334378653981,0.08168807492542439,spread,60,1.5,0.5,5,4.0
Alibaba,-0.12942691607660717,-0.05014707563072651,0.11813761113565675,-0.363558524165635,-0.13954356569079773,0.062266857716919324,51.0,0.3137254901960784,1.3333333333333333,0.10510046367851623,38.036597412000795,0.05185982441425125,spread,60,1.5,0.5,10,4.0
JD,-0.1145043985829517,-0.04413584814685412,0.11956402949116125,-0.3068803748903511,-0.15716088571231746,0.014944397529958553,39.0,0.23076923076923078,1.7179487179487178,0.1035548686244204,29.03423738599776,0.03967153575091754,spread,60,1.5,0.5,10,4.0
NetEase,-0.18313173487007928,-0.07233366657971141,0.08510509264816293,-0.8128342849877602,-0.20374794139902486,-0.025825839764305435,50.0,0.28,1.34,0.1035548686244204,37.06799546044776,0.06907707578579521,spread,60,1.5,0.5,10,4.0
YumChina,0.05146779552006486,0.018803496831593547,0.10225805502700963,0.2277136846485028,-0.084108948946222,0.9674810771598094,57.0,0.5087719298245614,1.894736842105263,0.16692426584234932,42.22083654927701,0.07892292663626492,spread,60,1.5,0.5,10,4.0
Baidu,-0.16807555869717195,-0.06602335852871877,0.15562900819744546,-0.34844886666766506,-0.19044323318545608,0.18100100998321322,61.0,0.22950819672131148,1.4754098360655739,0.1393188854489164,45.54297700379762,0.0848756363572758,spread,60,1.5,0.5,10,4.0
TripCom,-0.11689312300871102,-0.0450937911530358,0.11332006707340134,-0.3380326771586652,-0.17601407948903702,0.36110120771329546,59.0,0.4067796610169492,1.423728813559322,0.13003095975232198,43.84334378653981,0.08168807492542439,spread,60,1.5,0.5,10,4.0
Alibaba,-0.0423227132616989,-0.01592370933799736,0.11181424559952048,-0.08362213769255449,-0.12229608304192274,0.1650225117494756,28.0,0.39285714285714285,1.6428571428571428,0.07109737248840804,20.964672655770766,0.02866747267025367,spread,60,2.0,0.0,5,4.0
JD,-0.09592524262234325,-0.0367399851564546,0.10490341572785906,-0.2941960212956458,-0.14980034966422795,-0.0685057509970702,24.0,0.25,1.9583333333333333,0.07264296754250386,17.848097638696547,0.024432473102135213,spread,60,2.0,0.0,5,4.0
NetEase,-0.010510752643651089,-0.003914443074672369,0.06595852770011582,-0.024699193303129363,-0.06028065582211539,0.36386603468806916,19.0,0.47368421052631576,2.210526315789474,0.06491499227202473,14.09605575677368,0.02639261710890676,spread,60,2.0,0.0,5,4.0
YumChina,0.01003232692954481,0.0037122072437485443,0.07182527737408555,0.08602355249853083,-0.0791129555531811,0.5696873661328151,26.0,0.5384615384615384,2.5384615384615383,0.10200927357032458,19.29426746140897,0.03619169063022817,spread,60,2.0,0.0,5,4.0
Baidu,-0.028232761530600725,-0.010574167486168351,0.1371925491666266,-0.006737090106356701,-0.15158605413525061,0.29291574852819213,30.0,0.3,2.1333333333333333,0.09907120743034056,22.612157048350984,0.04230428162984403,spread,60,2.0,0.0,5,4.0
TripCom,-0.02473310009340668,-0.009253020651880828,0.08580012630473714,-0.06218807701319183,-0.09725976690818716,0.40184976440001247,30.0,0.4666666666666667,2.0,0.09287925696594428,22.080105869936347,0.04127999468379354,spread,60,2.0,0.0,5,4.0
Alibaba,-0.0423227132616989,-0.01592370933799736,0.11181424559952048,-0.08362213769255449,-0.12229608304192274,0.1650225117494756,28.0,0.39285714285714285,1.6428571428571428,0.07109737248840804,20.964672655770766,0.02866747267025367,spread,60,2.0,0.0,10,4.0
JD,-0.09592524262234325,-0.0367399851564546,0.10490341572785906,-0.2941960212956458,-0.14980034966422795,-0.0685057509970702,24.0,0.25,1.9583333333333333,0.07264296754250386,17.848097638696547,0.024432473102135213,spread,60,2.0,0.0,10,4.0
NetEase,-0.010510752643651089,-0.003914443074672369,0.06595852770011582,-0.024699193303129363,-0.06028065582211539,0.36386603468806916,19.0,0.47368421052631576,2.210526315789474,0.06491499227202473,14.09605575677368,0.02639261710890676,spread,60,2.0,0.0,10,4.0
YumChina,-0.0007543353038925726,-0.00028006741976427385,0.0873056162488418,0.040129046880766434,-0.0829487342239078,0.42412441504637427,25.0,0.44,2.84,0.10973724884080371,18.524965463899164,0.03479072591047296,spread,60,2.0,0.0,10,4.0
Baidu,-0.018407972823771712,-0.006872783061407484,0.14070636122816063,0.0226480145966781,-0.14397223737703801,0.3146061855729316,30.0,0.3333333333333333,2.3666666666666667,0.10990712074303406,22.572500948912275,0.0422694206870781,spread,60,2.0,0.0,10,4.0
TripCom,-0.01438183167451823,-0.005362707040941328,0.08618854405815785,-0.017426842951709876,-0.0972597669081876,0.44384122026333767,30.0,0.4666666666666667,2.033333333333333,0.09442724458204334,22.06249360035761,0.041248254696140484,spread,60,2.0,0.0,10,4.0
Alibaba,-0.0449905332108963,-0.016942164719310315,0.1106491451040849,-0.09474414173160595,-0.12229608304192285,0.15601811949045724,28.0,0.35714285714285715,1.3214285714285714,0.0571870170015456,20.988087186691157,0.028620619723708027,spread,60,2.0,0.5,5,4.0
JD,-0.08092513686696934,-0.030838280134197982,0.10411312150726504,-0.24032846233519772,-0.14339372630062952,-0.012677858794736891,24.0,0.25,1.75,0.06491499227202473,17.884727390846702,0.024441388376073226,spread,60,2.0,0.5,5,4.0
NetEase,-0.027499400931360496,-0.01029707121905954,0.061722809074229765,-0.13174806382926973,-0.06911955707565243,0.30402575776021246,20.0,0.45,1.4,0.04327666151468315,14.844437849776918,0.027662844904923704,spread,60,2.0,0.5,5,4.0
YumChina,-0.0005851864529603512,-0.00021725476570677582,0.07672466639647971,0.03561963745800154,-0.08505651321194152,0.5197146598185636,28.0,0.5,1.8571428571428572,0.080370942812983,20.749468999251796,0.038758089919869794,spread,60,2.0,0.5,5,4.0
Baidu,-0.05234457108135371,-0.019758906119760722,0.13370440274436196,-0.07799176228564585,-0.16115908252269318,0.23795753494882885,31.0,0.25806451612903225,1.6129032258064515,0.07739938080495357,23.35849429667346,0.043558589373706345,spread,60,2.0,0.5,5,4.0
TripCom,-0.014237686090136759,-0.005308714652553448,0.07436795723697982,-0.032259626267139,-0.10790302417025999,0.5192555312070822,31.0,0.4838709677419355,1.2903225806451613,0.06191950464396285,22.867352804082962,0.04256649970175396,spread,60,2.0,0.5,5,4.0
Alibaba,-0.0449905332108963,-0.016942164719310315,0.1106491451040849,-0.09474414173160595,-0.12229608304192285,0.15601811949045724,28.0,0.35714285714285715,1.3214285714285714,0.0571870170015456,20.988087186691157,0.028620619723708027,spread,60,2.0,0.5,10,4.0
JD,-0.08092513686696934,-0.030838280134197982,0.10411312150726504,-0.24032846233519772,-0.14339372630062952,-0.012677858794736891,24.0,0.25,1.75,0.06491499227202473,17.884727390846702,0.024441388376073226,spread,60,2.0,0.5,10,4.0
NetEase,-0.027499400931360496,-0.01029707121905954,0.061722809074229765,-0.13174806382926973,-0.06911955707565243,0.30402575776021246,20.0,0.45,1.4,0.04327666151468315,14.844437849776918,0.027662844904923704,spread,60,2.0,0.5,10,4.0
YumChina,0.009631498223046542,0.0035643365633513113,0.07678156184285896,0.08333678385641811,-0.0850565132119413,0.5661802634677232,28.0,0.5357142857142857,1.8928571428571428,0.08191653786707882,20.74034572935622,0.03874528789891654,spread,60,2.0,0.5,10,4.0
Baidu,-0.05234457108135371,-0.019758906119760722,0.13370440274436196,-0.07799176228564585,-0.16115908252269318,0.23795753494882885,31.0,0.25806451612903225,1.6129032258064515,0.07739938080495357,23.35849429667346,0.043558589373706345,spread,60,2.0,0.5,10,4.0
TripCom,-0.014237686090136759,-0.005308714652553448,0.07436795723697982,-0.032259626267139,-0.10790302417025999,0.5192555312070822,31.0,0.4838709677419355,1.2903225806451613,0.06191950464396285,22.867352804082962,0.04256649970175396,spread,60,2.0,0.5,10,4.0
Alibaba,-0.056040693815682774,-0.021179785872512014,0.07537234092659678,-0.23764212101223153,-0.11099339992577761,0.011808412514769426,19.0,0.3157894736842105,1.6842105263157894,0.04945904173106646,14.171683954560498,0.019382387805102354,spread,60,2.5,0.0,5,4.0
JD,-0.03532358642158029,-0.013260204774796058,0.07266864944944593,-0.14189151019519386,-0.10366825263421742,0.0349155198088242,13.0,0.23076923076923078,1.6923076923076923,0.03400309119010819,9.708954777942774,0.013247977070301935,spread,60,2.5,0.0,5,4.0
NetEase,0.011374834384705101,0.004207206294469801,0.04783186259557158,0.10897971703718472,-0.04546196460082297,0.33318228599476585,8.0,0.375,2.375,0.02936630602782071,5.901641700954303,0.011060553842261985,spread,60,2.5,0.0,5,4.0
YumChina,0.005047858021252072,0.0018707439010861027,0.06072203243824077,0.06032313036596597,-0.07911295555318121,0.3664018289839968,14.0,0.5,2.4285714285714284,0.05255023183925812,10.354261482382581,0.01940694905850876,spread,60,2.5,0.0,5,4.0
Baidu,-0.010054588344889814,-0.003744015821098179,0.05519156512604972,-0.038326862941956134,-0.06362464105429066,0.277629296131225,13.0,0.3076923076923077,1.6153846153846154,0.032507739938080496,9.671089748068521,0.018055435295358666,spread,60,2.5,0.0,5,4.0
TripCom,0.017648634090422943,0.0065149733392151354,0.04224436796278814,0.1701012874522796,-0.048815024781180494,0.6054832071498117,14.0,0.5714285714285714,2.0,0.043343653250773995,10.314800910854453,0.019271223027495246,spread,60,2.5,0.0,5,4.0
Alibaba,-0.056040693815682774,-0.021179785872512014,0.07537234092659678,-0.23764212101223153,-0.11099339992577761,0.011808412514769426,19.0,0.3157894736842105,1.6842105263157894,0.04945904173106646,14.171683954560498,0.019382387805102354,spread,60,2.5,0.0,10,4.0
JD,-0.03532358642158029,-0.013260204774796058,0.07266864944944593,-0.14189151019519386,-0.10366825263421742,0.0349155198088242,13.0,0.23076923076923078,1.6923076923076923,0.03400309119010819,9.708954777942774,0.013247977070301935,spread,60,2.5,0.0,10,4.0
NetEase,0.011374834384705101,0.004207206294469801,0.04783186259557158,0.10897971703718472,-0.04546196460082297,0.33318228599476585,8.0,0.375,2.375,0.02936630602782071,5.901641700954303,0.011060553842261985,spread,60,2.5,0.0,10,4.0
YumChina,0.005954064378459689,0.0022059594150518613,0.07806573676727381,0.0659595361169706,-0.08294873422390836,0.3043376712128182,14.0,0.42857142857142855,2.642857142857143,0.0571870170015456,10.31276076196254,0.019336466869140208,spread,60,2.5,0.0,10,4.0
Baidu,-0.004552844687638391,-0.0016923910593176217,0.05663674129236443,-0.0006946741515609977,-0.058420619568627985,0.30656459778637474,13.0,0.38461538461538464,1.8461538461538463,0.03715170278637771,9.645537664554173,0.01802285747847685,spread,60,2.5,0.0,10,4.0
TripCom,0.017648634090422943,0.0065149733392151354,0.04224436796278814,0.1701012874522796,-0.048815024781180494,0.6054832071498117,14.0,0.5714285714285714,2.0,0.043343653250773995,10.314800910854453,0.019271223027495246,spread,60,2.5,0.0,10,4.0
Alibaba,-0.05821954728644618,-0.022019029905623322,0.07382108833564967,-0.25546568344125964,-0.10961889225786337,-0.0012692073059851002,19.0,0.2631578947368421,1.263157894736842,0.03709428129829984,14.19448883525444,0.019348585825347535,spread,60,2.5,0.5,5,4.0
JD,-0.0261754210430597,-0.009797145251884576,0.07234903680026172,-0.09587574969701701,-0.09907620694316721,0.08192556524499277,13.0,0.23076923076923078,1.6153846153846154,0.03245749613601236,9.725011415187506,0.013269373184061926,spread,60,2.5,0.5,5,4.0
NetEase,0.014585788929551313,0.00538945132434554,0.04334334076687246,0.14189308607173098,-0.03134031573117346,0.3864430801387353,8.0,0.375,1.5,0.01854714064914992,5.890879697945332,0.010978256017284665,spread,60,2.5,0.5,5,4.0
YumChina,0.02671282302846545,0.00983341676354721,0.05571264617716376,0.19825522871612888,-0.07911295555318154,0.553107393022239,15.0,0.6,2.0,0.04636785162287481,11.110597759078127,0.0207817476684454,spread,60,2.5,0.5,5,4.0
Baidu,-0.025131511963466635,-0.009403273411363156,0.05522425017242118,-0.1383048348439575,-0.07442110703504923,0.17849201151352923,13.0,0.3076923076923077,1.3846153846153846,0.02786377708978328,9.682190742234146,0.018052831793839957,spread,60,2.5,0.5,5,4.0
TripCom,-0.005961344851861838,-0.0022169466350914213,0.044621069174024815,-0.025961492551567593,-0.06930670456753285,0.42008715921366724,15.0,0.4,1.5333333333333334,0.03560371517027864,11.033924266499723,0.02057113223502537,spread,60,2.5,0.5,5,4.0
Alibaba,-0.05821954728644618,-0.022019029905623322,0.07382108833564967,-0.25546568344125964,-0.10961889225786337,-0.0012692073059851002,19.0,0.2631578947368421,1.263157894736842,0.03709428129829984,14.19448883525444,0.019348585825347535,spread,60,2.5,0.5,10,4.0
JD,-0.0261754210430597,-0.009797145251884576,0.07234903680026172,-0.09587574969701701,-0.09907620694316721,0.08192556524499277,13.0,0.23076923076923078,1.6153846153846154,0.03245749613601236,9.725011415187506,0.013269373184061926,spread,60,2.5,0.5,10,4.0
NetEase,0.014585788929551313,0.00538945132434554,0.04334334076687246,0.14189308607173098,-0.03134031573117346,0.3864430801387353,8.0,0.375,1.5,0.01854714064914992,5.890879697945332,0.010978256017284665,spread,60,2.5,0.5,10,4.0
YumChina,0.02671282302846545,0.00983341676354721,0.05571264617716376,0.19825522871612888,-0.07911295555318154,0.553107393022239,15.0,0.6,2.0,0.04636785162287481,11.110597759078127,0.0207817476684454,spread,60,2.5,0.5,10,4.0
Baidu,-0.025131511963466635,-0.009403273411363156,0.05522425017242118,-0.1383048348439575,-0.07442110703504923,0.17849201151352923,13.0,0.3076923076923077,1.3846153846153846,0.02786377708978328,9.682190742234146,0.018052831793839957,spread,60,2.5,0.5,10,4.0
TripCom,-0.005961344851861838,-0.0022169466350914213,0.044621069174024815,-0.025961492551567593,-0.06930670456753285,0.42008715921366724,15.0,0.4,1.5333333333333334,0.03560371517027864,11.033924266499723,0.02057113223502537,spread,60,2.5,0.5,10,4.0
Alibaba,-0.09052548862726206,-0.03460843957110893,0.1330758127682809,-0.1908233600652367,-0.14067545110770474,0.1448135635398066,45.0,0.3333333333333333,2.066666666666667,0.1437403400309119,33.54241256275744,0.0460138070177098,spread,120,1.5,0.0,5,4.0
JD,-0.06704981800591936,-0.025432804119393193,0.13253047213581842,-0.12283163401771569,-0.11200372857864738,0.16613764081127907,39.0,0.3076923076923077,2.076923076923077,0.125193199381762,28.76628698993186,0.03945953873718113,spread,120,1.5,0.0,5,4.0
NetEase,-0.0813111077887847,-0.030989375946921194,0.10710860893860703,-0.23152320773677437,-0.12267092568410887,0.2859541953769287,41.0,0.3902439024390244,2.1951219512195124,0.1391035548686244,30.474212799369482,0.05707223292730947,spread,120,1.5,0.0,5,4.0
YumChina,0.08750957924830405,0.031629051073643,0.11033083477469702,0.3288019954232351,-0.07847630837745034,1.020652602733385,57.0,0.5087719298245614,2.719298245614035,0.23956723338485317,42.31441811945351,0.07941523599267539,spread,120,1.5,0.0,5,4.0
Baidu,-0.10064138685443469,-0.03860823572120642,0.15410110274446207,-0.1711539727733572,-0.17125035213128237,0.25268331139271283,48.0,0.2708333333333333,1.9375,0.14396284829721362,35.95976500673107,0.06717839906262085,spread,120,1.5,0.0,5,4.0
TripCom,-0.08788684069322539,-0.033569730733090775,0.1294874950251742,-0.19142052895066256,-0.1593256375003238,0.2855748272599327,46.0,0.41304347826086957,2.0,0.14241486068111456,34.100742414611986,0.06368857045859284,spread,120,1.5,0.0,5,4.0
Alibaba,-0.08827554054979125,-0.03372262440380358,0.1338959487125703,-0.18219488442687473,-0.14067545110770474,0.15166178720006313,45.0,0.3333333333333333,2.1333333333333333,0.14837712519319937,33.548900782191964,0.04604846928678621,spread,120,1.5,0.0,10,4.0
JD,-0.07710913576040068,-0.02934657510361749,0.13392013716161702,-0.14931560790211917,-0.11200372857864827,0.1366342614017512,39.0,0.28205128205128205,2.128205128205128,0.12828438948995363,28.755470125057727,0.03945790961327996,spread,120,1.5,0.0,10,4.0
NetEase,-0.1006301743447261,-0.03860378670738296,0.10990266696456179,-0.2924861232471522,-0.11988939427494805,0.1990553526268177,40.0,0.4,2.375,0.14683153013910355,29.67469754847609,0.055644889659065486,spread,120,1.5,0.0,10,4.0
YumChina,0.1768630916124665,0.06231348325577657,0.11367633813285484,0.5724940459512804,-0.07847630837745034,1.2071215977508571,54.0,0.5555555555555556,3.1666666666666665,0.2642967542503864,40.01421343895998,0.075263520594515,spread,120,1.5,0.0,10,4.0
Baidu,-0.09860456502912529,-0.03780061640816734,0.15534632291408873,-0.16330167331813655,-0.16452409598574247,0.24840728662200887,47.0,0.2765957446808511,2.127659574468085,0.15479876160990713,35.171695979812185,0.06577667565553393,spread,120,1.5,0.0,10,4.0
TripCom,-0.08788684069322539,-0.033569730733090775,0.1294874950251742,-0.19142052895066256,-0.1593256375003238,0.2855748272599327,46.0,0.41304347826086957,2.0,0.14241486068111456,34.100742414611986,0.06368857045859284,spread,120,1.5,0.0,10,4.0
Alibaba,-0.10055090312196036,-0.03857233365898116,0.12749939372809674,-0.23611872389249602,-0.14078522118445713,0.11276277936539973,45.0,0.3333333333333333,1.4,0.0973724884080371,33.592015729224904,0.04583441041530619,spread,120,1.5,0.5,5,4.0
JD,-0.09572897656491575,-0.03666236940365042,0.12261304187604563,-0.23459081800259662,-0.1311867025244029,0.08558627251925933,40.0,0.275,1.575,0.0973724884080371,29.617272819080377,0.04046285118180474,spread,120,1.5,0.5,5,4.0
NetEase,-0.08698972702229146,-0.03321701067669025,0.09654657765931748,-0.29106228604151624,-0.12143207244018539,0.33610906821626463,45.0,0.37777777777777777,1.4444444444444444,0.10046367851622875,33.43219903887901,0.06236558612791633,spread,120,1.5,0.5,5,4.0
YumChina,0.07936591898229173,0.028754760259811274,0.10432511524749064,0.31562583539564637,-0.08691875195461685,1.1175060993478036,63.0,0.5079365079365079,1.8412698412698412,0.17928902627511592,46.7450115982803,0.08730823214996708,spread,120,1.5,0.5,5,4.0
Baidu,-0.10691736620711068,-0.041103976948784204,0.14819402753509187,-0.20095476835997475,-0.16673290803204155,0.24796111496303577,49.0,0.2653061224489796,1.530612244897959,0.11609907120743033,36.70466032417776,0.06844128258145031,spread,120,1.5,0.5,5,4.0
TripCom,-0.11712285384738941,-0.045186005267236595,0.12381901637073896,-0.3006456055991078,-0.1855468672190358,0.22949270209470088,49.0,0.42857142857142855,1.510204081632653,0.11455108359133127,36.29389498910215,0.067634684053396,spread,120,1.5,0.5,5,4.0
Alibaba,-0.10055090312196036,-0.03857233365898116,0.12749939372809674,-0.23611872389249602,-0.14078522118445713,0.11276277936539973,45.0,0.3333333333333333,1.4,0.0973724884080371,33.592015729224904,0.04583441041530619,spread,120,1.5,0.5,10,4.0
JD,-0.09572897656491575,-0.03666236940365042,0.12261304187604563,-0.23459081800259662,-0.1311867025244029,0.08558627251925933,40.0,0.275,1.575,0.0973724884080371,29.617272819080377,0.04046285118180474,spread,120,1.5,0.5,10,4.0
NetEase,-0.09058979401818357,-0.03463377715089999,0.09784327357320384,-0.30045117033817326,-0.12143207244018495,0.3182767605254468,45.0,0.37777777777777777,1.4666666666666666,0.10200927357032458,33.42011085462615,0.06235257066230701,spread,120,1.5,0.5,10,4.0
YumChina,0.10329582677101912,0.03716246856543748,0.10587924765356761,0.3870931343362254,-0.08691875195461685,1.177886280978842,63.0,0.5238095238095238,1.9523809523809523,0.1901081916537867,46.74134895446741,0.08736677916908098,spread,120,1.5,0.5,10,4.0
Baidu,-0.09957295639312691,-0.0381844495828314,0.14866537250974207,-0.18001723432738323,-0.15988040102277523,0.25849160949278704,48.0,0.2916666666666667,1.625,0.12074303405572756,35.94486247321745,0.06705802237693506,spread,120,1.5,0.5,10,4.0
TripCom,-0.11712285384738941,-0.045186005267236595,0.12381901637073896,-0.3006456055991078,-0.1855468672190358,0.22949270209470088,49.0,0.42857142857142855,1.510204081632653,0.11455108359133127,36.29389498910215,0.067634684053396,spread,120,1.5,0.5,10,4.0
Alibaba,-0.004773243361926194,-0.0017744414229134975,0.11260371406907332,0.040654665781577455,-0.12494980553284829,0.2699543989003855,26.0,0.38461538461538464,1.8076923076923077,0.07264296754250386,19.47072040946782,0.02666846755736775,spread,120,2.0,0.0,5,4.0
JD,-0.07302820133333099,-0.027755591047437744,0.09350832865958097,-0.24527970979694189,-0.1324233435642792,-0.04567960249795227,19.0,0.42105263157894735,1.736842105263158,0.05100463678516229,14.064614761928397,0.019240550013405643,spread,120,2.0,0.0,5,4.0
NetEase,0.019465513339274043,0.007181626529940033,0.0753717041292923,0.12962201538312532,-0.055567005156242355,0.5377533464201589,23.0,0.5217391304347826,2.0869565217391304,0.07418856259659969,17.065367424491853,0.03192502865825515,spread,120,2.0,0.0,5,4.0
YumChina,0.022379749972846197,0.008249366005494752,0.07490251342751102,0.14385625996255144,-0.07504439674521524,0.604713415126913,26.0,0.5769230769230769,2.423076923076923,0.0973724884080371,19.23565644547968,0.03602798835147252,spread,120,2.0,0.0,5,4.0
Baidu,-0.008479387902529334,-0.0031558855801099295,0.13505980773794019,0.04463869480405824,-0.14554197631129218,0.26769878236748784,22.0,0.3181818181818182,2.0,0.06811145510835913,16.589221982398193,0.031022805633494695,spread,120,2.0,0.0,5,4.0
TripCom,-0.037198232119783126,-0.013972402945903406,0.08277710359766019,-0.12360618153211836,-0.08761576878246491,0.2467392801715825,23.0,0.43478260869565216,1.7826086956521738,0.06346749226006192,16.93384413813796,0.031620155479500214,spread,120,2.0,0.0,5,4.0
Alibaba,-0.004773243361926194,-0.0017744414229134975,0.11260371406907332,0.040654665781577455,-0.12494980553284829,0.2699543989003855,26.0,0.38461538461538464,1.8076923076923077,0.07264296754250386,19.47072040946782,0.02666846755736775,spread,120,2.0,0.0,10,4.0
JD,-0.07302820133333099,-0.027755591047437744,0.09350832865958097,-0.24527970979694189,-0.1324233435642792,-0.04567960249795227,19.0,0.42105263157894735,1.736842105263158,0.05100463678516229,14.064614761928397,0.019240550013405643,spread,120,2.0,0.0,10,4.0
NetEase,0.019465513339274043,0.007181626529940033,0.0753717041292923,0.12962201538312532,-0.055567005156242355,0.5377533464201589,23.0,0.5217391304347826,2.0869565217391304,0.07418856259659969,17.065367424491853,0.03192502865825515,spread,120,2.0,0.0,10,4.0
YumChina,0.06862366599839476,0.024942365639535335,0.07769119077380053,0.3464035561768966,-0.06944057004087656,0.7871055658792003,26.0,0.5769230769230769,2.8846153846153846,0.11591962905718702,19.190655349415884,0.03601331971337558,spread,120,2.0,0.0,10,4.0
Baidu,-0.008861651208086574,-0.003298556640615735,0.1365599520001009,0.044622183240267656,-0.1407932205143867,0.2649339556252497,22.0,0.3181818181818182,2.3181818181818183,0.07894736842105263,16.535398722925272,0.03097176461404118,spread,120,2.0,0.0,10,4.0
TripCom,-0.037198232119783126,-0.013972402945903406,0.08277710359766019,-0.12360618153211836,-0.08761576878246491,0.2467392801715825,23.0,0.43478260869565216,1.7826086956521738,0.06346749226006192,16.93384413813796,0.031620155479500214,spread,120,2.0,0.0,10,4.0
Alibaba,-0.007453531125189539,-0.002773178811272703,0.11033592795262946,0.030453238636064923,-0.1234925080570739,0.2633216745524243,26.0,0.4230769230769231,1.3461538461538463,0.05409582689335394,19.4541398843841,0.02655236157339351,spread,120,2.0,0.5,5,4.0
JD,-0.047986672536825314,-0.018088092959814506,0.09201976395922534,-0.146479802788883,-0.12105453284326817,0.05649184919492528,19.0,0.42105263157894735,1.4736842105263157,0.04327666151468315,14.11155595226337,0.019267777247220057,spread,120,2.0,0.5,5,4.0
NetEase,0.005149124484711942,0.0019082128891834138,0.0717378016964998,0.06152016247666918,-0.059450603623829146,0.49010004749519415,23.0,0.4782608695652174,1.5217391304347827,0.05409582689335394,17.090532598888895,0.03186728666616189,spread,120,2.0,0.5,5,4.0
YumChina,0.012605218770834314,0.004660501465983735,0.07168249911163554,0.09876874085871233,-0.06905169565371483,0.5791277150180268,26.0,0.5769230769230769,1.8846153846153846,0.07573415765069552,19.266558567507353,0.035990764900273475,spread,120,2.0,0.5,5,4.0
Baidu,-0.011549093154742729,-0.004302561117106585,0.1322499226778301,0.034334339314121824,-0.14554197631129218,0.26168437747965223,22.0,0.3181818181818182,1.8181818181818181,0.06191950464396285,16.576487005662397,0.03096379190882203,spread,120,2.0,0.5,5,4.0
TripCom,-0.060038640526817844,-0.0227206382689753,0.08212029447332769,-0.23045168466383278,-0.10478329729995672,0.1585746010240726,24.0,0.3333333333333333,1.4166666666666667,0.05263157894736842,17.66410964299201,0.0329277891665094,spread,120,2.0,0.5,5,4.0
Alibaba,-0.007453531125189539,-0.002773178811272703,0.11033592795262946,0.030453238636064923,-0.1234925080570739,0.2633216745524243,26.0,0.4230769230769231,1.3461538461538463,0.05409582689335394,19.4541398843841,0.02655236157339351,spread,120,2.0,0.5,10,4.0
JD,-0.047986672536825314,-0.018088092959814506,0.09201976395922534,-0.146479802788883,-0.12105453284326817,0.05649184919492528,19.0,0.42105263157894735,1.4736842105263157,0.04327666151468315,14.11155595226337,0.019267777247220057,spread,120,2.0,0.5,10,4.0
NetEase,0.005149124484711942,0.0019082128891834138,0.0717378016964998,0.06152016247666918,-0.059450603623829146,0.49010004749519415,23.0,0.4782608695652174,1.5217391304347827,0.05409582689335394,17.090532598888895,0.03186728666616189,spread,120,2.0,0.5,10,4.0
YumChina,0.02295674456495478,0.008460542483994749,0.07174251061911346,0.14978307433705307,-0.06905169565371494,0.628731527766362,26.0,0.6153846153846154,1.9230769230769231,0.07727975270479134,19.257435297611778,0.035977962879320216,spread,120,2.0,0.5,10,4.0
Baidu,-0.006055655392202541,-0.002252086587172464,0.13285911270885004,0.049802298513918423,-0.1407932205143868,0.27589078320407784,22.0,0.36363636363636365,1.9545454545454546,0.06656346749226007,16.550934922148045,0.030931214091940218,spread,120,2.0,0.5,10,4.0
TripCom,-0.060038640526817844,-0.0227206382689753,0.08212029447332769,-0.23045168466383278,-0.10478329729995672,0.1585746010240726,24.0,0.3333333333333333,1.4166666666666667,0.05263157894736842,17.66410964299201,0.0329277891665094,spread,120,2.0,0.5,10,4.0
Alibaba,-0.013126225320174711,-0.004892563139669015,0.10387668040121324,0.005762657971692086,-0.11358954403991606,0.16966523379275997,17.0,0.4117647058823529,1.8235294117647058,0.04791344667697063,12.837758291544677,0.017583438943625178,spread,120,2.5,0.0,5,4.0
JD,-0.06268910728517552,-0.02374443009350069,0.07005419589172854,-0.2976650976356617,-0.11867468739366582,-0.10176788184290861,14.0,0.42857142857142855,1.7142857142857142,0.03709428129829984,10.351496247010397,0.014159612736095612,spread,120,2.5,0.0,5,4.0
NetEase,0.048489616779399336,0.017731416054751037,0.05289956858299178,0.3484594435980554,-0.03001948087233819,0.566788888230045,9.0,0.5555555555555556,2.4444444444444446,0.03400309119010819,6.671091002959925,0.012520919000661296,spread,120,2.5,0.0,5,4.0
YumChina,0.02924717963435497,0.010757959249387827,0.0631810282394661,0.1958984734967674,-0.058416399632140514,0.4640513515392185,13.0,0.5384615384615384,2.4615384615384617,0.04945904173106646,9.557776838022027,0.017907650992436828,spread,120,2.5,0.0,5,4.0
Baidu,-0.004554185667474231,-0.0016928902468489326,0.12366163582808268,0.0484115004318585,-0.15130867776291967,0.19276685702849913,13.0,0.3076923076923077,2.1538461538461537,0.043343653250773995,9.8151469009871,0.018365180468679642,spread,120,2.5,0.0,5,4.0
TripCom,-0.024831314259138537,-0.009290056498901245,0.05649129328578724,-0.13207364943400174,-0.06673321794466369,0.07751202635019015,9.0,0.4444444444444444,1.8888888888888888,0.02631578947368421,6.548186005575871,0.012233787137798057,spread,120,2.5,0.0,5,4.0
Alibaba,-0.013126225320174711,-0.004892563139669015,0.10387668040121324,0.005762657971692086,-0.11358954403991606,0.16966523379275997,17.0,0.4117647058823529,1.8235294117647058,0.04791344667697063,12.837758291544677,0.017583438943625178,spread,120,2.5,0.0,10,4.0
JD,-0.06268910728517552,-0.02374443009350069,0.07005419589172854,-0.2976650976356617,-0.11867468739366582,-0.10176788184290861,14.0,0.42857142857142855,1.7142857142857142,0.03709428129829984,10.351496247010397,0.014159612736095612,spread,120,2.5,0.0,10,4.0
NetEase,0.048489616779399336,0.017731416054751037,0.05289956858299178,0.3484594435980554,-0.03001948087233819,0.566788888230045,9.0,0.5555555555555556,2.4444444444444446,0.03400309119010819,6.671091002959925,0.012520919000661296,spread,120,2.5,0.0,10,4.0
YumChina,0.03765479721835052,0.013814876383438923,0.0634172547107519,0.24158762678272588,-0.058416399632140514,0.5081014888335103,13.0,0.6153846153846154,2.6923076923076925,0.05409582689335394,9.543845698092264,0.01789262707671704,spread,120,2.5,0.0,10,4.0
Baidu,-0.0049379622656082756,-0.001835770695254979,0.1252983201063217,0.04829557965886696,-0.14659197112020095,0.19042259304013803,13.0,0.3076923076923077,2.6923076923076925,0.05417956656346749,9.761323641514183,0.018314139449226132,spread,120,2.5,0.0,10,4.0
TripCom,-0.024831314259138537,-0.009290056498901245,0.05649129328578724,-0.13207364943400174,-0.06673321794466369,0.07751202635019015,9.0,0.4444444444444444,1.8888888888888888,0.02631578947368421,6.548186005575871,0.012233787137798057,spread,120,2.5,0.0,10,4.0
Alibaba,-0.011819961641027277,-0.004403850357568517,0.101495363458885,0.008236193949103663,-0.11211332732899082,0.17489003898139,17.0,0.47058823529411764,1.2352941176470589,0.03245749613601236,12.815083643107718,0.017479137145748763,spread,120,2.5,0.5,5,4.0
JD,-0.03808107009303685,-0.014308104669306099,0.06814911970198131,-0.17103738024716456,-0.0977940907818452,0.030842544320773352,14.0,0.42857142857142855,1.3571428571428572,0.02936630602782071,10.397543580116402,0.014186048802323107,spread,120,2.5,0.5,5,4.0
NetEase,0.05171116993536451,0.018891021988225898,0.04940670311857555,0.39184222447508776,-0.030019480872338633,0.6231081983648142,9.0,0.6666666666666666,1.5555555555555556,0.021638330757341576,6.677605655278742,0.0124730152760655,spread,120,2.5,0.5,5,4.0
YumChina,0.023639615696664507,0.008710372372149333,0.061285859135908206,0.16794003764301432,-0.058416399632140514,0.4453347882906028,13.0,0.5384615384615384,1.9230769230769231,0.03863987635239567,9.585520339742606,0.017915405902029825,spread,120,2.5,0.5,5,4.0
Baidu,-0.006201136834769083,-0.002306296845028699,0.12034579769503669,0.041435413707431035,-0.15130867776291967,0.1901376732623008,13.0,0.3076923076923077,2.076923076923077,0.04179566563467492,9.843935338741199,0.018416624879925503,spread,120,2.5,0.5,5,4.0
TripCom,-0.030140962017738637,-0.011295787297349258,0.05813377178217303,-0.16048311653238437,-0.07354535047324329,0.042605856679842305,9.0,0.3333333333333333,1.5555555555555556,0.021671826625386997,6.534710731146705,0.012185359720316761,spread,120,2.5,0.5,5,4.0
Alibaba,-0.011819961641027277,-0.004403850357568517,0.101495363458885,0.008236193949103663,-0.11211332732899082,0.17489003898139,17.0,0.47058823529411764,1.2352941176470589,0.03245749613601236,12.815083643107718,0.017479137145748763,spread,120,2.5,0.5,10,4.0
JD,-0.03808107009303685,-0.014308104669306099,0.06814911970198131,-0.17103738024716456,-0.0977940907818452,0.030842544320773352,14.0,0.42857142857142855,1.3571428571428572,0.02936630602782071,10.397543580116402,0.014186048802323107,spread,120,2.5,0.5,10,4.0
NetEase,0.05171116993536451,0.018891021988225898,0.04940670311857555,0.39184222447508776,-0.030019480872338633,0.6231081983648142,9.0,0.6666666666666666,1.5555555555555556,0.021638330757341576,6.677605655278742,0.0124730152760655,spread,120,2.5,0.5,10,4.0
YumChina,0.023639615696664507,0.008710372372149333,0.061285859135908206,0.16794003764301432,-0.058416399632140514,0.4453347882906028,13.0,0.5384615384615384,1.9230769230769231,0.03863987635239567,9.585520339742606,0.017915405902029825,spread,120,2.5,0.5,10,4.0
Baidu,-0.0006779771457305905,-0.00025171133832091463,0.12101489762743901,0.058361024351902414,-0.14659197112020095,0.20600509746645038,13.0,0.38461538461538464,2.3076923076923075,0.04643962848297214,9.81838325522685,0.018384047063043692,spread,120,2.5,0.5,10,4.0
TripCom,-0.030140962017738637,-0.011295787297349258,0.05813377178217303,-0.16048311653238437,-0.07354535047324329,0.042605856679842305,9.0,0.3333333333333333,1.5555555555555556,0.021671826625386997,6.534710731146705,0.012185359720316761,spread,120,2.5,0.5,10,4.0
Alibaba,-0.11148551959549868,-0.04292751777201076,0.1470023328533225,-0.21664066495562168,-0.17414327847544575,0.22736072446526348,66.0,0.3181818181818182,1.8333333333333333,0.18701700154559506,49.120008044056235,0.06723988308362064,spread_2r,20,1.5,0.0,5,4.0
JD,-0.20501802270639446,-0.08163839769339731,0.1564586586663971,-0.4499773704769856,-0.21587201499468622,-0.012658950331136771,69.0,0.2898550724637681,2.0434782608695654,0.21792890262751158,51.49310459357449,0.07055650269943162,spread_2r,20,1.5,0.0,5,4.0
NetEase,-0.1941650618434385,-0.07700451053037638,0.1385938714993309,-0.49147219353195076,-0.24306741004661414,0.2220241925308909,73.0,0.3835616438356164,1.9863013698630136,0.2241112828438949,54.47501659335252,0.10186110048441663,spread_2r,20,1.5,0.0,5,4.0
YumChina,0.07432104235675241,0.026967333787608627,0.12981348296344813,0.2631487394723928,-0.09749625303468346,1.0002921658906716,71.0,0.5211267605633803,2.6338028169014085,0.2890262751159196,52.54331902212142,0.09867925999296244,spread_2r,20,1.5,0.0,5,4.0
Baidu,-0.21259022271020322,-0.08489510724282467,0.1461104257253597,-0.5157092322192321,-0.2336533145183034,0.1610996509692767,73.0,0.273972602739726,2.1232876712328768,0.23993808049535603,54.418381519458606,0.10193679822411661,spread_2r,20,1.5,0.0,5,4.0
TripCom,-0.17580307332052558,-0.06925304218515393,0.13794116135575085,-0.43569683929820274,-0.23796799638677024,0.3469643299580773,80.0,0.4,2.0,0.2476780185758514,59.45680026650303,0.11115694567111598,spread_2r,20,1.5,0.0,5,4.0
Alibaba,-0.09835446724075347,-0.03770152937698601,0.15505403849127986,-0.16356291604217538,-0.1741432784754463,0.25139288827487866,65.0,0.35384615384615387,1.9384615384615385,0.1947449768160742,48.39474240215337,0.06630394957151126,spread_2r,20,1.5,0.0,10,4.0
JD,-0.21079285852671104,-0.08412030676996929,0.16060793900432258,-0.45072841519239704,-0.21853325266056434,-0.024606085768254952,69.0,0.2753623188405797,2.1159420289855073,0.22565687789799072,51.47845834725734,0.07058022412378077,spread_2r,20,1.5,0.0,10,4.0
NetEase,-0.1933775374185478,-0.07666979238808969,0.13908243439925555,-0.4867221990538689,-0.24255010130913346,0.21472531972412223,72.0,0.4027777777777778,2.0416666666666665,0.22720247295208656,53.71980698249905,0.10047577467159743,spread_2r,20,1.5,0.0,10,4.0
YumChina,0.09595709891908633,0.034596322866741636,0.1300948169777472,0.31803462723223225,-0.0974962530346829,1.0240233080043253,68.0,0.5441176470588235,2.8823529411764706,0.3029366306027821,50.33903380828965,0.09463441236374438,spread_2r,20,1.5,0.0,10,4.0
Baidu,-0.2009810560218639,-0.07991011532939518,0.1504132327284602,-0.46169918064838605,-0.2276030663343258,0.18686426137494666,72.0,0.2916666666666667,2.2777777777777777,0.25386996904024767,53.63710920655492,0.10056187265499611,spread_2r,20,1.5,0.0,10,4.0
TripCom,-0.15729235725287427,-0.06154793745347198,0.1396965273319614,-0.3712640398179883,-0.22261479447918908,0.39262297011098346,79.0,0.4050632911392405,2.151898734177215,0.2631578947368421,58.70848956177139,0.10984444148233956,spread_2r,20,1.5,0.0,10,4.0
Alibaba,-0.11765506264090797,-0.045399692218484056,0.1313537919138437,-0.27762354394482763,-0.15182847296875512,0.24684146634414755,70.0,0.35714285714285715,1.4285714285714286,0.1545595054095827,52.01508312631854,0.07103896982596686,spread_2r,20,1.5,0.5,5,4.0
JD,-0.22615506964564358,-0.09077877527742706,0.14674564933111103,-0.5558542173461544,-0.23044737926295733,-0.06511288524445473,73.0,0.273972602739726,1.4246575342465753,0.160741885625966,54.45773319166369,0.07428361848751867,spread_2r,20,1.5,0.5,5,4.0
NetEase,-0.24557544432138034,-0.09931623607921602,0.12097617084189054,-0.7780027174558494,-0.27152593912756284,0.11418101358203046,80.0,0.325,1.45,0.17928902627511592,59.65935152480801,0.11125384212867986,spread_2r,20,1.5,0.5,5,4.0
YumChina,0.013596068170588671,0.005025296051061945,0.11429681127145741,0.09910536600099892,-0.1086219268504941,1.0165485166745292,78.0,0.46153846153846156,1.9487179487179487,0.23493044822256567,57.822441861999245,0.10820177032832579,spread_2r,20,1.5,0.5,5,4.0
Baidu,-0.27210391836804226,-0.11120486591829315,0.12621083789794768,-0.8425823684343919,-0.2915750278670136,0.012202876214642642,80.0,0.2625,1.625,0.20123839009287925,59.546469297813395,0.11123028439094156,spread_2r,20,1.5,0.5,5,4.0
TripCom,-0.19424894773605328,-0.07704017631286753,0.12859537081713365,-0.5403185238838742,-0.23967198079501273,0.328297441623629,83.0,0.3493975903614458,1.5301204819277108,0.19659442724458204,61.649821589900334,0.11500854662969641,spread_2r,20,1.5,0.5,5,4.0
Alibaba,-0.1224116149923874,-0.047313102926184736,0.1373479674475495,-0.27377120382066683,-0.151828472968755,0.22816997290240798,70.0,0.35714285714285715,1.4428571428571428,0.1561051004636785,52.058861453252774,0.07110757628343255,spread_2r,20,1.5,0.5,10,4.0
JD,-0.22615506964564358,-0.09077877527742706,0.14674564933111103,-0.5558542173461544,-0.23044737926295733,-0.06511288524445473,73.0,0.273972602739726,1.4246575342465753,0.160741885625966,54.45773319166369,0.07428361848751867,spread_2r,20,1.5,0.5,10,4.0
NetEase,-0.24557544432138034,-0.09931623607921602,0.12097617084189054,-0.7780027174558494,-0.27152593912756284,0.11418101358203046,80.0,0.325,1.45,0.17928902627511592,59.65935152480801,0.11125384212867986,spread_2r,20,1.5,0.5,10,4.0
YumChina,0.03726655757372099,0.013674060428706225,0.11440845419583583,0.17175617177260505,-0.10003550382157178,1.0762098004197542,77.0,0.4805194805194805,2.0259740259740258,0.241112828438949,57.08164572018573,0.10684330094335155,spread_2r,20,1.5,0.5,10,4.0
Baidu,-0.27210391836804226,-0.11120486591829315,0.12621083789794768,-0.8425823684343919,-0.2915750278670136,0.012202876214642642,80.0,0.2625,1.625,0.20123839009287925,59.546469297813395,0.11123028439094156,spread_2r,20,1.5,0.5,10,4.0
TripCom,-0.19276164100995263,-0.07640816373695847,0.12936106611746437,-0.5312366206989135,-0.23826851880283928,0.3220770028867231,82.0,0.35365853658536583,1.5731707317073171,0.1996904024767802,60.90764757923032,0.11364496224605782,spread_2r,20,1.5,0.5,10,4.0
Alibaba,-0.028392603957695384,-0.010634580519790715,0.1096300679959462,-0.04082760947752176,-0.09325227807896808,0.2655361316804428,34.0,0.38235294117647056,1.7058823529411764,0.08964451313755796,25.287732518158922,0.03459537134095784,spread_2r,20,2.0,0.0,5,4.0
JD,-0.09731901174027002,-0.03729147279559908,0.11356743132784003,-0.26796446531292756,-0.1331731623805522,0.05506126827012186,37.0,0.2702702702702703,1.945945945945946,0.11128284389489954,27.616680950209734,0.03780650172664225,spread_2r,20,2.0,0.0,5,4.0
NetEase,-0.10563626574738727,-0.04059363363964241,0.09715761515524497,-0.3651605656834061,-0.14077153183959712,0.15286127518381146,37.0,0.40540540540540543,2.2162162162162162,0.1267387944358578,27.670570882274188,0.05184221422027271,spread_2r,20,2.0,0.0,5,4.0
YumChina,0.0828694759998525,0.029993000207607645,0.11787931643175664,0.30195995928987407,-0.13755454408816714,0.7232163814144705,37.0,0.5945945945945946,2.4594594594594597,0.14064914992272023,27.339157371877327,0.051299857156565765,spread_2r,20,2.0,0.0,5,4.0
Baidu,-0.08651852591053566,-0.03303183484123873,0.12091726087767332,-0.20886738279550635,-0.11216329797036095,0.28365575939486404,44.0,0.36363636363636365,2.022727272727273,0.13777089783281735,32.82188996020721,0.06141887624603556,spread_2r,20,2.0,0.0,5,4.0
TripCom,-0.14602961695390737,-0.05691177352677956,0.10655342116884907,-0.48004903831461976,-0.21444373655168347,0.038528279549513614,41.0,0.3902439024390244,2.097560975609756,0.13312693498452013,30.448844431549,0.05695453445233157,spread_2r,20,2.0,0.0,5,4.0
Alibaba,-0.02106771338192448,-0.007872503646945583,0.1206388253709475,-0.004271830765030147,-0.09325227807896841,0.27460766777978407,34.0,0.4117647058823529,1.8235294117647058,0.09582689335394126,25.318948867834802,0.034669363378208855,spread_2r,20,2.0,0.0,10,4.0
JD,-0.10317904501051578,-0.039616052170125204,0.11352295015631428,-0.28876466525704586,-0.133173162380553,0.03447834305608542,37.0,0.2702702702702703,1.972972972972973,0.11282843894899536,27.623860899772357,0.03782308869385909,spread_2r,20,2.0,0.0,10,4.0
NetEase,-0.10591245748292122,-0.040703619382516654,0.09679570483592902,-0.3680215437605495,-0.1410368733251166,0.1384037243514696,36.0,0.4166666666666667,2.3055555555555554,0.12828438948995363,26.93999504427398,0.050494241500068135,spread_2r,20,2.0,0.0,10,4.0
YumChina,0.09703726434141968,0.03497470293169114,0.11812494315398754,0.34119510943242337,-0.13642148675831156,0.7501951521407458,36.0,0.6388888888888888,2.5833333333333335,0.1437403400309119,26.60298719192019,0.04994946162688783,spread_2r,20,2.0,0.0,10,4.0
Baidu,-0.07987822473564188,-0.030428646834829154,0.1239374373930172,-0.179775236199561,-0.11426584049581257,0.30061744016969133,44.0,0.36363636363636365,2.159090909090909,0.14705882352941177,32.78037480653565,0.061399343578476526,spread_2r,20,2.0,0.0,10,4.0
TripCom,-0.1275564326438675,-0.04939005626693971,0.10845073233794503,-0.3987647741257779,-0.197450494246459,0.11149579088081264,41.0,0.4146341463414634,2.292682926829268,0.14551083591331268,30.45079745515452,0.05700685498189204,spread_2r,20,2.0,0.0,10,4.0
Alibaba,0.028717127789689156,0.010564712902075835,0.10068324274927844,0.1510777793580054,-0.08719689454981672,0.483520255058601,34.0,0.47058823529411764,1.411764705882353,0.07418856259659969,25.316865537626626,0.034599168455265186,spread_2r,20,2.0,0.5,5,4.0
JD,-0.13564435887533666,-0.05267076513721003,0.10213581480714772,-0.4627061340628077,-0.15253109641597518,-0.10569106422463924,37.0,0.1891891891891892,1.3783783783783783,0.07882534775888717,27.622212947195866,0.03763709994823999,spread_2r,20,2.0,0.5,5,4.0
NetEase,-0.10684864920611692,-0.041076590943313285,0.0887359120159073,-0.4142184628471695,-0.16097910524104386,0.19425146198286503,40.0,0.4,1.525,0.09428129829984544,29.8481812965031,0.05568297490600511,spread_2r,20,2.0,0.5,5,4.0
YumChina,0.059971622763069776,0.02185422225215805,0.10843341995684674,0.2475084009993156,-0.13449108222604422,0.714957486214654,38.0,0.5,1.7894736842105263,0.10510046367851623,28.073553148417844,0.052498082704487595,spread_2r,20,2.0,0.5,5,4.0
Baidu,-0.1008719588580661,-0.03869973216378064,0.09269464243680013,-0.3665497020083674,-0.12243777539671663,0.30152399105577465,46.0,0.34782608695652173,1.5217391304347827,0.10835913312693499,34.19170467095546,0.0638180257744203,spread_2r,20,2.0,0.5,5,4.0
TripCom,-0.12022871410783187,-0.04643418331508198,0.10143123329072731,-0.4039051609708937,-0.1879242589807757,0.15350356892204767,42.0,0.35714285714285715,1.7142857142857142,0.11145510835913312,31.20002627932893,0.058224306614655275,spread_2r,20,2.0,0.5,5,4.0
Alibaba,0.023171511029149272,0.008539126563239074,0.10838923869559157,0.1298651760432728,-0.09157502000397111,0.4390278554653932,34.0,0.47058823529411764,1.4411764705882353,0.07573415765069552,25.360643864560863,0.03466777491273087,spread_2r,20,2.0,0.5,10,4.0
JD,-0.13564435887533666,-0.05267076513721003,0.10213581480714772,-0.4627061340628077,-0.15253109641597518,-0.10569106422463924,37.0,0.1891891891891892,1.3783783783783783,0.07882534775888717,27.622212947195866,0.03763709994823999,spread_2r,20,2.0,0.5,10,4.0
NetEase,-0.10684864920611692,-0.041076590943313285,0.0887359120159073,-0.4142184628471695,-0.16097910524104386,0.19425146198286503,40.0,0.4,1.525,0.09428129829984544,29.8481812965031,0.05568297490600511,spread_2r,20,2.0,0.5,10,4.0
YumChina,0.06596414126108652,0.023994789824352658,0.10892156318539882,0.2655186182003601,-0.13449108222604422,0.7309587847384088,38.0,0.5263157894736842,1.8157894736842106,0.10664605873261206,28.08484257873693,0.05252043365310992,spread_2r,20,2.0,0.5,10,4.0
Baidu,-0.1008719588580661,-0.03869973216378064,0.09269464243680013,-0.3665497020083674,-0.12243777539671663,0.30152399105577465,46.0,0.34782608695652173,1.5217391304347827,0.10835913312693499,34.19170467095546,0.0638180257744203,spread_2r,20,2.0,0.5,10,4.0
TripCom,-0.12366901393232488,-0.047820004091092216,0.10247950931765334,-0.4125053313863814,-0.19109983890035687,0.13942595230050103,42.0,0.35714285714285715,1.8095238095238095,0.11764705882352941,31.19688376771572,0.058248127170191656,spread_2r,20,2.0,0.5,10,4.0
Alibaba,0.006716588154318304,0.002487878109240116,0.0582902884509491,0.0703948468705951,-0.06985784361243397,0.45958680289291365,23.0,0.34782608695652173,1.565217391304348,0.05564142194744977,16.994233400098892,0.023268061193788474,spread_2r,20,2.5,0.0,5,4.0
JD,-0.07669104994566622,-0.029183377958623025,0.07645908617764675,-0.3375264006774487,-0.08488923239632695,-0.09029268295897183,19.0,0.3684210526315789,2.0,0.05873261205564142,14.225141472874704,0.019524280326234447,spread_2r,20,2.5,0.0,5,4.0
NetEase,-0.028830479152491484,-0.010800109077797715,0.07522872868872046,-0.10253495874927294,-0.08343228172007378,0.31230985589224564,23.0,0.5217391304347826,2.130434782608696,0.07573415765069552,17.22139564316175,0.03224532434649609,spread_2r,20,2.5,0.0,5,4.0
YumChina,0.05217821125813704,0.019058949192159114,0.09642632858276647,0.23809478769185408,-0.09805303088471595,0.48936064903882187,18.0,0.5555555555555556,2.2777777777777777,0.0633693972179289,13.32307773935179,0.02499509960131926,spread_2r,20,2.5,0.0,5,4.0
Baidu,-0.014964052666307182,-0.0055808392018315,0.07252926743076327,-0.03878437386671487,-0.06052503414627075,0.37105023127880343,22.0,0.36363636363636365,1.8636363636363635,0.06346749226006192,16.4150924326685,0.030691135025491086,spread_2r,20,2.5,0.0,5,4.0
TripCom,-0.11435819687753956,-0.044077270113377365,0.08030925603267142,-0.5041775588772425,-0.18123891476946574,-0.06722063604511776,26.0,0.38461538461538464,1.8846153846153846,0.07585139318885449,19.371496835416284,0.036210997689066514,spread_2r,20,2.5,0.0,5,4.0
Alibaba,0.014306164848652214,0.005286589817689036,0.07702247753718755,0.10469568293372827,-0.06985784361243319,0.39924680296294424,23.0,0.391304347826087,1.7391304347826086,0.061823802163833076,17.02544974977477,0.023342053231039488,spread_2r,20,2.5,0.0,10,4.0
JD,-0.0826849960200865,-0.031527535335723944,0.07639356631868133,-0.36856953015289884,-0.09082995742971356,-0.12113478936139732,19.0,0.3684210526315789,2.0526315789473686,0.06027820710973725,14.232321422437323,0.01954086729345128,spread_2r,20,2.5,0.0,10,4.0
NetEase,-0.025452250295445955,-0.009524261266720457,0.07855383562842051,-0.07903369075626251,-0.08024398611476269,0.31862593257365185,23.0,0.5217391304347826,2.260869565217391,0.080370942812983,17.211126891626396,0.03225939437303683,spread_2r,20,2.5,0.0,10,4.0
YumChina,0.07239409938162122,0.026283214842641955,0.10264530779537716,0.2964513789677899,-0.09805303088471595,0.5317912657009655,18.0,0.6111111111111112,2.5,0.0695517774343122,13.304411293843952,0.024989991624785584,spread_2r,20,2.5,0.0,10,4.0
Baidu,-0.012672355842225702,-0.004722710742145919,0.0763118033893616,-0.022237969012904837,-0.06052503414627064,0.36720376871961663,22.0,0.36363636363636365,2.0454545454545454,0.0696594427244582,16.389862557288783,0.030687248611122524,spread_2r,20,2.5,0.0,10,4.0
TripCom,-0.11435819687753956,-0.044077270113377365,0.08030925603267142,-0.5041775588772425,-0.18123891476946574,-0.06722063604511776,26.0,0.38461538461538464,1.8846153846153846,0.07585139318885449,19.371496835416284,0.036210997689066514,spread_2r,20,2.5,0.0,10,4.0
Alibaba,0.012214557548612781,0.00451661256881386,0.05526397384150838,0.10665276532701708,-0.06630722763966423,0.5166322873010969,23.0,0.391304347826087,1.3478260869565217,0.04791344667697063,16.980332040504802,0.02321130446852905,spread_2r,20,2.5,0.5,5,4.0
JD,-0.07700119051894616,-0.02930443491234347,0.07090217287519285,-0.37144934297054927,-0.08395967178755248,-0.10716379614061437,19.0,0.2631578947368421,1.263157894736842,0.03709428129829984,14.213594672790427,0.01936083841721199,spread_2r,20,2.5,0.5,5,4.0
NetEase,-0.018857801218140735,-0.007041740936234775,0.07004669182821566,-0.06306513492762297,-0.07096526462398589,0.39676262539362017,24.0,0.5,1.4583333333333333,0.05409582689335394,17.91800159074254,0.03339159566689125,spread_2r,20,2.5,0.5,5,4.0
YumChina,0.07775623671290433,0.028185013069172538,0.09288382654723187,0.33665958421751535,-0.09878360740450154,0.6103045768783998,19.0,0.5789473684210527,1.7894736842105263,0.05255023183925812,14.066674988588963,0.026308740664789342,spread_2r,20,2.5,0.5,5,4.0
Baidu,-0.028918378617672325,-0.010833343086823932,0.05608005385972969,-0.1604938170977485,-0.04935842012053415,0.39062300111425086,23.0,0.34782608695652173,1.3043478260869565,0.04643962848297214,17.112100213881494,0.03189524717753595,spread_2r,20,2.5,0.5,5,4.0
TripCom,-0.08509952039212287,-0.032474546880439825,0.07426718821053915,-0.39397391012681954,-0.1546727438434775,0.0778611654563569,26.0,0.38461538461538464,1.5769230769230769,0.06346749226006192,19.358845740811887,0.03611318105560782,spread_2r,20,2.5,0.5,5,4.0
Alibaba,0.00675790297957124,0.0025031491046967336,0.068301789520943,0.06967668779706547,-0.06630722763966501,0.4007014111015622,23.0,0.391304347826087,1.391304347826087,0.04945904173106646,17.02411036743904,0.023279910925994726,spread_2r,20,2.5,0.5,10,4.0
JD,-0.07700119051894616,-0.02930443491234347,0.07090217287519285,-0.37144934297054927,-0.08395967178755248,-0.10716379614061437,19.0,0.2631578947368421,1.263157894736842,0.03709428129829984,14.213594672790427,0.01936083841721199,spread_2r,20,2.5,0.5,10,4.0
NetEase,-0.018857801218140735,-0.007041740936234775,0.07004669182821566,-0.06306513492762297,-0.07096526462398589,0.39676262539362017,24.0,0.5,1.4583333333333333,0.05409582689335394,17.91800159074254,0.03339159566689125,spread_2r,20,2.5,0.5,10,4.0
YumChina,0.08384930000456015,0.030338842303582636,0.0934528343061064,0.3568939479939058,-0.09878360740450154,0.6289753383690491,19.0,0.631578947368421,1.8421052631578947,0.05409582689335394,14.077964418908048,0.026331091613411666,spread_2r,20,2.5,0.5,10,4.0
Baidu,-0.028918378617672325,-0.010833343086823932,0.05608005385972969,-0.1604938170977485,-0.04935842012053415,0.39062300111425086,23.0,0.34782608695652173,1.3043478260869565,0.04643962848297214,17.112100213881494,0.03189524717753595,spread_2r,20,2.5,0.5,10,4.0
TripCom,-0.08509952039212287,-0.032474546880439825,0.07426718821053915,-0.39397391012681954,-0.1546727438434775,0.0778611654563569,26.0,0.38461538461538464,1.5769230769230769,0.06346749226006192,19.358845740811887,0.03611318105560782,spread_2r,20,2.5,0.5,10,4.0
Alibaba,-0.17907590944465057,-0.07062665098203735,0.11723017051303058,-0.547190247597537,-0.19925168552963457,-0.07553931430413943,56.0,0.25,1.8035714285714286,0.1561051004636785,41.691360089768,0.057027320680068376,spread_2r,60,1.5,0.0,5,4.0
JD,-0.0841060650077986,-0.03208470918467088,0.12906386892954627,-0.18087929695043956,-0.11640784684864658,0.18844521377718138,48.0,0.3333333333333333,2.0416666666666665,0.15146831530139104,35.836335719747396,0.04906956253646281,spread_2r,60,1.5,0.0,5,4.0
NetEase,-0.20251901819869444,-0.08056788974784346,0.13043062566630564,-0.5592202175189654,-0.2513057833858158,0.043157082725506,58.0,0.3620689655172414,2.103448275862069,0.18856259659969088,43.25595474436466,0.08097046208875307,spread_2r,60,1.5,0.0,5,4.0
YumChina,0.059986582667393984,0.02185957549222972,0.12954760180281605,0.22649847544556745,-0.12140243147023433,0.8413996510919934,59.0,0.4915254237288136,2.7457627118644066,0.250386398763524,43.6677145105732,0.08205179512711056,spread_2r,60,1.5,0.0,5,4.0
Baidu,-0.0992942840148785,-0.03807396795606888,0.13587511948980097,-0.2092835403627381,-0.1585002066311244,0.35844247671178425,57.0,0.3333333333333333,2.3508771929824563,0.20743034055727555,42.40216417707723,0.07947850234586334,spread_2r,60,1.5,0.0,5,4.0
TripCom,-0.2138345444075056,-0.08543215608379351,0.12707431902979274,-0.6179794912233253,-0.2577769068328051,0.08112292110842127,66.0,0.3181818181818182,2.106060606060606,0.21517027863777088,48.967019299139885,0.09156495832633357,spread_2r,60,1.5,0.0,5,4.0
Alibaba,-0.17128673551968,-0.0673631565059557,0.12830619091807394,-0.46295392207816793,-0.1916539454178573,-0.031581585825084635,56.0,0.26785714285714285,1.9285714285714286,0.16692426584234932,41.69327704967749,0.05707507805401527,spread_2r,60,1.5,0.0,10,4.0
JD,-0.12586694968506296,-0.0487071678771237,0.13140970316509318,-0.3031111455894852,-0.15057563466001322,0.05942453718313313,48.0,0.3125,2.1666666666666665,0.160741885625966,35.81261215751716,0.049096505077994665,spread_2r,60,1.5,0.0,10,4.0
NetEase,-0.207869024357759,-0.08286227925059819,0.13373662839103198,-0.5602514259610359,-0.25632849710758254,0.027026089337171596,58.0,0.3448275862068966,2.1724137931034484,0.1947449768160742,43.22279392040234,0.08095474253588282,spread_2r,60,1.5,0.0,10,4.0
YumChina,0.1396859440177416,0.049731041904575335,0.13599290054541371,0.41396195742145636,-0.09668841720051069,0.9798090902558926,57.0,0.5614035087719298,3.210526315789474,0.2828438948995363,42.222079946244776,0.07952481713086082,spread_2r,60,1.5,0.0,10,4.0
Baidu,-0.09818093274856121,-0.03763278635537182,0.138947584296698,-0.1984418304325298,-0.15635622296294238,0.3472075535234714,56.0,0.3392857142857143,2.5357142857142856,0.21981424148606812,41.620117629099255,0.07807100086831681,spread_2r,60,1.5,0.0,10,4.0
TripCom,-0.19804317334050947,-0.07865581536403188,0.12781790568429283,-0.5576639260439238,-0.24174212689803753,0.12749332046677356,65.0,0.3230769230769231,2.3076923076923075,0.23219814241486067,48.21002793062862,0.09024801831179645,spread_2r,60,1.5,0.0,10,4.0
Alibaba,-0.14678614103768073,-0.057221978248073624,0.10648121343411808,-0.48329566488082387,-0.1566185046776487,0.08019444001997406,61.0,0.29508196721311475,1.3442622950819672,0.1267387944358578,45.39244598064097,0.06186127127630396,spread_2r,60,1.5,0.5,5,4.0
JD,-0.09312460916392051,-0.03563344263649426,0.11245619271520021,-0.2570656571308352,-0.11155612553867222,0.19910173320941935,52.0,0.36538461538461536,1.5,0.1205564142194745,38.747714913421504,0.05283187884414321,spread_2r,60,1.5,0.5,5,4.0
NetEase,-0.20797640291503872,-0.08290842893768358,0.11549099425054937,-0.6689346494390582,-0.23582980270887655,0.04422123289668455,61.0,0.36065573770491804,1.5245901639344261,0.1437403400309119,45.485650068364286,0.08489636427788178,spread_2r,60,1.5,0.5,5,4.0
YumChina,0.05181568290817995,0.018928604258187542,0.12529399004685524,0.2076168595225759,-0.09668841720051058,0.8823281789662136,63.0,0.47619047619047616,1.9523809523809523,0.1901081916537867,46.694560390320156,0.0873437117355378,spread_2r,60,1.5,0.5,5,4.0
Baidu,-0.16605292301225694,-0.06518112358485917,0.11225434203017606,-0.5261855303990869,-0.2011918906736344,0.21962485046769892,62.0,0.25806451612903225,1.6129032258064515,0.15479876160990713,46.21844988219083,0.08627003705994647,spread_2r,60,1.5,0.5,5,4.0
TripCom,-0.20843875762885933,-0.0831071869864759,0.11997616455700631,-0.6412973760450041,-0.2596779345192468,0.1422435355575407,70.0,0.37142857142857144,1.542857142857143,0.16718266253869968,51.943611080072934,0.09686234253622103,spread_2r,60,1.5,0.5,5,4.0
Alibaba,-0.14678614103768073,-0.057221978248073624,0.10648121343411808,-0.48329566488082387,-0.1566185046776487,0.08019444001997406,61.0,0.29508196721311475,1.3442622950819672,0.1267387944358578,45.39244598064097,0.06186127127630396,spread_2r,60,1.5,0.5,10,4.0
JD,-0.12513959228677762,-0.048413425848827685,0.11342496359524641,-0.36793937830902995,-0.13948083945557443,0.08429104288688079,52.0,0.36538461538461536,1.5192307692307692,0.12210200927357033,38.762608359909734,0.05285681219958299,spread_2r,60,1.5,0.5,10,4.0
NetEase,-0.20797640291503872,-0.08290842893768358,0.11549099425054937,-0.6689346494390582,-0.23582980270887655,0.04422123289668455,61.0,0.36065573770491804,1.5245901639344261,0.1437403400309119,45.485650068364286,0.08489636427788178,spread_2r,60,1.5,0.5,10,4.0
YumChina,0.060000787891341556,0.021864658634112244,0.12562777417043622,0.22961137655203565,-0.09668841720051069,0.8920636384713997,62.0,0.5,2.064516129032258,0.19783616692426584,45.959232113053176,0.08601056308120265,spread_2r,60,1.5,0.5,10,4.0
Baidu,-0.1658772694925731,-0.06510804128477388,0.11290436664263696,-0.5218360575042241,-0.20119189067363408,0.21953956671144526,62.0,0.25806451612903225,1.6290322580645162,0.1563467492260062,46.20692735219034,0.08625660553062753,spread_2r,60,1.5,0.5,10,4.0
TripCom,-0.21011882852306807,-0.08383003473342576,0.12087149810262601,-0.6419922673262773,-0.26124925141549715,0.12459681235409005,69.0,0.37681159420289856,1.608695652173913,0.17182662538699692,51.18476859591971,0.09547371877756733,spread_2r,60,1.5,0.5,10,4.0
Alibaba,-0.0033444383721958904,-0.0012427265560603917,0.11830687032627916,0.048008194630795906,-0.11177706869859971,0.2755440399558781,27.0,0.37037037037037035,2.0,0.08346213292117466,20.31307395184478,0.027804187640218463,spread_2r,60,2.0,0.0,5,4.0
JD,-0.0072602418965277415,-0.0027010980620078007,0.1058063391145974,0.027912744854797132,-0.08257253925979591,0.29194376956320994,28.0,0.32142857142857145,2.25,0.0973724884080371,20.986449443012006,0.0287929103641123,spread_2r,60,2.0,0.0,5,4.0
NetEase,-0.07734480586250447,-0.029438587921699955,0.06460273179559374,-0.4162294803632316,-0.11312246616776678,0.06639513463472504,23.0,0.34782608695652173,1.826086956521739,0.06491499227202473,17.152616648872627,0.032097947924901046,spread_2r,60,2.0,0.0,5,4.0
YumChina,0.08561004416938434,0.030959826965281323,0.11233941335910008,0.3193087025159663,-0.09855513302267671,0.6660715859249665,29.0,0.5517241379310345,2.8275862068965516,0.1267387944358578,21.396207437511364,0.0402051195485593,spread_2r,60,2.0,0.0,5,4.0
Baidu,-0.015393947233118377,-0.0057419535016391965,0.09948584645233167,-0.006684292966362523,-0.08733133569121387,0.40136064190119797,30.0,0.43333333333333335,2.433333333333333,0.1130030959752322,22.36989376627678,0.041972555521080444,spread_2r,60,2.0,0.0,5,4.0
TripCom,-0.09513925726569195,-0.03642922158697781,0.08610018463217943,-0.37494951755534883,-0.18585659222988316,0.07832265268723515,29.0,0.27586206896551724,1.9655172413793103,0.08823529411764706,21.557934079592723,0.04025390091955961,spread_2r,60,2.0,0.0,5,4.0
Alibaba,-0.001416136124658185,-0.0005258884094118121,0.11907483665702506,0.054305898688303836,-0.1100585589739913,0.28030169088197693,27.0,0.37037037037037035,2.111111111111111,0.08809891808346214,20.283774562078392,0.027777952976914357,spread_2r,60,2.0,0.0,10,4.0
JD,-0.04291640838009214,-0.01615020133130407,0.10688736461407805,-0.0944622511569716,-0.11482045761729354,0.1672186080015498,28.0,0.2857142857142857,2.2857142857142856,0.09891808346213292,21.00165587394163,0.02881830887644866,spread_2r,60,2.0,0.0,10,4.0
NetEase,-0.07734480586250447,-0.029438587921699955,0.06460273179559374,-0.4162294803632316,-0.11312246616776678,0.06639513463472504,23.0,0.34782608695652173,1.826086956521739,0.06491499227202473,17.152616648872627,0.032097947924901046,spread_2r,60,2.0,0.0,10,4.0
YumChina,0.09309783232148239,0.03359359347151036,0.11342193348071361,0.33915425465252097,-0.09699983428076853,0.6714007633756457,28.0,0.5357142857142857,3.25,0.14064914992272023,20.64725185443979,0.03888454431315172,spread_2r,60,2.0,0.0,10,4.0
Baidu,0.0026627454477055057,0.0009875556237914918,0.10367797327433216,0.0607563627198018,-0.08613418243763593,0.4518665772352992,30.0,0.5,2.8,0.13003095975232198,22.309218700719285,0.04192865718434724,spread_2r,60,2.0,0.0,10,4.0
TripCom,-0.0912318124711875,-0.034886806754635624,0.08663476660733645,-0.35420123838268475,-0.18112480964472066,0.0965890173917977,29.0,0.27586206896551724,2.2413793103448274,0.10061919504643962,21.544595174026583,0.0402886230583379,spread_2r,60,2.0,0.0,10,4.0
Alibaba,0.050415944446659866,0.018425071256977343,0.10559183984037632,0.22010931116897034,-0.10155377000602084,0.4994871379936863,30.0,0.4,1.4333333333333333,0.06646058732612056,22.52757572793843,0.0307527873567644,spread_2r,60,2.0,0.5,5,4.0
JD,-0.01709865785715703,-0.006381274506482959,0.08740075855969437,-0.027533729695463534,-0.07684347993369922,0.28978702505278,28.0,0.32142857142857145,1.5357142857142858,0.06646058732612056,20.944235647215443,0.028577894934272506,spread_2r,60,2.0,0.5,5,4.0
NetEase,-0.06281497497518529,-0.023793094069091802,0.06660662977352233,-0.3174772005956516,-0.08734065993909867,0.15076035082104136,23.0,0.391304347826087,1.3043478260869565,0.04636785162287481,17.19275043822076,0.03208074659333661,spread_2r,60,2.0,0.5,5,4.0
YumChina,0.03633506714779178,0.013336070202660144,0.10828924464471418,0.1727290445275365,-0.11126849101389613,0.5565428737395643,31.0,0.4838709677419355,2.064516129032258,0.09891808346213292,22.93087984527888,0.042912511384221086,spread_2r,60,2.0,0.5,5,4.0
Baidu,-0.07136382472311753,-0.027107985341286778,0.08406291975305469,-0.27512344263318245,-0.10851367742717766,0.2393581005317522,32.0,0.375,1.59375,0.07894736842105263,23.878703264137588,0.04459829767971593,spread_2r,60,2.0,0.5,5,4.0
TripCom,-0.06245379055734179,-0.023653461074654047,0.08380064067305515,-0.23516544703209558,-0.16736613957404733,0.26100048856421487,31.0,0.3548387096774194,1.5161290322580645,0.07275541795665634,23.058393771084226,0.04294250585181188,spread_2r,60,2.0,0.5,5,4.0
Alibaba,0.050415944446659866,0.018425071256977343,0.10559183984037632,0.22010931116897034,-0.10155377000602084,0.4994871379936863,30.0,0.4,1.4333333333333333,0.06646058732612056,22.52757572793843,0.0307527873567644,spread_2r,60,2.0,0.5,10,4.0
JD,-0.05240145862270673,-0.019780748649592783,0.08870323550608053,-0.17425108794041846,-0.08270966834497473,0.13874588563860932,28.0,0.2857142857142857,1.5714285714285714,0.06800618238021638,20.959442078145074,0.028603293446608866,spread_2r,60,2.0,0.5,10,4.0
NetEase,-0.06281497497518529,-0.023793094069091802,0.06660662977352233,-0.3174772005956516,-0.08734065993909867,0.15076035082104136,23.0,0.391304347826087,1.3043478260869565,0.04636785162287481,17.19275043822076,0.03208074659333661,spread_2r,60,2.0,0.5,10,4.0
YumChina,0.03852841386875938,0.01413161926893225,0.10818621057774121,0.17982512304713488,-0.11126849101389702,0.5517724506345579,30.0,0.5,2.2666666666666666,0.10510046367851623,22.184262137692823,0.04155701178126362,spread_2r,60,2.0,0.5,10,4.0
Baidu,-0.07116822692417757,-0.02703192655818043,0.08492873841080543,-0.27056376172886315,-0.10851367742717866,0.23847592346305058,32.0,0.375,1.625,0.0804953560371517,23.867180734137104,0.044584866150396994,spread_2r,60,2.0,0.5,10,4.0
TripCom,-0.06616743900428179,-0.025090765984383534,0.08391222943413007,-0.25176673526090315,-0.16736613957404733,0.24360176250128815,31.0,0.3548387096774194,1.5483870967741935,0.07430340557275542,23.041725297601012,0.04291746647679678,spread_2r,60,2.0,0.5,10,4.0
Alibaba,-0.012178497595828675,-0.004537949043063816,0.10177324142026986,0.006515977778824046,-0.10936692314035001,0.14449705254454678,14.0,0.35714285714285715,1.7142857142857142,0.03709428129829984,10.616273984209009,0.014500532265044237,spread_2r,60,2.5,0.0,5,4.0
JD,0.00953176787606691,0.0035275390668376705,0.08843134839362389,0.08262749613336001,-0.09936010808145823,0.20725327725448411,11.0,0.45454545454545453,2.090909090909091,0.03554868624420402,8.328301215649445,0.011422240207603586,spread_2r,60,2.5,0.0,5,4.0
NetEase,-0.05667454997366983,-0.02142380687610601,0.056596866321988695,-0.3427043603832125,-0.07461026986187769,0.04148771173167766,16.0,0.3125,2.0,0.04945904173106646,11.967726508936325,0.022409131509492818,spread_2r,60,2.5,0.0,5,4.0
YumChina,0.034803259890555216,0.01277984008740396,0.055693656362470034,0.24883287738710308,-0.0554313905810494,0.5616996184782385,13.0,0.6153846153846154,2.6923076923076925,0.05409582689335394,9.668967820600454,0.018139680629600096,spread_2r,60,2.5,0.0,5,4.0
Baidu,-0.018000665150771145,-0.006719838186030835,0.06491756952035702,-0.06851175133323893,-0.06525785176730803,0.24268761781096218,15.0,0.4,1.9333333333333333,0.04489164086687306,11.185618475250019,0.020908559453368995,spread_2r,60,2.5,0.0,5,4.0
TripCom,0.0062963516622975835,0.0023325257685373746,0.0690385184248191,0.0671593953728343,-0.07930120551124098,0.3723248294329573,16.0,0.4375,1.75,0.043343653250773995,11.779204497727328,0.021972653155690334,spread_2r,60,2.5,0.0,5,4.0
Alibaba,-0.012178497595828675,-0.004537949043063816,0.10177324142026986,0.006515977778824046,-0.10936692314035001,0.14449705254454678,14.0,0.35714285714285715,1.7142857142857142,0.03709428129829984,10.616273984209009,0.014500532265044237,spread_2r,60,2.5,0.0,10,4.0
JD,0.00953176787606691,0.0035275390668376705,0.08843134839362389,0.08262749613336001,-0.09936010808145823,0.20725327725448411,11.0,0.45454545454545453,2.090909090909091,0.03554868624420402,8.328301215649445,0.011422240207603586,spread_2r,60,2.5,0.0,10,4.0
NetEase,-0.05667454997366983,-0.02142380687610601,0.056596866321988695,-0.3427043603832125,-0.07461026986187769,0.04148771173167766,16.0,0.3125,2.0,0.04945904173106646,11.967726508936325,0.022409131509492818,spread_2r,60,2.5,0.0,10,4.0
YumChina,0.05387274712848944,0.019667835386216304,0.06653215129788542,0.317062199928833,-0.0645276916689752,0.5776765725897293,13.0,0.5384615384615384,3.3846153846153846,0.06800618238021638,9.623660239672759,0.018129936025915595,spread_2r,60,2.5,0.0,10,4.0
Baidu,-0.012543082794892912,-0.004674341639234858,0.06615089506176394,-0.0358519851619419,-0.06006290705151163,0.26898201203576194,15.0,0.4666666666666667,2.1333333333333333,0.04953560371517028,11.160066391735672,0.020875981636487184,spread_2r,60,2.5,0.0,10,4.0
TripCom,0.0062963516622975835,0.0023325257685373746,0.0690385184248191,0.0671593953728343,-0.07930120551124098,0.3723248294329573,16.0,0.4375,1.75,0.043343653250773995,11.779204497727328,0.021972653155690334,spread_2r,60,2.5,0.0,10,4.0
Alibaba,0.01569488253596729,0.005797263019741816,0.09411388264356718,0.10622866431086361,-0.1002004554012158,0.2749026419395918,16.0,0.3125,1.25,0.030911901081916538,12.11523782198394,0.01653572902683351,spread_2r,60,2.5,0.5,5,4.0
JD,0.008866265482349034,0.003281930173142822,0.0696030805554884,0.08019975280584007,-0.06860541379519358,0.23595296178373493,11.0,0.2727272727272727,1.1818181818181819,0.02009273570324575,8.263631835489985,0.011237475142670404,spread_2r,60,2.5,0.5,5,4.0
NetEase,-0.027020405329411523,-0.010116156297169443,0.06142517662611551,-0.1299803634435354,-0.0614567228061057,0.22441519163594523,16.0,0.4375,1.375,0.03400309119010819,12.025277637129095,0.022430976949262358,spread_2r,60,2.5,0.5,5,4.0
YumChina,0.02550616823319296,0.00939272039749306,0.05269632103768144,0.19823485552489714,-0.041676569182951706,0.5287645144341758,13.0,0.5384615384615384,2.0,0.0401854714064915,9.691496351899088,0.01811397451843673,spread_2r,60,2.5,0.5,5,4.0
Baidu,-0.017886854055155776,-0.006677109014354032,0.0535678461893502,-0.09453566681913717,-0.06591056283984331,0.2814720660712623,15.0,0.4666666666666667,1.5333333333333334,0.03560371517027864,11.210258693839402,0.020904820895863773,spread_2r,60,2.5,0.5,5,4.0
TripCom,0.01081489030328009,0.0040007982644996165,0.0640102528401905,0.09239094404942903,-0.08713715846548653,0.44240015656358656,17.0,0.4117647058823529,1.3529411764705883,0.03560371517027864,12.517077829335857,0.023287190088650826,spread_2r,60,2.5,0.5,5,4.0
Alibaba,0.01569488253596729,0.005797263019741816,0.09411388264356718,0.10622866431086361,-0.1002004554012158,0.2749026419395918,16.0,0.3125,1.25,0.030911901081916538,12.11523782198394,0.01653572902683351,spread_2r,60,2.5,0.5,10,4.0
JD,0.008866265482349034,0.003281930173142822,0.0696030805554884,0.08019975280584007,-0.06860541379519358,0.23595296178373493,11.0,0.2727272727272727,1.1818181818181819,0.02009273570324575,8.263631835489985,0.011237475142670404,spread_2r,60,2.5,0.5,10,4.0
NetEase,-0.027020405329411523,-0.010116156297169443,0.06142517662611551,-0.1299803634435354,-0.0614567228061057,0.22441519163594523,16.0,0.4375,1.375,0.03400309119010819,12.025277637129095,0.022430976949262358,spread_2r,60,2.5,0.5,10,4.0
YumChina,0.02550616823319296,0.00939272039749306,0.05269632103768144,0.19823485552489714,-0.041676569182951706,0.5287645144341758,13.0,0.5384615384615384,2.0,0.0401854714064915,9.691496351899088,0.01811397451843673,spread_2r,60,2.5,0.5,10,4.0
Baidu,-0.017679992450178372,-0.006599452985542875,0.05491638078605369,-0.08950027391243628,-0.0657138164252774,0.27700977925061787,15.0,0.4666666666666667,1.6,0.03715170278637771,11.198736163838912,0.02089138936654484,spread_2r,60,2.5,0.5,10,4.0
TripCom,0.01081489030328009,0.0040007982644996165,0.0640102528401905,0.09239094404942903,-0.08713715846548653,0.44240015656358656,17.0,0.4117647058823529,1.3529411764705883,0.03560371517027864,12.517077829335857,0.023287190088650826,spread_2r,60,2.5,0.5,10,4.0
Alibaba,-0.16147300457392078,-0.06327875987349885,0.12247063878752384,-0.4565843800023977,-0.18261911287975852,-0.038330296109724375,52.0,0.3269230769230769,1.8076923076923077,0.14528593508500773,38.64374937606724,0.05283871807028672,spread_2r,120,1.5,0.0,5,4.0
JD,-0.08394098065078748,-0.03201995488560749,0.11463243599060235,-0.21810186612309504,-0.10592491311862318,0.17171213626807239,45.0,0.37777777777777777,2.2666666666666666,0.15765069551777433,33.56404619444958,0.046020642825094195,spread_2r,120,1.5,0.0,5,4.0
NetEase,-0.16216950889132453,-0.06356764535249271,0.1132967978135045,-0.5054399021875801,-0.21037615094088058,0.09370598841247871,50.0,0.4,2.34,0.18083462132921174,37.303200074403456,0.06990396381592695,spread_2r,120,1.5,0.0,5,4.0
YumChina,0.03781578841366251,0.013873258767962415,0.1391305519541824,0.16548655165523812,-0.14307278817739144,0.6993795128837934,55.0,0.4909090909090909,3.0727272727272728,0.26120556414219476,40.75031131439311,0.07667088658915144,spread_2r,120,1.5,0.0,5,4.0
Baidu,-0.09164548210691259,-0.03504990003677477,0.13226995818216972,-0.19546964811086612,-0.1649792469302832,0.23803025930658228,42.0,0.30952380952380953,2.4761904761904763,0.1609907120743034,31.511368620666985,0.05910817936429791,spread_2r,120,1.5,0.0,5,4.0
TripCom,-0.07501710839431219,-0.028530430562404785,0.10328998019334201,-0.22029204646702155,-0.14666686173933952,0.3815672830879349,46.0,0.43478260869565216,2.347826086956522,0.16718266253869968,34.276755781090245,0.06416965946793703,spread_2r,120,1.5,0.0,5,4.0
Alibaba,-0.16599334280333533,-0.0651563335934936,0.12887795547841113,-0.44269164292865765,-0.18702545649445013,-0.04470595061508021,52.0,0.3269230769230769,1.8269230769230769,0.14683153013910355,38.68752770300148,0.052907324527752396,spread_2r,120,1.5,0.0,10,4.0
JD,-0.10915521165143194,-0.04199655780150158,0.11801229506831998,-0.2936271136951992,-0.1298968352316423,0.07632171040915665,44.0,0.38636363636363635,2.4318181818181817,0.16537867078825347,32.773315132233776,0.044999271410593594,spread_2r,120,1.5,0.0,10,4.0
NetEase,-0.1376559515145649,-0.05348972326138368,0.11530420054749399,-0.40465320478094574,-0.18743229832323804,0.16147027997556224,48.0,0.375,2.5833333333333335,0.19165378670788252,35.772491816292394,0.06714592411835064,spread_2r,120,1.5,0.0,10,4.0
YumChina,0.12318077694772844,0.04406217182365957,0.14344570108272056,0.3631785709030901,-0.09821204057387456,0.8438259458855867,51.0,0.5686274509803921,3.6666666666666665,0.2890262751159196,37.753885092110515,0.07127821736353622,spread_2r,120,1.5,0.0,10,4.0
Baidu,-0.06983186885142356,-0.026512549036721733,0.1370262287599807,-0.12171244797972507,-0.1545989510334287,0.28744236764851216,41.0,0.3902439024390244,2.8780487804878048,0.1826625386996904,30.732033681106678,0.057772183973086796,spread_2r,120,1.5,0.0,10,4.0
TripCom,-0.06371713315734862,-0.024142014052961125,0.10831606852691043,-0.1648173915404833,-0.13320090031465137,0.39833642046092665,45.0,0.4222222222222222,2.7333333333333334,0.19040247678018576,33.5083809842548,0.06287014241297544,spread_2r,120,1.5,0.0,10,4.0
Alibaba,-0.13037301830031922,-0.05053037029273533,0.11076430326746223,-0.3988891295168194,-0.14397589948104306,0.08005671328088285,54.0,0.35185185185185186,1.3703703703703705,0.1143740340030912,40.11391750936574,0.054664579178933255,spread_2r,120,1.5,0.5,5,4.0
JD,-0.05485307115149285,-0.020722853894411863,0.10470508243852229,-0.14176219445853236,-0.09288096705146065,0.3102981347181573,48.0,0.375,1.4583333333333333,0.10819165378670788,35.81184962060193,0.0488209883658277,spread_2r,120,1.5,0.5,5,4.0
NetEase,-0.15743150152288532,-0.0616054573585183,0.10139788176999466,-0.5575312642443587,-0.19414742652666617,0.13766542310221225,52.0,0.40384615384615385,1.6153846153846154,0.12982998454404945,38.88430112643906,0.07258598248505699,spread_2r,120,1.5,0.5,5,4.0
YumChina,0.08068944669471256,0.02922282289032796,0.12174293358148972,0.2905026482663311,-0.10180083740768187,0.949861799869783,60.0,0.5,2.1166666666666667,0.19629057187017002,44.40882358279028,0.0831772777356834,spread_2r,120,1.5,0.5,5,4.0
Baidu,-0.11378874125913085,-0.043849166631433234,0.11427729475466886,-0.3234505731056298,-0.17381566885662336,0.2712060190607389,50.0,0.3,1.66,0.12848297213622292,37.46625791621124,0.06998445890909287,spread_2r,120,1.5,0.5,5,4.0
TripCom,-0.1442040978993765,-0.05616394959035231,0.09690250060001958,-0.5301142435365356,-0.17285780380849303,0.14979411583047744,49.0,0.3469387755102041,1.469387755102041,0.11145510835913312,36.424142582973346,0.06788793869543665,spread_2r,120,1.5,0.5,5,4.0
Alibaba,-0.13037301830031922,-0.05053037029273533,0.11076430326746223,-0.3988891295168194,-0.14397589948104306,0.08005671328088285,54.0,0.35185185185185186,1.3703703703703705,0.1143740340030912,40.11391750936574,0.054664579178933255,spread_2r,120,1.5,0.5,10,4.0
JD,-0.08821913586277397,-0.03370043528386446,0.10575166697252089,-0.261632828689409,-0.09855682108953967,0.18637622042081467,48.0,0.375,1.4791666666666667,0.10973724884080371,35.82674306709017,0.04884592172126746,spread_2r,120,1.5,0.5,10,4.0
NetEase,-0.15743150152288532,-0.0616054573585183,0.10139788176999466,-0.5575312642443587,-0.19414742652666617,0.13766542310221225,52.0,0.40384615384615385,1.6153846153846154,0.12982998454404945,38.88430112643906,0.07258598248505699,spread_2r,120,1.5,0.5,10,4.0
YumChina,0.09864201216864621,0.03553641098736526,0.12469723769056837,0.33414051273907786,-0.09723760564431716,0.9453614532114952,57.0,0.5087719298245614,2.2982456140350878,0.20247295208655333,42.146531993113925,0.07902288902545045,spread_2r,120,1.5,0.5,10,4.0
Baidu,-0.1136020793820467,-0.04377441664093429,0.11491576313055335,-0.3203565337036647,-0.17381566885662347,0.27085066585273326,50.0,0.3,1.68,0.13003095975232198,37.45473538621075,0.06997102737977394,spread_2r,120,1.5,0.5,10,4.0
TripCom,-0.1442040978993765,-0.05616394959035231,0.09690250060001958,-0.5301142435365356,-0.17285780380849303,0.14979411583047744,49.0,0.3469387755102041,1.469387755102041,0.11145510835913312,36.424142582973346,0.06788793869543665,spread_2r,120,1.5,0.5,10,4.0
Alibaba,-0.019137220870630745,-0.007146716931928143,0.11280614865123702,-0.006179997235181133,-0.11432051993385695,0.20643049989037748,24.0,0.4583333333333333,1.875,0.0695517774343122,18.05832246067244,0.024702914753323518,spread_2r,120,2.0,0.0,5,4.0
JD,-0.0359131021602106,-0.01348407429899956,0.09739950138451423,-0.08654578227460481,-0.0855545609403916,0.18148585679426002,26.0,0.4230769230769231,2.269230769230769,0.09119010819165378,19.58510199937452,0.026875356333617893,spread_2r,120,2.0,0.0,5,4.0
NetEase,-0.06171207942524948,-0.023366823419729843,0.07331788805319304,-0.2759984384138692,-0.09110684868821095,0.16975663767434315,24.0,0.4583333333333333,2.25,0.08346213292117466,17.922070372392167,0.033585119939424354,spread_2r,120,2.0,0.0,5,4.0
YumChina,0.09288597087630346,0.03351922920493933,0.1160008632321212,0.3334896110549539,-0.10534176280639318,0.655535900696599,28.0,0.5714285714285714,2.892857142857143,0.125193199381762,20.593976938600434,0.0386753607625478,spread_2r,120,2.0,0.0,5,4.0
Baidu,0.02236597258383144,0.008244322649716418,0.09566663011870975,0.13101346820617607,-0.06292199266709753,0.48563896464789374,25.0,0.48,2.56,0.09907120743034056,18.73258093133131,0.03519245896926972,spread_2r,120,2.0,0.0,5,4.0
TripCom,-0.07678290269159493,-0.02921922811155586,0.07644497071376354,-0.33798318119234716,-0.17137111283936912,0.10529302780376167,25.0,0.32,1.76,0.06811145510835913,18.741725601901738,0.03495539084258633,spread_2r,120,2.0,0.0,5,4.0
Alibaba,-0.019137220870630745,-0.007146716931928143,0.11280614865123702,-0.006179997235181133,-0.11432051993385695,0.20643049989037748,24.0,0.4583333333333333,1.875,0.0695517774343122,18.05832246067244,0.024702914753323518,spread_2r,120,2.0,0.0,10,4.0
JD,-0.06325043359597315,-0.023961486284308275,0.10139476572593073,-0.1813083679358739,-0.11537529543183533,0.065975325700921,25.0,0.4,2.48,0.09582689335394126,18.803609366485837,0.02584463792475264,spread_2r,120,2.0,0.0,10,4.0
NetEase,-0.03899981312256784,-0.014657665176927237,0.07251374092093942,-0.16114712714369422,-0.08067326604669167,0.27133164021534933,23.0,0.4782608695652174,2.4782608695652173,0.08809891808346214,17.154510958024577,0.03218833944099382,spread_2r,120,2.0,0.0,10,4.0
YumChina,0.14950761958652037,0.053079930701199096,0.12061661907086102,0.4760008610918525,-0.09668841720051036,0.7746399266197354,27.0,0.5925925925925926,3.4074074074074074,0.14219474497681608,19.852614218356766,0.037385457052647335,spread_2r,120,2.0,0.0,10,4.0
Baidu,0.03351338400358905,0.012311058447617151,0.09803526391013839,0.17000280480891314,-0.06292199266709819,0.5023882670238793,24.0,0.5416666666666666,3.0,0.11145510835913312,17.945315648705005,0.03380074497283173,spread_2r,120,2.0,0.0,10,4.0
TripCom,-0.07279618996254678,-0.027665272039974598,0.07704604283114311,-0.3146174991903255,-0.16655514098427737,0.12553760837406822,25.0,0.32,2.08,0.0804953560371517,18.728386696335598,0.03499011298136463,spread_2r,120,2.0,0.0,10,4.0
Alibaba,0.016468430856781957,0.006081529595392876,0.10055307076429644,0.1083645061612327,-0.11020368616256893,0.3542576211757202,25.0,0.48,1.4,0.05409582689335394,18.754169460810754,0.02560845924278778,spread_2r,120,2.0,0.5,5,4.0
JD,0.029114091942445963,0.010709444012009461,0.09198182528319486,0.15812207674637424,-0.0660854679441144,0.4477138226699864,27.0,0.48148148148148145,1.4444444444444444,0.06027820710973725,20.235201013178585,0.027578551498352637,spread_2r,120,2.0,0.5,5,4.0
NetEase,-0.04227108070861285,-0.015904015926939685,0.07674477614952888,-0.16440256894802358,-0.07781989271381651,0.25979987072974564,24.0,0.5,1.5,0.05564142194744977,17.984217947048045,0.033542442385585555,spread_2r,120,2.0,0.5,5,4.0
YumChina,0.08364934248015543,0.03026828057017039,0.10466758062711158,0.3288783022196604,-0.10420150907087888,0.7093901561774903,30.0,0.6,2.0,0.09273570324574962,22.10889950948846,0.04138574898877203,spread_2r,120,2.0,0.5,5,4.0
Baidu,-0.035747049781910456,-0.01342100694221493,0.07684113171184004,-0.1322197496137074,-0.0947684746657379,0.34316368035530115,27.0,0.4074074074074074,1.7037037037037037,0.07120743034055728,20.206860606667195,0.037788875242094795,spread_2r,120,2.0,0.5,5,4.0
TripCom,-0.08712990819495747,-0.03327211163054322,0.07451371603770969,-0.4031408609573111,-0.16314995878385574,0.05121426421271382,25.0,0.32,1.4,0.05417956656346749,18.76165484807735,0.03491719164912717,spread_2r,120,2.0,0.5,5,4.0
Alibaba,0.016468430856781957,0.006081529595392876,0.10055307076429644,0.1083645061612327,-0.11020368616256893,0.3542576211757202,25.0,0.48,1.4,0.05409582689335394,18.754169460810754,0.02560845924278778,spread_2r,120,2.0,0.5,10,4.0
JD,-0.007216138869220234,-0.0026846525504589103,0.09318750660884027,0.018452069751510036,-0.08981590275532114,0.30525604848060556,27.0,0.48148148148148145,1.4814814814814814,0.061823802163833076,20.250094417207755,0.027603484790575967,spread_2r,120,2.0,0.5,10,4.0
NetEase,-0.04227108070861285,-0.015904015926939685,0.07674477614952888,-0.16440256894802358,-0.07781989271381651,0.25979987072974564,24.0,0.5,1.5,0.05564142194744977,17.984217947048045,0.033542442385585555,spread_2r,120,2.0,0.5,10,4.0
YumChina,0.11135594042074914,0.03996852488729141,0.10751606629003557,0.4074907410798893,-0.09723760564431727,0.7654678994884357,29.0,0.6206896551724138,2.1724137931034484,0.0973724884080371,21.372107049341967,0.04005165692722219,spread_2r,120,2.0,0.5,10,4.0
Baidu,-0.03554395005382682,-0.013343878138071141,0.07778727590258562,-0.12869552432412776,-0.09476847466573579,0.34069264385428505,27.0,0.4074074074074074,1.7407407407407407,0.07275541795665634,20.19533807666671,0.03777544371277586,spread_2r,120,2.0,0.5,10,4.0
TripCom,-0.08712990819495747,-0.03327211163054322,0.07451371603770969,-0.4031408609573111,-0.16314995878385574,0.05121426421271382,25.0,0.32,1.4,0.05417956656346749,18.76165484807735,0.03491719164912717,spread_2r,120,2.0,0.5,10,4.0
Alibaba,-0.0027881626151925465,-0.0010358439753114235,0.10284476241468368,0.040676173793404505,-0.1118832433953505,0.1296657395472032,9.0,0.5555555555555556,2.111111111111111,0.02936630602782071,6.909183608906813,0.009453754191420692,spread_2r,120,2.5,0.0,5,4.0
JD,0.01595610206707887,0.005893272218084666,0.08043095227464878,0.11093868130345268,-0.06845629183248136,0.3097629964308952,16.0,0.5,2.1875,0.05409582689335394,12.067795885926476,0.016561912026170866,spread_2r,120,2.5,0.0,5,4.0
NetEase,-0.061192615326890354,-0.02316615897261698,0.05227680947518427,-0.40860202907710036,-0.07929567534262183,-0.0974350203324679,12.0,0.3333333333333333,2.0833333333333335,0.03863987635239567,8.97987374973562,0.016811638652944536,spread_2r,120,2.5,0.0,5,4.0
YumChina,0.018106945332980517,0.00668320841147696,0.05318482437860335,0.14791015757540754,-0.07426244662810277,0.45328388043424916,12.0,0.5,2.8333333333333335,0.05255023183925812,8.89374955929055,0.01669092683935436,spread_2r,120,2.5,0.0,5,4.0
Baidu,0.018350486487930917,0.006772587156444576,0.07313325442240491,0.12612312041348728,-0.06827421101468945,0.3461366031280322,12.0,0.4166666666666667,2.5,0.04643962848297214,8.98969965979004,0.01687494857716565,spread_2r,120,2.5,0.0,5,4.0
TripCom,-0.02601723811618928,-0.009737445022839686,0.05773004950635901,-0.1355739747103129,-0.08590433965730881,0.09426057760048298,10.0,0.3,1.1,0.017027863777089782,7.389095718129292,0.013725862593402614,spread_2r,120,2.5,0.0,5,4.0
Alibaba,-0.0027881626151925465,-0.0010358439753114235,0.10284476241468368,0.040676173793404505,-0.1118832433953505,0.1296657395472032,9.0,0.5555555555555556,2.111111111111111,0.02936630602782071,6.909183608906813,0.009453754191420692,spread_2r,120,2.5,0.0,10,4.0
JD,-0.02455636048209786,-0.009186379338018913,0.08209958066361561,-0.06807235898228244,-0.10191448394578351,0.1153263866920391,15.0,0.4,2.4,0.05564142194744977,11.303817934505636,0.015531111566599783,spread_2r,120,2.5,0.0,10,4.0
NetEase,-0.04006035104160155,-0.015061436758808444,0.051030979932346426,-0.2628335211322264,-0.06585528610177338,0.029762942904120574,11.0,0.36363636363636365,2.4545454545454546,0.04173106646058733,8.206542839752307,0.015386991389028408,spread_2r,120,2.5,0.0,10,4.0
YumChina,0.028544245494088294,0.01050166991912449,0.06465429239709973,0.1889008531712678,-0.0617801081649515,0.4387410341211131,12.0,0.4166666666666667,3.4166666666666665,0.0633693972179289,8.857770171540485,0.01668559591790311,spread_2r,120,2.5,0.0,10,4.0
Baidu,0.02884303037233571,0.010610620145232952,0.07442720720539495,0.17479543173824175,-0.06827421101468911,0.39037436493010524,12.0,0.5,2.8333333333333335,0.05263157894736842,8.959384827984337,0.016840156036412295,spread_2r,120,2.5,0.0,10,4.0
TripCom,-0.02601723811618928,-0.009737445022839686,0.05773004950635901,-0.1355739747103129,-0.08590433965730881,0.09426057760048298,10.0,0.3,1.1,0.017027863777089782,7.389095718129292,0.013725862593402614,spread_2r,120,2.5,0.0,10,4.0
Alibaba,0.03199185327198295,0.011757612942155271,0.09162776149791321,0.16913870467488248,-0.11240931551414846,0.27732503637597666,10.0,0.6,1.4,0.021638330757341576,7.600581025618384,0.010377596939790429,spread_2r,120,2.5,0.5,5,4.0
JD,0.043383807359283155,0.015888969265146713,0.08315828347980263,0.22522500433019688,-0.06889329368969044,0.4157102054779217,16.0,0.4375,1.5625,0.03863987635239567,12.080798055809801,0.01650029125523186,spread_2r,120,2.5,0.5,5,4.0
NetEase,-0.020783661279284993,-0.007765655166008467,0.05635848219906093,-0.10617852802563882,-0.052051772811340324,0.18328110858666372,12.0,0.4166666666666667,1.4166666666666667,0.02627511591962906,9.015852944694819,0.016810098732856642,spread_2r,120,2.5,0.5,5,4.0
YumChina,0.001519036329729495,0.0005635805442889552,0.04000908693513437,0.033562933955745444,-0.049961189792603555,0.43596352620934953,12.0,0.4166666666666667,1.9166666666666667,0.03554868624420402,8.892487719373435,0.01662751259594437,spread_2r,120,2.5,0.5,5,4.0
Baidu,0.01693304056418521,0.00625220081250677,0.05453977954457866,0.13797351162457627,-0.049646348163754794,0.42764611021280774,12.0,0.5,1.5833333333333333,0.029411764705882353,8.958860754873538,0.01671793811956267,spread_2r,120,2.5,0.5,5,4.0
TripCom,-0.02601723811618928,-0.009737445022839686,0.05773004950635901,-0.1355739747103129,-0.08590433965730881,0.09426057760048298,10.0,0.3,1.1,0.017027863777089782,7.389095718129292,0.013725862593402614,spread_2r,120,2.5,0.5,5,4.0
Alibaba,0.03199185327198295,0.011757612942155271,0.09162776149791321,0.16913870467488248,-0.11240931551414846,0.27732503637597666,10.0,0.6,1.4,0.021638330757341576,7.600581025618384,0.010377596939790429,spread_2r,120,2.5,0.5,10,4.0
JD,0.005908661997389819,0.0021891691036945993,0.08453912542574356,0.06717786940451305,-0.10233579003696025,0.25595178830873033,16.0,0.375,1.625,0.0401854714064915,12.096004486739426,0.016525689767568214,spread_2r,120,2.5,0.5,10,4.0
NetEase,-0.020783661279284993,-0.007765655166008467,0.05635848219906093,-0.10617852802563882,-0.052051772811340324,0.18328110858666372,12.0,0.4166666666666667,1.4166666666666667,0.02627511591962906,9.015852944694819,0.016810098732856642,spread_2r,120,2.5,0.5,10,4.0
YumChina,0.001519036329729495,0.0005635805442889552,0.04000908693513437,0.033562933955745444,-0.049961189792603555,0.43596352620934953,12.0,0.4166666666666667,1.9166666666666667,0.03554868624420402,8.892487719373435,0.01662751259594437,spread_2r,120,2.5,0.5,10,4.0
Baidu,0.017147236252119002,0.006330867629315673,0.05586472387401602,0.13736908216436353,-0.049646348163754905,0.42006076170410517,12.0,0.5,1.6666666666666667,0.030959752321981424,8.947338224873048,0.016704506590243744,spread_2r,120,2.5,0.5,10,4.0
TripCom,-0.02601723811618928,-0.009737445022839686,0.05773004950635901,-0.1355739747103129,-0.08590433965730881,0.09426057760048298,10.0,0.3,1.1,0.017027863777089782,7.389095718129292,0.013725862593402614,spread_2r,120,2.5,0.5,10,4.0
