date,open,high,low,close,adj_close,volume,dividends,splits
2020-06-18,239.0,239.0,228.60000610351562,234.0,230.27613830566406,29789263,0.0,0.0
2020-06-19,234.0,235.60000610351562,233.39999389648438,233.60000610351562,229.8825225830078,7588265,0.0,0.0
2020-06-22,229.8000030517578,230.0,226.8000030517578,228.0,224.3716278076172,8716948,0.0,0.0
2020-06-23,227.0,231.60000610351562,226.0,230.0,226.33981323242188,5800950,0.0,0.0
2020-06-24,232.60000610351562,235.39999389648438,231.8000030517578,234.8000030517578,231.06341552734375,7307560,0.0,0.0
2020-06-26,234.8000030517578,236.0,233.39999389648438,234.39999389648438,230.66978454589844,3147850,0.0,0.0
2020-06-29,232.0,232.1999969482422,228.1999969482422,229.8000030517578,226.1429901123047,4125307,0.0,0.0
2020-06-30,231.1999969482422,232.8000030517578,228.39999389648438,231.8000030517578,228.1111602783203,2175206,0.0,0.0
2020-07-02,232.39999389648438,235.8000030517578,231.39999389648438,235.8000030517578,232.04751586914062,4620079,0.0,0.0
2020-07-03,236.1999969482422,236.8000030517578,234.39999389648438,235.60000610351562,231.8507080078125,4343783,0.0,0.0
2020-07-06,237.0,245.0,236.0,244.8000030517578,240.90426635742188,5452223,0.0,0.0
2020-07-07,248.39999389648438,248.60000610351562,240.1999969482422,242.0,238.14881896972656,4434131,0.0,0.0
2020-07-08,237.0,247.60000610351562,236.60000610351562,247.60000610351562,243.6597137451172,4511655,0.0,0.0
2020-07-09,252.60000610351562,271.6000061035156,252.0,266.0,261.76690673828125,11022464,0.0,0.0
2020-07-10,264.0,266.0,257.0,260.3999938964844,256.25604248046875,5766817,0.0,0.0
2020-07-13,256.79998779296875,259.0,252.1999969482422,255.60000610351562,251.5324249267578,5257759,0.0,0.0
2020-07-14,243.1999969482422,244.39999389648438,238.60000610351562,241.8000030517578,237.95204162597656,9143476,0.0,0.0
2020-07-15,242.1999969482422,243.39999389648438,239.0,241.1999969482422,237.361572265625,3617890,0.0,0.0
2020-07-16,243.8000030517578,244.0,233.0,235.0,231.26023864746094,5553074,0.0,0.0
2020-07-17,239.0,244.1999969482422,238.8000030517578,240.60000610351562,236.7711181640625,3488903,0.0,0.0
2020-07-20,242.1999969482422,243.60000610351562,238.0,241.8000030517578,237.95204162597656,2322904,0.0,0.0
2020-07-21,251.1999969482422,254.1999969482422,248.1999969482422,254.1999969482422,250.15467834472656,4671746,0.0,0.0
2020-07-22,244.39999389648438,248.1999969482422,242.0,242.1999969482422,238.3456573486328,8166401,0.0,0.0
2020-07-23,241.39999389648438,243.8000030517578,238.60000610351562,241.60000610351562,237.7552032470703,4145525,0.0,0.0
2020-07-24,235.0,238.60000610351562,231.8000030517578,234.8000030517578,231.06341552734375,7106385,0.0,0.0
2020-07-27,236.0,239.0,234.1999969482422,236.8000030517578,233.03160095214844,2997808,0.0,0.0
2020-07-28,242.0,245.0,241.1999969482422,243.39999389648438,239.5265655517578,3109197,0.0,0.0
2020-07-29,239.1999969482422,240.0,238.1999969482422,239.8000030517578,235.98385620117188,2066347,0.0,0.0
2020-07-30,241.60000610351562,242.8000030517578,239.8000030517578,240.8000030517578,236.9679412841797,1537150,0.0,0.0
2020-07-31,243.1999969482422,244.0,238.8000030517578,240.8000030517578,236.9679412841797,1722539,0.0,0.0
2020-08-03,245.0,247.39999389648438,245.0,247.1999969482422,243.26608276367188,3302847,0.0,0.0
2020-08-04,250.0,252.0,248.0,252.0,247.98968505859375,3337203,0.0,0.0
2020-08-05,251.60000610351562,253.0,249.1999969482422,253.0,248.97378540039062,1656440,0.0,0.0
2020-08-06,253.60000610351562,254.8000030517578,250.39999389648438,254.0,249.9578857421875,1840278,0.0,0.0
2020-08-07,250.8000030517578,250.8000030517578,241.1999969482422,246.39999389648438,242.4788055419922,4084993,0.0,0.0
2020-08-10,241.8000030517578,243.39999389648438,239.0,240.39999389648438,236.5742950439453,2688482,0.0,0.0
2020-08-11,240.39999389648438,244.0,240.39999389648438,242.39999389648438,238.54248046875,2721861,0.0,0.0
2020-08-12,239.0,241.60000610351562,236.8000030517578,241.0,237.16476440429688,3717897,0.0,0.0
2020-08-13,244.39999389648438,245.60000610351562,243.0,244.39999389648438,240.51065063476562,1825042,0.0,0.0
2020-08-14,244.39999389648438,244.39999389648438,242.39999389648438,243.0,239.13291931152344,1421558,0.0,0.0
2020-08-17,241.60000610351562,246.60000610351562,238.0,242.60000610351562,238.73928833007812,4163589,0.0,0.0
2020-08-18,256.0,266.0,255.8000030517578,265.6000061035156,261.373291015625,17077458,0.0,0.0
2020-08-19,268.3999938964844,279.6000061035156,268.3999938964844,278.0,273.575927734375,7451163,0.0,0.0
2020-08-20,279.3999938964844,280.0,274.0,279.79998779296875,275.3472900390625,4811896,0.0,0.0
2020-08-21,286.6000061035156,291.0,285.6000061035156,287.6000061035156,283.023193359375,6479102,0.0,0.0
2020-08-24,290.0,300.6000061035156,289.79998779296875,299.0,294.2417907714844,6424380,0.0,0.0
2020-08-25,299.0,306.0,294.3999938964844,298.0,293.2576599121094,7810400,0.0,0.0
2020-08-26,310.79998779296875,321.6000061035156,306.79998779296875,315.79998779296875,310.77435302734375,9122156,0.0,0.0
2020-08-27,315.0,322.6000061035156,307.3999938964844,316.6000061035156,311.56170654296875,7458833,0.0,0.0
2020-08-28,309.0,312.0,307.0,308.3999938964844,303.4921569824219,6864653,0.0,0.0
2020-08-31,310.0,317.3999938964844,310.0,310.6000061035156,305.6571350097656,3569552,0.0,0.0
2020-09-01,306.3999938964844,312.0,305.0,309.20001220703125,304.2794189453125,4629256,0.0,0.0
2020-09-02,326.0,337.20001220703125,322.20001220703125,332.0,326.7165832519531,8081230,0.0,0.0
2020-09-03,323.0,328.20001220703125,320.20001220703125,323.20001220703125,318.056640625,6026765,0.0,0.0
2020-09-04,305.0,309.6000061035156,300.0,307.79998779296875,302.9017028808594,10782370,0.0,0.0
2020-09-07,306.79998779296875,314.0,302.3999938964844,305.79998779296875,300.93353271484375,4106816,0.0,0.0
2020-09-08,310.0,310.20001220703125,296.3999938964844,305.0,300.146240234375,3356261,0.0,0.0
2020-09-09,293.20001220703125,297.79998779296875,291.79998779296875,295.6000061035156,290.8958740234375,4512619,0.0,0.0
2020-09-10,298.3999938964844,304.79998779296875,294.0,295.0,290.305419921875,2748950,0.0,0.0
2020-09-11,291.79998779296875,296.3999938964844,289.0,295.0,290.305419921875,3923159,0.0,0.0
2020-09-14,292.79998779296875,295.20001220703125,292.0,293.79998779296875,289.1244812011719,4212797,0.0,0.0
2020-09-15,296.6000061035156,304.6000061035156,296.3999938964844,301.79998779296875,296.9971618652344,4112490,0.0,0.0
2020-09-16,300.0,300.6000061035156,296.0,298.3999938964844,293.6512756347656,3773093,0.0,0.0
2020-09-17,292.0,293.0,284.20001220703125,287.0,282.4327087402344,6150385,0.0,0.0
2020-09-18,289.0,293.3999938964844,288.0,291.79998779296875,287.1563415527344,2591487,0.0,0.0
2020-09-21,291.0,292.79998779296875,287.0,287.20001220703125,282.6295166015625,1946835,0.0,0.0
2020-09-22,290.0,293.79998779296875,287.0,290.0,285.3849792480469,2715939,0.0,0.0
2020-09-23,291.6000061035156,296.0,290.20001220703125,292.3999938964844,287.74676513671875,2311704,0.0,0.0
2020-09-24,288.0,292.0,285.20001220703125,288.3999938964844,283.8104248046875,2957946,0.0,0.0
2020-09-25,284.6000061035156,286.0,279.79998779296875,282.20001220703125,277.7091064453125,3834701,0.0,0.0
2020-09-28,286.6000061035156,292.3999938964844,286.6000061035156,290.0,285.3849792480469,3492472,0.0,0.0
2020-09-29,297.0,297.0,292.6000061035156,295.20001220703125,290.5022277832031,3648160,0.0,0.0
2020-09-30,292.6000061035156,298.3999938964844,291.20001220703125,293.79998779296875,289.1244812011719,4193866,0.0,0.0
2020-10-05,300.0,300.6000061035156,295.0,297.3999938964844,292.6672058105469,2649215,0.0,0.0
2020-10-06,297.20001220703125,299.20001220703125,296.3999938964844,298.6000061035156,293.84814453125,2579224,0.0,0.0
2020-10-07,298.0,306.0,298.0,305.20001220703125,300.3431091308594,4504756,0.0,0.0
2020-10-08,305.20001220703125,305.20001220703125,302.0,305.0,300.146240234375,3323959,0.0,0.0
2020-10-09,305.0,309.20001220703125,302.0,307.79998779296875,302.9017028808594,6339645,0.0,0.0
2020-10-12,310.20001220703125,317.79998779296875,309.6000061035156,316.79998779296875,311.75848388671875,6558498,0.0,0.0
2020-10-14,323.20001220703125,324.0,319.3999938964844,324.0,318.8438720703125,5306020,0.0,0.0
2020-10-15,316.0,316.0,310.0,311.3999938964844,306.44439697265625,5075136,0.0,0.0
2020-10-16,309.20001220703125,316.20001220703125,308.6000061035156,315.0,309.9870910644531,3809369,0.0,0.0
2020-10-19,318.6000061035156,321.20001220703125,314.6000061035156,317.0,311.9552917480469,2204561,0.0,0.0
2020-10-20,316.3999938964844,318.20001220703125,311.6000061035156,317.6000061035156,312.5457458496094,2373277,0.0,0.0
2020-10-21,324.0,325.0,322.0,322.79998779296875,317.6629638671875,3380891,0.0,0.0
2020-10-22,322.0,323.0,316.79998779296875,323.0,317.85980224609375,3105355,0.0,0.0
2020-10-23,317.3999938964844,317.6000061035156,314.20001220703125,316.0,310.9711608886719,4105015,0.0,0.0
2020-10-27,313.3999938964844,318.20001220703125,312.20001220703125,316.3999938964844,311.3648681640625,2094501,0.0,0.0
2020-10-28,321.0,323.20001220703125,318.6000061035156,321.0,315.89166259765625,3480020,0.0,0.0
2020-10-29,314.79998779296875,320.6000061035156,312.6000061035156,318.0,312.9393615722656,3910246,0.0,0.0
2020-10-30,321.6000061035156,326.0,314.6000061035156,315.20001220703125,310.1839599609375,4808349,0.0,0.0
2020-11-02,317.0,322.3999938964844,315.0,320.3999938964844,315.3011779785156,2326434,0.0,0.0
2020-11-03,321.6000061035156,324.0,320.6000061035156,322.0,316.875732421875,3094286,0.0,0.0
2020-11-04,318.79998779296875,337.6000061035156,317.6000061035156,330.0,324.7484436035156,9289115,0.0,0.0
2020-11-05,350.0,361.79998779296875,347.20001220703125,361.0,355.25506591796875,9415312,0.0,0.0
2020-11-06,355.6000061035156,364.20001220703125,354.0,358.20001220703125,352.4996643066406,4780390,0.0,0.0
2020-11-09,365.0,365.20001220703125,357.79998779296875,362.20001220703125,356.4360046386719,4800405,0.0,0.0
2020-11-10,335.0,340.6000061035156,323.0,330.3999938964844,325.1420593261719,17310752,0.0,0.0
2020-11-11,309.79998779296875,314.79998779296875,300.0,300.0,295.2258605957031,16951314,0.0,0.0
2020-11-12,320.0,326.79998779296875,317.20001220703125,323.0,317.85980224609375,10671161,0.0,0.0
2020-11-13,335.0,348.3999938964844,332.20001220703125,348.3999938964844,342.8555908203125,10216844,0.0,0.0
2020-11-16,360.0,368.20001220703125,348.6000061035156,368.0,362.1437072753906,9499722,0.0,0.0
2020-11-17,339.0,345.79998779296875,335.6000061035156,341.79998779296875,336.36065673828125,14658502,0.0,0.0
2020-11-18,339.79998779296875,344.20001220703125,336.0,340.0,334.58929443359375,8649610,0.0,0.0
2020-11-19,336.79998779296875,336.79998779296875,331.0,332.20001220703125,326.9134216308594,6629844,0.0,0.0
2020-11-20,332.0,339.3999938964844,330.6000061035156,336.0,330.6529235839844,5109847,0.0,0.0
2020-11-23,341.0,345.20001220703125,338.3999938964844,344.6000061035156,339.1160888671875,4799775,0.0,0.0
2020-11-24,352.79998779296875,354.0,345.79998779296875,348.20001220703125,342.6588134765625,5550985,0.0,0.0
2020-11-25,349.0,352.3999938964844,339.6000061035156,343.0,337.54150390625,5527376,0.0,0.0
2020-11-26,343.0,346.79998779296875,340.6000061035156,345.79998779296875,340.2969665527344,3624361,0.0,0.0
2020-11-27,346.6000061035156,350.0,342.79998779296875,342.79998779296875,337.3447265625,3090093,0.0,0.0
2020-11-30,343.6000061035156,343.6000061035156,336.0,338.6000061035156,333.2115478515625,4435838,0.0,0.0
2020-12-01,333.6000061035156,337.3999938964844,329.79998779296875,335.6000061035156,330.25933837890625,5343968,0.0,0.0
2020-12-02,331.79998779296875,331.79998779296875,324.0,326.0,320.81207275390625,5631674,0.0,0.0
2020-12-03,330.0,332.79998779296875,327.79998779296875,331.3999938964844,326.1261291503906,4841972,0.0,0.0
2020-12-04,333.0,343.6000061035156,332.6000061035156,339.3999938964844,333.9988098144531,7503488,0.0,0.0
2020-12-07,332.79998779296875,333.0,328.20001220703125,331.79998779296875,326.5197448730469,5379127,0.0,0.0
2020-12-08,324.79998779296875,326.20001220703125,321.0,325.79998779296875,320.615234375,8216680,0.0,0.0
2020-12-09,320.0,323.6000061035156,319.79998779296875,321.20001220703125,316.0885314941406,12619788,0.0,0.0
2020-12-10,318.6000061035156,319.79998779296875,317.0,319.0,313.9234924316406,8185147,0.0,0.0
2020-12-11,319.0,324.3999938964844,318.0,320.20001220703125,315.1044006347656,7589145,0.0,0.0
2020-12-14,321.0,322.79998779296875,313.3999938964844,315.20001220703125,310.1839599609375,6720726,0.0,0.0
2020-12-15,309.0,310.20001220703125,302.20001220703125,306.3999938964844,301.52398681640625,11088321,0.0,0.0
2020-12-16,308.79998779296875,317.3999938964844,307.20001220703125,311.6000061035156,306.6412048339844,7111959,0.0,0.0
2020-12-17,317.0,324.0,316.6000061035156,323.0,317.85980224609375,6066105,0.0,0.0
2020-12-18,321.0,322.0,316.79998779296875,320.3999938964844,315.3011779785156,11890700,0.0,0.0
2020-12-21,318.0,318.20001220703125,313.20001220703125,313.3999938964844,308.41259765625,5909369,0.0,0.0
2020-12-22,315.0,321.3999938964844,313.20001220703125,315.20001220703125,310.1839599609375,4318485,0.0,0.0
2020-12-23,320.6000061035156,336.79998779296875,318.3999938964844,333.0,327.7006530761719,9682381,0.0,0.0
2020-12-24,325.3999938964844,325.3999938964844,325.3999938964844,325.3999938964844,320.2216491699219,0,0.0,0.0
2020-12-28,323.0,323.79998779296875,315.0,318.3999938964844,313.3330078125,6207213,0.0,0.0
2020-12-29,317.6000061035156,324.79998779296875,316.79998779296875,322.0,316.875732421875,4117028,0.0,0.0
2020-12-30,331.3999938964844,338.0,330.20001220703125,337.79998779296875,332.4242858886719,5290284,0.0,0.0
2020-12-31,342.20001220703125,342.20001220703125,342.20001220703125,342.20001220703125,336.7542724609375,0,0.0,0.0
2021-01-04,340.20001220703125,346.0,336.6000061035156,343.6000061035156,338.13201904296875,4312589,0.0,0.0
2021-01-05,335.3999938964844,340.79998779296875,333.79998779296875,338.79998779296875,333.40838623046875,3244487,0.0,0.0
2021-01-06,363.79998779296875,367.79998779296875,356.6000061035156,365.0,359.1914367675781,10200927,0.0,0.0
2021-01-07,346.6000061035156,353.0,343.3999938964844,351.0,345.41424560546875,7080623,0.0,0.0
2021-01-08,342.0,350.0,341.20001220703125,347.6000061035156,342.0683288574219,6109727,0.0,0.0
2021-01-11,353.0,357.6000061035156,351.0,353.6000061035156,347.97283935546875,4907313,0.0,0.0
2021-01-12,350.3999938964844,358.0,350.3999938964844,352.79998779296875,347.18560791015625,3231081,0.0,0.0
2021-01-13,345.3999938964844,347.3999938964844,343.6000061035156,346.6000061035156,341.0842590332031,4907614,0.0,0.0
2021-01-14,351.0,355.6000061035156,350.3999938964844,353.3999938964844,347.7760009765625,2912710,0.0,0.0
2021-01-15,349.3999938964844,351.20001220703125,346.0,350.3999938964844,344.8237609863281,3910133,0.0,0.0
2021-01-18,342.0,348.6000061035156,339.79998779296875,347.3999938964844,341.87152099609375,6262771,0.0,0.0
2021-01-19,350.0,359.79998779296875,350.0,352.3999938964844,346.79193115234375,7201078,0.0,0.0
2021-01-20,354.79998779296875,369.3999938964844,352.0,364.20001220703125,358.4042053222656,9095720,0.0,0.0
2021-01-21,371.0,377.79998779296875,366.0,370.0,364.1118469238281,7783199,0.0,0.0
2021-01-22,370.0,373.79998779296875,363.6000061035156,365.20001220703125,359.3882751464844,3971471,0.0,0.0
2021-01-25,370.0,389.0,370.0,387.6000061035156,381.4317932128906,8276429,0.0,0.0
2021-01-26,385.79998779296875,389.79998779296875,378.0,382.0,375.9208984375,6236887,0.0,0.0
2021-01-27,376.0,377.79998779296875,363.3999938964844,372.79998779296875,366.8672790527344,6956387,0.0,0.0
2021-01-28,351.79998779296875,356.0,346.0,350.3999938964844,344.8237609863281,13272231,0.0,0.0
2021-01-29,355.0,358.79998779296875,342.3999938964844,345.79998779296875,340.2969665527344,6382292,0.0,0.0
2021-02-01,344.3999938964844,355.79998779296875,344.0,353.0,347.3824157714844,5495973,0.0,0.0
2021-02-02,360.0,375.6000061035156,359.3999938964844,372.3999938964844,366.4736633300781,8138153,0.0,0.0
2021-02-03,373.20001220703125,382.20001220703125,368.3999938964844,377.6000061035156,371.5909423828125,6309732,0.0,0.0
2021-02-04,370.0,371.79998779296875,359.79998779296875,368.0,362.1437072753906,5701389,0.0,0.0
2021-02-05,371.6000061035156,375.3999938964844,368.6000061035156,369.6000061035156,363.7182312011719,3745232,0.0,0.0
2021-02-08,375.6000061035156,378.20001220703125,365.6000061035156,367.3999938964844,361.55322265625,3609172,0.0,0.0
2021-02-09,367.6000061035156,369.20001220703125,362.3999938964844,367.0,361.15960693359375,3661107,0.0,0.0
2021-02-10,376.0,386.0,375.6000061035156,384.0,377.8890686035156,6119575,0.0,0.0
2021-02-11,386.3999938964844,386.3999938964844,386.3999938964844,386.3999938964844,380.2508850097656,0,0.0,0.0
2021-02-16,393.0,394.79998779296875,388.0,391.6000061035156,385.3681335449219,4534364,0.0,0.0
2021-02-17,399.6000061035156,419.79998779296875,398.3999938964844,416.79998779296875,410.1670837402344,8193956,0.0,0.0
2021-02-18,422.3999938964844,422.79998779296875,408.3999938964844,413.6000061035156,407.0180358886719,5764341,0.0,0.0
2021-02-19,406.3999938964844,410.6000061035156,393.20001220703125,410.6000061035156,404.0657958984375,4735906,0.0,0.0
2021-02-22,413.79998779296875,414.20001220703125,395.0,395.0,388.7140197753906,4730672,0.0,0.0
2021-02-23,380.0,392.6000061035156,375.79998779296875,389.0,382.8094787597656,7684387,0.0,0.0
2021-02-24,389.0,391.0,367.20001220703125,373.79998779296875,367.8513488769531,7389001,0.0,0.0
2021-02-25,378.0,383.3999938964844,369.20001220703125,378.0,371.9845275878906,5002837,0.0,0.0
2021-02-26,356.79998779296875,365.3999938964844,353.6000061035156,360.0,354.2710266113281,7604685,0.0,0.0
2021-03-01,363.0,374.6000061035156,363.0,374.6000061035156,368.6386413574219,5392759,0.0,0.0
2021-03-02,384.3999938964844,388.6000061035156,375.20001220703125,377.79998779296875,371.7877197265625,6211340,0.0,0.0
2021-03-03,376.6000061035156,377.79998779296875,368.3999938964844,377.79998779296875,371.7877197265625,3867732,0.0,0.0
2021-03-04,364.79998779296875,366.0,357.0,362.79998779296875,357.02642822265625,7079842,0.0,0.0
2021-03-05,348.6000061035156,359.0,343.3999938964844,357.3999938964844,351.7123718261719,6568329,0.0,0.0
2021-03-08,354.6000061035156,354.79998779296875,331.79998779296875,336.20001220703125,330.8497314453125,9474502,0.0,0.0
2021-03-09,330.0,341.0,319.3999938964844,327.0,321.796142578125,10424128,0.0,0.0
2021-03-10,347.0,348.20001220703125,339.3999938964844,341.3999938964844,335.96697998046875,5847436,0.0,0.0
2021-03-11,346.0,363.0,345.20001220703125,360.79998779296875,355.05828857421875,5729258,0.0,0.0
2021-03-12,353.6000061035156,353.6000061035156,339.0,343.3999938964844,337.9351806640625,12357281,0.0,0.0
2021-03-15,329.0,330.0,318.3999938964844,322.20001220703125,317.07257080078125,12174234,0.0,0.0
2021-03-16,331.6000061035156,336.79998779296875,328.6000061035156,331.0,325.7325134277344,5668725,0.0,0.0
2021-03-17,329.0,333.0,324.0,329.0,323.76434326171875,3642710,0.0,0.0
2021-03-18,334.0,336.79998779296875,331.0,331.0,325.7325134277344,4783318,0.0,0.0
2021-03-19,325.0,328.79998779296875,322.0,326.3999938964844,321.2057189941406,6190440,0.0,0.0
2021-03-22,326.20001220703125,333.6000061035156,326.20001220703125,328.0,322.7802429199219,2635125,0.0,0.0
2021-03-23,333.0,333.0,320.0,323.0,317.85980224609375,2887668,0.0,0.0
2021-03-24,325.0,327.79998779296875,316.20001220703125,319.20001220703125,314.1203308105469,5456416,0.0,0.0
2021-03-25,308.0,309.20001220703125,298.0,307.79998779296875,302.9017028808594,7887111,0.0,0.0
2021-03-26,308.79998779296875,316.0,306.79998779296875,313.20001220703125,308.2157897949219,3243485,0.0,0.0
2021-03-29,317.0,320.20001220703125,310.0,313.3999938964844,308.41259765625,3934800,0.0,0.0
2021-03-30,321.0,325.3999938964844,317.0,319.0,313.9234924316406,4469920,0.0,0.0
2021-03-31,326.0,327.3999938964844,321.20001220703125,322.0,316.875732421875,3798164,0.0,0.0
2021-04-01,328.6000061035156,338.20001220703125,326.6000061035156,336.20001220703125,330.8497314453125,6303187,0.0,0.0
2021-04-07,327.0,327.3999938964844,321.0,324.3999938964844,319.237548828125,4624561,0.0,0.0
2021-04-08,317.0,323.3999938964844,315.20001220703125,320.79998779296875,315.6947937011719,4969124,0.0,0.0
2021-04-09,320.79998779296875,320.79998779296875,312.79998779296875,316.0,310.9711608886719,3288043,0.0,0.0
2021-04-12,315.0,315.0,303.20001220703125,309.20001220703125,304.2794189453125,5424736,0.0,0.0
2021-04-13,305.20001220703125,307.79998779296875,295.3999938964844,298.3999938964844,293.6512756347656,9310823,0.0,0.0
2021-04-14,303.3999938964844,307.79998779296875,303.20001220703125,306.0,301.1303405761719,5481245,0.0,0.0
2021-04-15,303.0,303.20001220703125,298.0,301.0,296.2099609375,4915355,0.0,0.0
2021-04-16,301.0,304.3999938964844,299.20001220703125,303.0,298.1781311035156,3173306,0.0,0.0
2021-04-19,299.0,302.6000061035156,296.0,301.3999938964844,296.603515625,6140290,0.0,0.0
2021-04-20,298.20001220703125,301.0,296.3999938964844,298.0,293.2576599121094,5085730,0.0,0.0
2021-04-21,289.79998779296875,290.0,284.0,287.20001220703125,282.6295166015625,12479182,0.0,0.0
2021-04-22,291.0,295.0,288.3999938964844,291.3999938964844,286.7626647949219,4029795,0.0,0.0
2021-04-23,295.0,298.3999938964844,293.20001220703125,297.0,292.2735595703125,3233401,0.0,0.0
2021-04-26,298.0,303.6000061035156,298.0,299.20001220703125,294.4385681152344,4647326,0.0,0.0
2021-04-27,299.0,300.0,295.79998779296875,298.0,293.2576599121094,2989807,0.0,0.0
2021-04-28,306.0,312.0,301.20001220703125,304.6000061035156,299.7526550292969,5966680,0.0,0.0
2021-04-29,309.6000061035156,310.79998779296875,305.20001220703125,307.0,302.1144104003906,2525149,0.0,0.0
2021-04-30,302.0,302.0,297.20001220703125,298.79998779296875,294.044921875,3616470,0.0,0.0
2021-05-03,299.0,302.0,297.3999938964844,298.79998779296875,294.044921875,2997664,0.0,0.0
2021-05-04,297.0,302.6000061035156,297.0,300.79998779296875,296.0130920410156,1845055,0.0,0.0
2021-05-05,295.20001220703125,297.3999938964844,293.20001220703125,296.0,291.2894592285156,2699099,0.0,0.0
2021-05-06,296.6000061035156,299.79998779296875,293.6000061035156,295.3999938964844,290.69903564453125,3171637,0.0,0.0
2021-05-07,297.0,299.79998779296875,292.0,292.6000061035156,287.9435729980469,2850882,0.0,0.0
2021-05-10,294.6000061035156,295.0,283.6000061035156,287.20001220703125,282.6295166015625,4604034,0.0,0.0
2021-05-11,274.0,275.0,267.3999938964844,272.20001220703125,267.8682556152344,8983155,0.0,0.0
2021-05-12,278.79998779296875,287.0,278.6000061035156,286.3999938964844,281.8422546386719,5221350,0.0,0.0
2021-05-13,279.0,279.79998779296875,275.0,276.6000061035156,272.1982421875,3431222,0.0,0.0
2021-05-14,264.79998779296875,268.3999938964844,261.0,268.20001220703125,263.9319152832031,9953866,0.0,0.0
2021-05-17,264.79998779296875,267.0,261.6000061035156,265.79998779296875,261.5700988769531,9107426,0.0,0.0
2021-05-18,269.6000061035156,271.6000061035156,266.79998779296875,270.79998779296875,266.4905090332031,4415339,0.0,0.0
2021-05-20,275.3999938964844,285.0,275.3999938964844,280.79998779296875,276.3313903808594,8532149,0.0,0.0
2021-05-21,291.79998779296875,292.6000061035156,288.20001220703125,288.79998779296875,284.2040710449219,8727689,0.0,0.0
2021-05-24,282.3999938964844,282.6000061035156,276.79998779296875,282.3999938964844,277.9058837890625,5562028,0.0,0.0
2021-05-25,278.20001220703125,286.20001220703125,277.0,285.0,280.46453857421875,4416752,0.0,0.0
2021-05-26,286.0,291.0,285.6000061035156,287.6000061035156,283.023193359375,3707365,0.0,0.0
2021-05-27,285.0,286.20001220703125,282.6000061035156,284.3999938964844,279.8740539550781,3500292,0.0,0.0
2021-05-28,286.79998779296875,286.79998779296875,281.0,282.3999938964844,277.9058837890625,3432284,0.0,0.0
2021-05-31,286.3999938964844,292.0,285.6000061035156,291.20001220703125,286.5658874511719,3616214,0.0,0.0
2021-06-01,294.0,299.0,293.20001220703125,297.79998779296875,293.0608215332031,5987869,0.0,0.0
2021-06-02,303.6000061035156,305.79998779296875,298.6000061035156,299.79998779296875,295.02899169921875,6518988,0.0,0.0
2021-06-03,298.20001220703125,300.0,294.3999938964844,295.79998779296875,291.0926513671875,3170345,0.0,0.0
2021-06-04,294.0,298.79998779296875,290.79998779296875,295.3999938964844,290.69903564453125,3272562,0.0,0.0
2021-06-07,290.3999938964844,292.0,286.20001220703125,289.20001220703125,284.59771728515625,3298122,0.0,0.0
2021-06-08,292.0,292.0,285.0,288.0,283.41680908203125,2663573,0.0,0.0
2021-06-09,284.6000061035156,284.79998779296875,280.0,281.3999938964844,276.9218444824219,4881901,0.0,0.0
2021-06-10,281.3999938964844,285.6000061035156,280.20001220703125,283.3999938964844,278.8899841308594,2451267,0.0,0.0
2021-06-11,279.0,280.0,277.20001220703125,279.20001220703125,274.7568664550781,4835571,0.0,0.0
2021-06-15,278.0,278.3999938964844,274.20001220703125,276.0,271.6077575683594,4724469,0.0,0.0
2021-06-16,276.0,276.6000061035156,272.6000061035156,273.79998779296875,269.4427490234375,4397356,0.0,0.0
2021-06-17,275.20001220703125,282.20001220703125,275.20001220703125,276.6000061035156,272.1982421875,2980751,0.0,0.0
2021-06-18,285.0,289.6000061035156,284.0,286.3999938964844,281.8422546386719,7176870,0.0,0.0
2021-06-21,278.0,280.20001220703125,275.6000061035156,280.0,275.5440979003906,5321187,0.0,0.0
2021-06-22,280.0,282.0,277.6000061035156,278.79998779296875,274.3631896972656,2445189,0.0,0.0
2021-06-23,284.79998779296875,287.79998779296875,284.0,286.0,281.4486083984375,4274506,0.0,0.0
2021-06-24,286.0,288.3999938964844,284.0,286.20001220703125,281.64544677734375,3814626,0.0,0.0
2021-06-25,291.20001220703125,296.79998779296875,290.3999938964844,295.0,290.305419921875,6194875,0.0,0.0
2021-06-28,299.0,305.0,299.0,300.20001220703125,295.42266845703125,4270196,0.0,0.0
2021-06-29,300.3999938964844,307.6000061035156,300.0,302.0,297.19403076171875,6532320,0.0,0.0
2021-06-30,309.6000061035156,309.6000061035156,304.3999938964844,305.3999938964844,300.5399169921875,5428940,0.0,0.0
2021-07-02,304.6000061035156,304.6000061035156,297.20001220703125,300.79998779296875,296.0130920410156,6978208,0.0,0.0
2021-07-05,295.20001220703125,297.20001220703125,289.79998779296875,292.0,287.3531799316406,4963743,0.0,0.0
2021-07-06,292.0,295.20001220703125,289.20001220703125,293.20001220703125,288.5340881347656,1871064,0.0,0.0
2021-07-07,283.6000061035156,287.3999938964844,281.6000061035156,287.0,282.4327087402344,6441944,0.0,0.0
2021-07-08,279.0,281.79998779296875,276.0,276.6000061035156,272.1982421875,6941862,0.0,0.0
2021-07-09,275.0,280.20001220703125,269.0,279.0,274.5600280761719,5777611,0.0,0.0
2021-07-12,284.0,286.0,279.79998779296875,281.3999938964844,276.9218444824219,4723965,0.0,0.0
2021-07-13,285.0,294.6000061035156,283.0,291.0,286.36907958984375,5781729,0.0,0.0
2021-07-14,297.6000061035156,298.79998779296875,294.6000061035156,295.79998779296875,291.0926513671875,6928302,0.0,0.0
2021-07-15,295.20001220703125,299.6000061035156,293.0,297.0,292.2735595703125,4565622,0.0,0.0
2021-07-16,298.3999938964844,300.0,295.20001220703125,298.0,293.2576599121094,3115372,0.0,0.0
2021-07-19,292.6000061035156,293.3999938964844,288.0,289.6000061035156,284.9913330078125,3140552,0.0,0.0
2021-07-20,288.0,292.6000061035156,286.6000061035156,287.79998779296875,283.219970703125,2057975,0.0,0.0
2021-07-21,286.6000061035156,289.20001220703125,282.79998779296875,286.20001220703125,281.64544677734375,2165207,0.0,0.0
2021-07-22,291.20001220703125,296.6000061035156,291.20001220703125,295.20001220703125,290.5022277832031,2697633,0.0,0.0
2021-07-23,297.0,297.20001220703125,288.0,289.79998779296875,285.18817138671875,2394028,0.0,0.0
2021-07-26,279.20001220703125,279.20001220703125,266.79998779296875,267.20001220703125,262.94781494140625,9397687,0.0,0.0
2021-07-27,258.0,262.6000061035156,238.1999969482422,242.0,238.14881896972656,16523228,0.0,0.0
2021-07-28,251.1999969482422,255.0,241.1999969482422,251.0,247.005615234375,10380744,0.0,0.0
2021-07-29,272.0,283.20001220703125,268.6000061035156,283.20001220703125,278.6932373046875,11726410,0.0,0.0
2021-07-30,276.0,277.6000061035156,270.3999938964844,276.6000061035156,272.1982421875,5418352,0.0,0.0
2021-08-02,279.20001220703125,279.20001220703125,270.20001220703125,277.20001220703125,272.7886657714844,3938732,0.0,0.0
2021-08-03,285.79998779296875,285.79998779296875,271.20001220703125,275.79998779296875,271.41094970703125,6514363,0.0,0.0
2021-08-04,272.0,282.79998779296875,271.20001220703125,277.3999938964844,272.9854736328125,3837901,0.0,0.0
2021-08-05,277.3999938964844,281.20001220703125,273.0,273.6000061035156,269.2459716796875,2194268,0.0,0.0
2021-08-06,273.0,278.0,269.6000061035156,276.3999938964844,272.00140380859375,2629143,0.0,0.0
2021-08-09,270.0,277.0,267.0,273.3999938964844,269.0491027832031,3735189,0.0,0.0
2021-08-10,278.20001220703125,286.3999938964844,276.6000061035156,285.20001220703125,280.661376953125,3440279,0.0,0.0
2021-08-11,280.0,286.0,277.3999938964844,281.6000061035156,277.1186218261719,2946149,0.0,0.0
2021-08-12,278.0,279.79998779296875,274.0,276.20001220703125,271.8045959472656,3865338,0.0,0.0
2021-08-13,273.6000061035156,279.79998779296875,272.3999938964844,274.0,269.6396179199219,3922730,0.0,0.0
2021-08-16,271.0,273.0,262.0,263.6000061035156,259.4051208496094,4220101,0.0,0.0
2021-08-17,259.79998779296875,260.0,245.1999969482422,250.0,246.02154541015625,7827200,0.0,0.0
2021-08-18,250.8000030517578,256.3999938964844,250.1999969482422,253.39999389648438,249.36741638183594,4645307,0.0,0.0
2021-08-19,253.39999389648438,257.0,244.8000030517578,246.60000610351562,242.67564392089844,4823518,0.0,0.0
2021-08-20,246.0,247.0,236.39999389648438,241.39999389648438,237.55838012695312,5828161,0.0,0.0
2021-08-23,247.1999969482422,254.1999969482422,240.8000030517578,243.60000610351562,239.72337341308594,5680532,0.0,0.0
2021-08-24,256.20001220703125,284.0,256.20001220703125,280.0,275.5440979003906,12394449,0.0,0.0
2021-08-25,295.0,306.79998779296875,288.3999938964844,294.0,289.3213195800781,14835906,0.0,0.0
2021-08-26,298.0,298.79998779296875,291.0,296.6000061035156,291.8799743652344,5460927,0.0,0.0
2021-08-27,299.0,306.6000061035156,298.3999938964844,304.79998779296875,299.94940185546875,7794088,0.0,0.0
2021-08-30,298.0,304.6000061035156,294.79998779296875,298.3999938964844,293.6512756347656,4246552,0.0,0.0
2021-08-31,298.3999938964844,306.3999938964844,294.20001220703125,306.3999938964844,301.52398681640625,4058187,0.0,0.0
2021-09-01,307.0,314.0,305.6000061035156,311.3999938964844,306.44439697265625,5552660,0.0,0.0
2021-09-02,315.0,320.79998779296875,311.20001220703125,315.0,309.9870910644531,5354590,0.0,0.0
2021-09-03,315.20001220703125,316.6000061035156,308.79998779296875,312.20001220703125,307.2317199707031,3372365,0.0,0.0
2021-09-06,308.79998779296875,316.79998779296875,307.3999938964844,316.3999938964844,311.3648681640625,2515295,0.0,0.0
2021-09-07,318.0,323.3999938964844,315.6000061035156,317.3999938964844,312.34893798828125,4031048,0.0,0.0
2021-09-08,318.0,325.79998779296875,318.0,323.3999938964844,318.25347900390625,4569193,0.0,0.0
2021-09-09,320.0,320.0,303.20001220703125,305.20001220703125,300.3431091308594,5493747,0.0,0.0
2021-09-10,313.0,321.20001220703125,311.3999938964844,321.20001220703125,316.0885314941406,5848784,0.0,0.0
2021-09-13,315.0,315.0,307.20001220703125,313.20001220703125,308.2157897949219,4929511,0.0,0.0
2021-09-14,318.0,318.0,311.0,313.6000061035156,308.6094055175781,5523084,0.0,0.0
2021-09-15,303.0,304.20001220703125,292.79998779296875,295.0,290.305419921875,7200608,0.0,0.0
2021-09-16,295.0,298.3999938964844,290.79998779296875,293.79998779296875,289.1244812011719,4844463,0.0,0.0
2021-09-17,296.79998779296875,308.79998779296875,295.79998779296875,307.3999938964844,302.508056640625,7710234,0.0,0.0
2021-09-20,300.79998779296875,301.20001220703125,291.20001220703125,294.6000061035156,289.9117736816406,4048031,0.0,0.0
2021-09-21,289.79998779296875,294.3999938964844,285.0,290.79998779296875,286.1722412109375,3744311,0.0,0.0
2021-09-23,300.0,303.0,293.20001220703125,296.3999938964844,291.6831359863281,3643254,0.0,0.0
2021-09-24,296.3999938964844,299.0,291.20001220703125,292.20001220703125,287.5500183105469,3278373,0.0,0.0
2021-09-27,293.3999938964844,300.79998779296875,291.3999938964844,292.3999938964844,287.74676513671875,4630083,0.0,0.0
2021-09-28,297.79998779296875,302.0,295.0,299.20001220703125,294.4385681152344,3959849,0.0,0.0
2021-09-29,291.0,294.3999938964844,286.79998779296875,293.79998779296875,289.1244812011719,5119391,0.0,0.0
2021-09-30,281.20001220703125,287.6000061035156,276.0,283.20001220703125,278.6932373046875,8535741,0.0,0.0
2021-10-04,276.0,278.3999938964844,269.0,274.6000061035156,270.2300720214844,6641369,0.0,0.0
2021-10-05,269.0,276.3999938964844,268.0,275.6000061035156,271.2141418457031,5377150,0.0,0.0
2021-10-06,277.20001220703125,280.0,272.20001220703125,273.20001220703125,268.8523254394531,3192588,0.0,0.0
2021-10-07,279.0,291.3999938964844,278.0,290.0,285.3849792480469,5091948,0.0,0.0
2021-10-08,301.3999938964844,301.3999938964844,293.79998779296875,296.20001220703125,291.4862976074219,5113419,0.0,0.0
2021-10-11,305.0,313.0,304.6000061035156,311.6000061035156,306.6412048339844,5218002,0.0,0.0
2021-10-12,305.3999938964844,309.6000061035156,300.3999938964844,304.3999938964844,299.5558166503906,3941953,0.0,0.0
2021-10-15,315.0,317.0,310.79998779296875,314.79998779296875,309.790283203125,4585521,0.0,0.0
2021-10-18,317.0,318.3999938964844,310.3999938964844,317.79998779296875,312.7425537109375,3629284,0.0,0.0
2021-10-19,317.79998779296875,323.0,317.0,323.0,317.85980224609375,2857853,0.0,0.0
2021-10-20,328.0,334.79998779296875,326.79998779296875,331.20001220703125,325.9293212890625,4966747,0.0,0.0
2021-10-21,332.0,332.79998779296875,323.6000061035156,327.0,321.796142578125,4123145,0.0,0.0
2021-10-22,327.0,328.20001220703125,323.3999938964844,325.0,319.82794189453125,4070983,0.0,0.0
2021-10-25,325.0,328.0,322.3999938964844,325.0,319.82794189453125,2002973,0.0,0.0
2021-10-26,326.0,327.3999938964844,322.3999938964844,325.6000061035156,320.4184875488281,1750991,0.0,0.0
2021-10-27,319.20001220703125,319.20001220703125,311.0,312.6000061035156,307.62530517578125,3152755,0.0,0.0
2021-10-28,315.0,316.20001220703125,310.3999938964844,312.6000061035156,307.62530517578125,2436460,0.0,0.0
2021-10-29,312.0,313.6000061035156,308.0,310.3999938964844,305.4602966308594,1942762,0.0,0.0
2021-11-01,304.20001220703125,306.6000061035156,301.3999938964844,306.3999938964844,301.52398681640625,2358467,0.0,0.0
2021-11-02,320.3999938964844,321.6000061035156,311.79998779296875,314.20001220703125,309.19989013671875,3216614,0.0,0.0
2021-11-03,315.0,319.6000061035156,311.6000061035156,316.3999938964844,311.3648681640625,3066093,0.0,0.0
2021-11-04,318.6000061035156,324.79998779296875,317.0,323.79998779296875,318.6470642089844,2711814,0.0,0.0
2021-11-05,314.3999938964844,316.0,308.20001220703125,309.79998779296875,304.869873046875,3078753,0.0,0.0
2021-11-08,305.20001220703125,306.0,301.0,305.6000061035156,300.73675537109375,2623316,0.0,0.0
2021-11-09,303.20001220703125,304.0,297.3999938964844,301.6000061035156,296.80035400390625,2725138,0.0,0.0
2021-11-10,302.20001220703125,309.0,296.20001220703125,308.0,303.09857177734375,1980873,0.0,0.0
2021-11-11,303.0,314.6000061035156,300.0,313.3999938964844,308.41259765625,3766821,0.0,0.0
2021-11-12,329.0,330.79998779296875,325.0,329.6000061035156,324.3547668457031,6676625,0.0,0.0
2021-11-15,334.79998779296875,337.79998779296875,332.6000061035156,335.79998779296875,330.4560852050781,4103558,0.0,0.0
2021-11-16,332.0,338.0,328.79998779296875,338.0,332.62109375,3794922,0.0,0.0
2021-11-17,334.79998779296875,337.0,330.79998779296875,335.0,329.6688537597656,2785612,0.0,0.0
2021-11-18,324.0,325.3999938964844,321.0,323.0,317.85980224609375,2896847,0.0,0.0
2021-11-19,339.0,352.3999938964844,336.20001220703125,352.3999938964844,346.79193115234375,12403666,0.0,0.0
2021-11-22,364.0,365.0,354.3999938964844,359.20001220703125,353.4837341308594,7483155,0.0,0.0
2021-11-23,345.0,357.79998779296875,344.20001220703125,354.79998779296875,349.15374755859375,11135160,0.0,0.0
2021-11-24,349.3999938964844,355.0,347.3999938964844,352.3999938964844,346.79193115234375,4611988,0.0,0.0
2021-11-25,352.20001220703125,355.20001220703125,346.6000061035156,354.3999938964844,348.7601318359375,3895936,0.0,0.0
2021-11-26,352.3999938964844,352.6000061035156,344.79998779296875,346.0,340.4938049316406,3668308,0.0,0.0
2021-11-29,350.0,355.6000061035156,346.20001220703125,350.6000061035156,345.0205993652344,5962909,0.0,0.0
2021-11-30,345.0,345.79998779296875,332.20001220703125,339.79998779296875,334.3924560546875,8391947,0.0,0.0
2021-12-01,333.20001220703125,343.79998779296875,332.3999938964844,341.3999938964844,335.96697998046875,8809663,0.0,0.0
2021-12-02,336.0,345.0,336.0,342.0,336.55743408203125,6025614,0.0,0.0
2021-12-03,331.6000061035156,331.6000061035156,315.20001220703125,321.6000061035156,316.4820861816406,16502634,0.0,0.0
2021-12-06,309.79998779296875,312.0,303.0,306.0,301.1303405761719,15776823,0.0,0.0
2021-12-07,300.0,310.20001220703125,295.79998779296875,307.0,302.1144104003906,13898798,0.0,0.0
2021-12-08,307.0,312.3999938964844,304.20001220703125,307.0,302.1144104003906,5085054,0.0,0.0
2021-12-09,309.0,316.0,308.6000061035156,311.0,306.05078125,4869335,0.0,0.0
2021-12-10,311.0,316.3999938964844,310.79998779296875,312.20001220703125,307.2317199707031,3085667,0.0,0.0
2021-12-13,315.6000061035156,323.0,310.20001220703125,310.6000061035156,305.6571350097656,5236392,0.0,0.0
2021-12-14,305.0,307.20001220703125,302.3999938964844,304.3999938964844,299.5558166503906,4410864,0.0,0.0
2021-12-15,302.6000061035156,303.79998779296875,297.20001220703125,299.3999938964844,294.6353759765625,3764838,0.0,0.0
2021-12-16,290.3999938964844,291.79998779296875,283.6000061035156,290.3999938964844,285.7785949707031,6350977,0.0,0.0
2021-12-17,288.0,288.0,278.0,280.20001220703125,275.7409362792969,10071364,0.0,0.0
2021-12-20,273.6000061035156,279.0,266.3999938964844,269.0,264.7191467285156,5657364,0.0,0.0
2021-12-21,266.79998779296875,276.79998779296875,263.79998779296875,273.3999938964844,269.0491027832031,7499042,0.0,0.0
2021-12-22,287.3999938964844,287.3999938964844,275.6000061035156,279.20001220703125,274.7568664550781,6758432,0.0,0.0
2021-12-23,261.3999938964844,264.0,248.0,259.6000061035156,255.46873474121094,21926356,0.0,0.0
2021-12-24,267.6000061035156,269.20001220703125,260.20001220703125,261.20001220703125,257.0433044433594,6233818,0.0,0.0
2021-12-28,263.0,265.79998779296875,257.3999938964844,260.79998779296875,256.6496276855469,5520278,0.0,0.0
2021-12-29,260.0,260.0,254.60000610351562,255.1999969482422,251.13877868652344,5634942,0.0,0.0
2021-12-30,257.3999938964844,264.3999938964844,256.79998779296875,259.79998779296875,255.66552734375,5914686,0.0,0.0
2021-12-31,275.0,278.0,272.20001220703125,274.0,269.6396179199219,5377924,0.0,0.0
2022-01-03,276.20001220703125,278.0,269.20001220703125,270.3999938964844,266.0968933105469,2526429,0.0,0.0
2022-01-04,267.0,268.20001220703125,260.79998779296875,265.3999938964844,261.17645263671875,3998115,0.0,0.0
2022-01-05,251.0,252.60000610351562,245.0,246.39999389648438,242.4788055419922,12719737,0.0,0.0
2022-01-06,248.0,257.79998779296875,247.1999969482422,256.6000061035156,252.51651000976562,11419984,0.0,0.0
2022-01-07,264.6000061035156,270.0,260.20001220703125,268.79998779296875,264.5223388671875,9715221,0.0,0.0
2022-01-10,268.79998779296875,272.20001220703125,265.0,270.20001220703125,265.90008544921875,4721905,0.0,0.0
2022-01-11,273.6000061035156,278.3999938964844,270.6000061035156,275.0,270.6236877441406,7023343,0.0,0.0
2022-01-12,298.79998779296875,306.0,295.0,305.20001220703125,300.3431091308594,14837086,0.0,0.0
2022-01-13,298.20001220703125,300.20001220703125,290.3999938964844,293.20001220703125,288.5340881347656,7179345,0.0,0.0
2022-01-14,280.20001220703125,287.3999938964844,277.0,287.0,282.4327087402344,6659772,0.0,0.0
2022-01-17,284.79998779296875,285.0,280.3999938964844,283.79998779296875,279.28363037109375,3050376,0.0,0.0
2022-01-18,287.0,290.0,276.3999938964844,279.0,274.5600280761719,4451443,0.0,0.0
2022-01-19,286.0,289.6000061035156,280.3999938964844,281.3999938964844,276.9218444824219,8367151,0.0,0.0
2022-01-20,284.0,303.20001220703125,283.20001220703125,299.79998779296875,295.02899169921875,12172021,0.0,0.0
2022-01-21,302.0,308.20001220703125,298.6000061035156,306.20001220703125,301.3271789550781,9267101,0.0,0.0
2022-01-24,290.0,292.3999938964844,288.20001220703125,289.20001220703125,284.59771728515625,7563868,0.0,0.0
2022-01-25,280.0,283.20001220703125,275.20001220703125,280.6000061035156,276.13458251953125,8266102,0.0,0.0
2022-01-26,282.6000061035156,287.0,279.0,284.79998779296875,280.2677001953125,4922643,0.0,0.0
2022-01-27,277.0,277.3999938964844,269.20001220703125,274.79998779296875,270.4268798828125,8082096,0.0,0.0
2022-01-28,263.0,271.0,259.0,266.0,261.76690673828125,10021652,0.0,0.0
2022-01-31,279.6000061035156,279.6000061035156,279.6000061035156,279.6000061035156,275.1505126953125,0,0.0,0.0
2022-02-04,286.6000061035156,287.79998779296875,279.0,284.79998779296875,280.2677001953125,7168192,0.0,0.0
2022-02-07,288.0,293.6000061035156,285.3999938964844,292.20001220703125,287.5500183105469,6886706,0.0,0.0
2022-02-08,288.0,289.0,282.6000061035156,285.6000061035156,281.05499267578125,5640754,0.0,0.0
2022-02-09,292.79998779296875,300.6000061035156,292.3999938964844,298.0,293.2576599121094,5532193,0.0,0.0
2022-02-10,304.0,304.79998779296875,295.6000061035156,301.79998779296875,296.9971618652344,4342598,0.0,0.0
2022-02-11,301.0,301.0,295.3999938964844,298.6000061035156,293.84814453125,3270909,0.0,0.0
2022-02-14,288.0,293.20001220703125,286.79998779296875,289.6000061035156,284.9913330078125,3643601,0.0,0.0
2022-02-15,290.3999938964844,293.6000061035156,288.3999938964844,290.3999938964844,285.7785949707031,2167445,0.0,0.0
2022-02-16,296.0,299.20001220703125,293.6000061035156,297.20001220703125,292.47039794921875,3216411,0.0,0.0
2022-02-17,292.6000061035156,296.3999938964844,290.3999938964844,295.3999938964844,290.69903564453125,2937475,0.0,0.0
2022-02-18,292.3999938964844,297.6000061035156,284.6000061035156,287.0,282.4327087402344,4569249,0.0,0.0
2022-02-21,281.0,291.0,280.3999938964844,285.0,280.46453857421875,6566388,0.0,0.0
2022-02-22,280.0,280.0,270.3999938964844,275.20001220703125,270.82049560546875,7909756,0.0,0.0
2022-02-23,280.0,285.3999938964844,278.0,285.0,280.46453857421875,5645614,0.0,0.0
2022-02-24,272.3999938964844,275.20001220703125,267.6000061035156,271.20001220703125,266.8841552734375,9803730,0.0,0.0
2022-02-25,276.20001220703125,278.79998779296875,273.79998779296875,275.79998779296875,271.41094970703125,5009708,0.0,0.0
2022-02-28,283.0,283.0,274.3999938964844,279.20001220703125,274.7568664550781,8126113,0.0,0.0
2022-03-01,282.0,290.6000061035156,280.79998779296875,287.79998779296875,283.219970703125,6538021,0.0,0.0
2022-03-02,290.0,291.6000061035156,284.20001220703125,285.0,280.46453857421875,4932432,0.0,0.0
2022-03-03,282.0,287.6000061035156,281.79998779296875,286.20001220703125,281.64544677734375,6843574,0.0,0.0
2022-03-04,262.6000061035156,267.20001220703125,261.0,262.3999938964844,258.2242126464844,16074031,0.0,0.0
2022-03-07,246.0,253.1999969482422,240.1999969482422,247.0,243.0692596435547,15717918,0.0,0.0
2022-03-08,239.8000030517578,243.0,227.8000030517578,230.39999389648438,226.73342895507812,12617093,0.0,0.0
2022-03-09,231.0,237.0,224.0,235.0,231.26023864746094,11861400,0.0,0.0
2022-03-10,244.8000030517578,247.1999969482422,232.1999969482422,237.39999389648438,233.62203979492188,7981880,0.0,0.0
2022-03-11,208.0,216.60000610351562,195.3000030517578,211.1999969482422,207.8389892578125,23283995,0.0,0.0
2022-03-14,190.8000030517578,191.5,177.60000610351562,180.0,177.13551330566406,27108838,0.0,0.0
2022-03-15,170.0,179.1999969482422,160.10000610351562,161.89999389648438,159.3235321044922,25047944,0.0,0.0
2022-03-16,181.8000030517578,221.8000030517578,177.8000030517578,219.60000610351562,216.10531616210938,32923422,0.0,0.0
2022-03-17,252.39999389648438,265.6000061035156,236.60000610351562,254.39999389648438,250.35150146484375,34120421,0.0,0.0
2022-03-18,241.0,251.0,230.0,243.8000030517578,239.92018127441406,17392398,0.0,0.0
2022-03-21,250.39999389648438,252.60000610351562,235.0,239.0,235.19659423828125,11999584,0.0,0.0
2022-03-22,243.0,257.20001220703125,241.1999969482422,253.8000030517578,249.76104736328125,11606914,0.0,0.0
2022-03-23,259.0,263.0,250.0,252.0,247.98968505859375,9998787,0.0,0.0
2022-03-24,249.0,253.60000610351562,239.8000030517578,241.60000610351562,237.7552032470703,8961105,0.0,0.0
2022-03-25,232.1999969482422,241.60000610351562,223.0,228.8000030517578,225.15892028808594,17064091,0.0,0.0
2022-03-28,223.0,227.39999389648438,212.0,224.8000030517578,221.22254943847656,38312460,0.0,0.0
2022-03-29,228.0,240.39999389648438,225.1999969482422,238.39999389648438,234.6061248779297,31993192,0.0,0.0
2022-03-30,244.0,248.60000610351562,238.0,238.0,234.21249389648438,24650847,0.0,0.0
2022-03-31,238.0,238.1999969482422,230.1999969482422,234.0,230.27613830566406,10953079,0.0,0.0
2022-04-01,226.39999389648438,229.0,221.60000610351562,229.0,225.355712890625,10312112,0.0,0.0
2022-04-04,235.0,248.8000030517578,233.1999969482422,246.60000610351562,242.67564392089844,13078563,0.0,0.0
2022-04-06,234.1999969482422,237.60000610351562,232.8000030517578,234.8000030517578,231.06341552734375,11120025,0.0,0.0
2022-04-07,230.1999969482422,237.39999389648438,225.39999389648438,227.1999969482422,223.58436584472656,8357903,0.0,0.0
2022-04-08,222.60000610351562,225.39999389648438,218.39999389648438,222.39999389648438,218.86074829101562,8397595,0.0,0.0
2022-04-11,221.0,222.1999969482422,213.60000610351562,215.39999389648438,211.97213745117188,8802098,0.0,0.0
2022-04-12,220.1999969482422,229.1999969482422,218.0,224.1999969482422,220.6321258544922,11327157,0.0,0.0
2022-04-13,223.39999389648438,232.0,221.8000030517578,227.8000030517578,224.17481994628906,12682818,0.0,0.0
2022-04-14,230.0,230.8000030517578,225.1999969482422,226.39999389648438,222.79710388183594,7568102,0.0,0.0
2022-04-19,222.0,229.39999389648438,220.39999389648438,222.1999969482422,218.66392517089844,8666598,0.0,0.0
2022-04-20,220.0,225.60000610351562,219.1999969482422,220.8000030517578,217.28622436523438,3739334,0.0,0.0
2022-04-21,211.0,213.8000030517578,202.0,206.39999389648438,203.11537170410156,10550458,0.0,0.0
2022-04-22,196.0,209.8000030517578,195.1999969482422,208.39999389648438,205.0835418701172,8839388,0.0,0.0
2022-04-25,203.8000030517578,206.60000610351562,199.8000030517578,200.8000030517578,197.60450744628906,8996972,0.0,0.0
2022-04-26,210.1999969482422,221.39999389648438,209.39999389648438,212.1999969482422,208.82305908203125,12375093,0.0,0.0
2022-04-27,212.39999389648438,221.0,211.1999969482422,219.8000030517578,216.30213928222656,11596201,0.0,0.0
2022-04-28,228.39999389648438,230.39999389648438,222.8000030517578,229.60000610351562,225.94618225097656,10912526,0.0,0.0
2022-04-29,227.0,286.0,222.60000610351562,265.6000061035156,261.373291015625,26926251,0.0,0.0
2022-05-03,251.0,258.79998779296875,242.0,249.8000030517578,245.82469177246094,17500126,0.0,0.0
2022-05-04,244.0,246.0,238.0,239.60000610351562,235.78704833984375,7617477,0.0,0.0
2022-05-05,246.1999969482422,249.39999389648438,238.1999969482422,241.60000610351562,237.7552032470703,10533336,0.0,0.0
2022-05-06,231.0,234.39999389648438,223.60000610351562,226.60000610351562,222.99392700195312,11118477,0.0,0.0
2022-05-10,199.3000030517578,211.1999969482422,199.3000030517578,208.0,204.68992614746094,27481497,0.0,0.0
2022-05-11,204.0,216.60000610351562,202.1999969482422,208.1999969482422,204.88671875,20039496,0.0,0.0
2022-05-12,199.0,200.8000030517578,189.39999389648438,192.0,188.9445343017578,22275662,0.0,0.0
2022-05-13,196.1999969482422,201.39999389648438,196.0,199.60000610351562,196.42359924316406,14049091,0.0,0.0
2022-05-16,205.0,209.0,198.0,200.0,196.8172149658203,8207444,0.0,0.0
2022-05-17,205.1999969482422,217.1999969482422,203.39999389648438,214.8000030517578,211.3817138671875,15919535,0.0,0.0
2022-05-18,213.1999969482422,214.1999969482422,205.1999969482422,212.39999389648438,209.0198974609375,15135344,0.0,0.0
2022-05-19,198.89999389648438,202.8000030517578,195.5,199.8000030517578,197.20535278320312,13923745,4.944007,0.0
2022-05-20,206.8000030517578,214.60000610351562,206.60000610351562,211.60000610351562,208.8520965576172,14984250,0.0,0.0
2022-05-23,210.60000610351562,217.8000030517578,209.39999389648438,212.8000030517578,210.03651428222656,18768024,0.0,0.0
2022-05-24,208.60000610351562,213.60000610351562,200.1999969482422,201.60000610351562,198.98196411132812,17941973,0.0,0.0
2022-05-25,197.1999969482422,200.60000610351562,196.10000610351562,198.60000610351562,196.02093505859375,9777705,0.0,0.0
2022-05-26,199.5,199.5,193.6999969482422,197.39999389648438,194.8365020751953,7491959,0.0,0.0
2022-05-27,207.1999969482422,209.0,205.39999389648438,208.39999389648438,205.6936492919922,12177627,0.0,0.0
2022-05-30,214.0,223.39999389648438,213.39999389648438,222.8000030517578,219.90664672851562,17275282,0.0,0.0
2022-05-31,222.1999969482422,230.8000030517578,218.8000030517578,226.0,223.06509399414062,25198704,0.0,0.0
2022-06-01,223.1999969482422,226.8000030517578,220.0,224.1999969482422,221.28848266601562,12871097,0.0,0.0
2022-06-02,220.1999969482422,224.0,216.8000030517578,221.39999389648438,218.52484130859375,11386613,0.0,0.0
2022-06-06,229.1999969482422,233.0,223.0,231.8000030517578,228.78976440429688,14583426,0.0,0.0
2022-06-07,242.0,244.60000610351562,236.39999389648438,238.8000030517578,235.69888305664062,17532537,0.0,0.0
2022-06-08,243.0,257.0,242.1999969482422,254.1999969482422,250.8988800048828,26010177,0.0,0.0
2022-06-09,259.0,262.0,244.1999969482422,249.0,245.76641845703125,19851258,0.0,0.0
2022-06-10,239.1999969482422,252.8000030517578,236.1999969482422,250.8000030517578,247.54302978515625,27221560,0.0,0.0
2022-06-13,237.8000030517578,246.60000610351562,237.1999969482422,239.1999969482422,236.09365844726562,20692445,0.0,0.0
2022-06-14,234.0,245.39999389648438,233.39999389648438,241.1999969482422,238.06771850585938,13094185,0.0,0.0
2022-06-15,249.8000030517578,253.39999389648438,248.39999389648438,250.39999389648438,247.14822387695312,11077400,0.0,0.0
2022-06-16,259.20001220703125,259.20001220703125,242.39999389648438,246.1999969482422,243.00277709960938,15693587,0.0,0.0
2022-06-17,245.1999969482422,261.3999938964844,244.1999969482422,261.20001220703125,257.8080139160156,58700625,0.0,0.0
2022-06-20,258.0,258.0,243.1999969482422,254.39999389648438,251.09628295898438,16459309,0.0,0.0
2022-06-21,254.39999389648438,257.3999938964844,250.39999389648438,256.79998779296875,253.46511840820312,8504328,0.0,0.0
2022-06-22,249.8000030517578,251.39999389648438,238.39999389648438,240.8000030517578,237.6728973388672,12334897,0.0,0.0
2022-06-23,244.0,247.60000610351562,238.39999389648438,243.60000610351562,240.43653869628906,8906182,0.0,0.0
2022-06-24,247.0,252.60000610351562,243.39999389648438,249.8000030517578,246.55601501464844,10718920,0.0,0.0
2022-06-27,253.60000610351562,275.20001220703125,253.60000610351562,265.3999938964844,261.95343017578125,18527398,0.0,0.0
2022-06-28,258.6000061035156,264.79998779296875,251.1999969482422,259.3999938964844,256.0313415527344,16016499,0.0,0.0
2022-06-29,252.60000610351562,256.20001220703125,248.39999389648438,251.39999389648438,248.13523864746094,10334958,0.0,0.0
2022-06-30,252.0,256.79998779296875,249.39999389648438,252.8000030517578,249.51705932617188,8123711,0.0,0.0
2022-07-04,253.0,263.6000061035156,251.1999969482422,262.0,258.5975646972656,7554189,0.0,0.0
2022-07-05,265.0,269.79998779296875,259.0,260.20001220703125,256.82098388671875,5326877,0.0,0.0
2022-07-06,251.39999389648438,254.1999969482422,245.0,250.0,246.75343322753906,9612924,0.0,0.0
2022-07-07,242.60000610351562,249.8000030517578,239.0,247.1999969482422,243.98977661132812,10361205,0.0,0.0
2022-07-08,248.0,249.8000030517578,244.39999389648438,245.8000030517578,242.60797119140625,6619381,0.0,0.0
2022-07-11,238.8000030517578,240.0,233.0,235.0,231.94822692871094,8864517,0.0,0.0
2022-07-12,234.0,236.0,228.8000030517578,230.8000030517578,227.80276489257812,7914553,0.0,0.0
2022-07-13,237.60000610351562,243.8000030517578,236.1999969482422,237.60000610351562,234.51446533203125,8372085,0.0,0.0
2022-07-14,242.0,248.8000030517578,241.39999389648438,244.0,240.8313446044922,7912755,0.0,0.0
2022-07-15,241.8000030517578,243.39999389648438,236.0,236.60000610351562,233.52745056152344,4382450,0.0,0.0
2022-07-18,238.39999389648438,246.60000610351562,234.60000610351562,244.0,240.8313446044922,5564218,0.0,0.0
2022-07-19,243.39999389648438,245.60000610351562,239.0,241.0,237.87030029296875,3749326,0.0,0.0
2022-07-20,247.39999389648438,251.60000610351562,245.60000610351562,245.60000610351562,242.41058349609375,5978484,0.0,0.0
2022-07-21,246.8000030517578,249.8000030517578,243.1999969482422,247.39999389648438,244.18719482421875,6174606,0.0,0.0
2022-07-22,250.0,251.1999969482422,246.0,247.0,243.79237365722656,3599306,0.0,0.0
2022-07-25,243.8000030517578,248.0,242.8000030517578,247.0,243.79237365722656,5227765,0.0,0.0
2022-07-26,250.0,253.60000610351562,247.60000610351562,251.39999389648438,248.13523864746094,5691470,0.0,0.0
2022-07-27,247.1999969482422,249.1999969482422,246.0,248.8000030517578,245.5690155029297,3886513,0.0,0.0
2022-07-28,248.8000030517578,249.1999969482422,244.0,245.0,241.818359375,5020084,0.0,0.0
2022-07-29,249.0,249.0,231.39999389648438,233.8000030517578,230.76380920410156,8708370,0.0,0.0
2022-08-01,230.0,237.60000610351562,228.39999389648438,235.0,231.94822692871094,6173646,0.0,0.0
2022-08-02,231.60000610351562,231.60000610351562,223.1999969482422,228.1999969482422,225.2365264892578,7900179,0.0,0.0
2022-08-03,234.39999389648438,237.39999389648438,231.0,233.1999969482422,230.17160034179688,4766086,0.0,0.0
2022-08-04,239.8000030517578,247.0,238.39999389648438,246.0,242.80535888671875,7483399,0.0,0.0
2022-08-05,249.0,249.0,242.8000030517578,245.39999389648438,242.21315002441406,4348782,0.0,0.0
2022-08-08,241.60000610351562,243.0,236.0,237.39999389648438,234.31704711914062,5624715,0.0,0.0
2022-08-09,231.60000610351562,234.60000610351562,228.0,228.60000610351562,225.63133239746094,8418431,0.0,0.0
2022-08-10,224.0,225.60000610351562,212.60000610351562,218.39999389648438,215.56378173828125,8819675,0.0,0.0
2022-08-11,217.60000610351562,221.8000030517578,216.0,221.1999969482422,218.32742309570312,8806077,0.0,0.0
2022-08-12,223.0,225.1999969482422,219.60000610351562,222.60000610351562,219.70925903320312,6259290,0.0,0.0
2022-08-15,221.1999969482422,227.39999389648438,220.60000610351562,222.1999969482422,219.31443786621094,3563793,0.0,0.0
2022-08-16,227.0,229.0,217.39999389648438,221.1999969482422,218.32742309570312,6430525,0.0,0.0
2022-08-17,224.8000030517578,226.60000610351562,221.39999389648438,223.1999969482422,220.3014678955078,3825652,0.0,0.0
2022-08-18,223.0,223.0,215.1999969482422,217.60000610351562,214.77420043945312,4897192,0.0,0.0
2022-08-19,213.1999969482422,219.39999389648438,213.1999969482422,217.1999969482422,214.37936401367188,5197263,0.0,0.0
2022-08-22,213.1999969482422,221.8000030517578,213.1999969482422,218.8000030517578,215.95858764648438,5988210,0.0,0.0
2022-08-23,218.8000030517578,222.1999969482422,218.60000610351562,221.39999389648438,218.52484130859375,6578848,0.0,0.0
2022-08-24,227.1999969482422,230.0,220.60000610351562,221.8000030517578,218.9196319580078,9589394,0.0,0.0
2022-08-25,230.0,247.60000610351562,228.39999389648438,246.1999969482422,243.00277709960938,12625314,0.0,0.0
2022-08-26,252.0,254.60000610351562,245.8000030517578,248.39999389648438,245.1741943359375,13437039,0.0,0.0
2022-08-29,246.1999969482422,249.0,242.39999389648438,245.0,241.818359375,6976605,0.0,0.0
2022-08-30,247.8000030517578,247.8000030517578,240.60000610351562,247.0,243.79237365722656,7255844,0.0,0.0
2022-08-31,241.8000030517578,254.1999969482422,240.1999969482422,246.8000030517578,243.59500122070312,22826527,0.0,0.0
2022-09-01,246.0,249.1999969482422,243.0,245.0,241.818359375,7847271,0.0,0.0
2022-09-02,246.60000610351562,248.8000030517578,241.0,244.0,240.8313446044922,10017289,0.0,0.0
2022-09-05,239.0,239.0,233.1999969482422,236.8000030517578,233.724853515625,6528350,0.0,0.0
2022-09-06,239.0,240.1999969482422,233.1999969482422,236.60000610351562,233.52745056152344,3376895,0.0,0.0
2022-09-07,232.0,235.1999969482422,230.0,233.8000030517578,230.76380920410156,4674027,0.0,0.0
2022-09-08,234.60000610351562,239.0,234.0,235.1999969482422,232.14561462402344,4580463,0.0,0.0
2022-09-09,236.60000610351562,244.8000030517578,234.1999969482422,243.39999389648438,240.2391357421875,5241639,0.0,0.0
2022-09-13,242.0,242.0,233.0,233.39999389648438,230.36900329589844,8356058,0.0,0.0
2022-09-14,225.39999389648438,226.60000610351562,220.8000030517578,223.60000610351562,220.69627380371094,11552241,0.0,0.0
2022-09-15,223.1999969482422,227.8000030517578,221.8000030517578,226.8000030517578,223.85470581054688,6684999,0.0,0.0
2022-09-16,223.39999389648438,227.60000610351562,222.1999969482422,223.0,220.1040496826172,7143496,0.0,0.0
2022-09-19,219.0,220.60000610351562,216.8000030517578,217.39999389648438,214.57676696777344,7185155,0.0,0.0
2022-09-20,220.8000030517578,227.0,220.8000030517578,225.0,222.07806396484375,5211445,0.0,0.0
2022-09-21,223.0,223.0,217.39999389648438,218.39999389648438,215.56378173828125,4220924,0.0,0.0
2022-09-22,211.0,213.60000610351562,208.8000030517578,212.1999969482422,209.44430541992188,4921083,0.0,0.0
2022-09-23,212.1999969482422,212.39999389648438,204.1999969482422,205.0,202.33779907226562,4956019,0.0,0.0
2022-09-26,202.8000030517578,211.60000610351562,202.1999969482422,210.0,207.2728729248047,5818134,0.0,0.0
2022-09-27,209.60000610351562,214.0,206.8000030517578,213.0,210.2339324951172,5660066,0.0,0.0
2022-09-28,206.8000030517578,206.8000030517578,200.0,201.0,198.3897705078125,7959909,0.0,0.0
2022-09-29,207.1999969482422,209.60000610351562,199.89999389648438,202.0,199.37677001953125,7020937,0.0,0.0
2022-09-30,204.0,205.39999389648438,195.8000030517578,198.60000610351562,196.02093505859375,8032149,0.0,0.0
2022-10-03,196.5,198.1999969482422,191.0,193.39999389648438,190.88844299316406,5417556,0.0,0.0
2022-10-05,204.1999969482422,215.8000030517578,203.39999389648438,213.0,210.2339324951172,11178543,0.0,0.0
2022-10-06,211.0,211.0,205.60000610351562,206.8000030517578,204.11444091796875,6473485,0.0,0.0
2022-10-07,203.8000030517578,204.39999389648438,198.39999389648438,199.39999389648438,196.81051635742188,5421783,0.0,0.0
2022-10-10,194.10000610351562,195.39999389648438,190.0,192.0,189.5066375732422,6155441,0.0,0.0
2022-10-11,188.0,189.10000610351562,181.0,182.39999389648438,180.03128051757812,7741109,0.0,0.0
2022-10-12,182.6999969482422,191.6999969482422,178.3000030517578,185.3000030517578,182.89364624023438,8402573,0.0,0.0
2022-10-13,184.3000030517578,184.8000030517578,176.60000610351562,176.60000610351562,174.30662536621094,5833051,0.0,0.0
2022-10-14,179.0,182.5,173.60000610351562,174.8000030517578,172.52999877929688,8004551,0.0,0.0
2022-10-17,168.1999969482422,174.0,164.10000610351562,171.89999389648438,169.6676483154297,12607803,0.0,0.0
2022-10-18,176.10000610351562,179.10000610351562,171.8000030517578,178.3000030517578,175.9845428466797,8268857,0.0,0.0
2022-10-19,175.0,176.5,168.39999389648438,168.39999389648438,166.21310424804688,6862764,0.0,0.0
2022-10-20,160.89999389648438,164.10000610351562,158.0,162.0,159.89620971679688,13038474,0.0,0.0
2022-10-21,167.60000610351562,167.60000610351562,163.0,163.3000030517578,161.17933654785156,9589796,0.0,0.0
2022-10-24,156.0,157.5,138.89999389648438,141.8000030517578,139.95855712890625,26061411,0.0,0.0
2022-10-25,143.89999389648438,153.6999969482422,139.1999969482422,148.89999389648438,146.96633911132812,21972579,0.0,0.0
2022-10-26,147.89999389648438,153.5,145.60000610351562,148.39999389648438,146.4728240966797,15546158,0.0,0.0
2022-10-27,161.39999389648438,164.39999389648438,155.89999389648438,157.10000610351562,155.0598602294922,15636132,0.0,0.0
2022-10-28,156.6999969482422,156.6999969482422,144.5,146.60000610351562,144.6962127685547,13035586,0.0,0.0
2022-10-31,145.1999969482422,151.1999969482422,142.60000610351562,145.10000610351562,143.2156982421875,11111441,0.0,0.0
2022-11-01,149.5,160.0,147.0,157.3000030517578,155.2572784423828,14488939,0.0,0.0
2022-11-02,155.5,162.5,151.1999969482422,161.60000610351562,159.50143432617188,12871001,0.0,0.0
2022-11-03,156.0,159.3000030517578,151.5,152.5,150.5195770263672,7194784,0.0,0.0
2022-11-04,158.0,177.8000030517578,158.0,171.60000610351562,169.37156677246094,21308781,0.0,0.0
2022-11-07,170.0,182.39999389648438,167.8000030517578,177.0,174.70143127441406,15451858,0.0,0.0
2022-11-08,175.89999389648438,180.89999389648438,173.6999969482422,178.1999969482422,175.88584899902344,11943165,0.0,0.0
2022-11-09,178.1999969482422,180.5,170.1999969482422,172.10000610351562,169.8650665283203,8027205,0.0,0.0
2022-11-10,168.0,168.0,164.1999969482422,165.8000030517578,163.64688110351562,6515680,0.0,0.0
2022-11-11,183.0,196.0,179.8000030517578,192.5,190.00013732910156,15928679,0.0,0.0
2022-11-14,210.8000030517578,211.0,197.10000610351562,200.8000030517578,198.19235229492188,19555404,0.0,0.0
2022-11-15,198.6999969482422,219.0,198.3000030517578,217.39999389648438,214.57676696777344,16113392,0.0,0.0
2022-11-16,210.0,215.8000030517578,207.0,212.8000030517578,210.03651428222656,10439572,0.0,0.0
2022-11-17,212.60000610351562,213.8000030517578,203.39999389648438,210.39999389648438,207.6676788330078,6965275,0.0,0.0
2022-11-18,225.60000610351562,228.60000610351562,213.39999389648438,218.0,215.1689910888672,10339323,0.0,0.0
2022-11-21,210.0,212.8000030517578,203.60000610351562,206.60000610351562,203.9170379638672,10760880,0.0,0.0
2022-11-22,206.8000030517578,207.0,194.0,197.60000610351562,195.03392028808594,9699390,0.0,0.0
2022-11-23,198.3000030517578,206.60000610351562,197.60000610351562,204.1999969482422,201.54820251464844,6953490,0.0,0.0
2022-11-24,205.0,206.8000030517578,195.0,200.0,197.40274047851562,6823250,0.0,0.0
2022-11-25,199.39999389648438,199.8000030517578,194.5,198.6999969482422,196.11962890625,5239631,0.0,0.0
2022-11-28,185.0,193.39999389648438,182.8000030517578,190.10000610351562,187.6313018798828,9196234,0.0,0.0
2022-11-29,198.0,211.8000030517578,195.5,210.8000030517578,208.0625,13452241,0.0,0.0
2022-11-30,205.60000610351562,220.0,205.0,218.8000030517578,215.95858764648438,16743352,0.0,0.0
2022-12-01,224.0,229.1999969482422,216.1999969482422,217.0,214.18197631835938,13440020,0.0,0.0
2022-12-02,219.1999969482422,221.1999969482422,213.0,217.1999969482422,214.37936401367188,8552229,0.0,0.0
2022-12-05,232.0,242.0,226.60000610351562,241.60000610351562,238.46250915527344,14883311,0.0,0.0
2022-12-06,231.8000030517578,239.39999389648438,230.1999969482422,235.8000030517578,232.7378387451172,11395629,0.0,0.0
2022-12-07,236.1999969482422,240.1999969482422,221.39999389648438,221.8000030517578,218.9196319580078,10434201,0.0,0.0
2022-12-08,225.60000610351562,236.60000610351562,224.1999969482422,234.0,230.96119689941406,7073902,0.0,0.0
2022-12-09,236.0,241.0,233.60000610351562,236.8000030517578,233.724853515625,9416015,0.0,0.0
2022-12-12,226.60000610351562,232.60000610351562,226.1999969482422,230.0,227.01316833496094,7397832,0.0,0.0
2022-12-13,225.60000610351562,233.0,223.8000030517578,228.0,225.03912353515625,6973102,0.0,0.0
2022-12-14,227.0,231.8000030517578,225.1999969482422,228.0,225.03912353515625,8426204,0.0,0.0
2022-12-15,227.0,227.0,220.39999389648438,221.60000610351562,218.72222900390625,6679972,0.0,0.0
2022-12-16,221.60000610351562,230.60000610351562,218.60000610351562,225.0,222.07806396484375,6740682,0.0,0.0
2022-12-19,226.8000030517578,234.1999969482422,222.8000030517578,224.1999969482422,221.28848266601562,5116697,0.0,0.0
2022-12-20,221.39999389648438,224.39999389648438,216.1999969482422,220.39999389648438,217.53781127929688,5003277,0.0,0.0
2022-12-21,220.60000610351562,223.60000610351562,216.60000610351562,219.0,216.156005859375,4676429,0.0,0.0
2022-12-22,227.8000030517578,234.39999389648438,227.1999969482422,232.60000610351562,229.5793914794922,6246154,0.0,0.0
2022-12-23,225.60000610351562,230.0,224.0,227.8000030517578,224.8417205810547,3868817,0.0,0.0
2022-12-28,229.0,233.60000610351562,228.60000610351562,230.39999389648438,227.40794372558594,6402105,0.0,0.0
2022-12-29,218.8000030517578,220.39999389648438,214.39999389648438,218.0,215.1689910888672,9216806,0.0,0.0
2022-12-30,224.0,225.1999969482422,218.39999389648438,220.1999969482422,217.34042358398438,4082108,0.0,0.0
2023-01-03,213.0,226.0,211.60000610351562,224.8000030517578,221.88067626953125,6894915,0.0,0.0
2023-01-04,227.1999969482422,241.0,224.8000030517578,241.0,237.87030029296875,11835143,0.0,0.0
2023-01-05,258.0,258.6000061035156,245.0,247.39999389648438,244.18719482421875,13064014,0.0,0.0
2023-01-06,251.0,254.1999969482422,246.1999969482422,250.0,246.75343322753906,11143856,0.0,0.0
2023-01-09,250.0,253.1999969482422,246.39999389648438,250.0,246.75343322753906,8859205,0.0,0.0
2023-01-10,248.0,251.0,244.39999389648438,250.0,246.75343322753906,5864606,0.0,0.0
2023-01-11,246.60000610351562,252.39999389648438,244.1999969482422,246.60000610351562,243.3975830078125,8159286,0.0,0.0
2023-01-12,247.0,250.0,241.1999969482422,247.39999389648438,244.18719482421875,9990408,0.0,0.0
2023-01-13,248.1999969482422,249.1999969482422,239.1999969482422,248.1999969482422,244.97679138183594,6449487,0.0,0.0
2023-01-16,249.8000030517578,250.1999969482422,240.39999389648438,243.8000030517578,240.63394165039062,5128571,0.0,0.0
2023-01-17,241.0,243.60000610351562,234.60000610351562,239.60000610351562,236.48849487304688,8091792,0.0,0.0
2023-01-18,232.1999969482422,235.39999389648438,226.1999969482422,235.39999389648438,232.343017578125,10610610,0.0,0.0
2023-01-19,228.39999389648438,234.60000610351562,227.1999969482422,231.8000030517578,228.78976440429688,6765457,0.0,0.0
2023-01-20,235.0,240.8000030517578,233.8000030517578,238.8000030517578,235.69888305664062,6492161,0.0,0.0
2023-01-26,244.60000610351562,245.39999389648438,240.0,245.39999389648438,242.21315002441406,6191386,0.0,0.0
2023-01-27,250.1999969482422,251.39999389648438,246.1999969482422,251.39999389648438,248.13523864746094,5555259,0.0,0.0
2023-01-30,246.39999389648438,249.0,236.1999969482422,237.39999389648438,234.31704711914062,10769927,0.0,0.0
2023-01-31,238.0,239.0,228.1999969482422,231.60000610351562,228.59237670898438,9233551,0.0,0.0
2023-02-01,232.39999389648438,238.0,230.0,238.0,234.9092559814453,8013925,0.0,0.0
2023-02-02,240.8000030517578,242.60000610351562,235.39999389648438,236.39999389648438,233.3300323486328,5792332,0.0,0.0
2023-02-03,228.60000610351562,233.8000030517578,227.0,230.8000030517578,227.80276489257812,6676415,0.0,0.0
2023-02-06,222.0,223.60000610351562,218.60000610351562,222.60000610351562,219.70925903320312,6718137,0.0,0.0
2023-02-07,223.0,226.1999969482422,220.39999389648438,222.60000610351562,219.70925903320312,4720757,0.0,0.0
2023-02-08,223.39999389648438,225.0,218.1999969482422,219.1999969482422,216.35340881347656,5734017,0.0,0.0
2023-02-09,217.0,225.0,216.0,224.60000610351562,221.68328857421875,6530590,0.0,0.0
2023-02-10,217.0,219.0,208.8000030517578,210.39999389648438,207.6676788330078,12439326,0.0,0.0
2023-02-13,200.39999389648438,208.60000610351562,199.3000030517578,207.39999389648438,204.70664978027344,16376266,0.0,0.0
2023-02-14,205.60000610351562,205.8000030517578,201.60000610351562,203.60000610351562,200.95599365234375,9095805,0.0,0.0
2023-02-15,205.0,206.1999969482422,199.8000030517578,202.0,199.37677001953125,8234044,0.0,0.0
2023-02-16,205.0,217.60000610351562,204.60000610351562,212.60000610351562,209.839111328125,13546520,0.0,0.0
2023-02-17,213.0,215.8000030517578,209.39999389648438,210.60000610351562,207.86508178710938,6859486,0.0,0.0
2023-02-20,208.39999389648438,210.8000030517578,206.60000610351562,207.39999389648438,204.70664978027344,5989310,0.0,0.0
2023-02-21,205.39999389648438,206.60000610351562,189.0,189.6999969482422,187.2364959716797,22613377,0.0,0.0
2023-02-22,183.39999389648438,188.89999389648438,182.0,184.0,181.6105194091797,19767488,0.0,0.0
2023-02-23,178.8000030517578,188.6999969482422,178.8000030517578,187.3000030517578,184.86766052246094,15161702,0.0,0.0
2023-02-24,183.8000030517578,185.39999389648438,177.39999389648438,178.39999389648438,176.08323669433594,12274957,0.0,0.0
2023-02-27,176.0,181.89999389648438,175.8000030517578,178.0,175.6884307861328,10191538,0.0,0.0
2023-02-28,177.5,178.0,171.3000030517578,173.6999969482422,171.44427490234375,15577215,0.0,0.0
2023-03-01,174.10000610351562,184.60000610351562,173.5,183.3000030517578,180.91961669921875,10224998,0.0,0.0
2023-03-02,178.8000030517578,180.60000610351562,176.8000030517578,179.10000610351562,176.77415466308594,9798016,0.0,0.0
2023-03-03,185.60000610351562,187.6999969482422,183.1999969482422,184.6999969482422,182.30142211914062,9105981,0.0,0.0
2023-03-06,188.0,190.6999969482422,185.1999969482422,187.3000030517578,184.86766052246094,9953007,0.0,0.0
2023-03-07,188.39999389648438,192.1999969482422,182.60000610351562,186.39999389648438,183.97935485839844,7839049,0.0,0.0
2023-03-08,182.0,182.5,176.6999969482422,178.3000030517578,175.9845428466797,10066987,0.0,0.0
2023-03-09,182.89999389648438,183.39999389648438,178.5,179.3000030517578,176.9715576171875,8259285,0.0,0.0
2023-03-10,161.5,163.10000610351562,158.0,158.6999969482422,156.63906860351562,43661369,0.0,0.0
2023-03-13,159.0,164.5,157.60000610351562,159.0,156.9351806640625,20493003,0.0,0.0
2023-03-14,157.60000610351562,160.1999969482422,153.6999969482422,155.5,153.4806365966797,14841727,0.0,0.0
2023-03-15,158.89999389648438,160.89999389648438,157.39999389648438,159.1999969482422,157.132568359375,9224652,0.0,0.0
2023-03-16,154.6999969482422,158.5,153.60000610351562,155.0,152.9871368408203,8984223,0.0,0.0
2023-03-17,157.8000030517578,158.0,152.8000030517578,154.60000610351562,152.59230041503906,18824803,0.0,0.0
2023-03-20,152.39999389648438,153.5,147.10000610351562,150.39999389648438,148.44686889648438,11644403,0.0,0.0
2023-03-21,149.39999389648438,150.6999969482422,145.6999969482422,150.10000610351562,148.1507568359375,11079465,0.0,0.0
2023-03-22,155.0,157.6999969482422,151.8000030517578,152.89999389648438,150.91439819335938,10701327,0.0,0.0
2023-03-23,151.60000610351562,159.1999969482422,150.5,158.8000030517578,156.73777770996094,12582745,0.0,0.0
2023-03-24,155.8000030517578,162.3000030517578,155.3000030517578,158.8000030517578,156.73777770996094,12333500,0.0,0.0
2023-03-27,157.60000610351562,158.5,151.8000030517578,153.1999969482422,151.2104949951172,10765673,0.0,0.0
2023-03-28,157.0,157.1999969482422,154.10000610351562,156.10000610351562,154.07286071777344,7329905,0.0,0.0
2023-03-29,166.1999969482422,168.0,158.1999969482422,159.10000610351562,157.03387451171875,17110423,0.0,0.0
2023-03-30,160.5,164.3000030517578,159.5,163.1999969482422,161.08062744140625,14622088,0.0,0.0
2023-03-31,174.8000030517578,176.5,171.39999389648438,172.0,169.76637268066406,24058257,0.0,0.0
2023-04-03,171.60000610351562,172.1999969482422,167.3000030517578,169.6999969482422,167.49623107910156,9360923,0.0,0.0
2023-04-04,165.0,165.5,161.0,164.0,162.16648864746094,8033703,2.4327652,0.0
2023-04-06,158.0,159.39999389648438,155.89999389648438,159.0,157.22238159179688,12979395,0.0,0.0
2023-04-11,159.0,161.6999969482422,156.1999969482422,158.60000610351562,156.8268585205078,9024853,0.0,0.0
2023-04-12,157.6999969482422,157.8000030517578,151.3000030517578,153.0,151.28945922851562,10761564,0.0,0.0
2023-04-13,144.39999389648438,149.89999389648438,143.5,149.89999389648438,148.22412109375,13821516,0.0,0.0
2023-04-14,149.39999389648438,149.5,146.39999389648438,147.6999969482422,146.04872131347656,11727208,0.0,0.0
2023-04-17,145.0,151.1999969482422,143.6999969482422,149.39999389648438,147.72972106933594,11257419,0.0,0.0
2023-04-18,148.60000610351562,149.5,146.5,148.5,146.8397674560547,8085116,0.0,0.0
2023-04-19,148.5,148.5,143.60000610351562,144.1999969482422,142.5878448486328,10183194,0.0,0.0
2023-04-20,144.10000610351562,145.39999389648438,142.0,142.89999389648438,141.30238342285156,12571216,0.0,0.0
2023-04-21,141.5,142.0,138.39999389648438,139.6999969482422,138.13815307617188,11385223,0.0,0.0
2023-04-24,138.6999969482422,140.60000610351562,136.8000030517578,138.39999389648438,136.85269165039062,9038647,0.0,0.0
2023-04-25,136.6999969482422,136.89999389648438,131.60000610351562,132.6999969482422,131.21641540527344,11030238,0.0,0.0
2023-04-26,132.6999969482422,138.6999969482422,132.6999969482422,136.10000610351562,134.5784149169922,11282847,0.0,0.0
2023-04-27,136.10000610351562,136.10000610351562,133.5,135.89999389648438,134.38064575195312,7979961,0.0,0.0
2023-04-28,136.3000030517578,138.60000610351562,135.3000030517578,135.89999389648438,134.38064575195312,8128265,0.0,0.0
2023-05-02,139.10000610351562,142.8000030517578,136.3000030517578,138.1999969482422,136.65493774414062,9336864,0.0,0.0
2023-05-03,134.8000030517578,135.39999389648438,132.39999389648438,134.3000030517578,132.7985382080078,8607140,0.0,0.0
2023-05-04,135.5,137.8000030517578,135.10000610351562,137.5,135.96275329589844,7529847,0.0,0.0
2023-05-05,140.6999969482422,143.0,139.6999969482422,140.8000030517578,139.22586059570312,8147678,0.0,0.0
2023-05-08,140.8000030517578,141.6999969482422,138.1999969482422,139.5,137.94039916992188,6663123,0.0,0.0
2023-05-09,140.1999969482422,140.60000610351562,135.89999389648438,136.5,134.97393798828125,7426665,0.0,0.0
2023-05-10,136.5,137.5,133.60000610351562,135.60000610351562,134.08399963378906,13575422,0.0,0.0
2023-05-11,138.10000610351562,139.5,132.1999969482422,135.0,133.49070739746094,12467373,0.0,0.0
2023-05-12,146.0,146.0,142.3000030517578,144.8000030517578,143.18115234375,21710205,0.0,0.0
2023-05-15,139.8000030517578,143.3000030517578,137.60000610351562,141.10000610351562,139.5225067138672,13391094,0.0,0.0
2023-05-16,147.0,147.6999969482422,146.0,146.8000030517578,145.15878295898438,11971065,0.0,0.0
2023-05-17,149.1999969482422,149.1999969482422,142.10000610351562,143.60000610351562,141.9945526123047,11128795,0.0,0.0
2023-05-18,145.89999389648438,146.6999969482422,143.1999969482422,144.0,142.3900909423828,9925411,0.0,0.0
2023-05-19,141.8000030517578,141.8000030517578,136.6999969482422,137.1999969482422,135.66610717773438,10896133,0.0,0.0
2023-05-22,138.5,142.6999969482422,136.8000030517578,140.10000610351562,138.53369140625,6265046,0.0,0.0
2023-05-23,141.3000030517578,141.60000610351562,137.39999389648438,138.39999389648438,136.85269165039062,5136527,0.0,0.0
2023-05-24,137.0,137.3000030517578,134.60000610351562,135.3000030517578,133.787353515625,5589836,0.0,0.0
2023-05-25,132.6999969482422,132.89999389648438,128.39999389648438,130.10000610351562,128.64549255371094,12264676,0.0,0.0
2023-05-29,130.10000610351562,130.6999969482422,127.5,127.9000015258789,126.47008514404297,9573227,0.0,0.0
2023-05-30,129.10000610351562,131.0,126.0999984741211,130.0,128.54660034179688,9767010,0.0,0.0
2023-05-31,126.0999984741211,126.30000305175781,122.69999694824219,125.9000015258789,124.49244689941406,31696443,0.0,0.0
2023-06-01,128.3000030517578,132.89999389648438,127.5999984741211,130.0,128.54660034179688,21801803,0.0,0.0
2023-06-02,136.10000610351562,139.3000030517578,134.3000030517578,138.5,136.9515838623047,19619054,0.0,0.0
2023-06-05,135.0,138.60000610351562,135.0,138.39999389648438,136.85269165039062,8637266,0.0,0.0
2023-06-06,141.8000030517578,144.60000610351562,140.3000030517578,141.39999389648438,139.8191375732422,8797161,0.0,0.0
2023-06-07,147.0,147.0,142.3000030517578,144.1999969482422,142.5878448486328,9050028,0.0,0.0
2023-06-08,143.8000030517578,145.39999389648438,142.89999389648438,144.6999969482422,143.08224487304688,6799043,0.0,0.0
2023-06-09,144.8000030517578,145.89999389648438,143.1999969482422,145.0,143.37890625,6664745,0.0,0.0
2023-06-12,145.0,145.0,141.5,143.8000030517578,142.1923370361328,5380386,0.0,0.0
2023-06-13,143.6999969482422,148.0,143.1999969482422,147.39999389648438,145.75205993652344,6543742,0.0,0.0
2023-06-14,149.10000610351562,150.1999969482422,145.89999389648438,147.5,145.8509521484375,4856129,0.0,0.0
2023-06-15,150.0,155.5,148.8000030517578,155.1999969482422,153.46485900878906,13180426,0.0,0.0
2023-06-16,156.0,159.39999389648438,153.60000610351562,157.39999389648438,155.6402587890625,12783130,0.0,0.0
2023-06-19,156.1999969482422,157.0,151.0,154.39999389648438,152.67381286621094,6885818,0.0,0.0
2023-06-20,153.8000030517578,153.8000030517578,148.5,149.6999969482422,148.02635192871094,7948980,0.0,0.0
2023-06-21,144.6999969482422,146.1999969482422,142.3000030517578,142.60000610351562,141.00575256347656,8278540,0.0,0.0
2023-06-23,142.1999969482422,142.60000610351562,138.8000030517578,140.10000610351562,138.53369140625,8687735,0.0,0.0
2023-06-26,136.10000610351562,138.10000610351562,135.60000610351562,136.10000610351562,134.5784149169922,8800583,0.0,0.0
2023-06-27,136.8000030517578,140.8000030517578,136.60000610351562,139.6999969482422,138.13815307617188,7918347,0.0,0.0
2023-06-28,138.6999969482422,139.39999389648438,136.60000610351562,138.0,136.4571533203125,9659309,0.0,0.0
2023-06-29,137.3000030517578,137.3000030517578,132.0,132.89999389648438,131.4141845703125,11448891,0.0,0.0
2023-06-30,133.0,134.1999969482422,131.1999969482422,132.39999389648438,130.91976928710938,8073936,0.0,0.0
2023-07-03,134.5,138.89999389648438,134.0,138.3000030517578,136.75381469726562,10049005,0.0,0.0
2023-07-04,138.3000030517578,142.3000030517578,137.5,142.1999969482422,140.61019897460938,6734973,0.0,0.0
2023-07-05,141.3000030517578,142.60000610351562,138.1999969482422,138.6999969482422,137.1493377685547,3465074,0.0,0.0
2023-07-06,136.89999389648438,138.8000030517578,133.39999389648438,135.5,133.985107421875,7700580,0.0,0.0
2023-07-07,133.89999389648438,136.6999969482422,131.5,134.6999969482422,133.1940460205078,8837699,0.0,0.0
2023-07-10,139.3000030517578,139.8000030517578,135.89999389648438,137.0,135.46835327148438,5877453,0.0,0.0
2023-07-11,139.60000610351562,141.3000030517578,138.6999969482422,139.5,137.94039916992188,6739947,0.0,0.0
2023-07-12,141.60000610351562,143.8000030517578,140.1999969482422,141.60000610351562,140.01693725585938,5219331,0.0,0.0
2023-07-13,146.89999389648438,150.6999969482422,145.8000030517578,150.6999969482422,149.01516723632812,14165794,0.0,0.0
2023-07-14,155.1999969482422,155.3000030517578,149.10000610351562,150.5,148.8174285888672,10220309,0.0,0.0
2023-07-18,147.5,147.8000030517578,142.3000030517578,143.5,141.8956756591797,12104169,0.0,0.0
2023-07-19,140.39999389648438,143.6999969482422,137.8000030517578,142.8000030517578,141.20350646972656,9558761,0.0,0.0
2023-07-20,143.3000030517578,146.0,142.0,142.89999389648438,141.30238342285156,4882915,0.0,0.0
2023-07-21,142.6999969482422,147.6999969482422,142.39999389648438,145.1999969482422,143.57666015625,3848023,0.0,0.0
2023-07-24,141.89999389648438,144.10000610351562,139.8000030517578,141.39999389648438,139.8191375732422,6472926,0.0,0.0
2023-07-25,148.5,153.3000030517578,148.1999969482422,152.3000030517578,150.59730529785156,13870351,0.0,0.0
2023-07-26,150.5,150.5,148.60000610351562,149.5,147.82861328125,5044730,0.0,0.0
2023-07-27,152.0,153.1999969482422,149.60000610351562,151.3000030517578,149.60845947265625,7226209,0.0,0.0
2023-07-28,148.3000030517578,154.5,147.6999969482422,153.39999389648438,151.68499755859375,8283419,0.0,0.0
2023-07-31,162.6999969482422,164.5,158.6999969482422,159.8000030517578,158.01344299316406,18408224,0.0,0.0
2023-08-01,160.0,163.5,156.39999389648438,158.1999969482422,156.43133544921875,8944417,0.0,0.0
2023-08-02,158.0,158.6999969482422,152.1999969482422,152.6999969482422,150.99282836914062,10221363,0.0,0.0
2023-08-03,149.8000030517578,153.10000610351562,149.1999969482422,150.3000030517578,148.61964416503906,6298502,0.0,0.0
2023-08-04,155.10000610351562,157.1999969482422,152.89999389648438,155.0,153.26712036132812,6944259,0.0,0.0
2023-08-07,154.39999389648438,157.1999969482422,152.3000030517578,155.1999969482422,153.46485900878906,5325575,0.0,0.0
2023-08-08,151.5,151.5,147.89999389648438,148.39999389648438,146.7408905029297,8909879,0.0,0.0
2023-08-09,148.0,150.60000610351562,147.3000030517578,149.10000610351562,147.4330596923828,4939474,0.0,0.0
2023-08-10,147.39999389648438,149.6999969482422,145.39999389648438,149.10000610351562,147.4330596923828,5429141,0.0,0.0
2023-08-11,150.0,150.5,145.5,146.10000610351562,144.4666290283203,6007880,0.0,0.0
2023-08-14,141.39999389648438,144.39999389648438,140.5,144.1999969482422,142.5878448486328,7781906,0.0,0.0
2023-08-15,142.89999389648438,145.60000610351562,141.39999389648438,142.1999969482422,140.61019897460938,7033239,0.0,0.0
2023-08-16,139.8000030517578,143.3000030517578,139.60000610351562,140.60000610351562,139.02810668945312,7357815,0.0,0.0
2023-08-17,135.39999389648438,139.5,134.10000610351562,138.60000610351562,137.0504608154297,15189227,0.0,0.0
2023-08-18,134.60000610351562,136.39999389648438,131.1999969482422,131.1999969482422,129.73318481445312,17175129,0.0,0.0
2023-08-21,127.80000305175781,132.6999969482422,127.80000305175781,129.0,127.55777740478516,11659908,0.0,0.0
2023-08-22,129.1999969482422,133.60000610351562,128.60000610351562,131.3000030517578,129.8320770263672,8280596,0.0,0.0
2023-08-23,131.3000030517578,132.6999969482422,130.0,131.0,129.53541564941406,6598692,0.0,0.0
2023-08-24,131.8000030517578,134.3000030517578,130.8000030517578,133.1999969482422,131.7108154296875,8943038,0.0,0.0
2023-08-25,130.1999969482422,131.10000610351562,129.39999389648438,130.0,128.54660034179688,6677775,0.0,0.0
2023-08-28,136.39999389648438,136.60000610351562,130.8000030517578,131.10000610351562,129.63430786132812,6023360,0.0,0.0
2023-08-29,132.0,134.5,131.6999969482422,133.8000030517578,132.3041229248047,5915101,0.0,0.0
2023-08-30,134.60000610351562,135.39999389648438,130.8000030517578,131.8000030517578,130.3264923095703,7796486,0.0,0.0
2023-08-31,132.0,133.1999969482422,128.10000610351562,128.8000030517578,127.36002349853516,17121776,0.0,0.0
2023-09-04,132.8000030517578,136.1999969482422,130.6999969482422,135.1999969482422,133.6884765625,20415714,0.0,0.0
2023-09-05,133.8000030517578,134.8000030517578,131.89999389648438,132.1999969482422,130.7220001220703,8667579,0.0,0.0
2023-09-06,133.0,134.1999969482422,131.39999389648438,132.60000610351562,131.1175537109375,8197063,0.0,0.0
2023-09-07,131.10000610351562,132.10000610351562,128.1999969482422,128.5,127.0633773803711,8990170,0.0,0.0
2023-09-11,124.19999694824219,126.69999694824219,122.80000305175781,125.5999984741211,124.19580078125,19094054,0.0,0.0
2023-09-12,123.5,126.0,123.0,124.69999694824219,123.30585479736328,6790145,0.0,0.0
2023-09-13,124.69999694824219,125.80000305175781,122.80000305175781,123.69999694824219,122.3170394897461,6427598,0.0,0.0
2023-09-14,124.30000305175781,124.9000015258789,122.80000305175781,124.0,122.61369323730469,7515238,0.0,0.0
2023-09-15,124.80000305175781,126.4000015258789,123.0999984741211,124.5999984741211,123.20697021484375,11461269,0.0,0.0
2023-09-18,123.4000015258789,123.9000015258789,121.0,121.0,119.647216796875,9895275,0.0,0.0
2023-09-19,121.0999984741211,121.80000305175781,117.4000015258789,119.5999984741211,118.26287078857422,11605963,0.0,0.0
2023-09-20,119.69999694824219,120.0999984741211,118.0,118.0,116.6807632446289,7836229,0.0,0.0
2023-09-21,118.0,118.5,116.0,116.69999694824219,115.39530181884766,7654302,0.0,0.0
2023-09-22,116.30000305175781,120.5,115.9000015258789,120.30000305175781,118.9550552368164,11004795,0.0,0.0
2023-09-25,116.0999984741211,119.4000015258789,115.19999694824219,115.4000015258789,114.10983276367188,9053631,0.0,0.0
2023-09-26,115.0,116.19999694824219,112.0,112.30000305175781,111.04449462890625,17008879,0.0,0.0
2023-09-27,113.4000015258789,115.4000015258789,112.69999694824219,113.4000015258789,112.13219451904297,13797259,0.0,0.0
2023-09-28,113.0999984741211,113.9000015258789,110.69999694824219,111.0999984741211,109.85790252685547,9100120,0.0,0.0
2023-09-29,111.9000015258789,116.30000305175781,111.0999984741211,115.0999984741211,113.81318664550781,7425918,0.0,0.0
2023-10-03,112.30000305175781,112.4000015258789,110.19999694824219,111.4000015258789,110.15454864501953,9165391,0.0,0.0
2023-10-04,110.69999694824219,111.0,109.19999694824219,110.30000305175781,109.06684875488281,6847283,0.0,0.0
2023-10-05,111.0,112.80000305175781,110.5,111.5,110.25343322753906,6681323,0.0,0.0
2023-10-06,113.5999984741211,114.30000305175781,112.19999694824219,113.19999694824219,111.93443298339844,7431822,0.0,0.0
2023-10-09,111.5,114.9000015258789,110.69999694824219,113.80000305175781,112.52772521972656,7159342,0.0,0.0
2023-10-10,116.0999984741211,119.19999694824219,114.9000015258789,115.4000015258789,114.10983276367188,9907644,0.0,0.0
2023-10-11,118.69999694824219,118.9000015258789,116.5999984741211,117.0999984741211,115.79081726074219,6948831,0.0,0.0
2023-10-12,119.5999984741211,120.0,116.9000015258789,117.69999694824219,116.38411712646484,8739630,0.0,0.0
2023-10-13,109.0,110.19999694824219,102.5,104.19999694824219,103.03504180908203,40812885,0.0,0.0
2023-10-16,104.9000015258789,107.5999984741211,102.0999984741211,103.69999694824219,102.54064178466797,16265661,0.0,0.0
2023-10-17,107.5,107.5,105.0999984741211,106.0,104.81493377685547,10018401,0.0,0.0
2023-10-18,103.69999694824219,104.80000305175781,102.19999694824219,102.80000305175781,101.65070343017578,15618440,0.0,0.0
2023-10-19,99.0,100.0,96.94999694824219,97.19999694824219,96.1133041381836,25950460,0.0,0.0
2023-10-20,96.05000305175781,97.6500015258789,95.0999984741211,96.6500015258789,95.5694580078125,12990207,0.0,0.0
2023-10-24,95.5,96.75,93.3499984741211,93.9000015258789,92.8501968383789,18259565,0.0,0.0
2023-10-25,98.19999694824219,99.0999984741211,95.94999694824219,96.6500015258789,95.5694580078125,15220177,0.0,0.0
2023-10-26,97.80000305175781,99.5,97.30000305175781,98.0999984741211,97.00325012207031,11405751,0.0,0.0
2023-10-27,101.0,102.5999984741211,100.4000015258789,101.4000015258789,100.26634979248047,15340532,0.0,0.0
2023-10-30,100.0,102.5999984741211,100.0,101.30000305175781,100.16747283935547,9831290,0.0,0.0
2023-10-31,101.30000305175781,101.9000015258789,99.4000015258789,99.80000305175781,98.68424987792969,5371974,0.0,0.0
2023-11-01,99.19999694824219,100.0,97.19999694824219,98.75,97.64598083496094,7568142,0.0,0.0
2023-11-02,100.5,101.9000015258789,99.05000305175781,99.4000015258789,98.2887191772461,4548782,0.0,0.0
2023-11-03,101.19999694824219,104.0,100.19999694824219,103.0999984741211,101.94734191894531,9700407,0.0,0.0
2023-11-06,106.80000305175781,107.69999694824219,106.0999984741211,107.0,105.80374145507812,9012380,0.0,0.0
2023-11-07,106.19999694824219,106.4000015258789,104.0,104.5999984741211,103.43057250976562,6720551,0.0,0.0
2023-11-08,103.5999984741211,105.69999694824219,103.30000305175781,103.69999694824219,102.54064178466797,7371413,0.0,0.0
2023-11-09,103.19999694824219,103.5999984741211,101.5,102.0999984741211,100.95852661132812,8392126,0.0,0.0
2023-11-10,99.80000305175781,99.9000015258789,98.4000015258789,99.0,97.89318084716797,7459545,0.0,0.0
2023-11-13,99.80000305175781,101.19999694824219,98.69999694824219,100.80000305175781,99.67305755615234,6955880,0.0,0.0
2023-11-14,100.4000015258789,101.19999694824219,98.8499984741211,99.55000305175781,98.4370346069336,5044540,0.0,0.0
2023-11-15,104.4000015258789,105.9000015258789,103.4000015258789,105.9000015258789,104.7160415649414,13253618,0.0,0.0
2023-11-16,111.4000015258789,111.4000015258789,106.9000015258789,108.0,106.79255676269531,19953606,0.0,0.0
2023-11-17,107.4000015258789,108.5,104.4000015258789,105.4000015258789,104.22164154052734,13989742,0.0,0.0
2023-11-20,107.80000305175781,109.69999694824219,107.19999694824219,108.5999984741211,107.38584899902344,13348160,0.0,0.0
2023-11-21,110.5999984741211,113.0,110.0999984741211,110.80000305175781,109.5612564086914,15826463,0.0,0.0
2023-11-22,110.5999984741211,111.0999984741211,109.30000305175781,110.19999694824219,108.96796417236328,6837913,0.0,0.0
2023-11-23,109.5999984741211,113.0,109.19999694824219,112.5999984741211,111.34113311767578,6392557,0.0,0.0
2023-11-24,111.4000015258789,112.0999984741211,110.19999694824219,110.5,109.26461791992188,5397138,0.0,0.0
2023-11-27,112.69999694824219,112.69999694824219,109.5999984741211,110.69999694824219,109.4623794555664,5193665,0.0,0.0
2023-11-28,109.5,110.0999984741211,107.9000015258789,108.30000305175781,107.0892105102539,8587054,0.0,0.0
2023-11-29,109.4000015258789,109.69999694824219,105.9000015258789,106.5999984741211,105.40821075439453,15107674,0.0,0.0
2023-11-30,104.5,107.0,104.5,106.69999694824219,105.50709533691406,11123904,0.0,0.0
2023-12-01,106.5,107.0,105.30000305175781,105.80000305175781,104.61715698242188,13866532,0.0,0.0
2023-12-04,106.69999694824219,106.80000305175781,103.4000015258789,103.80000305175781,102.6395263671875,9475305,0.0,0.0
2023-12-05,102.5999984741211,102.9000015258789,100.9000015258789,102.0999984741211,100.95852661132812,12432306,0.0,0.0
2023-12-06,102.0999984741211,104.30000305175781,100.4000015258789,103.4000015258789,102.2439956665039,7681977,0.0,0.0
2023-12-07,102.80000305175781,104.5999984741211,102.0,104.0,102.83728790283203,5711829,0.0,0.0
2023-12-08,103.4000015258789,105.80000305175781,102.80000305175781,104.80000305175781,103.62834167480469,10925791,0.0,0.0
2023-12-11,102.0,102.5,96.5999984741211,98.25,97.15157318115234,23702314,0.0,0.0
2023-12-12,99.5,101.4000015258789,98.25,100.30000305175781,99.17864990234375,7714227,0.0,0.0
2023-12-13,98.0,98.3499984741211,96.9000015258789,97.9000015258789,96.80548095703125,11319014,0.0,0.0
2023-12-14,99.5999984741211,100.30000305175781,97.9000015258789,98.80000305175781,97.69542694091797,10803242,0.0,0.0
2023-12-15,102.19999694824219,109.19999694824219,102.0999984741211,105.69999694824219,104.51828002929688,28156143,0.0,0.0
2023-12-18,105.0999984741211,106.0999984741211,104.5,105.5,104.32051086425781,7963448,0.0,0.0
2023-12-19,104.0999984741211,104.19999694824219,101.80000305175781,102.69999694824219,101.55181884765625,7574945,0.0,0.0
2023-12-20,107.0,107.30000305175781,105.5,106.0999984741211,104.91380310058594,16275616,0.0,0.0
2023-12-21,104.5,105.9000015258789,104.0,105.30000305175781,104.12274932861328,8675670,0.0,0.0
2023-12-22,109.19999694824219,110.69999694824219,104.9000015258789,105.80000305175781,104.61715698242188,16015631,0.0,0.0
2023-12-27,108.19999694824219,108.19999694824219,104.9000015258789,107.19999694824219,106.00150299072266,8423999,0.0,0.0
2023-12-28,107.5999984741211,113.5,107.4000015258789,112.5999984741211,111.34113311767578,12534712,0.0,0.0
2023-12-29,112.5999984741211,113.0999984741211,111.30000305175781,112.5,111.24224853515625,7247700,0.0,0.0
2024-01-02,113.0,113.5,108.5999984741211,109.80000305175781,108.57244110107422,6377349,0.0,0.0
2024-01-03,106.0,106.5,105.19999694824219,106.30000305175781,105.111572265625,6883027,0.0,0.0
2024-01-04,106.69999694824219,107.19999694824219,105.30000305175781,107.0,105.80374145507812,4594782,0.0,0.0
2024-01-05,106.4000015258789,107.80000305175781,104.0,105.30000305175781,104.12274932861328,5027820,0.0,0.0
2024-01-08,105.0,105.0,99.25,101.19999694824219,100.06858825683594,8995344,0.0,0.0
2024-01-09,100.30000305175781,102.0999984741211,97.0,98.0,96.90436553955078,11759100,0.0,0.0
2024-01-10,98.94999694824219,100.30000305175781,97.3499984741211,98.19999694824219,97.10212707519531,5495993,0.0,0.0
2024-01-11,99.0999984741211,101.30000305175781,98.4000015258789,99.9000015258789,98.78312683105469,6559195,0.0,0.0
2024-01-12,98.5,100.5,97.55000305175781,98.30000305175781,97.20101165771484,5737024,0.0,0.0
2024-01-15,97.94999694824219,97.94999694824219,97.94999694824219,97.94999694824219,96.85491943359375,0,0.0,0.0
2024-01-16,96.25,96.3499984741211,93.3499984741211,93.4000015258789,92.35578918457031,8955773,0.0,0.0
2024-01-17,92.30000305175781,93.0999984741211,86.5999984741211,87.75,86.76895904541016,16975185,0.0,0.0
2024-01-18,87.44999694824219,87.55000305175781,85.4000015258789,86.30000305175781,85.33516693115234,16211614,0.0,0.0
2024-01-19,85.25,86.8499984741211,83.0,84.1500015258789,83.20921325683594,12478533,0.0,0.0
2024-01-22,85.55000305175781,85.75,81.55000305175781,82.5,81.5776596069336,16209371,0.0,0.0
2024-01-23,84.0999984741211,88.30000305175781,83.6500015258789,86.3499984741211,85.38460540771484,14441806,0.0,0.0
2024-01-24,89.75,91.05000305175781,85.0999984741211,90.4000015258789,89.38933563232422,20918444,0.0,0.0
2024-01-25,91.80000305175781,93.80000305175781,90.6500015258789,93.5,92.45467376708984,18498485,0.0,0.0
2024-01-26,92.80000305175781,94.5999984741211,90.6500015258789,91.3499984741211,90.3287124633789,10761230,0.0,0.0
2024-01-29,92.9000015258789,94.9000015258789,92.8499984741211,93.3499984741211,92.30634307861328,8842093,0.0,0.0
2024-01-30,89.94999694824219,91.44999694824219,89.0,89.55000305175781,88.54883575439453,11299168,0.0,0.0
2024-01-31,89.55000305175781,89.9000015258789,85.94999694824219,86.80000305175781,85.82958221435547,7077293,0.0,0.0
2024-02-01,87.5,90.0,86.5,87.5,86.52175903320312,11207603,0.0,0.0
2024-02-02,88.5999984741211,89.69999694824219,85.1500015258789,86.0,85.03852844238281,10337045,0.0,0.0
2024-02-05,84.1500015258789,87.44999694824219,83.5999984741211,86.05000305175781,85.08796691894531,9479278,0.0,0.0
2024-02-06,87.1500015258789,93.0999984741211,87.1500015258789,92.75,91.71306610107422,15710130,0.0,0.0
2024-02-07,93.9000015258789,95.75,89.30000305175781,90.3499984741211,89.33988952636719,14805097,0.0,0.0
2024-02-08,89.94999694824219,90.5999984741211,86.8499984741211,88.0,87.01615905761719,9851269,0.0,0.0
2024-02-09,86.30000305175781,86.30000305175781,86.30000305175781,86.30000305175781,85.33516693115234,0,0.0,0.0
2024-02-14,85.55000305175781,89.30000305175781,84.30000305175781,89.0999984741211,88.10386657714844,5862054,0.0,0.0
2024-02-15,89.0999984741211,91.9000015258789,88.6500015258789,91.25,90.22982788085938,5123451,0.0,0.0
2024-02-16,92.0999984741211,96.5,91.94999694824219,95.75,94.67951965332031,9890087,0.0,0.0
2024-02-19,93.8499984741211,94.5,90.80000305175781,91.8499984741211,90.8231201171875,9221316,0.0,0.0
2024-02-20,92.44999694824219,93.25,88.5,91.69999694824219,90.67478942871094,11009957,0.0,0.0
2024-02-21,90.94999694824219,96.5999984741211,90.0,94.19999694824219,93.14684295654297,11055109,0.0,0.0
2024-02-22,93.5999984741211,95.3499984741211,91.69999694824219,95.3499984741211,94.28398895263672,8052238,0.0,0.0
2024-02-23,93.19999694824219,95.3499984741211,93.05000305175781,93.75,92.7018814086914,9888466,0.0,0.0
2024-02-26,92.25,94.1500015258789,92.25,93.05000305175781,92.00970458984375,6722924,0.0,0.0
2024-02-27,92.55000305175781,94.0999984741211,90.05000305175781,93.75,92.7018814086914,9709631,0.0,0.0
2024-02-28,94.4000015258789,94.8499984741211,90.8499984741211,91.19999694824219,90.18038177490234,9110809,0.0,0.0
2024-02-29,89.4000015258789,90.75,88.3499984741211,89.05000305175781,88.05442810058594,17404039,0.0,0.0
2024-03-01,88.75,90.69999694824219,87.1500015258789,90.55000305175781,89.53765869140625,14329745,0.0,0.0
2024-03-04,90.9000015258789,91.4000015258789,88.5999984741211,89.5,88.4993896484375,9592604,0.0,0.0
2024-03-05,84.55000305175781,85.69999694824219,82.5999984741211,82.75,81.82485961914062,22703302,0.0,0.0
2024-03-06,84.05000305175781,90.80000305175781,84.05000305175781,89.19999694824219,88.20274353027344,21595354,0.0,0.0
2024-03-07,96.5,97.8499984741211,93.5,94.55000305175781,93.49293518066406,29527563,0.0,0.0
2024-03-08,94.0,94.8499984741211,92.5,92.5999984741211,91.56473541259766,12622603,0.0,0.0
2024-03-11,96.0,100.4000015258789,96.0,98.55000305175781,97.4482192993164,20227329,0.0,0.0
2024-03-12,102.30000305175781,107.19999694824219,101.0999984741211,106.30000305175781,105.111572265625,25208723,0.0,0.0
2024-03-13,106.0,107.4000015258789,105.69999694824219,106.30000305175781,105.111572265625,12638403,0.0,0.0
2024-03-14,109.80000305175781,110.5,105.30000305175781,106.4000015258789,105.21044921875,15545395,0.0,0.0
2024-03-15,105.0,105.4000015258789,102.30000305175781,104.5,103.33169555664062,16502616,0.0,0.0
2024-03-18,106.5999984741211,109.0,106.0,107.30000305175781,106.10039520263672,9995611,0.0,0.0
2024-03-19,107.5,108.4000015258789,105.9000015258789,106.5999984741211,105.40821075439453,9010009,0.0,0.0
2024-03-20,107.5,107.80000305175781,105.5,106.9000015258789,105.7048568725586,5510732,0.0,0.0
2024-03-21,109.80000305175781,111.0,108.5999984741211,109.4000015258789,108.17691040039062,12432625,0.0,0.0
2024-03-22,105.80000305175781,106.30000305175781,102.4000015258789,103.5999984741211,102.4417495727539,16202655,0.0,0.0
2024-03-25,105.0,106.5,102.0,103.30000305175781,102.14511108398438,9172224,0.0,0.0
2024-03-26,104.9000015258789,106.19999694824219,103.4000015258789,104.69999694824219,103.52944946289062,8559644,0.0,0.0
2024-03-27,103.0,103.0999984741211,100.80000305175781,102.19999694824219,101.05740356445312,8621994,0.0,0.0
2024-03-28,105.30000305175781,109.9000015258789,105.30000305175781,107.9000015258789,106.69368743896484,15731624,0.0,0.0
2024-04-02,108.5999984741211,110.5,107.69999694824219,108.69999694824219,107.48473358154297,8226338,0.0,0.0
2024-04-03,105.0999984741211,106.0,103.80000305175781,104.4000015258789,103.594970703125,8298416,2.9820993,0.0
2024-04-05,103.0,103.5,99.94999694824219,102.9000015258789,102.10653686523438,8997731,0.0,0.0
2024-04-08,100.9000015258789,103.4000015258789,100.5,102.30000305175781,101.51116943359375,4917849,0.0,0.0
2024-04-09,102.30000305175781,103.5999984741211,100.69999694824219,101.5999984741211,100.81655883789062,7257487,0.0,0.0
2024-04-10,103.69999694824219,108.0,103.4000015258789,106.4000015258789,105.57954406738281,12158080,0.0,0.0
2024-04-11,103.4000015258789,106.19999694824219,103.0999984741211,105.80000305175781,104.98417663574219,5841538,0.0,0.0
2024-04-12,104.69999694824219,105.4000015258789,102.0,102.4000015258789,101.61038970947266,8898196,0.0,0.0
2024-04-15,99.5,101.69999694824219,99.4000015258789,101.19999694824219,100.41963958740234,5830771,0.0,0.0
2024-04-16,98.6500015258789,99.80000305175781,98.0,98.8499984741211,98.08776092529297,8739613,0.0,0.0
2024-04-17,98.8499984741211,100.69999694824219,97.3499984741211,98.75,97.98854064941406,6820563,0.0,0.0
2024-04-18,98.0,98.9000015258789,96.05000305175781,98.05000305175781,97.29393768310547,8804974,0.0,0.0
2024-04-19,97.1500015258789,97.94999694824219,95.69999694824219,97.30000305175781,96.54972076416016,9215461,0.0,0.0
2024-04-22,99.8499984741211,102.5999984741211,99.8499984741211,100.5,99.72504425048828,7587428,0.0,0.0
2024-04-23,105.5,107.30000305175781,104.5,106.5999984741211,105.77799987792969,17308866,0.0,0.0
2024-04-24,108.0,111.5999984741211,107.80000305175781,111.19999694824219,110.342529296875,13271677,0.0,0.0
2024-04-25,110.0,113.69999694824219,109.80000305175781,111.30000305175781,110.44176483154297,10219026,0.0,0.0
2024-04-26,111.30000305175781,118.80000305175781,111.30000305175781,117.69999694824219,116.79240417480469,17505997,0.0,0.0
2024-04-29,118.80000305175781,122.0,117.80000305175781,118.0,117.09010314941406,16217457,0.0,0.0
2024-04-30,117.0,117.5999984741211,113.80000305175781,114.80000305175781,113.91477966308594,12279321,0.0,0.0
2024-05-02,115.4000015258789,121.9000015258789,114.9000015258789,120.4000015258789,119.47158813476562,18233076,0.0,0.0
2024-05-03,126.80000305175781,128.6999969482422,124.0999984741211,127.0,126.02069854736328,21289942,0.0,0.0
2024-05-06,127.30000305175781,128.1999969482422,124.0999984741211,127.5,126.516845703125,14862899,0.0,0.0
2024-05-07,127.4000015258789,127.5,124.0999984741211,124.80000305175781,123.83766174316406,8841190,0.0,0.0
2024-05-08,125.5,127.5999984741211,123.4000015258789,124.4000015258789,123.44074249267578,11089037,0.0,0.0
2024-05-09,124.4000015258789,126.69999694824219,123.5999984741211,125.69999694824219,124.73072052001953,7448578,0.0,0.0
2024-05-10,125.80000305175781,127.4000015258789,123.69999694824219,126.5999984741211,125.623779296875,7766813,0.0,0.0
2024-05-13,125.5999984741211,130.5,123.0,129.3000030517578,128.30296325683594,14569054,0.0,0.0
2024-05-14,130.89999389648438,132.89999389648438,128.39999389648438,129.10000610351562,128.10450744628906,11643351,0.0,0.0
2024-05-16,130.3000030517578,133.60000610351562,128.10000610351562,132.39999389648438,131.37905883789062,14900952,0.0,0.0
2024-05-17,134.5,134.8000030517578,130.6999969482422,134.10000610351562,133.06594848632812,14162594,0.0,0.0
2024-05-20,135.3000030517578,138.8000030517578,135.3000030517578,136.8000030517578,135.74513244628906,13811498,0.0,0.0
2024-05-21,134.39999389648438,135.89999389648438,132.0,132.0,130.98214721679688,10233343,0.0,0.0
2024-05-22,129.89999389648438,130.6999969482422,128.3000030517578,129.0,128.00527954101562,16948826,0.0,0.0
2024-05-23,127.9000015258789,127.9000015258789,123.19999694824219,123.69999694824219,122.74613952636719,23101808,0.0,0.0
2024-05-24,122.19999694824219,122.5,118.80000305175781,119.5999984741211,118.67776489257812,14245326,0.0,0.0
2024-05-27,118.19999694824219,119.19999694824219,116.9000015258789,118.80000305175781,117.8839340209961,11062249,0.0,0.0
2024-05-28,118.80000305175781,120.69999694824219,117.4000015258789,118.30000305175781,117.38778686523438,7031783,0.0,0.0
2024-05-29,116.30000305175781,116.5999984741211,113.19999694824219,114.5,113.61708068847656,14081856,0.0,0.0
2024-05-30,113.9000015258789,116.0,112.69999694824219,113.4000015258789,112.52557373046875,8526887,0.0,0.0
2024-05-31,117.0999984741211,117.9000015258789,113.5999984741211,113.9000015258789,113.02171325683594,18668150,0.0,0.0
2024-06-03,115.69999694824219,117.69999694824219,115.5999984741211,116.80000305175781,115.89935302734375,10309258,0.0,0.0
2024-06-04,116.4000015258789,118.0999984741211,116.19999694824219,117.19999694824219,116.2962646484375,8831876,0.0,0.0
2024-06-05,118.4000015258789,122.0,118.4000015258789,119.4000015258789,118.47930908203125,12572423,0.0,0.0
2024-06-06,120.19999694824219,121.80000305175781,115.80000305175781,117.4000015258789,116.4947280883789,9243867,0.0,0.0
2024-06-07,117.0,117.19999694824219,113.9000015258789,115.69999694824219,114.80783081054688,19544114,0.0,0.0
2024-06-11,115.30000305175781,116.5,113.5999984741211,115.69999694824219,114.80783081054688,9788850,0.0,0.0
2024-06-12,114.4000015258789,115.19999694824219,113.4000015258789,113.80000305175781,112.9224853515625,7249627,0.0,0.0
2024-06-13,116.0,117.0,114.30000305175781,116.0,115.10552215576172,8636840,0.0,0.0
2024-06-14,114.69999694824219,115.30000305175781,113.69999694824219,113.9000015258789,113.02171325683594,12326895,0.0,0.0
2024-06-17,113.19999694824219,113.9000015258789,111.5999984741211,113.0999984741211,112.22787475585938,11105898,0.0,0.0
2024-06-18,112.69999694824219,115.19999694824219,112.5999984741211,112.9000015258789,112.02942657470703,5585671,0.0,0.0
2024-06-19,114.0,115.5,113.4000015258789,115.19999694824219,114.31169128417969,10115922,0.0,0.0
2024-06-20,115.19999694824219,116.0999984741211,112.0999984741211,112.4000015258789,111.53327941894531,9148312,0.0,0.0
2024-06-21,111.0,111.5999984741211,108.4000015258789,109.5,108.6556396484375,13998429,0.0,0.0
2024-06-24,108.5,110.4000015258789,108.0999984741211,110.0999984741211,109.25100708007812,4901905,0.0,0.0
2024-06-25,110.0999984741211,110.4000015258789,107.69999694824219,109.4000015258789,108.55641174316406,7581942,0.0,0.0
2024-06-26,107.19999694824219,109.0,106.19999694824219,107.9000015258789,107.06797790527344,8209914,0.0,0.0
2024-06-27,106.9000015258789,107.0999984741211,105.0,105.5,104.68648529052734,10517585,0.0,0.0
2024-06-28,102.69999694824219,105.19999694824219,102.0999984741211,103.30000305175781,102.50345611572266,9632889,0.0,0.0
2024-07-02,100.30000305175781,102.80000305175781,99.69999694824219,101.19999694824219,100.41963958740234,11626572,0.0,0.0
2024-07-03,101.9000015258789,104.19999694824219,101.5,103.30000305175781,102.50345611572266,6863954,0.0,0.0
2024-07-04,105.19999694824219,105.5,102.5,103.4000015258789,102.60267639160156,4204980,0.0,0.0
2024-07-05,102.19999694824219,103.9000015258789,102.19999694824219,102.69999694824219,101.90807342529297,4995561,0.0,0.0
2024-07-08,103.5,104.80000305175781,101.9000015258789,103.0,102.20576477050781,7800537,0.0,0.0
2024-07-09,102.5999984741211,103.19999694824219,101.19999694824219,102.19999694824219,101.41192626953125,9086495,0.0,0.0
2024-07-10,104.0,105.80000305175781,103.5999984741211,103.9000015258789,103.09883117675781,9272374,0.0,0.0
2024-07-11,105.0,107.4000015258789,104.80000305175781,106.80000305175781,105.9764633178711,9029729,0.0,0.0
2024-07-12,112.0,112.9000015258789,111.30000305175781,112.0,111.13636779785156,12848942,0.0,0.0
2024-07-15,109.30000305175781,109.5999984741211,105.9000015258789,106.69999694824219,105.87722778320312,9536268,0.0,0.0
2024-07-16,104.0999984741211,105.0999984741211,102.9000015258789,104.5,103.69419860839844,9798416,0.0,0.0
2024-07-17,105.0999984741211,107.5999984741211,105.0999984741211,106.69999694824219,105.87722778320312,8369289,0.0,0.0
2024-07-18,105.30000305175781,106.9000015258789,104.80000305175781,106.19999694824219,105.3810806274414,5174988,0.0,0.0
2024-07-19,103.0999984741211,104.0,102.19999694824219,102.69999694824219,101.90807342529297,9164098,0.0,0.0
2024-07-22,102.80000305175781,105.0,102.30000305175781,104.0999984741211,103.29727935791016,4754611,0.0,0.0
2024-07-23,104.5999984741211,104.69999694824219,102.0999984741211,102.5999984741211,101.80884552001953,5279349,0.0,0.0
2024-07-24,102.30000305175781,103.0,100.0,100.5999984741211,99.82426452636719,5824334,0.0,0.0
2024-07-25,100.5,101.69999694824219,99.1500015258789,99.30000305175781,98.5343017578125,5237869,0.0,0.0
2024-07-26,102.4000015258789,104.19999694824219,101.5999984741211,102.30000305175781,101.51116943359375,7380146,0.0,0.0
2024-07-29,104.30000305175781,105.0999984741211,103.19999694824219,103.69999694824219,102.9003677368164,5797698,0.0,0.0
2024-07-30,103.0,103.4000015258789,101.5999984741211,102.19999694824219,101.41192626953125,6356280,0.0,0.0
2024-07-31,102.19999694824219,104.5999984741211,101.69999694824219,104.0,103.19805145263672,10273622,0.0,0.0
2024-08-01,102.0,102.5,98.6500015258789,99.94999694824219,99.17927551269531,14151808,0.0,0.0
2024-08-02,98.4000015258789,98.8499984741211,97.25,98.4000015258789,97.6412353515625,7668304,0.0,0.0
2024-08-05,96.55000305175781,98.5999984741211,94.6500015258789,96.94999694824219,96.2024154663086,9615737,0.0,0.0
2024-08-06,98.5,99.55000305175781,97.5,97.69999694824219,96.9466323852539,8535159,0.0,0.0
2024-08-07,99.25,101.0,98.55000305175781,99.75,98.98081970214844,7532838,0.0,0.0
2024-08-08,98.80000305175781,100.80000305175781,97.30000305175781,98.8499984741211,98.08776092529297,6599583,0.0,0.0
2024-08-09,100.69999694824219,101.69999694824219,99.9000015258789,100.19999694824219,99.4273452758789,5115016,0.0,0.0
2024-08-12,100.69999694824219,101.19999694824219,98.75,100.0999984741211,99.328125,5645290,0.0,0.0
2024-08-13,101.19999694824219,102.0,99.9000015258789,100.80000305175781,100.0227279663086,4867450,0.0,0.0
2024-08-14,101.19999694824219,101.69999694824219,100.5999984741211,100.80000305175781,100.0227279663086,5233998,0.0,0.0
2024-08-15,100.5999984741211,100.5999984741211,98.05000305175781,99.3499984741211,98.58390808105469,8664745,0.0,0.0
2024-08-16,105.80000305175781,108.80000305175781,104.4000015258789,108.19999694824219,107.36566162109375,21019773,0.0,0.0
2024-08-19,113.80000305175781,114.9000015258789,112.0,112.4000015258789,111.53327941894531,15036115,0.0,0.0
2024-08-20,114.80000305175781,114.80000305175781,111.5,112.19999694824219,111.3348159790039,10894015,0.0,0.0
2024-08-21,99.80000305175781,103.0,98.69999694824219,102.4000015258789,101.61038970947266,68726949,0.0,0.0
2024-08-22,105.30000305175781,106.0,103.0,106.0,105.18263244628906,19718862,0.0,0.0
2024-08-23,103.9000015258789,106.0,103.69999694824219,105.9000015258789,105.08340454101562,11966687,0.0,0.0
2024-08-26,105.0999984741211,106.0,104.5999984741211,105.5999984741211,104.78571319580078,24792182,0.0,0.0
2024-08-27,101.0,101.9000015258789,99.75,101.69999694824219,100.91578674316406,16786491,0.0,0.0
2024-08-28,103.30000305175781,104.30000305175781,102.5,103.5,102.70191192626953,15531874,0.0,0.0
2024-08-29,101.19999694824219,103.5,100.80000305175781,103.5,102.70191192626953,12215844,0.0,0.0
2024-08-30,103.19999694824219,108.80000305175781,102.5,107.19999694824219,106.37337493896484,27527908,0.0,0.0
2024-09-02,106.0,106.30000305175781,104.19999694824219,105.0999984741211,104.2895736694336,8989836,0.0,0.0
2024-09-03,105.0999984741211,106.5,104.30000305175781,104.9000015258789,104.09111785888672,4588106,0.0,0.0
2024-09-04,104.0999984741211,106.9000015258789,103.5,105.80000305175781,104.98417663574219,10613993,0.0,0.0
2024-09-05,105.0999984741211,105.80000305175781,103.0999984741211,104.30000305175781,103.49574279785156,8587971,0.0,0.0
2024-09-09,103.0,103.0,100.19999694824219,101.19999694824219,100.41963958740234,15785695,0.0,0.0
2024-09-10,101.0999984741211,103.0,100.19999694824219,102.4000015258789,101.61038970947266,10854893,0.0,0.0
2024-09-11,100.80000305175781,102.19999694824219,100.30000305175781,101.9000015258789,101.11425018310547,7681109,0.0,0.0
2024-09-12,103.5,105.30000305175781,103.30000305175781,104.4000015258789,103.594970703125,8891733,0.0,0.0
2024-09-13,105.0,105.80000305175781,104.0999984741211,104.30000305175781,103.49574279785156,4603415,0.0,0.0
2024-09-16,102.0,103.4000015258789,101.4000015258789,103.4000015258789,102.60267639160156,6451995,0.0,0.0
2024-09-17,103.0,104.80000305175781,102.4000015258789,104.30000305175781,103.49574279785156,9140642,0.0,0.0
2024-09-19,105.5,112.5,104.80000305175781,111.80000305175781,110.93791198730469,23899137,0.0,0.0
2024-09-20,111.4000015258789,113.69999694824219,110.80000305175781,112.5999984741211,111.73173522949219,17251225,0.0,0.0
2024-09-23,112.5999984741211,115.4000015258789,111.9000015258789,113.0999984741211,112.22787475585938,13739549,0.0,0.0
2024-09-24,118.0,124.80000305175781,116.5999984741211,124.5999984741211,123.63919830322266,33165967,0.0,0.0
2024-09-25,130.60000610351562,130.89999389648438,125.0,125.80000305175781,124.82994842529297,28488437,0.0,0.0
2024-09-26,129.10000610351562,138.89999389648438,128.1999969482422,138.5,137.43202209472656,34768705,0.0,0.0
2024-09-27,147.6999969482422,155.1999969482422,146.6999969482422,152.0,150.8279266357422,47797976,0.0,0.0
2024-09-30,159.60000610351562,170.60000610351562,156.3000030517578,167.10000610351562,165.81149291992188,50016517,0.0,0.0
2024-10-02,168.1999969482422,192.3000030517578,168.10000610351562,185.10000610351562,183.67269897460938,45744282,0.0,0.0
2024-10-03,176.5,177.10000610351562,164.0,170.39999389648438,169.08602905273438,45132324,0.0,0.0
2024-10-04,174.0,185.60000610351562,171.5,182.8000030517578,181.3904266357422,26538078,0.0,0.0
2024-10-07,186.60000610351562,189.60000610351562,180.60000610351562,185.10000610351562,183.67269897460938,24305099,0.0,0.0
2024-10-08,172.39999389648438,177.8000030517578,157.8000030517578,163.0,161.7430877685547,47649791,0.0,0.0
2024-10-09,170.39999389648438,171.3000030517578,158.5,161.60000610351562,160.35389709472656,31419471,0.0,0.0
2024-10-10,166.0,172.60000610351562,164.0,167.10000610351562,165.81149291992188,18590330,0.0,0.0
2024-10-14,167.39999389648438,173.0,162.60000610351562,168.6999969482422,167.39913940429688,24134724,0.0,0.0
2024-10-15,169.89999389648438,171.3000030517578,158.3000030517578,160.39999389648438,159.16314697265625,25564137,0.0,0.0
2024-10-16,157.1999969482422,158.6999969482422,153.3000030517578,155.39999389648438,154.2017059326172,22066852,0.0,0.0
2024-10-17,158.3000030517578,163.1999969482422,153.5,154.6999969482422,153.50709533691406,16272763,0.0,0.0
2024-10-18,150.5,162.10000610351562,149.3000030517578,158.8000030517578,157.5754852294922,23802259,0.0,0.0
2024-10-21,156.1999969482422,157.5,153.8000030517578,154.89999389648438,153.70555114746094,17699380,0.0,0.0
2024-10-22,155.0,158.10000610351562,152.89999389648438,154.39999389648438,153.20941162109375,13297848,0.0,0.0
2024-10-23,154.89999389648438,160.0,153.1999969482422,159.0,157.77395629882812,10794964,0.0,0.0
2024-10-24,156.10000610351562,156.89999389648438,153.5,154.1999969482422,153.01095581054688,12061663,0.0,0.0
2024-10-25,154.60000610351562,157.6999969482422,154.5,156.1999969482422,154.99554443359375,7852941,0.0,0.0
2024-10-28,156.1999969482422,159.1999969482422,155.3000030517578,158.1999969482422,156.98011779785156,7184912,0.0,0.0
2024-10-29,161.3000030517578,167.1999969482422,161.1999969482422,162.5,161.24696350097656,11705277,0.0,0.0
2024-10-30,159.1999969482422,159.8000030517578,155.0,155.89999389648438,154.6978302001953,11948683,0.0,0.0
2024-10-31,156.89999389648438,158.10000610351562,155.3000030517578,155.5,154.30093383789062,8353682,0.0,0.0
2024-11-01,159.0,161.10000610351562,157.5,158.10000610351562,156.88088989257812,7662567,0.0,0.0
2024-11-04,158.6999969482422,159.0,154.0,156.10000610351562,154.8963165283203,5991618,0.0,0.0
2024-11-05,153.89999389648438,158.60000610351562,153.89999389648438,158.60000610351562,157.37704467773438,7253485,0.0,0.0
2024-11-06,154.39999389648438,154.60000610351562,148.6999969482422,152.0,150.8279266357422,17258974,0.0,0.0
2024-11-07,150.10000610351562,154.3000030517578,148.6999969482422,153.60000610351562,152.41558837890625,12510690,0.0,0.0
2024-11-08,160.1999969482422,161.8000030517578,154.6999969482422,155.3000030517578,154.10247802734375,15683497,0.0,0.0
2024-11-11,147.1999969482422,153.3000030517578,147.1999969482422,151.6999969482422,150.5302276611328,10836896,0.0,0.0
2024-11-12,150.89999389648438,151.89999389648438,142.5,144.10000610351562,142.9888458251953,19253570,0.0,0.0
2024-11-13,140.39999389648438,141.8000030517578,139.5,141.8000030517578,140.70657348632812,14041060,0.0,0.0
2024-11-14,139.0,139.6999969482422,133.5,135.10000610351562,134.05824279785156,18896815,0.0,0.0
2024-11-15,130.89999389648438,134.6999969482422,128.8000030517578,132.60000610351562,131.5775146484375,16384486,0.0,0.0
2024-11-18,138.0,139.0,136.5,137.39999389648438,136.3404998779297,14444133,0.0,0.0
2024-11-19,136.89999389648438,138.5,136.1999969482422,137.1999969482422,136.14202880859375,8753612,0.0,0.0
2024-11-20,136.5,138.89999389648438,136.0,137.5,136.4397430419922,5058507,0.0,0.0
2024-11-21,137.3000030517578,139.3000030517578,136.8000030517578,137.89999389648438,136.83663940429688,8301033,0.0,0.0
2024-11-22,140.1999969482422,141.10000610351562,136.6999969482422,137.5,136.4397430419922,17737130,0.0,0.0
2024-11-25,135.3000030517578,136.39999389648438,132.3000030517578,133.3000030517578,132.27210998535156,17860146,0.0,0.0
2024-11-26,132.39999389648438,136.8000030517578,132.39999389648438,135.8000030517578,134.75283813476562,11752469,0.0,0.0
2024-11-27,138.89999389648438,143.6999969482422,137.3000030517578,142.60000610351562,141.5004119873047,12799681,0.0,0.0
2024-11-28,144.60000610351562,144.60000610351562,141.5,142.1999969482422,141.10348510742188,11124648,0.0,0.0
2024-11-29,142.0,146.10000610351562,141.6999969482422,143.8000030517578,142.691162109375,8237247,0.0,0.0
2024-12-02,146.0,148.3000030517578,145.0,147.3000030517578,146.16416931152344,10532772,0.0,0.0
2024-12-03,147.8000030517578,148.0,143.10000610351562,145.3000030517578,144.17959594726562,10169128,0.0,0.0
2024-12-04,144.1999969482422,144.3000030517578,141.39999389648438,142.39999389648438,141.30194091796875,9154441,0.0,0.0
2024-12-05,140.3000030517578,142.1999969482422,138.3000030517578,142.1999969482422,141.10348510742188,13759352,0.0,0.0
2024-12-06,142.89999389648438,146.6999969482422,141.60000610351562,146.60000610351562,145.46957397460938,22018351,0.0,0.0
2024-12-09,145.10000610351562,153.0,142.3000030517578,152.1999969482422,151.02638244628906,18060947,0.0,0.0
2024-12-10,160.89999389648438,161.60000610351562,153.1999969482422,153.3000030517578,152.11790466308594,20477627,0.0,0.0
2024-12-11,154.5,155.89999389648438,148.1999969482422,149.0,147.85105895996094,10428396,0.0,0.0
2024-12-12,149.1999969482422,150.39999389648438,145.10000610351562,147.8000030517578,146.66030883789062,15938415,0.0,0.0
2024-12-13,147.8000030517578,147.8000030517578,143.5,144.39999389648438,143.28651428222656,17973757,0.0,0.0
2024-12-16,144.39999389648438,146.6999969482422,142.89999389648438,144.0,142.8896026611328,7875004,0.0,0.0
2024-12-17,142.0,145.1999969482422,141.10000610351562,142.1999969482422,141.10348510742188,9084175,0.0,0.0
2024-12-18,145.1999969482422,145.6999969482422,143.10000610351562,144.0,142.8896026611328,5347904,0.0,0.0
2024-12-19,141.89999389648438,142.6999969482422,140.6999969482422,141.6999969482422,140.6073455810547,8105059,0.0,0.0
2024-12-20,140.5,141.5,137.39999389648438,137.39999389648438,136.3404998779297,23018242,0.0,0.0
2024-12-23,139.5,140.6999969482422,137.8000030517578,139.60000610351562,138.52354431152344,6401037,0.0,0.0
2024-12-24,141.39999389648438,141.39999389648438,141.39999389648438,141.39999389648438,140.30966186523438,0,0.0,0.0
2024-12-27,138.6999969482422,139.60000610351562,134.60000610351562,135.89999389648438,134.85206604003906,8639058,0.0,0.0
2024-12-30,136.5,137.1999969482422,134.1999969482422,134.6999969482422,133.6613311767578,5818998,0.0,0.0
2024-12-31,135.89999389648438,135.89999389648438,135.89999389648438,135.89999389648438,134.85206604003906,0,0.0,0.0
2025-01-02,132.89999389648438,133.8000030517578,130.8000030517578,132.5,131.47828674316406,10338375,0.0,0.0
2025-01-03,134.39999389648438,136.3000030517578,132.60000610351562,134.1999969482422,133.16517639160156,9781570,0.0,0.0
2025-01-06,137.5,137.8000030517578,135.0,135.6999969482422,134.6536102294922,8152282,0.0,0.0
2025-01-07,135.6999969482422,137.1999969482422,132.8000030517578,135.0,133.95901489257812,10120538,0.0,0.0
2025-01-08,136.5,138.3000030517578,133.39999389648438,135.3000030517578,134.25669860839844,10327410,0.0,0.0
2025-01-09,134.6999969482422,135.1999969482422,132.39999389648438,133.1999969482422,132.17288208007812,5896281,0.0,0.0
2025-01-10,133.8000030517578,133.89999389648438,130.3000030517578,130.89999389648438,129.89060974121094,6650231,0.0,0.0
2025-01-13,129.60000610351562,129.60000610351562,126.5999984741211,129.0,128.00527954101562,6263756,0.0,0.0
2025-01-14,129.6999969482422,137.0,129.6999969482422,135.89999389648438,134.85206604003906,11784415,0.0,0.0
2025-01-15,134.8000030517578,138.0,133.89999389648438,137.10000610351562,136.04283142089844,7551753,0.0,0.0
2025-01-16,137.3000030517578,140.1999969482422,137.3000030517578,140.10000610351562,139.01968383789062,7810928,0.0,0.0
2025-01-17,137.8000030517578,148.1999969482422,137.39999389648438,146.6999969482422,145.56878662109375,19783768,0.0,0.0
2025-01-20,152.60000610351562,158.3000030517578,152.10000610351562,157.39999389648438,156.186279296875,21426774,0.0,0.0
2025-01-21,159.0,159.3000030517578,155.10000610351562,158.39999389648438,157.17855834960938,11460196,0.0,0.0
2025-01-22,151.10000610351562,153.1999969482422,150.60000610351562,151.60000610351562,150.43101501464844,23216064,0.0,0.0
2025-01-23,152.6999969482422,154.0,150.0,151.1999969482422,150.03408813476562,10582489,0.0,0.0
2025-01-24,150.39999389648438,157.0,150.1999969482422,155.6999969482422,154.4993896484375,12839453,0.0,0.0
2025-01-27,157.60000610351562,159.60000610351562,156.39999389648438,157.3000030517578,156.08706665039062,10348930,0.0,0.0
2025-01-28,157.0,157.0,157.0,157.0,155.78936767578125,0,0.0,0.0
2025-02-03,152.39999389648438,152.8000030517578,147.1999969482422,151.89999389648438,150.7286834716797,16874796,0.0,0.0
2025-02-04,156.1999969482422,162.10000610351562,155.89999389648438,162.10000610351562,160.8500518798828,17827300,0.0,0.0
2025-02-05,160.8000030517578,160.8000030517578,153.3000030517578,156.5,155.29322814941406,15836502,0.0,0.0
2025-02-06,154.6999969482422,157.89999389648438,154.3000030517578,157.6999969482422,156.4839630126953,8374946,0.0,0.0
2025-02-07,156.0,158.60000610351562,154.6999969482422,157.10000610351562,155.8885955810547,11026726,0.0,0.0
2025-02-10,157.0,161.60000610351562,156.60000610351562,161.5,160.25466918945312,11303750,0.0,0.0
2025-02-11,163.39999389648438,164.39999389648438,158.3000030517578,158.5,157.27780151367188,11564784,0.0,0.0
2025-02-12,160.5,161.6999969482422,153.5,156.10000610351562,154.8963165283203,17600967,0.0,0.0
2025-02-13,153.39999389648438,159.39999389648438,149.5,151.5,150.33177185058594,27373656,0.0,0.0
2025-02-14,155.0,163.0,155.0,163.0,161.7430877685547,24858873,0.0,0.0
2025-02-17,164.0,164.8000030517578,155.5,157.10000610351562,155.8885955810547,17128732,0.0,0.0
2025-02-18,158.3000030517578,159.8000030517578,154.8000030517578,156.60000610351562,155.39247131347656,16099549,0.0,0.0
2025-02-19,151.89999389648438,155.6999969482422,150.1999969482422,154.1999969482422,153.01095581054688,13987154,0.0,0.0
2025-02-20,153.8000030517578,155.3000030517578,150.8000030517578,153.6999969482422,152.5148162841797,13279250,0.0,0.0
2025-02-21,160.6999969482422,161.8000030517578,156.1999969482422,161.60000610351562,160.35389709472656,17894279,0.0,0.0
2025-02-24,161.6999969482422,164.3000030517578,158.10000610351562,161.10000610351562,159.85775756835938,14895758,0.0,0.0
2025-02-25,153.0,157.6999969482422,152.1999969482422,155.0,153.80479431152344,16418884,0.0,0.0
2025-02-26,157.8000030517578,169.6999969482422,157.8000030517578,168.10000610351562,166.8037872314453,27699130,0.0,0.0
2025-02-27,166.6999969482422,169.89999389648438,165.1999969482422,167.1999969482422,165.91070556640625,17368443,0.0,0.0
2025-02-28,164.89999389648438,166.60000610351562,159.0,160.60000610351562,159.36160278320312,16684324,0.0,0.0
2025-03-03,161.3000030517578,164.89999389648438,157.3000030517578,159.0,157.77395629882812,18694436,0.0,0.0
2025-03-04,156.1999969482422,160.89999389648438,154.3000030517578,160.1999969482422,158.9646759033203,9078856,0.0,0.0
2025-03-05,160.89999389648438,165.6999969482422,159.60000610351562,165.10000610351562,163.826904296875,11230845,0.0,0.0
2025-03-06,168.8000030517578,180.8000030517578,168.39999389648438,179.0,177.61972045898438,27581261,0.0,0.0
2025-03-07,173.8000030517578,177.39999389648438,168.5,170.10000610351562,168.78836059570312,34873936,0.0,0.0
2025-03-10,165.8000030517578,168.60000610351562,161.3000030517578,162.3000030517578,161.04849243164062,21324098,0.0,0.0
2025-03-11,157.3000030517578,160.60000610351562,155.60000610351562,160.10000610351562,158.865478515625,22572980,0.0,0.0
2025-03-12,159.5,160.6999969482422,154.3000030517578,156.6999969482422,155.49166870117188,17331449,0.0,0.0
2025-03-13,157.6999969482422,159.89999389648438,155.8000030517578,157.1999969482422,155.98782348632812,12843862,0.0,0.0
2025-03-14,161.5,166.89999389648438,158.39999389648438,165.60000610351562,164.32305908203125,19093438,0.0,0.0
2025-03-17,171.3000030517578,171.89999389648438,168.0,169.0,167.6968231201172,13084601,0.0,0.0
2025-03-18,175.39999389648438,178.0,172.89999389648438,177.89999389648438,176.5281982421875,17627921,0.0,0.0
2025-03-19,176.6999969482422,177.8000030517578,174.5,176.1999969482422,174.84130859375,11341539,0.0,0.0
2025-03-20,175.60000610351562,175.60000610351562,166.1999969482422,167.5,166.20840454101562,13554596,0.0,0.0
2025-03-21,168.89999389648438,170.0,162.6999969482422,162.89999389648438,161.6438751220703,15013036,0.0,0.0
2025-03-24,165.1999969482422,167.60000610351562,162.1999969482422,166.60000610351562,165.31533813476562,9185640,0.0,0.0
2025-03-25,165.60000610351562,166.39999389648438,161.10000610351562,161.1999969482422,159.95697021484375,9389015,0.0,0.0
2025-03-26,161.0,164.6999969482422,161.0,164.10000610351562,162.83462524414062,9153598,0.0,0.0
2025-03-27,163.39999389648438,167.60000610351562,162.60000610351562,164.60000610351562,163.3307647705078,7523847,0.0,0.0
2025-03-28,168.0,169.10000610351562,162.8000030517578,164.39999389648438,163.13229370117188,8950924,0.0,0.0
2025-03-31,162.1999969482422,163.0,159.0,160.8000030517578,159.56007385253906,6875716,0.0,0.0
2025-04-01,161.0,163.8000030517578,160.39999389648438,161.1999969482422,159.95697021484375,6763957,0.0,0.0
2025-04-02,161.1999969482422,163.0,158.8000030517578,161.89999389648438,160.6515655517578,5972448,0.0,0.0
2025-04-03,152.39999389648438,156.0,152.1999969482422,153.5,152.31634521484375,15572015,0.0,0.0
2025-04-07,133.60000610351562,137.10000610351562,125.19999694824219,126.4000015258789,125.83521270751953,43949826,3.923815,0.0
2025-04-08,134.60000610351562,141.0,132.6999969482422,137.60000610351562,136.98516845703125,41666302,0.0,0.0
2025-04-09,130.10000610351562,138.6999969482422,127.19999694824219,136.6999969482422,136.0891876220703,27009831,0.0,0.0
2025-04-10,141.39999389648438,145.89999389648438,138.1999969482422,141.6999969482422,141.0668487548828,23343085,0.0,0.0
2025-04-11,141.5,146.1999969482422,139.8000030517578,143.10000610351562,142.46060180664062,20247413,0.0,0.0
2025-04-14,145.0,148.89999389648438,142.0,146.60000610351562,145.94496154785156,17292261,0.0,0.0
2025-04-15,148.39999389648438,149.5,145.1999969482422,146.5,145.84539794921875,12226438,0.0,0.0
2025-04-16,143.39999389648438,144.5,136.60000610351562,138.39999389648438,137.78158569335938,18319471,0.0,0.0
2025-04-17,137.8000030517578,139.60000610351562,136.60000610351562,139.1999969482422,138.57801818847656,10658510,0.0,0.0
2025-04-22,132.0,132.0,128.0,130.39999389648438,129.8173370361328,33988518,0.0,0.0
2025-04-23,135.3000030517578,135.5,130.39999389648438,132.39999389648438,131.8083953857422,26374585,0.0,0.0
2025-04-24,130.8000030517578,130.8000030517578,122.0999984741211,124.19999694824219,123.6450424194336,43918714,0.0,0.0
2025-04-25,124.69999694824219,126.9000015258789,123.19999694824219,123.80000305175781,123.24683380126953,21194464,0.0,0.0
2025-04-28,126.0,127.69999694824219,124.5999984741211,126.5,125.93476104736328,18225414,0.0,0.0
2025-04-29,127.9000015258789,131.3000030517578,127.0,128.89999389648438,128.32403564453125,15966800,0.0,0.0
2025-04-30,128.6999969482422,128.89999389648438,126.5999984741211,127.9000015258789,127.3285140991211,12415165,0.0,0.0
2025-05-02,128.6999969482422,132.6999969482422,128.1999969482422,132.10000610351562,131.50975036621094,17681775,0.0,0.0
2025-05-06,130.0,132.3000030517578,128.3000030517578,131.5,130.9124298095703,20884988,0.0,0.0
2025-05-07,134.60000610351562,135.8000030517578,130.89999389648438,130.89999389648438,130.31509399414062,17948326,0.0,0.0
2025-05-08,130.5,133.1999969482422,130.5,131.60000610351562,131.01197814941406,13168759,0.0,0.0
2025-05-09,132.39999389648438,132.60000610351562,129.6999969482422,131.5,130.9124298095703,11381493,0.0,0.0
2025-05-12,135.0,141.1999969482422,134.39999389648438,139.89999389648438,139.27488708496094,26348682,0.0,0.0
2025-05-13,139.60000610351562,140.0,136.39999389648438,137.0,136.38784790039062,16796654,0.0,0.0
2025-05-14,142.8000030517578,143.1999969482422,139.60000610351562,141.60000610351562,140.96730041503906,21966646,0.0,0.0
2025-05-15,138.1999969482422,139.0,135.1999969482422,135.39999389648438,134.7949981689453,20773139,0.0,0.0
2025-05-16,133.60000610351562,134.60000610351562,131.3000030517578,131.8000030517578,131.21109008789062,20699129,0.0,0.0
2025-05-19,130.0,131.5,129.1999969482422,130.39999389648438,129.8173370361328,16879938,0.0,0.0
2025-05-20,130.6999969482422,134.5,130.6999969482422,133.5,132.9034881591797,14041319,0.0,0.0
2025-05-21,134.0,135.6999969482422,133.10000610351562,134.5,133.89901733398438,9292766,0.0,0.0
2025-05-22,132.8000030517578,134.3000030517578,132.10000610351562,132.5,131.907958984375,9318454,0.0,0.0
2025-05-23,132.89999389648438,133.39999389648438,131.3000030517578,131.89999389648438,131.3106231689453,6727839,0.0,0.0
2025-05-26,130.8000030517578,131.89999389648438,129.39999389648438,129.60000610351562,129.0209197998047,7951362,0.0,0.0
2025-05-27,127.0,128.60000610351562,121.0,128.3000030517578,127.72672271728516,19067891,0.0,0.0
2025-05-28,127.19999694824219,128.60000610351562,125.9000015258789,126.5,125.93476104736328,10818992,0.0,0.0
2025-05-29,123.80000305175781,132.8000030517578,123.80000305175781,131.8000030517578,131.21109008789062,25690114,0.0,0.0
2025-05-30,129.0,129.1999969482422,127.19999694824219,128.89999389648438,128.32403564453125,22555094,0.0,0.0
2025-06-02,127.0,129.0,125.0999984741211,128.60000610351562,128.025390625,11405309,0.0,0.0
2025-06-03,128.8000030517578,130.8000030517578,128.0,128.60000610351562,128.025390625,9117797,0.0,0.0
2025-06-04,127.30000305175781,129.39999389648438,126.5,128.6999969482422,128.12493896484375,14148878,0.0,0.0
2025-06-05,129.10000610351562,131.3000030517578,128.8000030517578,130.60000610351562,130.01644897460938,13169176,0.0,0.0
2025-06-06,130.6999969482422,131.0,127.80000305175781,128.6999969482422,128.12493896484375,16518729,0.0,0.0
2025-06-09,130.60000610351562,135.5,130.60000610351562,134.0,133.40126037597656,20752058,0.0,0.0
2025-06-10,134.0,134.6999969482422,131.10000610351562,131.89999389648438,131.3106231689453,11193480,0.0,0.0
2025-06-11,132.60000610351562,135.3000030517578,132.60000610351562,133.89999389648438,133.30169677734375,10862759,0.0,0.0
2025-06-12,131.5,132.89999389648438,130.8000030517578,131.39999389648438,130.8128662109375,11954081,0.0,0.0
2025-06-13,130.1999969482422,132.10000610351562,128.8000030517578,129.8000030517578,129.2200164794922,24065566,0.0,0.0
2025-06-16,129.0,131.89999389648438,128.3000030517578,130.89999389648438,130.31509399414062,10604032,0.0,0.0
2025-06-17,131.0,132.60000610351562,130.5,131.5,130.9124298095703,6490498,0.0,0.0
2025-06-18,132.0,132.8000030517578,129.10000610351562,129.39999389648438,128.82180786132812,8916181,0.0,0.0
2025-06-19,128.5,128.6999969482422,123.4000015258789,124.69999694824219,124.14280700683594,20978668,0.0,0.0
2025-06-20,124.5999984741211,125.69999694824219,123.69999694824219,125.5999984741211,125.03878784179688,18234214,0.0,0.0
2025-06-23,123.0999984741211,125.30000305175781,121.69999694824219,124.80000305175781,124.24236297607422,13699454,0.0,0.0
2025-06-24,125.0999984741211,127.30000305175781,124.80000305175781,126.5999984741211,126.03431701660156,13846575,0.0,0.0
2025-06-25,127.69999694824219,131.1999969482422,127.19999694824219,129.8000030517578,129.2200164794922,15239326,0.0,0.0
2025-06-26,128.0,130.60000610351562,128.0,130.10000610351562,129.51869201660156,10781497,0.0,0.0
2025-06-27,130.6999969482422,133.0,129.6999969482422,130.3000030517578,129.71778869628906,16008304,0.0,0.0
2025-06-30,130.89999389648438,131.5,127.5999984741211,127.9000015258789,127.3285140991211,12949308,0.0,0.0
2025-07-02,131.5,131.5,126.80000305175781,128.0,127.42806243896484,13455540,0.0,0.0
2025-07-03,128.1999969482422,128.8000030517578,124.5,125.30000305175781,124.74012756347656,17251226,0.0,0.0
2025-07-04,124.80000305175781,125.9000015258789,123.0999984741211,124.19999694824219,123.6450424194336,17595224,0.0,0.0
2025-07-07,124.0,125.69999694824219,121.80000305175781,124.80000305175781,124.24236297607422,15985896,0.0,0.0
2025-07-08,126.4000015258789,128.3000030517578,125.69999694824219,127.69999694824219,127.12940216064453,9284825,0.0,0.0
2025-07-09,128.0,128.0,124.80000305175781,125.30000305175781,124.74012756347656,11166261,0.0,0.0
2025-07-10,124.0,124.30000305175781,122.0,123.5999984741211,123.04772186279297,15803091,0.0,0.0
2025-07-11,121.9000015258789,125.9000015258789,121.69999694824219,123.30000305175781,122.74906921386719,16937160,0.0,0.0
2025-07-14,122.0,122.5999984741211,120.5,122.4000015258789,121.85308837890625,10640122,0.0,0.0
2025-07-15,121.0999984741211,125.69999694824219,121.0,125.0,124.44146728515625,21738410,0.0,0.0
2025-07-16,127.0,128.60000610351562,124.30000305175781,124.69999694824219,124.14280700683594,15128348,0.0,0.0
2025-07-17,124.0,125.4000015258789,123.4000015258789,124.5,123.9437026977539,9099498,0.0,0.0
2025-07-18,126.80000305175781,129.8000030517578,126.80000305175781,128.1999969482422,127.62716674804688,20590635,0.0,0.0
2025-07-21,132.3000030517578,132.8000030517578,130.3000030517578,130.89999389648438,130.31509399414062,20128298,0.0,0.0
2025-07-22,131.10000610351562,131.5,128.8000030517578,130.5,129.91688537597656,9942916,0.0,0.0
2025-07-23,132.8000030517578,135.6999969482422,132.0,134.10000610351562,133.5008087158203,20208002,0.0,0.0
2025-07-24,134.10000610351562,135.3000030517578,132.89999389648438,133.3000030517578,132.70437622070312,15439519,0.0,0.0
2025-07-25,132.0,132.0,130.0,130.5,129.91688537597656,11216257,0.0,0.0
2025-07-28,131.10000610351562,132.89999389648438,130.5,131.1999969482422,130.61375427246094,8050512,0.0,0.0
2025-07-29,130.39999389648438,130.8000030517578,128.60000610351562,130.39999389648438,129.8173370361328,8922156,0.0,0.0
2025-07-30,127.4000015258789,129.10000610351562,126.5,126.9000015258789,126.33297729492188,21601896,0.0,0.0
2025-07-31,125.69999694824219,125.69999694824219,122.69999694824219,122.9000015258789,122.3508529663086,19773600,0.0,0.0
2025-08-01,122.9000015258789,125.0,122.5,122.69999694824219,122.15174102783203,14724532,0.0,0.0
2025-08-04,121.80000305175781,123.30000305175781,121.30000305175781,123.0,122.45040130615234,10592054,0.0,0.0
2025-08-05,123.30000305175781,123.80000305175781,122.30000305175781,123.0,122.45040130615234,11862607,0.0,0.0
2025-08-06,123.19999694824219,124.30000305175781,122.30000305175781,122.5999984741211,122.05219268798828,9200765,0.0,0.0
2025-08-07,123.80000305175781,125.69999694824219,122.9000015258789,124.69999694824219,124.14280700683594,13755622,0.0,0.0
2025-08-08,124.69999694824219,125.0,122.5999984741211,122.9000015258789,122.3508529663086,8428565,0.0,0.0
2025-08-11,123.80000305175781,124.0999984741211,121.9000015258789,122.30000305175781,121.75353240966797,9121178,0.0,0.0
2025-08-12,122.4000015258789,123.4000015258789,122.0,122.69999694824219,122.15174102783203,10202409,0.0,0.0
2025-08-13,125.69999694824219,127.5,124.80000305175781,127.4000015258789,126.83074188232422,18061549,0.0,0.0
2025-08-14,127.0999984741211,127.5,125.0,125.0999984741211,124.541015625,12991544,0.0,0.0
2025-08-15,122.5999984741211,123.5,119.5,120.80000305175781,120.26023864746094,28595222,0.0,0.0
2025-08-18,122.80000305175781,126.5,122.69999694824219,124.0,123.44593811035156,21398654,0.0,0.0
2025-08-19,124.30000305175781,124.5999984741211,122.30000305175781,123.30000305175781,122.74906921386719,8995656,0.0,0.0
2025-08-20,121.69999694824219,123.0,121.30000305175781,122.5,121.95263671875,9547463,0.0,0.0
2025-08-21,122.5,123.0,120.5,121.0999984741211,120.55889129638672,9957126,0.0,0.0
2025-08-22,121.69999694824219,122.30000305175781,119.9000015258789,121.4000015258789,120.85755157470703,12883333,0.0,0.0
2025-08-25,124.0,127.4000015258789,123.80000305175781,126.5999984741211,126.03431701660156,19884498,0.0,0.0
2025-08-26,125.19999694824219,126.80000305175781,124.0,124.4000015258789,123.84414672851562,11008444,0.0,0.0
2025-08-27,124.4000015258789,125.4000015258789,120.5999984741211,121.30000305175781,120.75800323486328,18825418,0.0,0.0
2025-08-28,120.0,120.5999984741211,114.80000305175781,115.19999694824219,114.68525695800781,29732078,0.0,0.0
2025-08-29,117.0999984741211,119.5,116.80000305175781,117.80000305175781,117.27364349365234,19682921,0.0,0.0
2025-09-01,120.5,122.30000305175781,120.5,121.4000015258789,120.85755157470703,17495761,0.0,0.0
2025-09-02,121.0,121.69999694824219,119.0999984741211,119.5999984741211,119.06559753417969,10962410,0.0,0.0
2025-09-03,122.80000305175781,123.9000015258789,119.9000015258789,120.69999694824219,120.16067504882812,14607782,0.0,0.0
2025-09-04,122.69999694824219,122.69999694824219,119.5999984741211,119.80000305175781,119.26470184326172,11194250,0.0,0.0
2025-09-05,121.0999984741211,122.5,120.5999984741211,122.0999984741211,121.5544204711914,20382243,0.0,0.0
2025-09-08,122.19999694824219,123.80000305175781,121.9000015258789,123.4000015258789,122.84861755371094,10859107,0.0,0.0
2025-09-09,126.80000305175781,127.9000015258789,126.0,127.5,126.9302978515625,20087889,0.0,0.0
2025-09-10,131.10000610351562,135.1999969482422,129.0,132.10000610351562,131.50975036621094,34449535,0.0,0.0
2025-09-11,130.60000610351562,131.1999969482422,128.8000030517578,129.8000030517578,129.2200164794922,12959216,0.0,0.0
2025-09-12,134.3000030517578,134.89999389648438,131.3000030517578,131.6999969482422,131.1115264892578,19492410,0.0,0.0
2025-09-15,131.6999969482422,134.6999969482422,130.6999969482422,131.6999969482422,131.1115264892578,12845549,0.0,0.0
2025-09-16,130.8000030517578,131.10000610351562,129.10000610351562,130.0,129.41912841796875,13469755,0.0,0.0
2025-09-17,134.0,138.39999389648438,133.6999969482422,136.6999969482422,136.0891876220703,30635965,0.0,0.0
2025-09-18,136.1999969482422,138.5,133.10000610351562,134.3000030517578,133.69992065429688,19037627,0.0,0.0
2025-09-19,137.10000610351562,139.60000610351562,136.1999969482422,138.8000030517578,138.1798095703125,22881305,0.0,0.0
2025-09-22,138.0,138.0,133.5,134.1999969482422,133.60035705566406,15017762,0.0,0.0
2025-09-23,132.60000610351562,133.0,126.5,128.3000030517578,127.72672271728516,24681900,0.0,0.0
2025-09-24,128.5,133.0,128.1999969482422,133.0,132.4057159423828,14883510,0.0,0.0
2025-09-25,135.5,142.60000610351562,134.39999389648438,137.60000610351562,136.98516845703125,33321172,0.0,0.0
2025-09-26,135.39999389648438,136.0,132.1999969482422,132.5,131.907958984375,14308826,0.0,0.0
2025-09-29,134.5,137.0,134.5,136.60000610351562,135.98963928222656,16670663,0.0,0.0
2025-09-30,137.6999969482422,138.6999969482422,135.89999389648438,138.5,137.8811492919922,13386682,0.0,0.0
2025-10-02,141.3000030517578,143.8000030517578,140.5,142.8000030517578,142.1619415283203,20985894,0.0,0.0
2025-10-03,140.1999969482422,141.0,138.3000030517578,140.1999969482422,139.57354736328125,11171880,0.0,0.0
2025-10-06,138.0,139.3000030517578,136.5,137.1999969482422,136.58694458007812,8349301,0.0,0.0
2025-10-08,136.5,136.60000610351562,133.0,135.60000610351562,134.99411010742188,11829547,0.0,0.0
2025-10-09,137.0,137.1999969482422,133.6999969482422,135.6999969482422,135.09365844726562,10087126,0.0,0.0
2025-10-10,132.6999969482422,134.0,131.60000610351562,131.8000030517578,131.21109008789062,14114743,0.0,0.0
2025-10-13,127.80000305175781,128.5,123.30000305175781,127.0,126.43253326416016,26684816,0.0,0.0
2025-10-14,129.0,131.0,125.80000305175781,126.4000015258789,125.83521270751953,17562863,0.0,0.0
2025-10-15,129.10000610351562,129.8000030517578,127.5,129.0,128.42359924316406,12781596,0.0,0.0
2025-10-16,128.39999389648438,129.39999389648438,126.69999694824219,128.10000610351562,127.52761840820312,10389455,0.0,0.0
2025-10-17,127.5,127.69999694824219,123.30000305175781,124.0999984741211,123.54548645019531,12926726,0.0,0.0
2025-10-20,130.39999389648438,130.39999389648438,127.0999984741211,127.80000305175781,127.22895812988281,10271485,0.0,0.0
2025-10-21,130.10000610351562,130.39999389648438,128.3000030517578,128.60000610351562,128.025390625,9595574,0.0,0.0
2025-10-22,127.5999984741211,128.3000030517578,126.0999984741211,126.80000305175781,126.23342895507812,7253676,0.0,0.0
2025-10-23,126.19999694824219,130.89999389648438,125.4000015258789,128.6999969482422,128.12493896484375,8345895,0.0,0.0
2025-10-24,129.6999969482422,129.89999389648438,127.5,128.8000030517578,128.2244873046875,8445281,0.0,0.0
2025-10-27,131.0,132.60000610351562,130.0,131.8000030517578,131.21109008789062,8853659,0.0,0.0
2025-10-28,132.89999389648438,133.60000610351562,130.10000610351562,130.8000030517578,130.21556091308594,6600492,0.0,0.0
2025-10-30,133.60000610351562,134.8000030517578,129.89999389648438,130.89999389648438,130.31509399414062,14423687,0.0,0.0
2025-10-31,129.89999389648438,130.60000610351562,127.5999984741211,127.5999984741211,127.02984619140625,6989903,0.0,0.0
2025-11-03,128.39999389648438,128.89999389648438,126.5,127.19999694824219,126.63163757324219,5362005,0.0,0.0
2025-11-04,126.30000305175781,126.80000305175781,123.30000305175781,123.4000015258789,122.84861755371094,10856773,0.0,0.0
2025-11-05,121.80000305175781,123.5999984741211,120.19999694824219,122.80000305175781,122.25129699707031,12199635,0.0,0.0
2025-11-06,123.80000305175781,127.30000305175781,123.5999984741211,126.9000015258789,126.33297729492188,9247285,0.0,0.0
2025-11-07,124.19999694824219,125.0999984741211,123.30000305175781,124.0,123.44593811035156,7019975,0.0,0.0
2025-11-10,123.9000015258789,124.80000305175781,122.80000305175781,124.5,123.9437026977539,7528870,0.0,0.0
2025-11-11,122.0999984741211,123.19999694824219,121.30000305175781,123.0999984741211,122.54995727539062,10012848,0.0,0.0
2025-11-12,123.19999694824219,125.30000305175781,122.80000305175781,124.69999694824219,124.14280700683594,9102999,0.0,0.0
2025-11-13,121.5,125.5,121.0,124.4000015258789,123.84414672851562,12092692,0.0,0.0
2025-11-14,120.69999694824219,121.0999984741211,116.5,116.9000015258789,116.3776626586914,27150506,0.0,0.0
2025-11-17,115.9000015258789,116.5999984741211,114.4000015258789,115.4000015258789,114.88436126708984,14026491,0.0,0.0
2025-11-18,114.5999984741211,115.69999694824219,114.0999984741211,114.30000305175781,113.7892837524414,11826634,0.0,0.0
2025-11-19,114.5,114.69999694824219,113.0999984741211,113.5,112.99285125732422,9909252,0.0,0.0
2025-11-20,113.5,114.80000305175781,112.9000015258789,113.5,112.99285125732422,13266682,0.0,0.0
2025-11-21,110.80000305175781,112.19999694824219,110.0999984741211,110.30000305175781,109.8071517944336,16209520,0.0,0.0
2025-11-24,112.0,113.5,111.19999694824219,112.4000015258789,111.89776611328125,21419215,0.0,0.0
2025-11-25,112.5,112.9000015258789,111.30000305175781,112.4000015258789,111.89776611328125,15067944,0.0,0.0
2025-11-26,112.80000305175781,115.5999984741211,112.69999694824219,114.80000305175781,114.28704833984375,13777502,0.0,0.0
2025-11-27,114.69999694824219,117.80000305175781,114.5999984741211,116.19999694824219,115.6807861328125,11080169,0.0,0.0
2025-11-28,116.80000305175781,117.5999984741211,116.19999694824219,116.5,115.97944641113281,9249406,0.0,0.0
2025-12-01,115.69999694824219,118.0999984741211,115.5,117.0999984741211,116.57676696777344,9511983,0.0,0.0
2025-12-02,117.0999984741211,117.4000015258789,115.80000305175781,116.0,115.48168182373047,7615396,0.0,0.0
2025-12-03,115.5999984741211,116.30000305175781,115.19999694824219,115.5,114.98391723632812,7859439,0.0,0.0
2025-12-04,116.19999694824219,116.9000015258789,114.5,116.0999984741211,115.58123016357422,8972978,0.0,0.0
2025-12-05,115.0,117.69999694824219,114.4000015258789,117.0,116.47721099853516,14790746,0.0,0.0
2025-12-08,117.30000305175781,118.19999694824219,116.0,116.19999694824219,115.6807861328125,6310171,0.0,0.0
2025-12-09,116.4000015258789,116.9000015258789,114.80000305175781,114.9000015258789,114.3865966796875,9213992,0.0,0.0
2025-12-10,114.30000305175781,115.4000015258789,113.5,114.80000305175781,114.28704833984375,8796504,0.0,0.0
2025-12-11,114.80000305175781,115.5,113.80000305175781,114.30000305175781,113.7892837524414,4875060,0.0,0.0
2025-12-12,115.0999984741211,116.19999694824219,114.69999694824219,115.5999984741211,115.08346557617188,14246121,0.0,0.0
2025-12-15,114.9000015258789,115.0,113.5,113.5,112.99285125732422,8616416,0.0,0.0
2025-12-16,113.19999694824219,113.19999694824219,109.9000015258789,110.9000015258789,110.40447235107422,11148958,0.0,0.0
2025-12-17,111.4000015258789,112.5999984741211,111.0,112.30000305175781,111.7982177734375,10265864,0.0,0.0
2025-12-18,111.4000015258789,112.80000305175781,111.0,112.19999694824219,111.69865417480469,4946925,0.0,0.0
2025-12-19,113.0,113.0999984741211,111.0999984741211,111.30000305175781,110.80268859863281,12601344,0.0,0.0
2025-12-22,111.4000015258789,112.5999984741211,111.4000015258789,112.30000305175781,111.7982177734375,7906246,0.0,0.0
2025-12-23,112.69999694824219,113.5999984741211,112.4000015258789,112.80000305175781,112.29598236083984,5676788,0.0,0.0
2025-12-24,112.69999694824219,112.69999694824219,112.69999694824219,112.69999694824219,112.19642639160156,0,0.0,0.0
2025-12-29,113.4000015258789,114.5,111.80000305175781,112.0,111.49955749511719,8879485,0.0,0.0
2025-12-30,112.9000015258789,114.30000305175781,112.5,113.5999984741211,113.0924072265625,9386468,0.0,0.0
2025-12-31,111.4000015258789,111.4000015258789,111.4000015258789,111.4000015258789,110.90223693847656,0,0.0,0.0
2026-01-02,112.30000305175781,115.5999984741211,112.30000305175781,115.0999984741211,114.58570098876953,8695252,0.0,0.0
2026-01-05,114.80000305175781,115.19999694824219,113.0,113.69999694824219,113.19195556640625,10453025,0.0,0.0
2026-01-06,115.0,117.0999984741211,114.5,115.5,114.98391723632812,11779827,0.0,0.0
2026-01-07,115.9000015258789,116.19999694824219,113.30000305175781,114.0,113.49061584472656,11518144,0.0,0.0
2026-01-08,113.0999984741211,113.0999984741211,111.0,111.69999694824219,111.20088958740234,13487302,0.0,0.0
2026-01-09,115.4000015258789,116.5999984741211,114.4000015258789,114.5999984741211,114.08793640136719,13812469,0.0,0.0
2026-01-12,115.5999984741211,117.5,114.30000305175781,116.9000015258789,116.3776626586914,10290561,0.0,0.0
2026-01-13,119.30000305175781,120.4000015258789,116.9000015258789,117.4000015258789,116.87542724609375,12940625,0.0,0.0
2026-01-14,116.4000015258789,117.4000015258789,114.80000305175781,115.9000015258789,115.38213348388672,12998960,0.0,0.0
2026-01-15,116.19999694824219,116.80000305175781,114.5,115.0999984741211,114.58570098876953,7960677,0.0,0.0
2026-01-16,114.5,115.5,113.0999984741211,113.5999984741211,113.0924072265625,10580579,0.0,0.0
2026-01-19,113.0,113.0999984741211,111.9000015258789,112.30000305175781,111.7982177734375,6024636,0.0,0.0
2026-01-20,112.19999694824219,113.80000305175781,111.69999694824219,112.4000015258789,111.89776611328125,8737424,0.0,0.0
2026-01-21,112.0,113.5999984741211,111.80000305175781,112.80000305175781,112.29598236083984,10226076,0.0,0.0
2026-01-22,113.9000015258789,114.5999984741211,112.69999694824219,113.9000015258789,113.39106750488281,8256681,0.0,0.0
2026-01-23,116.9000015258789,117.30000305175781,114.80000305175781,114.80000305175781,114.28704833984375,9828732,0.0,0.0
2026-01-26,116.0,116.5,114.5999984741211,116.0,115.48168182373047,10532195,0.0,0.0
2026-01-27,115.80000305175781,115.9000015258789,112.69999694824219,113.5,112.99285125732422,14654490,0.0,0.0
2026-01-28,115.19999694824219,116.4000015258789,113.5,116.30000305175781,115.78034210205078,15557923,0.0,0.0
2026-01-29,113.5999984741211,115.0,113.5,114.5999984741211,114.08793640136719,14861889,0.0,0.0
2026-01-30,113.69999694824219,114.19999694824219,112.19999694824219,112.4000015258789,111.89776611328125,15632455,0.0,0.0
2026-02-02,112.0,112.69999694824219,109.5,110.5,110.00625610351562,13829763,0.0,0.0
2026-02-03,111.0999984741211,111.9000015258789,107.80000305175781,109.69999694824219,109.20983123779297,10698271,0.0,0.0
2026-02-04,109.5,109.80000305175781,107.5999984741211,107.9000015258789,107.41787719726562,13178141,0.0,0.0
2026-02-05,106.30000305175781,109.19999694824219,105.9000015258789,108.80000305175781,108.31385803222656,14545393,0.0,0.0
2026-02-06,106.19999694824219,107.30000305175781,106.0,106.9000015258789,106.42234802246094,13305426,0.0,0.0
2026-02-09,109.80000305175781,110.0999984741211,107.9000015258789,107.9000015258789,107.41787719726562,7827278,0.0,0.0
2026-02-10,109.19999694824219,110.80000305175781,108.69999694824219,110.0,109.50849151611328,11390711,0.0,0.0
2026-02-11,111.0,111.30000305175781,109.5999984741211,109.80000305175781,109.30938720703125,6850343,0.0,0.0
2026-02-12,109.9000015258789,110.30000305175781,108.0999984741211,108.4000015258789,107.91564178466797,7935520,0.0,0.0
2026-02-13,107.0999984741211,107.5999984741211,105.0,106.4000015258789,105.92457580566406,13708742,0.0,0.0
2026-02-16,105.9000015258789,105.9000015258789,105.9000015258789,105.9000015258789,105.42681121826172,0,0.0,0.0
2026-02-20,105.0999984741211,106.0999984741211,103.5999984741211,103.80000305175781,103.33619689941406,8122746,0.0,0.0
2026-02-23,106.0,109.4000015258789,105.9000015258789,107.5,107.01966094970703,10400125,0.0,0.0
2026-02-24,106.9000015258789,107.80000305175781,105.30000305175781,106.30000305175781,105.82502746582031,11228354,0.0,0.0
2026-02-25,107.4000015258789,108.0999984741211,106.30000305175781,106.80000305175781,106.32279205322266,11752769,0.0,0.0
2026-02-26,107.30000305175781,107.69999694824219,103.9000015258789,104.0,103.5353012084961,14245518,0.0,0.0
2026-02-27,105.0,105.4000015258789,104.0,104.4000015258789,103.93351745605469,11576972,0.0,0.0
2026-03-02,102.9000015258789,103.0,100.4000015258789,101.30000305175781,100.84736633300781,15724548,0.0,0.0
2026-03-03,102.0999984741211,103.4000015258789,100.19999694824219,100.4000015258789,99.95138549804688,16960919,0.0,0.0
2026-03-04,99.30000305175781,99.44999694824219,95.9000015258789,98.0,97.5621109008789,23737725,0.0,0.0
2026-03-05,98.94999694824219,99.5,96.6500015258789,96.94999694824219,96.51679992675781,18033650,0.0,0.0
2026-03-06,98.5,106.5999984741211,98.5,106.5999984741211,106.1236801147461,48151193,0.0,0.0
2026-03-09,102.5999984741211,105.80000305175781,102.30000305175781,105.5,105.02859497070312,23771929,0.0,0.0
2026-03-10,107.5999984741211,108.69999694824219,106.69999694824219,108.5,108.01519012451172,13555673,0.0,0.0
2026-03-11,109.0,110.5,108.0,108.5999984741211,108.11474609375,8840612,0.0,0.0
2026-03-12,108.9000015258789,110.5999984741211,108.30000305175781,109.5,109.01072692871094,8770540,0.0,0.0
2026-03-13,109.5,111.80000305175781,109.0,109.5999984741211,109.11027526855469,9895902,0.0,0.0
2026-03-16,111.0,112.19999694824219,110.5999984741211,111.5,111.00178527832031,9999042,0.0,0.0
2026-03-17,111.80000305175781,113.5999984741211,111.5999984741211,112.0999984741211,111.59910583496094,7665981,0.0,0.0
2026-03-18,112.30000305175781,114.0,111.69999694824219,112.80000305175781,112.29598236083984,7938873,0.0,0.0
2026-03-19,110.0,112.0999984741211,110.0,110.69999694824219,110.20536041259766,9831672,0.0,0.0
2026-03-20,108.4000015258789,110.0,106.19999694824219,108.5999984741211,108.11474609375,21697532,0.0,0.0
2026-03-23,106.5,106.69999694824219,103.5,105.0999984741211,104.63038635253906,19055693,0.0,0.0
2026-03-24,105.9000015258789,107.5999984741211,104.5,107.19999694824219,106.72100067138672,8148970,0.0,0.0
2026-03-25,108.30000305175781,113.30000305175781,107.80000305175781,112.4000015258789,111.89776611328125,18278547,0.0,0.0
2026-03-26,115.19999694824219,116.30000305175781,113.0,113.5999984741211,113.0924072265625,17228223,0.0,0.0
2026-03-27,114.0,115.69999694824219,113.69999694824219,113.69999694824219,113.19195556640625,10465238,0.0,0.0
2026-03-30,110.30000305175781,114.30000305175781,110.30000305175781,113.0,112.49508666992188,13019171,0.0,0.0
2026-03-31,113.5999984741211,115.0,111.9000015258789,113.19999694824219,112.6941909790039,10114180,0.0,0.0
2026-04-01,114.4000015258789,115.5,112.69999694824219,112.9000015258789,112.39553833007812,8581179,0.0,0.0
2026-04-02,112.19999694824219,112.80000305175781,110.69999694824219,111.9000015258789,111.4000015258789,8000443,0.0,0.0
2026-04-08,111.0999984741211,112.30000305175781,109.5999984741211,111.9000015258789,111.9000015258789,14245698,3.923815,0.0
2026-04-09,110.0,112.5,109.9000015258789,111.69999694824219,111.69999694824219,11053570,0.0,0.0
2026-04-10,111.69999694824219,112.80000305175781,111.0999984741211,111.4000015258789,111.4000015258789,6118243,0.0,0.0
2026-04-13,112.19999694824219,113.19999694824219,111.4000015258789,112.30000305175781,112.30000305175781,6643006,0.0,0.0
2026-04-14,113.0,116.5,111.5,115.4000015258789,115.4000015258789,13878249,0.0,0.0
2026-04-15,122.30000305175781,124.30000305175781,120.5,120.69999694824219,120.69999694824219,23272509,0.0,0.0
2026-04-16,123.4000015258789,124.19999694824219,122.69999694824219,123.80000305175781,123.80000305175781,15218068,0.0,0.0
2026-04-17,121.80000305175781,123.30000305175781,121.4000015258789,122.5999984741211,122.5999984741211,8807963,0.0,0.0
2026-04-20,123.30000305175781,123.30000305175781,121.5999984741211,122.4000015258789,122.4000015258789,7966703,0.0,0.0
2026-04-21,123.19999694824219,123.5,121.69999694824219,123.0,123.0,4823387,0.0,0.0
2026-04-22,120.0999984741211,120.4000015258789,119.30000305175781,120.19999694824219,120.19999694824219,7945596,0.0,0.0
2026-04-23,119.19999694824219,119.80000305175781,118.4000015258789,118.69999694824219,118.69999694824219,4895719,0.0,0.0
2026-04-24,117.5999984741211,118.69999694824219,116.5999984741211,118.5,118.5,5704531,0.0,0.0
2026-04-27,117.4000015258789,117.9000015258789,116.5,117.0,117.0,8177593,0.0,0.0
2026-04-28,115.5,117.5,114.9000015258789,115.30000305175781,115.30000305175781,9620882,0.0,0.0
2026-04-29,117.5,117.9000015258789,116.0999984741211,117.5,117.5,7489993,0.0,0.0
2026-04-30,115.80000305175781,117.5,115.5999984741211,116.30000305175781,116.30000305175781,5661428,0.0,0.0
2026-05-04,117.4000015258789,119.4000015258789,116.30000305175781,116.80000305175781,116.80000305175781,6885389,0.0,0.0
2026-05-05,116.80000305175781,117.0999984741211,114.19999694824219,116.19999694824219,116.19999694824219,5698308,0.0,0.0
2026-05-06,117.0999984741211,117.4000015258789,115.69999694824219,116.4000015258789,116.4000015258789,8503103,0.0,0.0
2026-05-07,119.69999694824219,120.5,118.4000015258789,119.0,119.0,11229420,0.0,0.0
2026-05-08,117.9000015258789,118.5,116.5999984741211,118.5,118.5,9354542,0.0,0.0
2026-05-11,118.0,119.0999984741211,116.69999694824219,118.5,118.5,8877112,0.0,0.0
2026-05-12,118.19999694824219,119.5999984741211,117.4000015258789,118.4000015258789,118.4000015258789,10169530,0.0,0.0
2026-05-13,122.69999694824219,128.3000030517578,122.4000015258789,128.1999969482422,128.1999969482422,34312231,0.0,0.0
2026-05-14,132.39999389648438,132.5,130.0,130.10000610351562,130.10000610351562,20375443,0.0,0.0
2026-05-15,130.3000030517578,130.3000030517578,127.0,127.9000015258789,127.9000015258789,11414370,0.0,0.0
2026-05-18,124.30000305175781,127.0,123.5,126.5,126.5,9055436,0.0,0.0
2026-05-19,124.0999984741211,126.4000015258789,123.5999984741211,125.9000015258789,125.9000015258789,14044443,0.0,0.0
2026-05-20,126.69999694824219,128.10000610351562,126.0,127.80000305175781,127.80000305175781,11012910,0.0,0.0
2026-05-21,127.80000305175781,127.80000305175781,122.5999984741211,123.5,123.5,10605145,0.0,0.0
2026-05-22,123.5,123.5,121.0999984741211,121.69999694824219,121.69999694824219,8256004,0.0,0.0
2026-05-26,120.30000305175781,120.9000015258789,117.69999694824219,118.5999984741211,118.5999984741211,13832084,0.0,0.0
2026-05-27,117.69999694824219,117.9000015258789,115.19999694824219,116.30000305175781,116.30000305175781,11561099,0.0,0.0
2026-05-28,115.69999694824219,116.30000305175781,112.4000015258789,114.19999694824219,114.19999694824219,14344170,0.0,0.0
2026-05-29,113.0999984741211,115.4000015258789,112.30000305175781,113.5,113.5,23268028,0.0,0.0
2026-06-01,111.80000305175781,113.0999984741211,111.30000305175781,112.4000015258789,112.4000015258789,9254205,0.0,0.0
2026-06-02,113.80000305175781,120.5,113.5999984741211,120.0999984741211,120.0999984741211,20288679,0.0,0.0
2026-06-03,118.80000305175781,118.80000305175781,114.19999694824219,115.0999984741211,115.0999984741211,12027955,0.0,0.0
2026-06-04,115.0999984741211,116.0,114.19999694824219,115.0,115.0,9732548,0.0,0.0
2026-06-05,115.0,115.80000305175781,113.5999984741211,115.80000305175781,115.80000305175781,14865080,0.0,0.0
2026-06-08,113.19999694824219,114.80000305175781,112.0999984741211,113.5,113.5,8977367,0.0,0.0
2026-06-09,112.5999984741211,114.5,112.30000305175781,114.0,114.0,9044690,0.0,0.0
2026-06-10,112.69999694824219,113.30000305175781,111.19999694824219,112.19999694824219,112.19999694824219,8768750,0.0,0.0
2026-06-11,112.19999694824219,112.9000015258789,105.5999984741211,108.9000015258789,108.9000015258789,12831259,0.0,0.0
2026-06-12,109.80000305175781,112.9000015258789,109.69999694824219,112.5999984741211,112.5999984741211,20296128,0.0,0.0
2026-06-15,112.5,113.19999694824219,111.69999694824219,112.5,112.5,7699682,0.0,0.0
2026-06-16,111.9000015258789,113.19999694824219,110.80000305175781,111.5999984741211,111.5999984741211,7094792,0.0,0.0
2026-06-17,111.5999984741211,112.19999694824219,110.19999694824219,111.0999984741211,111.0999984741211,4990660,0.0,0.0
2026-06-18,109.69999694824219,110.5999984741211,107.9000015258789,108.9000015258789,108.9000015258789,12629774,0.0,0.0
2026-06-22,107.80000305175781,108.0999984741211,105.5999984741211,107.5,107.5,11335839,0.0,0.0
2026-06-23,105.9000015258789,105.9000015258789,101.80000305175781,102.80000305175781,102.80000305175781,12189261,0.0,0.0
2026-06-24,102.5999984741211,103.0,98.5999984741211,101.0999984741211,101.0999984741211,16620236,0.0,0.0
2026-06-25,100.4000015258789,100.5999984741211,97.5,98.75,98.75,10514131,0.0,0.0
2026-06-26,99.4000015258789,99.4000015258789,95.80000305175781,96.0,96.0,11931573,0.0,0.0
2026-06-29,99.0,101.4000015258789,98.55000305175781,99.0,99.0,13468258,0.0,0.0
2026-06-30,99.0,99.9000015258789,97.80000305175781,99.25,99.25,15331749,0.0,0.0
2026-07-02,103.0,105.4000015258789,102.0,102.80000305175781,102.80000305175781,12471925,0.0,0.0
2026-07-03,104.0,105.69999694824219,103.4000015258789,104.19999694824219,104.19999694824219,9024469,0.0,0.0
2026-07-06,104.30000305175781,106.69999694824219,103.0,105.5,105.5,6899551,0.0,0.0
2026-07-07,105.0999984741211,106.30000305175781,103.4000015258789,104.4000015258789,104.4000015258789,8267955,0.0,0.0
2026-07-08,105.30000305175781,109.5,104.4000015258789,108.4000015258789,108.4000015258789,12702292,0.0,0.0
2026-07-09,108.4000015258789,110.30000305175781,107.5999984741211,107.69999694824219,107.69999694824219,11339716,0.0,0.0
2026-07-10,109.5999984741211,111.5999984741211,108.19999694824219,110.19999694824219,110.19999694824219,10402713,0.0,0.0
2026-07-13,110.0,114.5,109.5999984741211,113.19999694824219,113.19999694824219,12708758,0.0,0.0
2026-07-14,113.19999694824219,114.69999694824219,111.0,113.80000305175781,113.80000305175781,8673752,0.0,0.0
2026-07-15,113.80000305175781,116.19999694824219,112.4000015258789,115.69999694824219,115.69999694824219,8828076,0.0,0.0
2026-07-16,115.19999694824219,119.69999694824219,114.80000305175781,116.80000305175781,116.80000305175781,9465646,0.0,0.0
2026-07-17,116.9000015258789,119.4000015258789,115.5999984741211,116.30000305175781,116.30000305175781,9434392,0.0,0.0
2026-07-20,119.0,120.5999984741211,116.9000015258789,120.0,120.0,12033595,0.0,0.0
2026-07-21,120.5,123.4000015258789,120.0,121.0999984741211,121.0999984741211,14432085,0.0,0.0
2026-07-22,118.9000015258789,119.5,117.5999984741211,118.5999984741211,118.5999984741211,6873618,0.0,0.0
2026-07-23,117.9000015258789,119.9000015258789,117.30000305175781,119.5999984741211,119.5999984741211,3373518,0.0,0.0
2026-07-24,117.30000305175781,118.80000305175781,117.0,118.0999984741211,118.0999984741211,5214985,0.0,0.0
2026-07-27,118.5999984741211,120.5999984741211,118.19999694824219,119.19999694824219,119.19999694824219,5025762,0.0,0.0
2026-07-28,121.69999694824219,124.5,121.5,124.0999984741211,124.0999984741211,14205010,0.0,0.0
2026-07-29,125.0,127.0,124.9000015258789,126.19999694824219,126.19999694824219,12412352,0.0,0.0
2026-07-30,128.39999389648438,129.1999969482422,126.4000015258789,128.6999969482422,128.6999969482422,15183888,0.0,0.0
2026-07-31,124.5999984741211,128.0,124.5999984741211,127.0999984741211,127.0999984741211,15165984,0.0,0.0
2026-08-03,128.1999969482422,130.89999389648438,128.1999969482422,129.3000030517578,129.3000030517578,7657992,0.0,0.0
2026-08-04,129.39999389648438,129.89999389648438,127.0999984741211,129.10000610351562,129.10000610351562,6291001,0.0,0.0
2026-08-05,128.60000610351562,130.1999969482422,127.69999694824219,130.0,130.0,4792641,0.0,0.0
2026-08-06,128.0,128.3000030517578,126.5999984741211,127.30000305175781,127.30000305175781,6278527,0.0,0.0
2026-08-07,128.39999389648438,129.5,126.19999694824219,127.5,127.5,5222222,0.0,0.0
2026-08-10,129.3000030517578,130.60000610351562,128.39999389648438,130.39999389648438,130.39999389648438,5524919,0.0,0.0
2026-08-11,129.8000030517578,130.39999389648438,125.80000305175781,126.5,126.5,8499268,0.0,0.0
2026-08-12,124.5999984741211,124.69999694824219,122.19999694824219,123.0,123.0,9825422,0.0,0.0
2026-08-13,121.0,124.19999694824219,120.9000015258789,123.0,123.0,9335551,0.0,0.0
2026-08-14,115.0,115.30000305175781,109.19999694824219,110.19999694824219,110.19999694824219,37702067,0.0,0.0
2026-08-17,114.0,114.9000015258789,112.5,113.0,113.0,16577807,0.0,0.0
2026-08-18,111.30000305175781,112.19999694824219,109.5,111.0,111.0,10406309,0.0,0.0
2026-08-19,111.69999694824219,113.0,110.19999694824219,112.5999984741211,112.5999984741211,9479346,0.0,0.0
2026-08-20,115.9000015258789,116.5,114.5,114.5,114.5,10924357,0.0,0.0
2026-08-21,115.0,116.5,114.5,115.19999694824219,115.19999694824219,4667667,0.0,0.0
2026-08-24,114.5,114.69999694824219,111.5,113.30000305175781,113.30000305175781,8948895,0.0,0.0
2026-08-25,114.5,115.4000015258789,112.80000305175781,113.0,113.0,5219367,0.0,0.0
2026-08-26,115.19999694824219,115.4000015258789,113.0,113.0999984741211,113.0999984741211,5933692,0.0,0.0
2026-08-27,113.4000015258789,113.69999694824219,111.5999984741211,112.0999984741211,112.0999984741211,6749228,0.0,0.0
2026-08-28,110.80000305175781,111.5,110.19999694824219,110.5,110.5,6250794,0.0,0.0
2026-08-31,111.0999984741211,112.30000305175781,109.9000015258789,112.19999694824219,112.19999694824219,11554090,0.0,0.0
2026-09-01,112.0,112.0,108.30000305175781,108.5999984741211,108.5999984741211,8394925,0.0,0.0
2026-09-02,108.80000305175781,109.19999694824219,107.0999984741211,108.5999984741211,108.5999984741211,8549271,0.0,0.0
2026-09-03,108.69999694824219,109.19999694824219,106.4000015258789,106.9000015258789,106.9000015258789,9131339,0.0,0.0
2026-09-04,109.5999984741211,111.5999984741211,109.4000015258789,110.4000015258789,110.4000015258789,11991160,0.0,0.0
2026-09-07,109.69999694824219,110.4000015258789,108.5,108.80000305175781,108.80000305175781,5250096,0.0,0.0
2026-09-08,107.9000015258789,108.80000305175781,107.69999694824219,108.5999984741211,108.5999984741211,3290291,0.0,0.0
2026-09-09,108.5,108.5,105.69999694824219,106.30000305175781,106.30000305175781,7883560,0.0,0.0
2026-09-10,105.30000305175781,105.80000305175781,104.30000305175781,105.5,105.5,9515249,0.0,0.0
2026-09-11,105.19999694824219,106.69999694824219,104.30000305175781,106.19999694824219,106.19999694824219,8236378,0.0,0.0
2026-09-14,106.9000015258789,106.9000015258789,105.30000305175781,106.0,106.0,4505529,0.0,0.0
2026-09-15,106.5999984741211,107.0999984741211,105.5999984741211,106.30000305175781,106.30000305175781,4505065,0.0,0.0
2026-09-16,106.19999694824219,106.30000305175781,104.9000015258789,105.9000015258789,105.9000015258789,3399264,0.0,0.0
2026-09-17,104.5,105.30000305175781,103.4000015258789,105.0,105.0,5255350,0.0,0.0
2026-09-18,104.80000305175781,105.80000305175781,104.80000305175781,105.0,105.0,7325930,0.0,0.0
2026-09-21,104.5,106.0999984741211,104.5,105.4000015258789,105.4000015258789,4344505,0.0,0.0
2026-09-22,107.0,107.5,106.0,106.5,106.5,4695603,0.0,0.0
2026-09-23,106.5,106.80000305175781,105.5999984741211,106.0999984741211,106.0999984741211,4618879,0.0,0.0
2026-09-24,105.4000015258789,106.19999694824219,104.69999694824219,105.5999984741211,105.5999984741211,4667774,0.0,0.0
2026-09-25,103.80000305175781,104.5,102.0999984741211,103.69999694824219,103.69999694824219,6113882,0.0,0.0
2026-09-28,104.5999984741211,105.30000305175781,103.9000015258789,104.5,104.5,4345358,0.0,0.0
2026-09-29,104.19999694824219,104.19999694824219,102.19999694824219,103.0999984741211,103.0999984741211,6280581,0.0,0.0
2026-09-30,103.0999984741211,104.4000015258789,102.9000015258789,104.30000305175781,104.30000305175781,6470379,0.0,0.0
2026-10-02,101.5999984741211,102.9000015258789,100.4000015258789,102.9000015258789,102.9000015258789,7346791,0.0,0.0
2026-10-05,101.4000015258789,102.4000015258789,100.80000305175781,102.4000015258789,102.4000015258789,5559756,0.0,0.0
2026-10-06,103.30000305175781,104.19999694824219,102.69999694824219,103.5999984741211,103.5999984741211,4450408,0.0,0.0
2026-10-07,103.4000015258789,105.0,102.9000015258789,104.9000015258789,104.9000015258789,4363856,0.0,0.0
