date,open,high,low,close,adj_close,volume,dividends,splits
2020-09-10,410.0,410.0,386.20001220703125,390.20001220703125,385.96826171875,7743601,0.0,0.0
2020-09-11,388.0,398.0,387.79998779296875,397.0,392.6946105957031,1769755,0.0,0.0
2020-09-14,400.20001220703125,405.6000061035156,398.3999938964844,402.0,397.6403503417969,1467763,0.0,0.0
2020-09-15,405.0,405.0,402.20001220703125,404.6000061035156,400.2121887207031,1259950,0.0,0.0
2020-09-16,403.0,403.79998779296875,402.3999938964844,402.3999938964844,398.03607177734375,601800,0.0,0.0
2020-09-17,401.79998779296875,407.6000061035156,399.79998779296875,402.6000061035156,398.2338562011719,966100,0.0,0.0
2020-09-18,401.6000061035156,406.6000061035156,398.6000061035156,406.0,401.5970764160156,1039250,0.0,0.0
2020-09-21,400.0,400.0,391.79998779296875,391.79998779296875,387.55096435546875,810700,0.0,0.0
2020-09-22,391.0,393.6000061035156,387.79998779296875,387.79998779296875,383.59442138671875,758629,0.0,0.0
2020-09-23,391.79998779296875,395.6000061035156,390.6000061035156,391.79998779296875,387.55096435546875,528632,0.0,0.0
2020-09-24,390.0,390.0,385.6000061035156,388.79998779296875,384.58349609375,495372,0.0,0.0
2020-09-25,397.3999938964844,399.6000061035156,391.6000061035156,396.0,391.7054138183594,934440,0.0,0.0
2020-09-28,395.0,396.3999938964844,394.0,396.20001220703125,391.9033203125,108650,0.0,0.0
2020-09-29,398.6000061035156,406.0,398.6000061035156,401.0,396.6512145996094,1070925,0.0,0.0
2020-09-30,401.0,404.0,395.3999938964844,398.0,393.6838073730469,545700,0.0,0.0
2020-10-05,411.79998779296875,412.20001220703125,408.3999938964844,409.3999938964844,404.9601135253906,708790,0.0,0.0
2020-10-06,412.0,413.79998779296875,411.0,412.0,407.53192138671875,343686,0.0,0.0
2020-10-07,411.3999938964844,414.0,411.3999938964844,412.6000061035156,408.1254577636719,434404,0.0,0.0
2020-10-08,411.20001220703125,413.20001220703125,410.20001220703125,411.0,406.54278564453125,218450,0.0,0.0
2020-10-09,411.20001220703125,416.6000061035156,411.20001220703125,413.6000061035156,409.11456298828125,478750,0.0,0.0
2020-10-12,416.0,418.6000061035156,415.20001220703125,416.0,411.4884948730469,610956,0.0,0.0
2020-10-14,416.0,416.0,413.3999938964844,415.0,410.4994201660156,491100,0.0,0.0
2020-10-15,414.0,414.20001220703125,407.6000061035156,410.0,405.5536804199219,217300,0.0,0.0
2020-10-16,410.0,413.6000061035156,410.0,412.79998779296875,408.3232727050781,326750,0.0,0.0
2020-10-19,412.79998779296875,415.79998779296875,412.79998779296875,414.3999938964844,409.9058837890625,277157,0.0,0.0
2020-10-20,412.0,412.6000061035156,408.0,410.79998779296875,406.34490966796875,73250,0.0,0.0
2020-10-21,416.0,416.79998779296875,414.79998779296875,416.3999938964844,411.88421630859375,489200,0.0,0.0
2020-10-22,415.6000061035156,416.0,410.79998779296875,414.6000061035156,410.10382080078125,78719,0.0,0.0
2020-10-23,418.0,421.6000061035156,417.20001220703125,421.6000061035156,417.0278015136719,684678,0.0,0.0
2020-10-27,418.3999938964844,421.3999938964844,418.0,421.0,416.43438720703125,350940,0.0,0.0
2020-10-28,424.0,424.0,414.79998779296875,415.20001220703125,410.6972961425781,210498,0.0,0.0
2020-10-29,411.20001220703125,429.79998779296875,410.6000061035156,428.0,423.35845947265625,861300,0.0,0.0
2020-10-30,425.0,425.3999938964844,413.0,418.0,413.466796875,500288,0.0,0.0
2020-11-02,418.0,418.3999938964844,411.0,412.3999938964844,407.9275817871094,103375,0.0,0.0
2020-11-03,412.20001220703125,412.20001220703125,404.20001220703125,406.0,401.5970764160156,188795,0.0,0.0
2020-11-04,407.79998779296875,415.0,407.79998779296875,409.20001220703125,404.7622375488281,150450,0.0,0.0
2020-11-05,420.0,428.79998779296875,420.0,428.0,423.35845947265625,540850,0.0,0.0
2020-11-06,429.0,433.0,429.0,431.0,426.3258361816406,208200,0.0,0.0
2020-11-09,440.20001220703125,446.20001220703125,440.20001220703125,444.6000061035156,439.7783203125,414820,0.0,0.0
2020-11-10,446.0,449.20001220703125,439.3999938964844,440.3999938964844,435.6239318847656,155800,0.0,0.0
2020-11-11,440.0,447.20001220703125,437.0,446.6000061035156,441.7567138671875,166180,0.0,0.0
2020-11-12,451.20001220703125,456.20001220703125,451.0,456.0,451.0547790527344,354250,0.0,0.0
2020-11-13,455.3999938964844,455.3999938964844,443.20001220703125,451.0,446.10906982421875,71150,0.0,0.0
2020-11-16,451.0,454.20001220703125,447.3999938964844,452.0,447.0981750488281,94265,0.0,0.0
2020-11-17,452.0,456.6000061035156,452.0,456.0,451.0547790527344,426750,0.0,0.0
2020-11-18,455.79998779296875,459.20001220703125,452.3999938964844,457.20001220703125,452.2416687011719,680400,0.0,0.0
2020-11-19,463.0,482.3999938964844,463.0,471.6000061035156,466.48553466796875,569527,0.0,0.0
2020-11-20,468.0,470.3999938964844,466.0,469.20001220703125,464.1116027832031,186500,0.0,0.0
2020-11-23,473.0,473.0,463.0,470.0,464.9029235839844,171420,0.0,0.0
2020-11-24,470.0,478.79998779296875,466.3999938964844,471.79998779296875,466.8025207519531,537314,0.9417336,0.0
2020-11-25,471.6000061035156,471.6000061035156,461.20001220703125,467.79998779296875,462.8450012207031,313680,0.0,0.0
2020-11-26,462.0,462.0,451.20001220703125,454.79998779296875,449.982666015625,151600,0.0,0.0
2020-11-27,454.79998779296875,455.0,451.3999938964844,454.0,449.1910705566406,60650,0.0,0.0
2020-11-30,451.20001220703125,453.0,445.0,445.0,440.2864074707031,178700,0.0,0.0
2020-12-01,439.79998779296875,449.0,437.6000061035156,447.0,442.2652893066406,310100,0.0,0.0
2020-12-02,448.0,453.0,448.0,451.6000061035156,446.8166198730469,181350,0.0,0.0
2020-12-03,444.0,445.79998779296875,442.0,444.79998779296875,440.0885925292969,289700,0.0,0.0
2020-12-04,443.0,447.20001220703125,440.3999938964844,447.0,442.2652893066406,231750,0.0,0.0
2020-12-07,447.0,447.3999938964844,433.3999938964844,446.6000061035156,441.86956787109375,277500,0.0,0.0
2020-12-08,446.0,446.0,440.0,442.20001220703125,437.51605224609375,60872,0.0,0.0
2020-12-09,442.20001220703125,447.6000061035156,441.0,445.3999938964844,440.6822509765625,220810,0.0,0.0
2020-12-10,438.79998779296875,450.79998779296875,438.79998779296875,445.0,440.2864074707031,216200,0.0,0.0
2020-12-11,443.3999938964844,448.3999938964844,441.0,444.79998779296875,440.0885925292969,43250,0.0,0.0
2020-12-14,441.79998779296875,447.0,440.20001220703125,443.79998779296875,439.0992431640625,79200,0.0,0.0
2020-12-15,444.79998779296875,449.3999938964844,444.3999938964844,445.20001220703125,440.484375,376300,0.0,0.0
2020-12-16,447.20001220703125,453.0,443.0,450.0,445.2334899902344,198100,0.0,0.0
2020-12-17,451.20001220703125,457.6000061035156,450.0,455.0,450.18048095703125,234000,0.0,0.0
2020-12-18,455.20001220703125,457.6000061035156,454.79998779296875,455.6000061035156,450.77423095703125,141650,0.0,0.0
2020-12-21,455.20001220703125,455.20001220703125,446.20001220703125,452.20001220703125,447.4102478027344,111420,0.0,0.0
2020-12-22,450.0,450.0,443.20001220703125,444.79998779296875,440.0885925292969,67501,0.0,0.0
2020-12-23,440.0,455.0,440.0,444.79998779296875,440.0885925292969,82350,0.0,0.0
2020-12-24,444.6000061035156,444.6000061035156,444.6000061035156,444.6000061035156,439.89068603515625,0,0.0,0.0
2020-12-28,444.0,450.0,442.0,443.20001220703125,438.50555419921875,122850,0.0,0.0
2020-12-29,443.20001220703125,443.79998779296875,441.20001220703125,443.20001220703125,438.50555419921875,105150,0.0,0.0
2020-12-30,442.3999938964844,450.0,441.6000061035156,449.0,444.2441101074219,136414,0.0,0.0
2020-12-31,447.0,447.0,447.0,447.0,442.2652893066406,0,0.0,0.0
2021-01-04,445.79998779296875,450.0,442.20001220703125,445.6000061035156,440.8801574707031,46050,0.0,0.0
2021-01-05,444.0,452.0,441.0,448.20001220703125,443.4525146484375,190350,0.0,0.0
2021-01-06,448.20001220703125,465.0,448.20001220703125,457.20001220703125,452.357177734375,193400,0.0,0.0
2021-01-07,457.0,457.0,446.0,453.0,448.2017517089844,167850,0.0,0.0
2021-01-08,453.0,459.79998779296875,448.79998779296875,456.3999938964844,451.56573486328125,169600,0.0,0.0
2021-01-11,460.3999938964844,472.0,460.3999938964844,468.0,463.0428466796875,160648,0.0,0.0
2021-01-12,472.79998779296875,472.79998779296875,461.20001220703125,461.6000061035156,456.71063232421875,105960,0.0,0.0
2021-01-13,460.0,460.0,447.0,449.0,444.2441101074219,265607,0.0,0.0
2021-01-14,455.0,455.79998779296875,452.20001220703125,455.0,450.18048095703125,108095,0.0,0.0
2021-01-15,452.0,456.0,448.20001220703125,450.6000061035156,445.8271789550781,270158,0.0,0.0
2021-01-18,446.3999938964844,453.0,445.0,450.3999938964844,445.6293029785156,105749,0.0,0.0
2021-01-19,450.3999938964844,456.0,447.0,452.79998779296875,448.00384521484375,278213,0.0,0.0
2021-01-20,458.20001220703125,464.6000061035156,458.20001220703125,460.0,455.1275939941406,167500,0.0,0.0
2021-01-21,456.20001220703125,461.0,455.79998779296875,459.0,454.13818359375,144463,0.0,0.0
2021-01-22,458.0,462.0,455.79998779296875,459.0,454.13818359375,135763,0.0,0.0
2021-01-25,458.0,461.3999938964844,453.6000061035156,459.0,454.13818359375,186775,0.0,0.0
2021-01-26,459.0,459.0,443.3999938964844,446.0,441.27587890625,346400,0.0,0.0
2021-01-27,455.20001220703125,460.0,454.79998779296875,459.20001220703125,454.336181640625,222450,0.0,0.0
2021-01-28,447.0,453.6000061035156,445.20001220703125,446.79998779296875,442.0673828125,101479,0.0,0.0
2021-01-29,446.3999938964844,449.0,436.79998779296875,442.0,437.31829833984375,339950,0.0,0.0
2021-02-01,437.3999938964844,448.6000061035156,437.3999938964844,445.20001220703125,440.484375,94800,0.0,0.0
2021-02-02,445.3999938964844,457.6000061035156,445.3999938964844,452.6000061035156,447.8059387207031,199165,0.0,0.0
2021-02-03,452.79998779296875,458.0,450.6000061035156,453.0,448.2017517089844,180050,0.0,0.0
2021-02-04,456.0,456.6000061035156,437.6000061035156,438.0,433.360595703125,310161,0.0,0.0
2021-02-05,437.0,438.6000061035156,431.0,431.0,426.434814453125,748706,0.0,0.0
2021-02-08,443.20001220703125,448.79998779296875,442.79998779296875,446.0,441.27587890625,573292,0.0,0.0
2021-02-09,456.0,466.0,456.0,463.0,458.0958251953125,507935,0.0,0.0
2021-02-10,468.6000061035156,474.6000061035156,468.6000061035156,472.3999938964844,467.396240234375,394220,0.0,0.0
2021-02-11,473.0,473.0,473.0,473.0,467.9898681640625,0,0.0,0.0
2021-02-16,480.79998779296875,485.6000061035156,480.79998779296875,481.20001220703125,476.10308837890625,164572,0.0,0.0
2021-02-17,491.0,506.0,491.0,503.0,497.67218017578125,629589,0.0,0.0
2021-02-18,503.0,503.0,493.20001220703125,497.0,491.7356872558594,320428,0.0,0.0
2021-02-19,488.79998779296875,496.6000061035156,488.79998779296875,496.3999938964844,491.14208984375,219090,0.0,0.0
2021-02-22,493.79998779296875,493.79998779296875,483.0,483.6000061035156,478.47760009765625,206902,0.0,0.0
2021-02-23,481.0,486.6000061035156,472.0,480.3999938964844,475.3114929199219,216294,0.0,0.0
2021-02-24,472.0,478.3999938964844,461.0,465.0,460.0747375488281,566168,0.0,0.0
2021-02-25,475.0,480.0,466.3999938964844,474.3999938964844,469.375,187294,0.0,0.0
2021-02-26,468.0,470.0,465.0,465.79998779296875,460.8661804199219,414500,0.0,0.0
2021-03-01,465.79998779296875,485.0,465.79998779296875,469.79998779296875,464.82373046875,161800,0.0,0.0
2021-03-02,468.0,469.0,465.0,466.0,461.1817321777344,172200,0.9417336,0.0
2021-03-03,463.20001220703125,473.3999938964844,461.3999938964844,470.79998779296875,465.93218994140625,214650,0.0,0.0
2021-03-04,461.0,482.0,460.6000061035156,470.0,465.1404724121094,488983,0.0,0.0
2021-03-05,465.0,475.6000061035156,457.3999938964844,470.0,465.1404724121094,478635,0.0,0.0
2021-03-08,470.20001220703125,474.6000061035156,468.0,471.3999938964844,466.5259094238281,456350,0.0,0.0
2021-03-09,471.0,485.0,471.0,475.6000061035156,470.68255615234375,412143,0.0,0.0
2021-03-10,475.6000061035156,479.6000061035156,472.0,472.0,467.11981201171875,152650,0.0,0.0
2021-03-11,470.0,474.79998779296875,468.0,470.0,465.1404724121094,215450,0.0,0.0
2021-03-12,471.0,482.79998779296875,471.0,478.0,473.05780029296875,108950,0.0,0.0
2021-03-15,480.0,480.0,471.79998779296875,473.20001220703125,468.30743408203125,65750,0.0,0.0
2021-03-16,483.0,490.3999938964844,483.0,486.79998779296875,481.7667541503906,152175,0.0,0.0
2021-03-17,485.0,485.0,478.0,480.0,475.03704833984375,209619,0.0,0.0
2021-03-18,479.79998779296875,482.3999938964844,476.3999938964844,479.0,474.0474548339844,155000,0.0,0.0
2021-03-19,474.0,474.0,466.79998779296875,474.0,469.0990905761719,128800,0.0,0.0
2021-03-22,476.3999938964844,476.3999938964844,467.79998779296875,469.79998779296875,464.9424743652344,123800,0.0,0.0
2021-03-23,479.6000061035156,479.6000061035156,470.79998779296875,474.79998779296875,469.89080810546875,216012,0.0,0.0
2021-03-24,469.79998779296875,474.6000061035156,465.20001220703125,470.3999938964844,465.536376953125,553151,0.0,0.0
2021-03-25,461.79998779296875,475.0,461.6000061035156,469.0,464.1507873535156,378020,0.0,0.0
2021-03-26,465.0,470.0,460.0,463.0,458.21282958984375,343855,0.0,0.0
2021-03-29,463.0,463.0,454.0,457.20001220703125,452.4728088378906,118100,0.0,0.0
2021-03-30,454.0,457.0,451.6000061035156,453.79998779296875,449.10791015625,159752,0.0,0.0
2021-03-31,455.79998779296875,457.0,452.0,454.0,449.30584716796875,143500,0.0,0.0
2021-04-01,454.6000061035156,462.3999938964844,454.6000061035156,461.3999938964844,456.62939453125,52070,0.0,0.0
2021-04-07,469.6000061035156,469.6000061035156,459.79998779296875,460.0,455.243896484375,83654,0.0,0.0
2021-04-08,468.0,473.79998779296875,462.20001220703125,467.3999938964844,462.5673522949219,47850,0.0,0.0
2021-04-09,464.20001220703125,471.79998779296875,464.20001220703125,469.6000061035156,464.7445983886719,128636,0.0,0.0
2021-04-12,464.0,468.0,464.0,464.3999938964844,459.5984191894531,56617,0.0,0.0
2021-04-13,469.20001220703125,469.20001220703125,463.6000061035156,464.0,459.2025451660156,32450,0.0,0.0
2021-04-14,464.0,470.0,464.0,466.0,461.1817321777344,25850,0.0,0.0
2021-04-15,466.0,472.0,464.20001220703125,468.0,463.1611022949219,64050,0.0,0.0
2021-04-16,468.0,472.0,466.6000061035156,469.0,464.1507873535156,115570,0.0,0.0
2021-04-19,467.20001220703125,471.3999938964844,464.6000061035156,471.3999938964844,466.5259094238281,102800,0.0,0.0
2021-04-20,474.3999938964844,474.3999938964844,459.3999938964844,460.0,455.243896484375,79340,0.0,0.0
2021-04-21,462.0,462.0,455.3999938964844,455.3999938964844,450.69140625,56550,0.0,0.0
2021-04-22,457.0,465.20001220703125,450.0,455.20001220703125,450.4934997558594,73750,0.0,0.0
2021-04-23,462.0,462.0,453.79998779296875,459.0,454.2541809082031,100359,0.0,0.0
2021-04-26,455.0,460.79998779296875,455.0,456.0,451.28521728515625,45500,0.0,0.0
2021-04-27,461.20001220703125,464.79998779296875,456.20001220703125,461.20001220703125,456.4315490722656,100761,0.0,0.0
2021-04-28,479.0,499.6000061035156,477.79998779296875,486.0,480.9750061035156,499240,0.0,0.0
2021-04-29,490.0,499.0,490.0,495.79998779296875,490.6737060546875,243990,0.0,0.0
2021-04-30,494.79998779296875,494.79998779296875,488.6000061035156,489.6000061035156,484.537841796875,41250,0.0,0.0
2021-05-03,491.0,491.20001220703125,487.20001220703125,491.0,485.92333984375,50158,0.0,0.0
2021-05-04,490.0,490.0,485.20001220703125,488.6000061035156,483.548095703125,156300,0.0,0.0
2021-05-05,485.0,485.0,478.3999938964844,482.20001220703125,477.2143859863281,187776,0.0,0.0
2021-05-06,483.79998779296875,486.20001220703125,477.79998779296875,485.3999938964844,480.3811950683594,209008,0.0,0.0
2021-05-07,477.20001220703125,484.3999938964844,477.20001220703125,484.3999938964844,479.3915710449219,99376,0.0,0.0
2021-05-10,484.79998779296875,487.79998779296875,478.0,480.0,475.03704833984375,19113,0.0,0.0
2021-05-11,475.6000061035156,485.0,472.20001220703125,473.79998779296875,468.9010925292969,163750,0.0,0.0
2021-05-12,490.0,490.0,475.3999938964844,479.0,474.0474548339844,86850,0.0,0.0
2021-05-13,472.20001220703125,473.3999938964844,468.0,471.20001220703125,466.3279724121094,67800,0.0,0.0
2021-05-14,476.0,484.20001220703125,474.20001220703125,477.79998779296875,472.8597717285156,127465,0.0,0.0
2021-05-17,485.0,490.0,483.20001220703125,486.20001220703125,481.17291259765625,75500,0.0,0.0
2021-05-18,488.6000061035156,493.6000061035156,488.6000061035156,493.0,487.9026184082031,87800,0.0,0.0
2021-05-20,499.79998779296875,505.0,497.6000061035156,502.0,496.8095397949219,202600,0.0,0.0
2021-05-21,505.0,505.5,502.0,503.5,498.2941589355469,88013,0.0,0.0
2021-05-24,502.5,505.0,501.5,505.0,499.8977355957031,78450,0.9417336,0.0
2021-05-25,505.0,506.5,502.0,503.0,497.91790771484375,69056,0.0,0.0
2021-05-26,505.5,507.0,503.5,506.0,500.8876953125,87136,0.0,0.0
2021-05-27,509.0,515.0,509.0,514.0,508.8068542480469,94890,0.0,0.0
2021-05-28,515.0,519.0,513.5,515.0,509.7967834472656,86463,0.0,0.0
2021-05-31,520.0,520.0,513.5,516.5,511.2816162109375,127055,0.0,0.0
2021-06-01,519.0,525.5,519.0,524.5,519.20068359375,105850,0.0,0.0
2021-06-02,532.0,537.0,529.5,532.5,527.1199340820312,241350,0.0,0.0
2021-06-03,536.0,544.0,534.0,536.5,531.0795288085938,131450,0.0,0.0
2021-06-04,529.0,529.0,521.5,522.5,517.2208862304688,74426,0.0,0.0
2021-06-07,531.5,532.5,524.0,529.5,524.1500244140625,40650,0.0,0.0
2021-06-08,531.0,535.0,530.5,533.5,528.10986328125,52093,0.0,0.0
2021-06-09,534.0,541.0,533.0,533.5,528.10986328125,50053,0.0,0.0
2021-06-10,535.0,535.0,528.0,529.0,523.6552124023438,89731,0.0,0.0
2021-06-11,533.0,540.0,532.5,533.0,527.6148071289062,45550,0.0,0.0
2021-06-15,533.5,534.0,527.5,531.0,525.635009765625,109750,0.0,0.0
2021-06-16,532.5,532.5,518.0,521.5,516.23095703125,136984,0.0,0.0
2021-06-17,519.0,520.0,510.5,513.5,508.31182861328125,232884,0.0,0.0
2021-06-18,511.5,518.5,511.5,516.0,510.78662109375,147450,0.0,0.0
2021-06-21,516.0,516.0,505.0,509.5,504.352294921875,59200,0.0,0.0
2021-06-22,509.5,523.0,509.5,520.0,514.74609375,48300,0.0,0.0
2021-06-23,517.5,521.5,515.0,520.5,515.2412719726562,16292,0.0,0.0
2021-06-24,518.0,519.0,511.5,517.5,512.2714233398438,32700,0.0,0.0
2021-06-25,519.5,523.5,514.0,517.0,511.7764587402344,136250,0.0,0.0
2021-06-28,511.0,515.0,507.5,510.0,504.84716796875,69500,0.0,0.0
2021-06-29,510.0,512.5,504.0,505.0,499.8977355957031,79150,0.0,0.0
2021-06-30,508.0,516.0,506.0,506.5,501.382568359375,110150,0.0,0.0
2021-07-02,505.0,511.0,500.0,506.0,500.8876953125,176995,0.0,0.0
2021-07-05,510.0,521.5,510.0,514.5,509.3017883300781,76600,0.0,0.0
2021-07-06,514.5,514.5,508.0,512.0,506.8270568847656,88400,0.0,0.0
2021-07-07,517.0,517.0,512.0,512.0,506.8270568847656,47466,0.0,0.0
2021-07-08,514.0,516.0,505.5,509.0,503.8572998046875,110950,0.0,0.0
2021-07-09,502.0,509.5,499.0,506.0,500.8876953125,134353,0.0,0.0
2021-07-12,506.0,512.5,506.0,511.0,505.83709716796875,77348,0.0,0.0
2021-07-13,512.0,514.0,509.5,511.0,505.83709716796875,58200,0.0,0.0
2021-07-14,511.0,514.5,503.5,507.0,501.8775329589844,24000,0.0,0.0
2021-07-15,508.5,510.5,508.5,509.0,503.8572998046875,81868,0.0,0.0
2021-07-16,508.5,510.5,508.0,510.0,504.84716796875,21670,0.0,0.0
2021-07-19,508.0,509.5,500.5,505.0,499.8977355957031,101350,0.0,0.0
2021-07-20,503.0,503.0,492.0,500.0,494.9482116699219,57700,0.0,0.0
2021-07-21,498.0,506.0,498.0,501.0,495.9382019042969,80550,0.0,0.0
2021-07-22,503.0,516.5,503.0,510.5,505.3421936035156,132750,0.0,0.0
2021-07-23,508.0,514.0,508.0,511.5,506.3320617675781,41071,0.0,0.0
2021-07-26,509.0,511.0,503.0,505.5,500.3927307128906,144050,0.0,0.0
2021-07-27,501.0,501.0,452.79998779296875,467.79998779296875,463.07354736328125,1105995,0.0,0.0
2021-07-28,467.79998779296875,495.0,467.79998779296875,480.0,475.15032958984375,1657086,0.0,0.0
2021-07-29,479.0,485.0,462.0,476.6000061035156,471.78466796875,413114,0.0,0.0
2021-07-30,481.79998779296875,485.0,470.20001220703125,475.3999938964844,470.5967712402344,185317,0.0,0.0
2021-08-02,485.0,485.0,470.3999938964844,480.0,475.15032958984375,175334,0.0,0.0
2021-08-03,480.0,485.0,473.0,480.0,475.15032958984375,210657,0.0,0.0
2021-08-04,484.79998779296875,484.79998779296875,476.6000061035156,479.6000061035156,474.7543029785156,121750,0.0,0.0
2021-08-05,479.6000061035156,484.20001220703125,477.79998779296875,478.79998779296875,473.9624938964844,234350,0.0,0.0
2021-08-06,478.0,478.0,472.0,473.6000061035156,468.8150329589844,43175,0.0,0.0
2021-08-09,473.0,482.6000061035156,473.0,480.20001220703125,475.3482666015625,87594,0.0,0.0
2021-08-10,480.20001220703125,482.0,473.3999938964844,480.20001220703125,475.3482666015625,107138,0.0,0.0
2021-08-11,475.0,480.0,471.20001220703125,474.79998779296875,470.0028381347656,89379,0.0,0.0
2021-08-12,472.0,473.79998779296875,465.20001220703125,468.0,463.2715759277344,99850,0.0,0.0
2021-08-13,474.0,474.0,466.20001220703125,471.3999938964844,466.6371765136719,78328,0.0,0.0
2021-08-16,475.0,477.3999938964844,472.20001220703125,473.3999938964844,468.6170349121094,47100,0.0,0.0
2021-08-17,466.0,473.3999938964844,465.3999938964844,466.20001220703125,461.4897766113281,98258,0.0,0.0
2021-08-18,470.0,475.6000061035156,465.0,474.0,469.2110290527344,48948,0.0,0.0
2021-08-19,470.0,475.0,455.6000061035156,457.20001220703125,452.5807189941406,104100,0.0,0.0
2021-08-20,459.0,461.79998779296875,450.20001220703125,453.0,448.4230651855469,133800,0.0,0.0
2021-08-23,450.6000061035156,468.20001220703125,450.6000061035156,461.20001220703125,456.5402526855469,150900,0.0,0.0
2021-08-24,467.0,472.20001220703125,464.6000061035156,471.20001220703125,466.5605773925781,159689,0.9417336,0.0
2021-08-25,474.79998779296875,479.3999938964844,471.79998779296875,477.6000061035156,472.8976745605469,93650,0.0,0.0
2021-08-26,477.3999938964844,481.0,476.6000061035156,480.0,475.27398681640625,258862,0.0,0.0
2021-08-27,475.0,475.0,468.20001220703125,473.6000061035156,468.9370422363281,191850,0.0,0.0
2021-08-30,472.0,473.20001220703125,467.20001220703125,469.6000061035156,464.9764404296875,101800,0.0,0.0
2021-08-31,475.3999938964844,481.79998779296875,472.0,479.0,474.2838134765625,284863,0.0,0.0
2021-09-01,480.3999938964844,487.0,478.6000061035156,483.79998779296875,479.03656005859375,127935,0.0,0.0
2021-09-02,485.0,489.79998779296875,485.0,489.20001220703125,484.3833923339844,119600,0.0,0.0
2021-09-03,488.79998779296875,496.0,486.3999938964844,495.3999938964844,490.5223693847656,192200,0.0,0.0
2021-09-06,490.0,499.6000061035156,488.0,494.79998779296875,489.92822265625,101150,0.0,0.0
2021-09-07,495.6000061035156,500.0,490.6000061035156,498.20001220703125,493.2947998046875,88800,0.0,0.0
2021-09-08,486.20001220703125,490.3999938964844,486.20001220703125,489.0,484.18536376953125,125250,0.0,0.0
2021-09-09,485.0,485.20001220703125,480.20001220703125,483.0,478.2444152832031,112450,0.0,0.0
2021-09-10,478.6000061035156,494.6000061035156,478.6000061035156,484.0,479.23468017578125,73477,0.0,0.0
2021-09-13,488.0,491.6000061035156,475.79998779296875,480.20001220703125,475.47198486328125,44550,0.0,0.0
2021-09-14,485.6000061035156,487.79998779296875,476.6000061035156,477.6000061035156,472.8976745605469,12250,0.0,0.0
2021-09-15,470.0,470.0,451.0,456.0,451.51031494140625,346200,0.0,0.0
2021-09-16,450.0,453.79998779296875,430.79998779296875,443.6000061035156,439.23236083984375,167165,0.0,0.0
2021-09-17,437.0,437.0,428.0,429.79998779296875,425.5682678222656,290974,0.0,0.0
2021-09-20,429.6000061035156,429.79998779296875,411.79998779296875,416.3999938964844,412.3001403808594,212739,0.0,0.0
2021-09-21,416.20001220703125,425.6000061035156,416.20001220703125,423.6000061035156,419.4293518066406,67150,0.0,0.0
2021-09-23,426.3999938964844,433.3999938964844,422.0,426.20001220703125,422.0036926269531,118400,0.0,0.0
2021-09-24,435.0,450.3999938964844,435.0,449.79998779296875,445.3712463378906,599925,0.0,0.0
2021-09-27,451.0,471.20001220703125,451.0,456.20001220703125,451.7083740234375,200533,0.0,0.0
2021-09-28,460.0,460.0,452.6000061035156,456.20001220703125,451.7083740234375,115953,0.0,0.0
2021-09-29,452.0,461.6000061035156,450.3999938964844,461.6000061035156,457.0552062988281,75303,0.0,0.0
2021-09-30,451.0,462.79998779296875,451.0,460.6000061035156,456.0650329589844,92150,0.0,0.0
2021-10-04,459.3999938964844,462.20001220703125,447.3999938964844,453.6000061035156,449.1339111328125,92400,0.0,0.0
2021-10-05,453.3999938964844,457.0,448.6000061035156,456.0,451.51031494140625,30811,0.0,0.0
2021-10-06,456.0,460.6000061035156,449.0,450.3999938964844,445.9654541015625,128500,0.0,0.0
2021-10-07,453.6000061035156,472.79998779296875,453.6000061035156,470.0,465.37249755859375,230400,0.0,0.0
2021-10-08,470.0,471.20001220703125,462.0,464.79998779296875,460.2236328125,66677,0.0,0.0
2021-10-11,478.0,478.0,457.20001220703125,464.0,459.4314880371094,119150,0.0,0.0
2021-10-12,475.0,475.0,459.79998779296875,464.79998779296875,460.2236328125,53281,0.0,0.0
2021-10-15,473.79998779296875,478.0,459.0,464.20001220703125,459.6295471191406,92650,0.0,0.0
2021-10-18,464.20001220703125,472.79998779296875,464.20001220703125,470.6000061035156,465.96649169921875,144550,0.0,0.0
2021-10-19,466.0,475.6000061035156,464.20001220703125,472.0,467.3526916503906,175650,0.0,0.0
2021-10-20,472.20001220703125,476.0,471.0,473.79998779296875,469.1349792480469,43250,0.0,0.0
2021-10-21,473.79998779296875,473.79998779296875,465.0,467.0,462.4018859863281,89832,0.0,0.0
2021-10-22,474.0,474.0,468.0,471.3999938964844,466.75860595703125,59850,0.0,0.0
2021-10-25,474.0,474.0,463.20001220703125,464.6000061035156,460.0256042480469,48450,0.0,0.0
2021-10-26,478.20001220703125,478.20001220703125,461.6000061035156,462.0,457.45123291015625,45600,0.0,0.0
2021-10-27,461.79998779296875,461.79998779296875,450.0,450.0,445.5693054199219,139200,0.0,0.0
2021-10-28,450.0,460.3999938964844,450.0,451.0,446.55950927734375,68017,0.0,0.0
2021-10-29,461.0,461.0,452.20001220703125,456.0,451.51031494140625,104250,0.0,0.0
2021-11-01,454.0,454.0,438.6000061035156,445.0,440.61859130859375,138377,0.0,0.0
2021-11-02,455.0,455.0,446.79998779296875,449.79998779296875,445.3712463378906,127650,0.0,0.0
2021-11-03,440.0,440.6000061035156,433.20001220703125,439.6000061035156,435.27178955078125,187068,0.0,0.0
2021-11-04,439.20001220703125,450.0,439.0,446.0,441.6087951660156,123700,0.0,0.0
2021-11-05,446.0,452.6000061035156,440.0,449.79998779296875,445.3712463378906,605882,0.0,0.0
2021-11-08,449.79998779296875,449.79998779296875,436.3999938964844,445.20001220703125,440.816650390625,26023,0.0,0.0
2021-11-09,441.20001220703125,447.79998779296875,437.79998779296875,439.0,434.67767333984375,24085,0.0,0.0
2021-11-10,436.0,438.79998779296875,430.20001220703125,433.0,428.73675537109375,113477,0.0,0.0
2021-11-11,430.0,438.0,430.0,437.0,432.6973876953125,115800,0.0,0.0
2021-11-12,437.0,437.0,426.79998779296875,428.6000061035156,424.3800354003906,79753,0.0,0.0
2021-11-15,425.0,430.3999938964844,425.0,428.0,423.7859802246094,26265,0.0,0.0
2021-11-16,429.0,430.79998779296875,427.20001220703125,429.3999938964844,425.17218017578125,42797,0.0,0.0
2021-11-17,429.3999938964844,435.20001220703125,426.6000061035156,428.79998779296875,424.578125,127177,0.0,0.0
2021-11-18,428.79998779296875,428.79998779296875,421.20001220703125,422.3999938964844,418.2411193847656,77497,0.0,0.0
2021-11-19,421.0,421.6000061035156,413.3999938964844,420.0,415.8647766113281,124388,0.0,0.0
2021-11-22,420.0,422.6000061035156,418.3999938964844,421.0,416.8548889160156,69268,0.0,0.0
2021-11-23,416.0,421.0,412.6000061035156,420.0,415.9833068847656,71576,0.9417336,0.0
2021-11-24,416.6000061035156,433.20001220703125,412.6000061035156,421.3999938964844,417.3699035644531,69250,0.0,0.0
2021-11-25,423.0,423.0,413.6000061035156,418.0,414.0024108886719,46200,0.0,0.0
2021-11-26,420.0,421.3999938964844,410.0,410.20001220703125,406.2770080566406,49698,0.0,0.0
2021-11-29,410.0,410.0,402.6000061035156,403.3999938964844,399.5420227050781,220774,0.0,0.0
2021-11-30,400.0,400.0,389.20001220703125,390.20001220703125,386.4682922363281,274364,0.0,0.0
2021-12-01,404.0,404.0,387.79998779296875,397.3999938964844,393.5994567871094,172837,0.0,0.0
2021-12-02,397.3999938964844,397.3999938964844,389.20001220703125,391.79998779296875,388.05291748046875,71972,0.0,0.0
2021-12-03,396.20001220703125,403.0,391.0,396.20001220703125,392.41094970703125,77300,0.0,0.0
2021-12-06,396.0,408.0,390.20001220703125,391.0,387.2606201171875,103650,0.0,0.0
2021-12-07,399.6000061035156,406.20001220703125,395.20001220703125,404.79998779296875,400.9285888671875,221698,0.0,0.0
2021-12-08,412.0,412.0,400.20001220703125,407.0,403.1075744628906,165086,0.0,0.0
2021-12-09,407.0,408.79998779296875,400.6000061035156,406.79998779296875,402.9095458984375,80706,0.0,0.0
2021-12-10,392.20001220703125,403.6000061035156,390.3999938964844,402.0,398.1554870605469,64600,0.0,0.0
2021-12-13,400.0,413.0,392.3999938964844,400.20001220703125,396.3727111816406,169800,0.0,0.0
2021-12-14,390.0,390.0,385.0,387.20001220703125,383.49700927734375,114000,0.0,0.0
2021-12-15,384.0,385.0,374.3999938964844,378.79998779296875,375.1773986816406,97222,0.0,0.0
2021-12-16,389.0,389.0,368.6000061035156,375.0,371.4136962890625,79067,0.0,0.0
2021-12-17,376.6000061035156,381.3999938964844,371.0,371.0,367.4518737792969,97560,0.0,0.0
2021-12-20,376.3999938964844,377.0,363.3999938964844,366.6000061035156,363.093994140625,192495,0.0,0.0
2021-12-21,370.0,373.6000061035156,361.6000061035156,368.6000061035156,365.0748291015625,70700,0.0,0.0
2021-12-22,370.79998779296875,378.0,370.79998779296875,376.0,372.4041442871094,112860,0.0,0.0
2021-12-23,375.79998779296875,379.20001220703125,369.3999938964844,377.79998779296875,374.1867980957031,112269,0.0,0.0
2021-12-24,378.0,378.79998779296875,370.20001220703125,376.0,372.4041442871094,70626,0.0,0.0
2021-12-28,384.20001220703125,384.20001220703125,373.20001220703125,376.0,372.4041442871094,39650,0.0,0.0
2021-12-29,376.0,376.0,367.20001220703125,370.0,366.46148681640625,117189,0.0,0.0
2021-12-30,371.3999938964844,375.20001220703125,370.0,373.3999938964844,369.8289794921875,104517,0.0,0.0
2021-12-31,380.0,387.20001220703125,380.0,382.6000061035156,378.94097900390625,11700,0.0,0.0
2022-01-03,385.0,403.0,385.0,390.3999938964844,386.6663513183594,73433,0.0,0.0
2022-01-04,386.6000061035156,386.6000061035156,379.6000061035156,385.79998779296875,382.1103515625,54100,0.0,0.0
2022-01-05,380.0,383.20001220703125,377.3999938964844,377.6000061035156,373.98876953125,90428,0.0,0.0
2022-01-06,366.79998779296875,375.6000061035156,364.20001220703125,369.3999938964844,365.86724853515625,98586,0.0,0.0
2022-01-07,379.0,382.79998779296875,378.20001220703125,379.3999938964844,375.77154541015625,43942,0.0,0.0
2022-01-10,387.0,389.6000061035156,383.0,385.0,381.3179931640625,104100,0.0,0.0
2022-01-11,381.0,382.0,376.20001220703125,377.0,373.3945007324219,109500,0.0,0.0
2022-01-12,378.0,383.79998779296875,378.0,380.3999938964844,376.76202392578125,104504,0.0,0.0
2022-01-13,380.0,380.0,371.6000061035156,376.79998779296875,373.1964416503906,132250,0.0,0.0
2022-01-14,379.0,379.0,372.0,375.79998779296875,372.20599365234375,78000,0.0,0.0
2022-01-17,369.0,369.0,353.0,361.0,357.54754638671875,77550,0.0,0.0
2022-01-18,362.79998779296875,366.0,361.6000061035156,362.0,358.53802490234375,141000,0.0,0.0
2022-01-19,369.0,369.0,351.0,354.79998779296875,351.4068298339844,159550,0.0,0.0
2022-01-20,354.79998779296875,361.6000061035156,352.3999938964844,361.6000061035156,358.141845703125,182950,0.0,0.0
2022-01-21,368.3999938964844,377.6000061035156,363.0,372.20001220703125,368.6404113769531,276400,0.0,0.0
2022-01-24,359.6000061035156,361.0,355.20001220703125,360.6000061035156,357.1513977050781,131750,0.0,0.0
2022-01-25,362.20001220703125,362.20001220703125,353.3999938964844,356.0,352.5953674316406,56950,0.0,0.0
2022-01-26,352.0,355.3999938964844,350.0,352.0,348.6336364746094,71800,0.0,0.0
2022-01-27,345.0,351.6000061035156,345.0,348.79998779296875,345.4642333984375,77550,0.0,0.0
2022-01-28,348.6000061035156,355.79998779296875,343.20001220703125,349.20001220703125,345.86041259765625,154650,0.0,0.0
2022-01-31,364.6000061035156,364.6000061035156,364.6000061035156,364.6000061035156,361.11309814453125,0,0.0,0.0
2022-02-04,366.0,368.0,359.79998779296875,365.20001220703125,361.7073974609375,249334,0.0,0.0
2022-02-07,368.3999938964844,371.6000061035156,365.79998779296875,370.3999938964844,366.85760498046875,45650,0.0,0.0
2022-02-08,362.0,362.0,353.6000061035156,358.0,354.5762634277344,599419,0.0,0.0
2022-02-09,358.0,369.0,341.20001220703125,347.3999938964844,344.0775451660156,922175,0.0,0.0
2022-02-10,367.0,378.6000061035156,367.0,377.0,373.3945007324219,798450,0.0,0.0
2022-02-11,395.79998779296875,403.79998779296875,393.3999938964844,396.3999938964844,392.60894775390625,861257,0.0,0.0
2022-02-14,396.3999938964844,402.6000061035156,388.6000061035156,391.6000061035156,387.8548583984375,398690,0.0,0.0
2022-02-15,390.0,400.0,390.0,398.79998779296875,394.9860534667969,210550,0.0,0.0
2022-02-16,398.0,415.0,398.0,412.79998779296875,408.8521423339844,391408,0.0,0.0
2022-02-17,405.6000061035156,409.79998779296875,402.3999938964844,407.20001220703125,403.30560302734375,104350,0.0,0.0
2022-02-18,407.20001220703125,413.79998779296875,400.0,404.79998779296875,400.9285888671875,159500,0.0,0.0
2022-02-21,405.20001220703125,411.0,405.20001220703125,406.79998779296875,402.9095458984375,121600,0.0,0.0
2022-02-22,405.20001220703125,405.20001220703125,395.20001220703125,395.20001220703125,391.4205322265625,96450,0.0,0.0
2022-02-23,407.79998779296875,415.6000061035156,406.0,410.20001220703125,406.2770080566406,187131,0.0,0.0
2022-02-24,400.3999938964844,403.0,391.79998779296875,392.0,388.2510986328125,199709,0.0,0.0
2022-02-25,396.20001220703125,406.79998779296875,395.20001220703125,396.79998779296875,393.0052185058594,118605,0.0,0.0
2022-02-28,398.0,400.0,391.20001220703125,396.6000061035156,392.80718994140625,186703,0.0,0.0
2022-03-01,403.0,417.3999938964844,399.3999938964844,404.0,400.1362609863281,96400,0.0,0.0
2022-03-02,407.0,407.0,400.0,400.0,396.174560546875,49800,0.0,0.0
2022-03-03,418.79998779296875,428.0,413.3999938964844,416.3999938964844,412.41766357421875,118823,0.0,0.0
2022-03-04,407.0,407.0,398.20001220703125,399.20001220703125,395.3821716308594,154099,0.0,0.0
2022-03-07,396.0,396.0,373.6000061035156,373.6000061035156,370.1382751464844,241651,0.9417336,0.0
2022-03-08,372.20001220703125,373.20001220703125,363.0,365.20001220703125,361.816162109375,256679,0.0,0.0
2022-03-09,384.79998779296875,384.79998779296875,352.3999938964844,361.3999938964844,358.0513610839844,153990,0.0,0.0
2022-03-10,386.6000061035156,397.0,380.20001220703125,381.79998779296875,378.2622985839844,218542,0.0,0.0
2022-03-11,347.0,368.79998779296875,335.0,359.0,355.6735534667969,791354,0.0,0.0
2022-03-14,305.20001220703125,322.6000061035156,288.79998779296875,290.0,287.31292724609375,1684501,0.0,0.0
2022-03-15,289.79998779296875,305.20001220703125,281.0,290.0,287.31292724609375,978946,0.0,0.0
2022-03-16,319.0,347.0,306.6000061035156,338.0,334.8681640625,667850,0.0,0.0
2022-03-17,340.0,346.79998779296875,321.20001220703125,330.6000061035156,327.53680419921875,610962,0.0,0.0
2022-03-18,358.0,358.0,335.79998779296875,345.0,341.8032531738281,375187,0.0,0.0
2022-03-21,354.6000061035156,354.6000061035156,335.20001220703125,338.79998779296875,335.6607666015625,93516,0.0,0.0
2022-03-22,335.0,337.6000061035156,330.79998779296875,337.0,333.8774108886719,104075,0.0,0.0
2022-03-23,356.0,361.20001220703125,350.20001220703125,352.0,348.73846435546875,366194,0.0,0.0
2022-03-24,340.0,348.20001220703125,332.20001220703125,334.20001220703125,331.1033630371094,164949,0.0,0.0
2022-03-25,341.0,341.79998779296875,325.6000061035156,326.0,322.97930908203125,156482,0.0,0.0
2022-03-28,326.0,326.20001220703125,314.79998779296875,319.79998779296875,316.8367614746094,169900,0.0,0.0
2022-03-29,322.79998779296875,335.79998779296875,322.79998779296875,335.20001220703125,332.0941467285156,177452,0.0,0.0
2022-03-30,335.3999938964844,352.0,335.20001220703125,345.6000061035156,342.397705078125,293458,0.0,0.0
2022-03-31,340.79998779296875,348.0,339.6000061035156,347.6000061035156,344.3792724609375,190272,0.0,0.0
2022-04-01,338.0,340.3999938964844,325.20001220703125,337.3999938964844,334.2737121582031,191525,0.0,0.0
2022-04-04,350.0,358.0,343.3999938964844,355.3999938964844,352.1069030761719,227500,0.0,0.0
2022-04-06,355.3999938964844,355.3999938964844,335.0,340.6000061035156,337.4441223144531,195660,0.0,0.0
2022-04-07,333.3999938964844,340.79998779296875,327.0,327.3999938964844,324.3663635253906,162661,0.0,0.0
2022-04-08,328.20001220703125,331.20001220703125,324.0,325.79998779296875,322.7811584472656,165241,0.0,0.0
2022-04-11,332.0,332.0,311.3999938964844,313.20001220703125,310.2979736328125,189688,0.0,0.0
2022-04-12,312.6000061035156,324.0,312.20001220703125,322.3999938964844,319.4127197265625,304729,0.0,0.0
2022-04-13,325.0,325.0,310.3999938964844,317.0,314.062744140625,225666,0.0,0.0
2022-04-14,328.79998779296875,330.0,324.0,329.20001220703125,326.1496887207031,222300,0.0,0.0
2022-04-19,333.0,334.79998779296875,325.0,325.20001220703125,322.18670654296875,88500,0.0,0.0
2022-04-20,326.6000061035156,338.6000061035156,325.3999938964844,335.0,331.8960266113281,149600,0.0,0.0
2022-04-21,336.0,349.0,336.0,340.79998779296875,337.6421813964844,148073,0.0,0.0
2022-04-22,320.0,329.3999938964844,318.20001220703125,324.0,320.9978942871094,217500,0.0,0.0
2022-04-25,315.6000061035156,324.0,314.20001220703125,317.6000061035156,314.6572265625,196100,0.0,0.0
2022-04-26,318.6000061035156,329.79998779296875,318.6000061035156,323.20001220703125,320.2053527832031,160619,0.0,0.0
2022-04-27,329.0,329.0,308.3999938964844,323.20001220703125,320.2053527832031,151372,0.0,0.0
2022-04-28,318.0,333.3999938964844,313.20001220703125,332.6000061035156,329.5182189941406,372525,0.0,0.0
2022-04-29,324.3999938964844,334.6000061035156,317.0,333.20001220703125,330.1126708984375,281431,0.0,0.0
2022-05-03,331.6000061035156,334.6000061035156,320.0,328.20001220703125,325.158935546875,156700,0.0,0.0
2022-05-04,330.0,347.20001220703125,323.6000061035156,331.6000061035156,328.52752685546875,176550,0.0,0.0
2022-05-05,345.0,346.79998779296875,330.0,330.79998779296875,327.73492431640625,167130,0.0,0.0
2022-05-06,333.0,333.0,310.6000061035156,310.6000061035156,307.72198486328125,305705,0.0,0.0
2022-05-10,309.0,310.6000061035156,292.3999938964844,308.3999938964844,305.54241943359375,153176,0.0,0.0
2022-05-11,295.0,322.3999938964844,295.0,317.0,314.062744140625,193700,0.0,0.0
2022-05-12,299.0,300.3999938964844,291.3999938964844,292.79998779296875,290.0870056152344,133149,0.0,0.0
2022-05-13,296.20001220703125,297.20001220703125,290.0,293.6000061035156,290.8796081542969,148130,0.0,0.0
2022-05-16,302.20001220703125,308.79998779296875,300.6000061035156,302.20001220703125,299.3998718261719,111061,0.0,0.0
2022-05-17,308.0,321.0,306.6000061035156,320.20001220703125,317.23309326171875,281701,0.0,0.0
2022-05-18,311.79998779296875,330.0,311.79998779296875,323.79998779296875,320.79974365234375,137150,0.0,0.0
2022-05-19,323.79998779296875,325.0,316.0,317.79998779296875,314.8553466796875,63400,0.0,0.0
2022-05-20,327.20001220703125,334.0,322.20001220703125,333.79998779296875,330.70709228515625,153414,0.0,0.0
2022-05-23,335.0,335.20001220703125,319.20001220703125,323.3999938964844,320.4034423828125,187659,0.0,0.0
2022-05-24,324.20001220703125,333.79998779296875,321.20001220703125,321.6000061035156,318.6201171875,195509,0.0,0.0
2022-05-25,321.6000061035156,331.3999938964844,319.20001220703125,323.3999938964844,320.4034423828125,63679,0.0,0.0
2022-05-26,321.0,324.79998779296875,319.0,322.0,319.0163879394531,155018,0.0,0.0
2022-05-27,326.79998779296875,343.0,326.79998779296875,337.3999938964844,334.3983154296875,112000,0.9417336,0.0
2022-05-30,343.0,347.6000061035156,334.20001220703125,345.79998779296875,342.72357177734375,220379,0.0,0.0
2022-05-31,353.0,362.79998779296875,340.0,360.20001220703125,356.9954833984375,693642,0.0,0.0
2022-06-01,362.0,377.79998779296875,362.0,373.20001220703125,369.8798828125,309790,0.0,0.0
2022-06-02,354.0,361.0,347.79998779296875,359.6000061035156,356.4008483886719,585800,0.0,0.0
2022-06-06,359.6000061035156,367.20001220703125,340.0,362.20001220703125,358.97772216796875,694616,0.0,0.0
2022-06-07,361.79998779296875,371.6000061035156,357.79998779296875,369.0,365.7171936035156,371296,0.0,0.0
2022-06-08,364.20001220703125,368.20001220703125,355.6000061035156,368.20001220703125,364.9243469238281,438595,0.0,0.0
2022-06-09,378.0,378.0,363.20001220703125,363.79998779296875,360.5634460449219,276588,0.0,0.0
2022-06-10,345.0,378.79998779296875,340.20001220703125,349.3999938964844,346.29156494140625,538550,0.0,0.0
2022-06-13,340.0,340.0,326.0,326.0,323.09979248046875,275494,0.0,0.0
2022-06-14,312.0,327.0,303.20001220703125,322.20001220703125,319.3335876464844,515130,0.0,0.0
2022-06-15,322.0,322.79998779296875,315.20001220703125,322.0,319.1353454589844,334403,0.0,0.0
2022-06-16,327.6000061035156,329.3999938964844,317.6000061035156,320.3999938964844,317.5495300292969,211511,0.0,0.0
2022-06-17,320.0,327.20001220703125,309.6000061035156,326.0,323.09979248046875,406693,0.0,0.0
2022-06-20,315.20001220703125,332.3999938964844,313.79998779296875,332.0,329.0463562011719,341096,0.0,0.0
2022-06-21,330.79998779296875,337.0,325.0,327.3999938964844,324.4873046875,288350,0.0,0.0
2022-06-22,321.0,335.0,321.0,324.6000061035156,321.712158203125,212482,0.0,0.0
2022-06-23,329.6000061035156,331.0,321.20001220703125,331.0,328.0553283691406,239209,0.0,0.0
2022-06-24,332.3999938964844,353.79998779296875,331.20001220703125,349.3999938964844,346.29156494140625,412735,0.0,0.0
2022-06-27,349.3999938964844,365.3999938964844,346.0,364.6000061035156,361.3563537597656,723238,0.0,0.0
2022-06-28,364.3999938964844,393.0,357.0,385.20001220703125,381.7731018066406,531850,0.0,0.0
2022-06-29,387.0,387.0,365.0,381.0,377.6105041503906,559407,0.0,0.0
2022-06-30,379.79998779296875,385.20001220703125,378.0,382.79998779296875,379.3944091796875,269643,0.0,0.0
2022-07-04,398.79998779296875,402.0,385.0,386.0,382.56597900390625,538627,0.0,0.0
2022-07-05,387.3999938964844,394.0,384.0,392.20001220703125,388.7108459472656,213584,0.0,0.0
2022-07-06,372.20001220703125,374.20001220703125,361.20001220703125,364.20001220703125,360.9599304199219,411050,0.0,0.0
2022-07-07,360.3999938964844,381.79998779296875,360.3999938964844,375.3999938964844,372.06024169921875,208224,0.0,0.0
2022-07-08,379.0,391.20001220703125,378.6000061035156,387.0,383.55706787109375,291850,0.0,0.0
2022-07-11,371.6000061035156,376.20001220703125,364.0,367.79998779296875,364.5278625488281,269120,0.0,0.0
2022-07-12,360.0,363.20001220703125,355.0,358.20001220703125,355.0133361816406,188561,0.0,0.0
2022-07-13,358.20001220703125,367.79998779296875,358.20001220703125,363.0,359.77056884765625,117913,0.0,0.0
2022-07-14,363.0,376.79998779296875,363.0,371.79998779296875,368.4922790527344,151014,0.0,0.0
2022-07-15,358.20001220703125,366.0,358.20001220703125,359.20001220703125,356.0044250488281,170471,0.0,0.0
2022-07-18,372.79998779296875,372.79998779296875,359.6000061035156,371.0,367.6993713378906,60404,0.0,0.0
2022-07-19,361.0,369.79998779296875,358.20001220703125,368.0,364.72607421875,305588,0.0,0.0
2022-07-20,377.20001220703125,386.3999938964844,369.79998779296875,376.0,372.6549377441406,508065,0.0,0.0
2022-07-21,371.79998779296875,376.0,363.0,369.6000061035156,366.3119812011719,361545,0.0,0.0
2022-07-22,377.20001220703125,385.0,373.79998779296875,373.79998779296875,370.4744567871094,157752,0.0,0.0
2022-07-25,362.0,367.79998779296875,358.79998779296875,362.0,358.77947998046875,225628,0.0,0.0
2022-07-26,350.79998779296875,360.0,350.6000061035156,358.6000061035156,355.4097595214844,426300,0.0,0.0
2022-07-27,353.79998779296875,359.0,351.79998779296875,358.79998779296875,355.6079406738281,250650,0.0,0.0
2022-07-28,363.0,365.0,358.6000061035156,361.6000061035156,358.383056640625,111880,0.0,0.0
2022-07-29,366.0,370.6000061035156,362.3999938964844,366.79998779296875,363.5367736816406,397523,0.0,0.0
2022-08-01,373.0,379.3999938964844,370.3999938964844,377.6000061035156,374.24072265625,365227,0.0,0.0
2022-08-02,368.6000061035156,368.79998779296875,363.20001220703125,365.6000061035156,362.3474426269531,115848,0.0,0.0
2022-08-03,370.0,373.0,364.20001220703125,368.3999938964844,365.1225891113281,254093,0.0,0.0
2022-08-04,373.0,379.0,366.6000061035156,375.3999938964844,372.06024169921875,350564,0.0,0.0
2022-08-05,383.6000061035156,388.79998779296875,381.6000061035156,383.79998779296875,380.385498046875,72187,0.0,0.0
2022-08-08,376.0,377.20001220703125,366.79998779296875,374.3999938964844,371.06915283203125,72878,0.0,0.0
2022-08-09,366.6000061035156,381.3999938964844,366.6000061035156,378.79998779296875,375.4300537109375,69350,0.0,0.0
2022-08-10,372.20001220703125,376.6000061035156,370.0,372.6000061035156,369.28515625,94161,0.0,0.0
2022-08-11,375.0,382.79998779296875,375.0,381.79998779296875,378.4033508300781,40741,0.0,0.0
2022-08-12,384.0,385.0,378.0,382.3999938964844,378.99798583984375,100060,0.0,0.0
2022-08-15,385.0,385.6000061035156,379.20001220703125,379.20001220703125,375.8265380859375,34210,0.0,0.0
2022-08-16,381.0,382.6000061035156,378.20001220703125,378.6000061035156,375.2317810058594,193786,0.0,0.0
2022-08-17,376.0,391.6000061035156,376.0,381.0,377.6105041503906,120509,0.0,0.0
2022-08-18,382.3999938964844,388.0,370.20001220703125,372.3999938964844,369.0869445800781,120100,0.0,0.0
2022-08-19,370.0,379.6000061035156,366.79998779296875,370.3999938964844,367.1047668457031,73800,0.0,0.0
2022-08-22,380.0,385.79998779296875,376.3999938964844,382.20001220703125,378.7998046875,688400,0.0,0.0
2022-08-23,390.0,390.0,383.0,387.0,383.55706787109375,669120,0.0,0.0
2022-08-24,382.20001220703125,387.0,376.0,386.0,382.68463134765625,384450,0.9417336,0.0
2022-08-25,386.0,386.0,372.6000061035156,385.20001220703125,381.8915100097656,397867,0.0,0.0
2022-08-26,392.0,403.6000061035156,392.0,401.3999938964844,397.952392578125,623928,0.0,0.0
2022-08-29,395.3999938964844,401.3999938964844,389.0,394.6000061035156,391.21075439453125,747185,0.0,0.0
2022-08-30,394.6000061035156,402.0,392.20001220703125,401.0,397.5558166503906,539663,0.0,0.0
2022-08-31,386.20001220703125,390.0,379.3999938964844,388.0,384.66748046875,805104,0.0,0.0
2022-09-01,388.20001220703125,396.20001220703125,386.6000061035156,387.79998779296875,384.46917724609375,547795,0.0,0.0
2022-09-02,386.0,386.0,369.20001220703125,371.6000061035156,368.4082946777344,607050,0.0,0.0
2022-09-05,370.0,386.6000061035156,370.0,384.6000061035156,381.2967224121094,640583,0.0,0.0
2022-09-06,387.3999938964844,388.6000061035156,376.6000061035156,386.0,382.68463134765625,613700,0.0,0.0
2022-09-07,377.79998779296875,382.6000061035156,372.0,381.3999938964844,378.1241760253906,759900,0.0,0.0
2022-09-08,390.3999938964844,391.6000061035156,385.20001220703125,386.6000061035156,383.2795104980469,509206,0.0,0.0
2022-09-09,387.0,397.0,387.0,395.20001220703125,391.80560302734375,333820,0.0,0.0
2022-09-13,389.79998779296875,404.79998779296875,382.3999938964844,401.6000061035156,398.150634765625,1179575,0.0,0.0
2022-09-14,395.0,409.6000061035156,395.0,404.79998779296875,401.3231506347656,1102067,0.0,0.0
2022-09-15,401.79998779296875,430.0,401.20001220703125,417.0,413.41839599609375,2344683,0.0,0.0
2022-09-16,409.0,414.6000061035156,389.0,392.79998779296875,389.4261779785156,14819549,0.0,0.0
2022-09-19,393.6000061035156,395.0,375.20001220703125,386.79998779296875,383.4777526855469,1752197,0.0,0.0
2022-09-20,388.0,398.3999938964844,387.0,393.0,389.62457275390625,295500,0.0,0.0
2022-09-21,402.0,402.0,388.79998779296875,389.79998779296875,386.4520263671875,210453,0.0,0.0
2022-09-22,388.79998779296875,391.6000061035156,377.20001220703125,386.3999938964844,383.0811462402344,369774,0.0,0.0
2022-09-23,375.79998779296875,379.6000061035156,368.0,376.3999938964844,373.16705322265625,490550,0.0,0.0
2022-09-26,370.20001220703125,375.6000061035156,361.20001220703125,367.0,363.84783935546875,548380,0.0,0.0
2022-09-27,361.20001220703125,387.79998779296875,360.3999938964844,374.0,370.7877197265625,397176,0.0,0.0
2022-09-28,381.0,387.6000061035156,368.6000061035156,368.6000061035156,365.4341125488281,288087,0.0,0.0
2022-09-29,385.0,392.0,376.6000061035156,378.3999938964844,375.14996337890625,478065,0.0,0.0
2022-09-30,371.79998779296875,378.0,365.0,375.6000061035156,372.37396240234375,374700,0.0,0.0
2022-10-03,384.0,384.0,368.20001220703125,377.0,373.7619323730469,327417,0.0,0.0
2022-10-05,388.20001220703125,405.0,384.3999938964844,394.79998779296875,391.4090576171875,409948,0.0,0.0
2022-10-06,392.3999938964844,398.79998779296875,390.0,395.0,391.6073303222656,282150,0.0,0.0
2022-10-07,394.20001220703125,394.20001220703125,385.3999938964844,386.20001220703125,382.8829040527344,140350,0.0,0.0
2022-10-10,401.3999938964844,405.0,375.0,377.20001220703125,373.9602966308594,251113,0.0,0.0
2022-10-11,372.6000061035156,373.79998779296875,363.6000061035156,371.0,367.81341552734375,325182,0.0,0.0
2022-10-12,352.6000061035156,355.0,339.3999938964844,347.0,344.0196533203125,379675,0.0,0.0
2022-10-13,347.3999938964844,373.3999938964844,343.79998779296875,345.20001220703125,342.23504638671875,195632,0.0,0.0
2022-10-14,349.0,362.0,348.3999938964844,356.6000061035156,353.537109375,223991,0.0,0.0
2022-10-17,349.0,363.0,349.0,359.0,355.91650390625,459305,0.0,0.0
2022-10-18,371.0,374.0,361.6000061035156,373.3999938964844,370.19287109375,164088,0.0,0.0
2022-10-19,373.3999938964844,378.79998779296875,364.20001220703125,365.6000061035156,362.4598083496094,137375,0.0,0.0
2022-10-20,365.6000061035156,365.6000061035156,352.3999938964844,360.79998779296875,357.7010192871094,505564,0.0,0.0
2022-10-21,358.6000061035156,360.3999938964844,349.0,351.79998779296875,348.77838134765625,349000,0.0,0.0
2022-10-24,352.0,352.20001220703125,319.0,321.3999938964844,318.63946533203125,1160492,0.0,0.0
2022-10-25,306.6000061035156,318.0,300.0,312.79998779296875,310.11334228515625,909874,0.0,0.0
2022-10-26,319.79998779296875,336.0,315.3999938964844,326.20001220703125,323.3982238769531,630991,0.0,0.0
2022-10-27,339.6000061035156,339.6000061035156,328.0,329.0,326.1742248535156,264471,0.0,0.0
2022-10-28,329.6000061035156,329.6000061035156,312.3999938964844,314.6000061035156,311.89794921875,281042,0.0,0.0
2022-10-31,315.3999938964844,333.3999938964844,314.6000061035156,317.20001220703125,314.47552490234375,398706,0.0,0.0
2022-11-01,325.0,345.3999938964844,318.0,342.6000061035156,339.6573791503906,612900,0.0,0.0
2022-11-02,359.6000061035156,399.6000061035156,359.0,389.79998779296875,386.4520263671875,670067,0.0,0.0
2022-11-03,364.3999938964844,381.3999938964844,350.20001220703125,373.20001220703125,369.99462890625,1045510,0.0,0.0
2022-11-04,374.79998779296875,414.3999938964844,372.6000061035156,396.0,392.5987243652344,1631293,0.0,0.0
2022-11-07,390.79998779296875,403.79998779296875,375.3999938964844,399.3999938964844,395.96954345703125,718174,0.0,0.0
2022-11-08,396.0,396.0,378.20001220703125,391.20001220703125,387.8399353027344,734387,0.0,0.0
2022-11-09,396.3999938964844,407.3999938964844,393.20001220703125,396.6000061035156,393.1936340332031,750400,0.0,0.0
2022-11-10,391.79998779296875,396.79998779296875,386.20001220703125,395.6000061035156,392.2021789550781,401822,0.0,0.0
2022-11-11,395.79998779296875,434.0,395.79998779296875,413.6000061035156,410.0475769042969,1139359,0.0,0.0
2022-11-14,434.0,435.0,419.20001220703125,422.3999938964844,418.77203369140625,547065,0.0,0.0
2022-11-15,422.0,432.0,414.6000061035156,425.6000061035156,421.9444885253906,480861,0.0,0.0
2022-11-16,420.0,434.0,402.20001220703125,412.0,408.4613342285156,526208,0.0,0.0
2022-11-17,422.6000061035156,426.20001220703125,409.0,419.6000061035156,415.9960632324219,405800,0.0,0.0
2022-11-18,429.0,435.0,421.6000061035156,423.6000061035156,419.96173095703125,302949,0.0,0.0
2022-11-21,408.20001220703125,423.3999938964844,399.0,412.6000061035156,409.0561218261719,197403,0.0,0.0
2022-11-22,411.6000061035156,416.0,397.20001220703125,403.0,399.53857421875,342750,0.0,0.0
2022-11-23,404.6000061035156,408.6000061035156,399.6000061035156,406.20001220703125,402.7111511230469,229250,0.0,0.0
2022-11-24,413.0,413.0,403.6000061035156,409.6000061035156,406.0819091796875,76650,0.0,0.0
2022-11-25,407.6000061035156,409.6000061035156,400.20001220703125,405.3999938964844,401.9179992675781,224104,0.0,0.0
2022-11-28,385.79998779296875,415.79998779296875,381.79998779296875,404.0,400.6486511230469,445300,0.9417336,0.0
2022-11-29,403.79998779296875,426.79998779296875,403.6000061035156,426.0,422.46612548828125,606443,0.0,0.0
2022-11-30,426.0,431.3999938964844,405.20001220703125,431.3999938964844,427.8212585449219,565591,0.0,0.0
2022-12-01,440.20001220703125,465.6000061035156,416.0,421.0,417.50762939453125,676528,0.0,0.0
2022-12-02,421.0,431.0,418.79998779296875,431.0,427.4246520996094,295900,0.0,0.0
2022-12-05,442.0,450.0,429.79998779296875,444.20001220703125,440.5151672363281,1079550,0.0,0.0
2022-12-06,439.6000061035156,447.3999938964844,429.20001220703125,439.20001220703125,435.556640625,554279,0.0,0.0
2022-12-07,443.20001220703125,461.79998779296875,433.20001220703125,434.6000061035156,430.9947509765625,731602,0.0,0.0
2022-12-08,428.6000061035156,452.6000061035156,428.3999938964844,449.20001220703125,445.4737243652344,746307,0.0,0.0
2022-12-09,449.20001220703125,458.0,446.0,456.6000061035156,452.812255859375,286174,0.0,0.0
2022-12-12,444.3999938964844,446.0,437.20001220703125,439.6000061035156,435.953369140625,588799,0.0,0.0
2022-12-13,438.0,462.0,438.0,447.79998779296875,444.0852355957031,341706,0.0,0.0
2022-12-14,446.6000061035156,450.6000061035156,437.79998779296875,438.79998779296875,435.1599426269531,391722,0.0,0.0
2022-12-15,441.6000061035156,441.6000061035156,431.6000061035156,435.79998779296875,432.18487548828125,491251,0.0,0.0
2022-12-16,435.79998779296875,439.3999938964844,425.0,436.0,432.3832092285156,3653213,0.0,0.0
2022-12-19,438.79998779296875,448.79998779296875,428.79998779296875,434.0,430.3997497558594,332179,0.0,0.0
2022-12-20,434.0,434.0,420.0,427.6000061035156,424.0528869628906,201975,0.0,0.0
2022-12-21,428.0,435.6000061035156,428.0,434.20001220703125,430.5980529785156,168220,0.0,0.0
2022-12-22,436.0,455.0,431.79998779296875,449.0,445.27532958984375,505592,0.0,0.0
2022-12-23,446.6000061035156,449.0,440.0,447.79998779296875,444.0852355957031,248906,0.0,0.0
2022-12-28,451.20001220703125,457.0,443.0,447.0,443.2919006347656,460598,0.0,0.0
2022-12-29,438.79998779296875,442.3999938964844,425.3999938964844,438.3999938964844,434.7633056640625,257050,0.0,0.0
2022-12-30,440.0,443.0,433.79998779296875,439.0,435.3582458496094,296985,0.0,0.0
2023-01-03,430.0,436.79998779296875,414.20001220703125,433.6000061035156,430.0030822753906,290483,0.0,0.0
2023-01-04,437.0,449.79998779296875,437.0,449.79998779296875,446.0686950683594,412503,0.0,0.0
2023-01-05,454.0,460.6000061035156,442.0,447.3999938964844,443.6886291503906,709206,0.0,0.0
2023-01-06,450.0,450.0,426.79998779296875,437.20001220703125,433.57318115234375,718861,0.0,0.0
2023-01-09,453.0,459.0,449.0,454.0,450.23388671875,630635,0.0,0.0
2023-01-10,456.6000061035156,465.6000061035156,454.20001220703125,465.3999938964844,461.539306640625,452950,0.0,0.0
2023-01-11,464.79998779296875,468.79998779296875,458.79998779296875,461.79998779296875,457.9691467285156,498488,0.0,0.0
2023-01-12,472.20001220703125,473.0,455.6000061035156,461.3999938964844,457.57244873046875,486713,0.0,0.0
2023-01-13,465.0,469.20001220703125,462.3999938964844,468.79998779296875,464.9110412597656,392743,0.0,0.0
2023-01-16,469.0,473.0,462.6000061035156,465.0,461.142578125,186644,0.0,0.0
2023-01-17,464.79998779296875,467.20001220703125,454.0,459.0,455.1923828125,299342,0.0,0.0
2023-01-18,450.0,453.79998779296875,440.0,453.79998779296875,450.0354919433594,448225,0.0,0.0
2023-01-19,453.6000061035156,458.20001220703125,447.20001220703125,450.6000061035156,446.86212158203125,225912,0.0,0.0
2023-01-20,468.0,468.3999938964844,451.20001220703125,468.3999938964844,464.5143737792969,379536,0.0,0.0
2023-01-26,477.20001220703125,486.0,470.6000061035156,484.79998779296875,480.7783508300781,314685,0.0,0.0
2023-01-27,500.0,500.0,481.20001220703125,494.0,489.9019775390625,232100,0.0,0.0
2023-01-30,495.0,495.0,464.79998779296875,467.20001220703125,463.3243713378906,284561,0.0,0.0
2023-01-31,476.20001220703125,489.79998779296875,467.20001220703125,474.0,470.06793212890625,410630,0.0,0.0
2023-02-01,477.3999938964844,487.0,477.3999938964844,485.6000061035156,481.57171630859375,417589,0.0,0.0
2023-02-02,485.6000061035156,488.20001220703125,476.79998779296875,477.20001220703125,473.2413635253906,342050,0.0,0.0
2023-02-03,472.79998779296875,472.79998779296875,455.79998779296875,461.20001220703125,457.3741149902344,347526,0.0,0.0
2023-02-06,459.0,459.0,450.20001220703125,454.79998779296875,451.02716064453125,321714,0.0,0.0
2023-02-07,457.0,475.0,457.0,470.6000061035156,466.6961669921875,415830,0.0,0.0
2023-02-08,483.79998779296875,486.0,474.0,480.0,476.0181579589844,340297,0.0,0.0
2023-02-09,484.20001220703125,484.79998779296875,467.20001220703125,481.6000061035156,477.6048583984375,303665,0.0,0.0
2023-02-10,480.20001220703125,493.3999938964844,475.6000061035156,479.0,475.0264892578125,283782,0.0,0.0
2023-02-13,477.6000061035156,492.0,474.0,491.6000061035156,487.52191162109375,480126,0.0,0.0
2023-02-14,490.0,490.0,472.0,475.0,471.0595703125,351682,0.0,0.0
2023-02-15,476.20001220703125,486.0,466.3999938964844,466.6000061035156,462.7293701171875,218500,0.0,0.0
2023-02-16,466.6000061035156,477.79998779296875,465.0,472.20001220703125,468.2828674316406,255531,0.0,0.0
2023-02-17,466.20001220703125,479.3999938964844,466.20001220703125,473.6000061035156,469.67120361328125,468284,0.0,0.0
2023-02-20,482.0,493.0,480.0,491.3999938964844,487.32354736328125,238850,0.0,0.0
2023-02-21,492.0,492.0,478.0,481.6000061035156,477.6048583984375,209450,0.0,0.0
2023-02-22,478.0,483.3999938964844,473.6000061035156,474.3999938964844,470.464599609375,225731,0.0,0.0
2023-02-23,485.0,496.0,484.3999938964844,489.3999938964844,485.3401794433594,291202,0.0,0.0
2023-02-24,478.0,481.79998779296875,471.79998779296875,476.79998779296875,472.84466552734375,455385,0.0,0.0
2023-02-27,470.0,470.0,457.0,461.3999938964844,457.57244873046875,533780,0.0,0.0
2023-02-28,460.0,465.0,457.0,461.20001220703125,457.3741149902344,395200,0.0,0.0
2023-03-01,463.20001220703125,483.20001220703125,463.20001220703125,478.79998779296875,474.8280944824219,589930,0.0,0.0
2023-03-02,471.79998779296875,478.79998779296875,465.0,468.0,464.11773681640625,199744,0.0,0.0
2023-03-03,472.3999938964844,486.6000061035156,472.3999938964844,483.79998779296875,479.7865905761719,375939,0.0,0.0
2023-03-06,483.0,488.79998779296875,480.0,483.0,479.1220397949219,131666,1.0202113,0.0
2023-03-07,484.0,493.0,478.0,481.3999938964844,477.5348205566406,205600,0.0,0.0
2023-03-08,481.6000061035156,481.6000061035156,466.0,470.20001220703125,466.4248046875,193615,0.0,0.0
2023-03-09,468.0,478.0,465.0,466.3999938964844,462.6553039550781,294415,0.0,0.0
2023-03-10,456.0,457.79998779296875,450.79998779296875,452.20001220703125,448.5693054199219,369652,0.0,0.0
2023-03-13,460.79998779296875,476.6000061035156,452.3999938964844,474.6000061035156,470.7894592285156,385403,0.0,0.0
2023-03-14,458.6000061035156,470.20001220703125,458.3999938964844,459.0,455.3147277832031,271352,0.0,0.0
2023-03-15,475.0,481.20001220703125,470.3999938964844,476.6000061035156,472.77337646484375,396698,0.0,0.0
2023-03-16,475.0,482.79998779296875,470.6000061035156,472.0,468.21026611328125,259443,0.0,0.0
2023-03-17,478.20001220703125,493.6000061035156,475.20001220703125,493.6000061035156,489.6369323730469,1166406,0.0,0.0
2023-03-20,480.0,485.0,472.6000061035156,473.3999938964844,469.59906005859375,442610,0.0,0.0
2023-03-21,488.79998779296875,489.6000061035156,474.0,487.3999938964844,483.4867248535156,130823,0.0,0.0
2023-03-22,478.20001220703125,492.0,478.20001220703125,485.0,481.1059875488281,254850,0.0,0.0
2023-03-23,495.20001220703125,501.5,490.79998779296875,500.0,495.9854431152344,375779,0.0,0.0
2023-03-24,496.79998779296875,505.0,496.6000061035156,498.20001220703125,494.1999816894531,247164,0.0,0.0
2023-03-27,486.0,487.20001220703125,473.6000061035156,476.3999938964844,472.5749816894531,354479,0.0,0.0
2023-03-28,482.0,487.3999938964844,481.0,486.6000061035156,482.693115234375,272100,0.0,0.0
2023-03-29,486.79998779296875,495.0,485.20001220703125,494.0,490.0336608886719,183769,0.0,0.0
2023-03-30,493.79998779296875,493.79998779296875,483.20001220703125,488.6000061035156,484.6771240234375,127999,0.0,0.0
2023-03-31,491.0,498.79998779296875,489.79998779296875,493.6000061035156,489.6369323730469,240740,0.0,0.0
2023-04-03,493.6000061035156,498.79998779296875,490.79998779296875,496.20001220703125,492.2160339355469,152999,0.0,0.0
2023-04-04,500.0,500.0,491.6000061035156,494.20001220703125,490.23211669921875,179317,0.0,0.0
2023-04-06,486.3999938964844,493.20001220703125,481.6000061035156,492.6000061035156,488.6449890136719,156132,0.0,0.0
2023-04-11,496.0,503.0,495.0,499.79998779296875,495.7870788574219,218511,0.0,0.0
2023-04-12,501.0,505.0,498.3999938964844,503.0,498.9613952636719,261615,0.0,0.0
2023-04-13,500.0,503.5,494.3999938964844,503.5,499.4573974609375,322602,0.0,0.0
2023-04-14,504.5,509.0,501.0,502.5,498.4654541015625,141201,0.0,0.0
2023-04-17,502.0,508.0,493.20001220703125,505.0,500.94537353515625,232251,0.0,0.0
2023-04-18,495.3999938964844,500.0,490.20001220703125,492.0,488.0497741699219,269557,0.0,0.0
2023-04-19,494.79998779296875,503.5,494.79998779296875,498.20001220703125,494.1999816894531,126338,0.0,0.0
2023-04-20,500.5,502.0,496.20001220703125,498.79998779296875,494.79510498046875,96319,0.0,0.0
2023-04-21,491.3999938964844,500.5,485.6000061035156,489.79998779296875,485.867431640625,190650,0.0,0.0
2023-04-24,489.20001220703125,491.0,482.79998779296875,487.6000061035156,483.68505859375,45600,0.0,0.0
2023-04-25,485.3999938964844,485.6000061035156,470.79998779296875,473.6000061035156,469.7975158691406,172850,0.0,0.0
2023-04-26,477.79998779296875,481.79998779296875,474.3999938964844,477.79998779296875,473.9637756347656,166671,0.0,0.0
2023-04-27,475.0,475.20001220703125,470.0,474.6000061035156,470.7894592285156,199600,0.0,0.0
2023-04-28,478.3999938964844,479.79998779296875,471.20001220703125,477.6000061035156,473.765380859375,256806,0.0,0.0
2023-05-02,484.0,497.3999938964844,483.0,484.6000061035156,480.70916748046875,365414,0.0,0.0
2023-05-03,484.6000061035156,514.5,484.6000061035156,504.0,499.95343017578125,326670,0.0,0.0
2023-05-04,504.5,504.5,492.6000061035156,500.5,496.4814758300781,347140,0.0,0.0
2023-05-05,490.0,490.0,476.6000061035156,477.20001220703125,473.36859130859375,488406,0.0,0.0
2023-05-08,489.0,494.6000061035156,486.20001220703125,491.0,487.05780029296875,245012,0.0,0.0
2023-05-09,483.79998779296875,485.3999938964844,470.79998779296875,473.79998779296875,469.995849609375,270605,0.0,0.0
2023-05-10,480.0,480.0,471.3999938964844,477.79998779296875,473.9637756347656,298772,0.0,0.0
2023-05-11,479.0,479.3999938964844,469.20001220703125,474.20001220703125,470.3926696777344,261510,0.0,0.0
2023-05-12,481.6000061035156,483.0,477.20001220703125,478.6000061035156,474.75738525390625,193458,0.0,0.0
2023-05-15,480.0,484.20001220703125,474.6000061035156,482.79998779296875,478.92364501953125,154915,0.0,0.0
2023-05-16,487.20001220703125,487.20001220703125,478.3999938964844,481.0,477.1380615234375,122265,0.0,0.0
2023-05-17,480.20001220703125,481.6000061035156,469.3999938964844,472.0,468.21026611328125,215250,0.0,0.0
2023-05-18,475.20001220703125,476.6000061035156,469.6000061035156,474.20001220703125,470.3926696777344,405083,0.0,0.0
2023-05-19,475.3999938964844,478.20001220703125,471.6000061035156,474.79998779296875,470.98785400390625,302377,0.0,0.0
2023-05-22,478.0,486.20001220703125,476.20001220703125,484.0,480.1139221191406,196852,0.0,0.0
2023-05-23,483.79998779296875,483.79998779296875,471.3999938964844,473.3999938964844,469.59906005859375,363737,0.0,0.0
2023-05-24,457.0,457.0,451.79998779296875,454.0,450.3548278808594,444754,0.0,0.0
2023-05-25,450.0,450.20001220703125,440.20001220703125,442.0,438.4512023925781,424997,0.0,0.0
2023-05-29,447.3999938964844,452.0,438.3999938964844,440.0,436.46722412109375,287938,0.0,0.0
2023-05-30,444.79998779296875,451.20001220703125,441.3999938964844,447.0,443.5420837402344,242849,1.0202113,0.0
2023-05-31,443.20001220703125,443.20001220703125,433.20001220703125,436.6000061035156,433.2225341796875,307476,0.0,0.0
2023-06-01,438.3999938964844,442.79998779296875,436.6000061035156,436.79998779296875,433.4209899902344,183251,0.0,0.0
2023-06-02,444.6000061035156,454.3999938964844,444.0,453.0,449.4956359863281,284352,0.0,0.0
2023-06-05,454.79998779296875,459.0,452.6000061035156,458.0,454.45703125,177804,0.0,0.0
2023-06-06,452.20001220703125,459.79998779296875,446.20001220703125,452.0,448.5034484863281,118800,0.0,0.0
2023-06-07,458.20001220703125,466.3999938964844,456.79998779296875,464.0,460.41058349609375,284327,0.0,0.0
2023-06-08,464.0,468.79998779296875,461.3999938964844,468.6000061035156,464.97503662109375,148650,0.0,0.0
2023-06-09,464.6000061035156,474.0,464.6000061035156,471.20001220703125,467.55487060546875,360200,0.0,0.0
2023-06-12,468.6000061035156,471.0,463.3999938964844,468.79998779296875,465.1734924316406,183100,0.0,0.0
2023-06-13,463.3999938964844,471.6000061035156,463.3999938964844,469.3999938964844,465.768798828125,323800,0.0,0.0
2023-06-14,467.3999938964844,471.79998779296875,459.20001220703125,460.6000061035156,457.0368957519531,332236,0.0,0.0
2023-06-15,460.3999938964844,469.0,455.20001220703125,469.0,465.3719177246094,285800,0.0,0.0
2023-06-16,463.0,476.0,460.0,476.0,472.3177490234375,2090062,0.0,0.0
2023-06-19,469.79998779296875,469.79998779296875,460.0,464.3999938964844,460.8075256347656,237633,0.0,0.0
2023-06-20,462.0,466.0,457.3999938964844,460.20001220703125,456.6399841308594,135250,0.0,0.0
2023-06-21,456.6000061035156,459.6000061035156,450.20001220703125,450.6000061035156,447.1143493652344,146300,0.0,0.0
2023-06-23,452.0,452.0,441.79998779296875,446.6000061035156,443.1452331542969,108347,0.0,0.0
2023-06-26,440.0,451.20001220703125,440.0,445.79998779296875,442.3513488769531,176297,0.0,0.0
2023-06-27,443.0,452.3999938964844,443.0,451.20001220703125,447.7095947265625,187015,0.0,0.0
2023-06-28,445.0,452.0,445.0,451.3999938964844,447.9080810546875,113763,0.0,0.0
2023-06-29,442.0,445.79998779296875,435.3999938964844,437.6000061035156,434.2148132324219,190250,0.0,0.0
2023-06-30,438.3999938964844,444.0,438.3999938964844,441.6000061035156,438.1839294433594,171735,0.0,0.0
2023-07-03,445.6000061035156,453.6000061035156,442.20001220703125,453.0,449.4956359863281,190024,0.0,0.0
2023-07-04,455.0,456.20001220703125,451.6000061035156,455.79998779296875,452.2740173339844,78611,0.0,0.0
2023-07-05,453.6000061035156,463.0,447.3999938964844,448.0,444.5343933105469,153500,0.0,0.0
2023-07-06,448.0,448.0,431.3999938964844,436.0,432.627197265625,257800,0.0,0.0
2023-07-07,435.79998779296875,443.6000061035156,430.0,430.79998779296875,427.4674072265625,175250,0.0,0.0
2023-07-10,443.6000061035156,443.6000061035156,433.20001220703125,435.3999938964844,432.03179931640625,255250,0.0,0.0
2023-07-11,445.79998779296875,447.6000061035156,441.6000061035156,447.6000061035156,444.137451171875,244802,0.0,0.0
2023-07-12,448.0,452.79998779296875,443.79998779296875,452.0,448.5034484863281,264981,0.0,0.0
2023-07-13,460.6000061035156,467.20001220703125,459.3999938964844,466.0,462.3951110839844,142604,0.0,0.0
2023-07-14,470.0,472.6000061035156,468.79998779296875,469.6000061035156,465.96728515625,87150,0.0,0.0
2023-07-18,467.6000061035156,469.6000061035156,464.6000061035156,468.6000061035156,464.97503662109375,88126,0.0,0.0
2023-07-19,464.79998779296875,464.79998779296875,453.3999938964844,458.79998779296875,455.2508544921875,112000,0.0,0.0
2023-07-20,461.0,463.0,453.6000061035156,455.3999938964844,451.8771057128906,112785,0.0,0.0
2023-07-21,455.3999938964844,462.79998779296875,455.3999938964844,461.3999938964844,457.8306884765625,85560,0.0,0.0
2023-07-24,456.0,457.79998779296875,449.3999938964844,452.6000061035156,449.0987854003906,131644,0.0,0.0
2023-07-25,451.0,463.79998779296875,451.0,463.6000061035156,460.01373291015625,259050,0.0,0.0
2023-07-26,458.20001220703125,464.0,456.3999938964844,463.20001220703125,459.6168212890625,188269,0.0,0.0
2023-07-27,466.6000061035156,476.0,466.6000061035156,472.79998779296875,469.1424865722656,196600,0.0,0.0
2023-07-28,463.3999938964844,472.79998779296875,463.3999938964844,470.0,466.36419677734375,258000,0.0,0.0
2023-07-31,474.6000061035156,485.0,474.20001220703125,477.0,473.31005859375,433836,0.0,0.0
2023-08-01,477.0,482.3999938964844,466.20001220703125,475.3999938964844,471.7223815917969,188088,0.0,0.0
2023-08-02,454.0,454.0,441.20001220703125,444.0,440.5653381347656,688519,0.0,0.0
2023-08-03,437.0,445.3999938964844,432.0,441.0,437.5885009765625,711942,0.0,0.0
2023-08-04,446.0,448.79998779296875,441.20001220703125,443.6000061035156,440.1684265136719,266601,0.0,0.0
2023-08-07,443.20001220703125,445.3999938964844,438.3999938964844,443.0,439.5730895996094,289400,0.0,0.0
2023-08-08,441.6000061035156,444.79998779296875,436.3999938964844,440.20001220703125,436.79473876953125,175134,0.0,0.0
2023-08-09,444.79998779296875,446.79998779296875,441.6000061035156,446.3999938964844,442.9466857910156,195990,0.0,0.0
2023-08-10,442.0,446.6000061035156,441.20001220703125,444.20001220703125,440.7637939453125,155419,0.0,0.0
2023-08-11,445.6000061035156,445.6000061035156,435.0,436.3999938964844,433.0241394042969,213966,0.0,0.0
2023-08-14,433.20001220703125,433.20001220703125,424.20001220703125,430.3999938964844,427.0705261230469,288470,0.0,0.0
2023-08-15,434.0,439.3999938964844,427.0,428.79998779296875,425.4828796386719,303570,0.0,0.0
2023-08-16,436.6000061035156,436.6000061035156,422.0,423.0,419.7277526855469,404624,0.0,0.0
2023-08-17,418.79998779296875,431.3999938964844,416.20001220703125,428.79998779296875,425.4828796386719,867551,0.0,0.0
2023-08-18,427.79998779296875,427.79998779296875,416.0,416.6000061035156,413.37725830078125,322335,0.0,0.0
2023-08-21,415.79998779296875,415.79998779296875,406.20001220703125,407.0,403.85150146484375,370438,0.0,0.0
2023-08-22,412.0,421.0,411.0,415.3999938964844,412.1864929199219,229109,0.0,0.0
2023-08-23,412.20001220703125,417.20001220703125,410.20001220703125,411.79998779296875,408.61444091796875,187562,0.0,0.0
2023-08-24,416.79998779296875,423.6000061035156,414.0,421.3999938964844,418.14013671875,263087,0.0,0.0
2023-08-25,421.3999938964844,422.79998779296875,417.6000061035156,419.20001220703125,416.08551025390625,258738,1.0202113,0.0
2023-08-28,425.3999938964844,435.0,417.6000061035156,418.79998779296875,415.68853759765625,202000,0.0,0.0
2023-08-29,419.3999938964844,424.0,413.6000061035156,422.0,418.8646545410156,399268,0.0,0.0
2023-08-30,422.20001220703125,426.6000061035156,413.3999938964844,415.3999938964844,412.313720703125,243818,0.0,0.0
2023-08-31,419.20001220703125,423.3999938964844,417.6000061035156,418.0,414.8944091796875,193868,0.0,0.0
2023-09-04,424.20001220703125,429.20001220703125,418.0,428.0,424.8201599121094,742646,0.0,0.0
2023-09-05,426.0,426.0,419.0,420.79998779296875,417.67364501953125,178400,0.0,0.0
2023-09-06,423.6000061035156,423.6000061035156,415.3999938964844,418.79998779296875,415.68853759765625,267548,0.0,0.0
2023-09-07,413.6000061035156,413.6000061035156,404.0,406.79998779296875,403.77764892578125,261982,0.0,0.0
2023-09-11,403.20001220703125,409.6000061035156,401.20001220703125,408.79998779296875,405.7627868652344,194057,0.0,0.0
2023-09-12,409.6000061035156,411.0,405.6000061035156,409.3999938964844,406.35833740234375,106550,0.0,0.0
2023-09-13,416.20001220703125,418.3999938964844,413.79998779296875,414.20001220703125,411.1226501464844,144336,0.0,0.0
2023-09-14,420.3999938964844,440.6000061035156,416.3999938964844,434.0,430.77557373046875,597051,0.0,0.0
2023-09-15,436.79998779296875,456.0,436.3999938964844,452.0,448.6418151855469,1252764,0.0,0.0
2023-09-18,454.79998779296875,459.79998779296875,451.20001220703125,452.0,448.6418151855469,378520,0.0,0.0
2023-09-19,457.79998779296875,457.79998779296875,443.0,453.3999938964844,450.0314636230469,237654,0.0,0.0
2023-09-20,447.79998779296875,447.79998779296875,442.0,445.79998779296875,442.4878845214844,401564,0.0,0.0
2023-09-21,445.79998779296875,445.79998779296875,434.79998779296875,439.79998779296875,436.5324401855469,586450,0.0,0.0
2023-09-22,439.0,447.79998779296875,433.79998779296875,445.6000061035156,442.2893981933594,407074,0.0,0.0
2023-09-25,446.6000061035156,449.79998779296875,442.79998779296875,443.79998779296875,440.50274658203125,191450,0.0,0.0
2023-09-26,440.0,443.6000061035156,437.20001220703125,437.20001220703125,433.9518127441406,191726,0.0,0.0
2023-09-27,436.0,442.6000061035156,436.0,442.0,438.71612548828125,238910,0.0,0.0
2023-09-28,439.6000061035156,440.0,433.0,433.6000061035156,430.3785400390625,354450,0.0,0.0
2023-09-29,432.6000061035156,443.79998779296875,432.6000061035156,441.79998779296875,438.5175476074219,123200,0.0,0.0
2023-10-03,434.0,434.6000061035156,429.3999938964844,430.6000061035156,427.40081787109375,82300,0.0,0.0
2023-10-04,427.79998779296875,427.79998779296875,420.3999938964844,422.0,418.8646545410156,168304,0.0,0.0
2023-10-05,424.6000061035156,424.6000061035156,415.3999938964844,417.79998779296875,414.6959228515625,125385,0.0,0.0
2023-10-06,415.6000061035156,420.0,413.79998779296875,417.3999938964844,414.29888916015625,216950,0.0,0.0
2023-10-09,420.0,426.6000061035156,418.20001220703125,422.3999938964844,419.2617492675781,313900,0.0,0.0
2023-10-10,419.79998779296875,432.3999938964844,419.79998779296875,423.3999938964844,420.25433349609375,381680,0.0,0.0
2023-10-11,430.0,437.6000061035156,428.3999938964844,430.20001220703125,427.0037536621094,284343,0.0,0.0
2023-10-12,438.20001220703125,438.20001220703125,428.79998779296875,435.0,431.7680969238281,286140,0.0,0.0
2023-10-13,415.3999938964844,425.0,415.3999938964844,422.0,418.8646545410156,233424,0.0,0.0
2023-10-16,425.0,430.0,415.3999938964844,415.3999938964844,412.313720703125,174250,0.0,0.0
2023-10-17,417.79998779296875,417.79998779296875,409.79998779296875,411.20001220703125,408.14501953125,226428,0.0,0.0
2023-10-18,412.20001220703125,416.79998779296875,409.20001220703125,409.79998779296875,406.75537109375,420806,0.0,0.0
2023-10-19,414.20001220703125,415.3999938964844,409.0,409.20001220703125,406.159912109375,218867,0.0,0.0
2023-10-20,404.6000061035156,410.0,401.79998779296875,404.3999938964844,401.3953857421875,205880,0.0,0.0
2023-10-24,420.0,420.0,397.79998779296875,403.79998779296875,400.7999572753906,236800,0.0,0.0
2023-10-25,416.20001220703125,419.3999938964844,411.3999938964844,414.20001220703125,411.1226501464844,184496,0.0,0.0
2023-10-26,408.6000061035156,416.3999938964844,408.20001220703125,412.3999938964844,409.3360595703125,143012,0.0,0.0
2023-10-27,409.0,418.20001220703125,404.3999938964844,415.3999938964844,412.313720703125,319500,0.0,0.0
2023-10-30,417.20001220703125,420.79998779296875,410.3999938964844,416.3999938964844,413.3063049316406,129110,0.0,0.0
2023-10-31,418.0,420.20001220703125,408.0,409.3999938964844,406.35833740234375,142250,0.0,0.0
2023-11-01,380.79998779296875,380.79998779296875,346.0,356.20001220703125,353.5536193847656,1698665,0.0,0.0
2023-11-02,338.0,351.6000061035156,326.79998779296875,350.0,347.39959716796875,2743042,0.0,0.0
2023-11-03,358.20001220703125,369.20001220703125,358.0,368.6000061035156,365.8614196777344,1064345,0.0,0.0
2023-11-06,357.6000061035156,363.20001220703125,357.0,362.0,359.31048583984375,738944,0.0,0.0
2023-11-07,354.6000061035156,354.6000061035156,349.3999938964844,350.20001220703125,347.5981750488281,431451,0.0,0.0
2023-11-08,352.0,352.0,345.0,351.3999938964844,348.7892761230469,422264,0.0,0.0
2023-11-09,341.0,345.79998779296875,340.3999938964844,344.0,341.4442138671875,962537,0.0,0.0
2023-11-10,342.0,342.6000061035156,336.20001220703125,339.20001220703125,336.6799011230469,600746,0.0,0.0
2023-11-13,347.20001220703125,352.79998779296875,347.20001220703125,352.20001220703125,349.5832824707031,466410,0.0,0.0
2023-11-14,348.6000061035156,351.6000061035156,343.0,343.0,340.45166015625,224001,0.0,0.0
2023-11-15,352.20001220703125,353.3999938964844,350.3999938964844,352.6000061035156,349.9803161621094,506304,0.0,0.0
2023-11-16,355.3999938964844,355.3999938964844,350.0,350.20001220703125,347.5981750488281,554784,0.0,0.0
2023-11-17,354.3999938964844,359.6000061035156,354.20001220703125,356.20001220703125,353.5536193847656,516184,0.0,0.0
2023-11-20,356.20001220703125,363.0,354.79998779296875,362.3999938964844,359.7074890136719,176900,0.0,0.0
2023-11-21,359.0,364.3999938964844,355.20001220703125,356.20001220703125,353.5536193847656,277255,0.0,0.0
2023-11-22,356.20001220703125,360.79998779296875,356.0,357.6000061035156,354.94317626953125,193219,0.0,0.0
2023-11-23,350.6000061035156,362.79998779296875,350.6000061035156,354.3999938964844,351.76690673828125,301250,0.0,0.0
2023-11-24,351.20001220703125,352.3999938964844,344.79998779296875,346.79998779296875,344.22344970703125,262250,0.0,0.0
2023-11-27,346.0,347.79998779296875,341.6000061035156,345.79998779296875,343.35955810546875,256609,1.0202113,0.0
2023-11-28,348.20001220703125,349.20001220703125,343.3999938964844,345.0,342.565185546875,430655,0.0,0.0
2023-11-29,343.0,343.79998779296875,335.6000061035156,337.79998779296875,335.4159851074219,621435,0.0,0.0
2023-11-30,337.0,337.79998779296875,329.3999938964844,330.20001220703125,327.86968994140625,759817,0.0,0.0
2023-12-01,334.3999938964844,335.79998779296875,331.79998779296875,333.20001220703125,330.8485412597656,548955,0.0,0.0
2023-12-04,339.20001220703125,340.6000061035156,332.3999938964844,335.6000061035156,333.2315673828125,599077,0.0,0.0
2023-12-05,328.0,328.20001220703125,316.79998779296875,320.0,317.7416076660156,458250,0.0,0.0
2023-12-06,320.0,320.0,314.6000061035156,319.6000061035156,317.344482421875,600266,0.0,0.0
2023-12-07,318.0,318.20001220703125,313.0,317.0,314.76287841796875,300310,0.0,0.0
2023-12-08,315.3999938964844,316.3999938964844,310.3999938964844,312.79998779296875,310.5924072265625,415853,0.0,0.0
2023-12-11,312.3999938964844,312.3999938964844,304.3999938964844,310.3999938964844,308.20941162109375,239850,0.0,0.0
2023-12-12,311.0,313.20001220703125,308.3999938964844,310.3999938964844,308.20941162109375,529640,0.0,0.0
2023-12-13,312.6000061035156,313.20001220703125,307.6000061035156,309.6000061035156,307.4150390625,390375,0.0,0.0
2023-12-14,310.0,314.0,309.0,310.6000061035156,308.4079895019531,272887,0.0,0.0
2023-12-15,311.6000061035156,315.79998779296875,310.0,312.6000061035156,310.3938293457031,730602,0.0,0.0
2023-12-18,310.20001220703125,314.79998779296875,307.79998779296875,309.0,306.8193359375,266050,0.0,0.0
2023-12-19,313.79998779296875,314.0,308.79998779296875,313.20001220703125,310.9896240234375,187433,0.0,0.0
2023-12-20,317.79998779296875,323.0,317.3999938964844,319.0,316.74871826171875,587900,0.0,0.0
2023-12-21,317.20001220703125,322.3999938964844,314.79998779296875,320.79998779296875,318.5360412597656,640900,0.0,0.0
2023-12-22,321.3999938964844,324.20001220703125,316.0,319.3999938964844,317.14593505859375,385431,0.0,0.0
2023-12-27,322.79998779296875,326.0,320.0,324.20001220703125,321.91204833984375,212652,0.0,0.0
2023-12-28,326.6000061035156,335.20001220703125,325.6000061035156,334.0,331.642822265625,288004,0.0,0.0
2023-12-29,333.0,335.0,328.6000061035156,332.20001220703125,329.8554992675781,236474,0.0,0.0
2024-01-02,334.0,334.6000061035156,326.6000061035156,328.6000061035156,326.28094482421875,218792,0.0,0.0
2024-01-03,329.0,333.79998779296875,328.3999938964844,332.0,329.6569519042969,253500,0.0,0.0
2024-01-04,333.79998779296875,337.3999938964844,333.6000061035156,336.6000061035156,334.2244873046875,258500,0.0,0.0
2024-01-05,333.0,333.0,319.6000061035156,322.0,319.7275695800781,444350,0.0,0.0
2024-01-08,321.3999938964844,322.0,309.20001220703125,311.3999938964844,309.20233154296875,528474,0.0,0.0
2024-01-09,312.79998779296875,315.79998779296875,308.6000061035156,308.6000061035156,306.4221496582031,307163,0.0,0.0
2024-01-10,306.20001220703125,308.6000061035156,302.20001220703125,304.6000061035156,302.4503173828125,285521,0.0,0.0
2024-01-11,301.20001220703125,304.20001220703125,296.6000061035156,303.20001220703125,301.06024169921875,670848,0.0,0.0
2024-01-12,299.3999938964844,304.0,295.3999938964844,296.79998779296875,294.70538330078125,440200,0.0,0.0
2024-01-15,296.3999938964844,296.3999938964844,296.3999938964844,296.3999938964844,294.30816650390625,0,0.0,0.0
2024-01-16,290.20001220703125,292.6000061035156,283.0,284.3999938964844,282.3929138183594,517978,0.0,0.0
2024-01-17,281.79998779296875,282.0,270.79998779296875,271.6000061035156,269.6832580566406,1356596,0.0,0.0
2024-01-18,271.79998779296875,274.20001220703125,269.6000061035156,272.20001220703125,270.2789611816406,655835,0.0,0.0
2024-01-19,276.6000061035156,278.79998779296875,271.6000061035156,274.20001220703125,272.264892578125,495700,0.0,0.0
2024-01-22,274.20001220703125,274.79998779296875,260.20001220703125,264.0,262.1368408203125,620945,0.0,0.0
2024-01-23,265.0,275.6000061035156,265.0,272.0,270.0804138183594,1016673,0.0,0.0
2024-01-24,278.6000061035156,284.0,275.20001220703125,283.79998779296875,281.797119140625,797840,0.0,0.0
2024-01-25,286.0,290.20001220703125,285.6000061035156,289.3999938964844,287.3576354980469,934333,0.0,0.0
2024-01-26,281.79998779296875,281.79998779296875,270.0,272.6000061035156,270.6761474609375,725666,0.0,0.0
2024-01-29,275.3999938964844,279.3999938964844,274.0,276.0,274.05218505859375,310850,0.0,0.0
2024-01-30,280.3999938964844,280.3999938964844,274.79998779296875,276.0,274.05218505859375,935300,0.0,0.0
2024-01-31,275.0,275.0,264.6000061035156,268.20001220703125,266.3072509765625,600828,0.0,0.0
2024-02-01,275.20001220703125,275.6000061035156,268.0,272.79998779296875,270.8747253417969,466450,0.0,0.0
2024-02-02,277.3999938964844,282.20001220703125,272.6000061035156,275.0,273.0592346191406,383438,0.0,0.0
2024-02-05,276.20001220703125,283.3999938964844,273.0,278.20001220703125,276.2366027832031,354153,0.0,0.0
2024-02-06,278.79998779296875,290.79998779296875,278.79998779296875,290.0,287.953369140625,566768,0.0,0.0
2024-02-07,333.3999938964844,371.3999938964844,326.0,332.79998779296875,330.4512939453125,1359798,0.0,0.0
2024-02-08,324.79998779296875,324.79998779296875,311.6000061035156,316.0,313.7698669433594,982080,0.0,0.0
2024-02-09,308.0,308.0,308.0,308.0,305.8262939453125,0,0.0,0.0
2024-02-14,309.0,316.6000061035156,306.20001220703125,315.6000061035156,313.3727111816406,214560,0.0,0.0
2024-02-15,314.20001220703125,318.79998779296875,313.0,317.3999938964844,315.15997314453125,433600,0.0,0.0
2024-02-16,318.3999938964844,325.20001220703125,318.3999938964844,324.3999938964844,322.110595703125,349755,0.0,0.0
2024-02-19,324.3999938964844,324.3999938964844,318.20001220703125,321.20001220703125,318.93316650390625,679300,0.0,0.0
2024-02-20,319.0,326.79998779296875,317.3999938964844,324.0,321.7134094238281,416900,0.0,0.0
2024-02-21,322.6000061035156,334.6000061035156,320.6000061035156,329.0,326.6781005859375,559226,0.0,0.0
2024-02-22,328.20001220703125,330.0,322.6000061035156,328.3999938964844,326.0823669433594,424827,0.0,0.0
2024-02-23,329.79998779296875,331.20001220703125,324.6000061035156,329.79998779296875,327.4725036621094,274252,0.0,0.0
2024-02-26,328.0,333.0,328.0,329.6000061035156,327.27392578125,190480,0.0,0.0
2024-02-27,328.0,335.3999938964844,324.0,333.79998779296875,331.44427490234375,334870,0.0,0.0
2024-02-28,333.79998779296875,343.79998779296875,333.0,335.79998779296875,333.4301452636719,665245,0.0,0.0
2024-02-29,340.20001220703125,347.6000061035156,340.20001220703125,342.0,339.5863342285156,595945,0.0,0.0
2024-03-01,342.0,345.20001220703125,336.3999938964844,343.0,340.5793151855469,812080,0.0,0.0
2024-03-04,338.20001220703125,341.0,332.3999938964844,333.0,330.8042297363281,777653,1.2556448,0.0
2024-03-05,328.0,330.3999938964844,321.20001220703125,321.79998779296875,319.6780700683594,311718,0.0,0.0
2024-03-06,320.0,330.0,319.6000061035156,330.0,327.8240661621094,487912,0.0,0.0
2024-03-07,328.0,330.0,321.6000061035156,322.79998779296875,320.6714782714844,371750,0.0,0.0
2024-03-08,322.79998779296875,325.79998779296875,322.20001220703125,324.0,321.86358642578125,707280,0.0,0.0
2024-03-11,324.0,327.79998779296875,322.6000061035156,326.3999938964844,324.2477111816406,252360,0.0,0.0
2024-03-12,325.6000061035156,340.6000061035156,325.6000061035156,340.0,337.758056640625,987900,0.0,0.0
2024-03-13,340.0,341.6000061035156,334.20001220703125,340.79998779296875,338.5528259277344,459181,0.0,0.0
2024-03-14,337.0,337.20001220703125,330.3999938964844,335.79998779296875,333.58575439453125,710400,0.0,0.0
2024-03-15,335.0,338.0,329.0,336.79998779296875,334.5791320800781,1680627,0.0,0.0
2024-03-18,333.79998779296875,333.79998779296875,327.0,332.3999938964844,330.2081604003906,1105573,0.0,0.0
2024-03-19,327.3999938964844,327.3999938964844,319.20001220703125,321.0,318.88330078125,581260,0.0,0.0
2024-03-20,300.3999938964844,307.0,297.3999938964844,301.20001220703125,299.21392822265625,1618965,0.0,0.0
2024-03-21,309.0,318.0,309.0,315.20001220703125,313.12158203125,904116,0.0,0.0
2024-03-22,307.0,308.20001220703125,299.3999938964844,301.0,299.01519775390625,772184,0.0,0.0
2024-03-25,300.0,302.0,296.0,298.3999938964844,296.432373046875,451947,0.0,0.0
2024-03-26,302.20001220703125,306.0,299.79998779296875,304.20001220703125,302.194091796875,279008,0.0,0.0
2024-03-27,304.3999938964844,308.0,303.79998779296875,304.0,301.9954528808594,268650,0.0,0.0
2024-03-28,309.79998779296875,312.79998779296875,303.6000061035156,308.20001220703125,306.1677551269531,192608,0.0,0.0
2024-04-02,313.0,320.79998779296875,313.0,316.20001220703125,314.1150207519531,1009617,0.0,0.0
2024-04-03,314.0,314.0,305.6000061035156,307.79998779296875,305.7703857421875,816204,0.0,0.0
2024-04-05,311.0,311.0,303.6000061035156,306.3999938964844,304.37957763671875,598386,0.0,0.0
2024-04-08,301.79998779296875,304.6000061035156,298.6000061035156,298.6000061035156,296.6310729980469,595530,0.0,0.0
2024-04-09,299.79998779296875,305.3999938964844,299.3999938964844,301.3999938964844,299.41259765625,510381,0.0,0.0
2024-04-10,304.6000061035156,311.0,303.3999938964844,309.3999938964844,307.35986328125,677872,0.0,0.0
2024-04-11,304.6000061035156,306.0,301.0,304.79998779296875,302.7901611328125,189100,0.0,0.0
2024-04-12,303.79998779296875,304.79998779296875,298.79998779296875,299.79998779296875,297.8230895996094,492666,0.0,0.0
2024-04-15,296.0,297.0,293.0,295.0,293.0548095703125,312300,0.0,0.0
2024-04-16,301.0,301.0,287.20001220703125,287.3999938964844,285.5048828125,605834,0.0,0.0
2024-04-17,288.79998779296875,294.6000061035156,286.20001220703125,287.79998779296875,285.9022521972656,358472,0.0,0.0
2024-04-18,289.6000061035156,292.3999938964844,286.3999938964844,289.20001220703125,287.2930603027344,767150,0.0,0.0
2024-04-19,293.0,293.0,285.79998779296875,289.20001220703125,287.2930603027344,422875,0.0,0.0
2024-04-22,292.79998779296875,296.0,287.3999938964844,293.0,291.0680236816406,318460,0.0,0.0
2024-04-23,290.0,296.3999938964844,290.0,294.0,292.06134033203125,513502,0.0,0.0
2024-04-24,299.3999938964844,305.6000061035156,298.79998779296875,304.79998779296875,302.7901611328125,551150,0.0,0.0
2024-04-25,305.0,306.79998779296875,300.0,303.6000061035156,301.5981140136719,280643,0.0,0.0
2024-04-26,306.79998779296875,314.3999938964844,306.0,312.20001220703125,310.141357421875,279491,0.0,0.0
2024-04-29,312.20001220703125,316.6000061035156,310.0,314.0,311.92950439453125,683551,0.0,0.0
2024-04-30,314.0,315.79998779296875,293.6000061035156,294.3999938964844,292.4587097167969,1422346,0.0,0.0
2024-05-02,284.79998779296875,288.79998779296875,279.20001220703125,285.79998779296875,283.91546630859375,1255559,0.0,0.0
2024-05-03,299.79998779296875,299.79998779296875,290.79998779296875,299.0,297.0284423828125,708495,0.0,0.0
2024-05-06,302.6000061035156,302.6000061035156,294.20001220703125,295.0,293.0548095703125,819207,0.0,0.0
2024-05-07,296.0,296.6000061035156,290.3999938964844,292.6000061035156,290.6706237792969,292420,0.0,0.0
2024-05-08,293.3999938964844,293.3999938964844,286.3999938964844,286.3999938964844,284.51141357421875,305642,0.0,0.0
2024-05-09,292.3999938964844,294.79998779296875,290.20001220703125,293.20001220703125,291.2666931152344,265502,0.0,0.0
2024-05-10,296.0,300.0,293.20001220703125,299.0,297.0284423828125,407448,0.0,0.0
2024-05-13,297.20001220703125,302.6000061035156,293.0,299.3999938964844,297.42578125,299150,0.0,0.0
2024-05-14,301.79998779296875,305.79998779296875,299.20001220703125,300.20001220703125,298.22052001953125,253951,0.0,0.0
2024-05-16,301.79998779296875,306.0,299.3999938964844,305.20001220703125,303.18756103515625,310200,0.0,0.0
2024-05-17,304.79998779296875,305.3999938964844,301.0,304.79998779296875,302.7901611328125,274683,0.0,0.0
2024-05-20,305.0,309.79998779296875,303.6000061035156,307.6000061035156,305.5716552734375,447435,0.0,0.0
2024-05-21,301.20001220703125,307.0,295.0,295.0,293.0548095703125,382898,0.0,0.0
2024-05-22,296.79998779296875,299.0,295.20001220703125,296.20001220703125,294.24688720703125,297631,0.0,0.0
2024-05-23,292.0,292.0,282.79998779296875,283.79998779296875,281.9286193847656,440979,0.0,0.0
2024-05-24,278.0,279.3999938964844,272.3999938964844,274.6000061035156,272.94317626953125,375178,1.2556448,0.0
2024-05-27,276.20001220703125,281.3999938964844,273.0,281.0,279.3045349121094,380800,0.0,0.0
2024-05-28,280.79998779296875,284.79998779296875,276.20001220703125,277.79998779296875,276.1238708496094,438700,0.0,0.0
2024-05-29,280.79998779296875,281.0,273.0,274.79998779296875,273.1419677734375,309600,0.0,0.0
2024-05-30,274.6000061035156,274.79998779296875,268.3999938964844,269.20001220703125,267.57574462890625,288000,0.0,0.0
2024-05-31,275.20001220703125,278.0,270.6000061035156,270.79998779296875,269.16607666015625,490750,0.0,0.0
2024-06-03,278.20001220703125,282.79998779296875,276.0,280.0,278.3106384277344,454300,0.0,0.0
2024-06-04,279.79998779296875,282.0,279.0,280.79998779296875,279.1057434082031,341925,0.0,0.0
2024-06-05,279.79998779296875,282.79998779296875,277.79998779296875,279.20001220703125,277.51544189453125,238240,0.0,0.0
2024-06-06,283.6000061035156,283.6000061035156,274.0,274.79998779296875,273.1419677734375,470253,0.0,0.0
2024-06-07,279.79998779296875,279.79998779296875,275.0,275.6000061035156,273.9371337890625,269319,0.0,0.0
2024-06-11,272.3999938964844,272.3999938964844,267.3999938964844,270.20001220703125,268.56976318359375,537080,0.0,0.0
2024-06-12,269.6000061035156,269.6000061035156,265.0,266.0,264.39508056640625,396164,0.0,0.0
2024-06-13,266.0,268.20001220703125,263.6000061035156,267.0,265.3890075683594,289524,0.0,0.0
2024-06-14,269.0,270.6000061035156,265.3999938964844,269.3999938964844,267.7745666503906,369350,0.0,0.0
2024-06-17,266.3999938964844,267.79998779296875,263.0,264.6000061035156,263.0035095214844,201419,0.0,0.0
2024-06-18,264.6000061035156,264.6000061035156,257.3999938964844,258.0,256.443359375,462613,0.0,0.0
2024-06-19,258.3999938964844,259.3999938964844,254.39999389648438,258.6000061035156,257.0397033691406,549729,0.0,0.0
2024-06-20,259.79998779296875,259.79998779296875,251.8000030517578,253.1999969482422,251.6722869873047,517816,0.0,0.0
2024-06-21,253.1999969482422,253.1999969482422,246.39999389648438,249.8000030517578,248.29281616210938,3990496,0.0,0.0
2024-06-24,249.8000030517578,250.0,248.0,248.8000030517578,247.29885864257812,516602,0.0,0.0
2024-06-25,249.0,252.8000030517578,248.60000610351562,250.1999969482422,248.6903839111328,451292,0.0,0.0
2024-06-26,249.0,249.60000610351562,245.8000030517578,246.0,244.5157470703125,504730,0.0,0.0
2024-06-27,245.1999969482422,245.39999389648438,240.60000610351562,241.8000030517578,240.341064453125,591456,0.0,0.0
2024-06-28,244.0,245.1999969482422,240.60000610351562,241.39999389648438,239.94351196289062,413442,0.0,0.0
2024-07-02,239.60000610351562,239.60000610351562,236.0,237.60000610351562,236.1664276123047,525604,0.0,0.0
2024-07-03,239.0,241.1999969482422,236.0,240.60000610351562,239.14833068847656,454856,0.0,0.0
2024-07-04,248.39999389648438,248.39999389648438,242.1999969482422,245.0,243.52178955078125,350400,0.0,0.0
2024-07-05,250.0,250.0,240.8000030517578,242.39999389648438,240.9374542236328,198197,0.0,0.0
2024-07-08,242.0,242.1999969482422,238.1999969482422,240.1999969482422,238.75071716308594,395352,0.0,0.0
2024-07-09,239.1999969482422,240.0,235.60000610351562,237.39999389648438,235.9676055908203,371810,0.0,0.0
2024-07-10,236.39999389648438,243.1999969482422,236.39999389648438,240.39999389648438,238.9495086669922,578792,0.0,0.0
2024-07-11,239.0,243.8000030517578,237.60000610351562,243.1999969482422,241.73265075683594,528268,0.0,0.0
2024-07-12,246.39999389648438,254.0,246.39999389648438,253.39999389648438,251.87109375,370558,0.0,0.0
2024-07-15,253.60000610351562,253.60000610351562,247.1999969482422,247.8000030517578,246.3048858642578,350308,0.0,0.0
2024-07-16,247.0,247.8000030517578,244.60000610351562,245.39999389648438,243.9193572998047,264333,0.0,0.0
2024-07-17,245.39999389648438,246.1999969482422,242.60000610351562,243.39999389648438,241.93142700195312,507084,0.0,0.0
2024-07-18,242.8000030517578,246.1999969482422,242.1999969482422,244.0,242.52780151367188,138882,0.0,0.0
2024-07-19,239.1999969482422,239.1999969482422,236.0,236.8000030517578,235.37123107910156,389206,0.0,0.0
2024-07-22,235.60000610351562,239.1999969482422,233.1999969482422,238.39999389648438,236.96160888671875,311748,0.0,0.0
2024-07-23,238.1999969482422,240.8000030517578,236.39999389648438,236.8000030517578,235.37123107910156,136260,0.0,0.0
2024-07-24,234.60000610351562,235.1999969482422,230.8000030517578,231.0,229.60626220703125,265347,0.0,0.0
2024-07-25,230.0,230.1999969482422,225.1999969482422,228.39999389648438,227.02194213867188,326131,0.0,0.0
2024-07-26,230.1999969482422,232.1999969482422,229.0,229.1999969482422,227.81710815429688,177834,0.0,0.0
2024-07-29,233.39999389648438,235.0,231.0,231.0,229.60626220703125,170348,0.0,0.0
2024-07-30,236.0,236.8000030517578,230.39999389648438,231.39999389648438,230.0038299560547,320654,0.0,0.0
2024-07-31,234.39999389648438,238.60000610351562,233.39999389648438,236.8000030517578,235.37123107910156,244750,0.0,0.0
2024-08-01,237.8000030517578,238.1999969482422,233.8000030517578,235.0,233.5821075439453,481148,0.0,0.0
2024-08-02,235.0,235.39999389648438,232.39999389648438,232.8000030517578,231.39540100097656,203878,0.0,0.0
2024-08-05,228.0,235.60000610351562,225.60000610351562,228.60000610351562,227.22071838378906,362186,0.0,0.0
2024-08-06,238.0,257.0,235.0,252.8000030517578,251.27471923828125,1183328,0.0,0.0
2024-08-07,258.79998779296875,266.0,257.3999938964844,264.20001220703125,262.60595703125,710543,0.0,0.0
2024-08-08,266.0,270.20001220703125,262.0,265.20001220703125,263.5998840332031,423608,0.0,0.0
2024-08-09,265.0,268.0,260.20001220703125,263.20001220703125,261.6119689941406,273478,0.0,0.0
2024-08-12,263.20001220703125,263.20001220703125,258.6000061035156,261.20001220703125,259.6240539550781,292850,0.0,0.0
2024-08-13,258.20001220703125,258.20001220703125,253.39999389648438,255.1999969482422,253.66021728515625,442512,0.0,0.0
2024-08-14,257.3999938964844,266.6000061035156,256.79998779296875,257.20001220703125,255.648193359375,261378,0.0,0.0
2024-08-15,257.20001220703125,262.0,257.20001220703125,259.3999938964844,257.83489990234375,331706,0.0,0.0
2024-08-16,266.6000061035156,270.6000061035156,266.0,268.6000061035156,266.9794006347656,438047,0.0,0.0
2024-08-19,261.20001220703125,263.3999938964844,258.3999938964844,260.0,258.4312438964844,392840,0.0,0.0
2024-08-20,261.6000061035156,264.0,260.6000061035156,261.79998779296875,260.2204284667969,213159,0.0,0.0
2024-08-21,259.79998779296875,262.6000061035156,256.0,262.6000061035156,261.01556396484375,219058,0.0,0.0
2024-08-22,267.0,268.79998779296875,264.6000061035156,268.79998779296875,267.17816162109375,379450,0.0,0.0
2024-08-23,265.20001220703125,267.6000061035156,262.6000061035156,267.3999938964844,265.78662109375,334056,0.0,0.0
2024-08-26,261.3999938964844,267.79998779296875,260.6000061035156,263.79998779296875,262.20831298828125,575920,0.0,0.0
2024-08-27,262.0,268.20001220703125,259.79998779296875,267.79998779296875,266.34576416015625,326469,1.2556448,0.0
2024-08-28,265.0,265.0,260.6000061035156,262.3999938964844,260.97509765625,437781,0.0,0.0
2024-08-29,259.79998779296875,264.0,256.0,263.0,261.57183837890625,326359,0.0,0.0
2024-08-30,259.79998779296875,273.0,259.79998779296875,268.20001220703125,266.7436218261719,578978,0.0,0.0
2024-09-02,268.0,268.0,262.20001220703125,266.3999938964844,264.953369140625,413700,0.0,0.0
2024-09-03,266.3999938964844,273.0,264.6000061035156,268.79998779296875,267.34033203125,556450,0.0,0.0
2024-09-04,268.79998779296875,268.79998779296875,261.3999938964844,265.20001220703125,263.7598571777344,389400,0.0,0.0
2024-09-05,265.0,266.3999938964844,261.79998779296875,266.3999938964844,264.953369140625,495227,0.0,0.0
2024-09-09,266.20001220703125,273.0,261.3999938964844,271.6000061035156,270.12518310546875,595192,0.0,0.0
2024-09-10,266.0,268.3999938964844,262.79998779296875,265.79998779296875,264.3565979003906,467550,0.0,0.0
2024-09-11,265.6000061035156,270.79998779296875,265.6000061035156,267.20001220703125,265.7489929199219,206534,0.0,0.0
2024-09-12,267.20001220703125,268.20001220703125,264.20001220703125,265.3999938964844,263.958740234375,323800,0.0,0.0
2024-09-13,267.0,269.3999938964844,266.0,266.6000061035156,265.15234375,187100,0.0,0.0
2024-09-16,272.79998779296875,272.79998779296875,269.20001220703125,272.3999938964844,270.9207763671875,256246,0.0,0.0
2024-09-17,272.3999938964844,273.79998779296875,265.79998779296875,272.3999938964844,270.9207763671875,191983,0.0,0.0
2024-09-19,268.3999938964844,282.0,268.3999938964844,280.79998779296875,279.2751770019531,600017,0.0,0.0
2024-09-20,280.0,280.79998779296875,272.20001220703125,277.6000061035156,276.092529296875,966430,0.0,0.0
2024-09-23,282.79998779296875,282.79998779296875,275.79998779296875,278.3999938964844,276.8882141113281,335526,0.0,0.0
2024-09-24,282.79998779296875,300.0,282.79998779296875,299.6000061035156,297.97308349609375,1142981,0.0,0.0
2024-09-25,300.0,304.3999938964844,294.0,295.79998779296875,294.19366455078125,819251,0.0,0.0
2024-09-26,298.79998779296875,331.3999938964844,296.6000061035156,328.3999938964844,326.6166687011719,1987315,0.0,0.0
2024-09-27,340.3999938964844,364.0,337.79998779296875,361.0,359.0396728515625,2441868,0.0,0.0
2024-09-30,363.20001220703125,379.0,345.79998779296875,368.20001220703125,366.2005920410156,2482834,0.0,0.0
2024-10-02,368.20001220703125,397.6000061035156,364.3999938964844,393.20001220703125,391.0648193359375,1161291,0.0,0.0
2024-10-03,392.3999938964844,398.20001220703125,375.79998779296875,388.6000061035156,386.48980712890625,519182,0.0,0.0
2024-10-04,390.3999938964844,399.79998779296875,375.20001220703125,393.20001220703125,391.0648193359375,429575,0.0,0.0
2024-10-07,398.0,404.20001220703125,393.20001220703125,400.0,397.827880859375,473557,0.0,0.0
2024-10-08,386.0,393.79998779296875,341.20001220703125,346.79998779296875,344.916748046875,2513149,0.0,0.0
2024-10-09,361.79998779296875,372.79998779296875,342.3999938964844,356.79998779296875,354.8623962402344,1625212,0.0,0.0
2024-10-10,365.20001220703125,379.6000061035156,364.0,368.79998779296875,366.7972717285156,1137018,0.0,0.0
2024-10-14,361.0,369.3999938964844,353.6000061035156,368.79998779296875,366.7972717285156,643771,0.0,0.0
2024-10-15,367.20001220703125,377.0,352.3999938964844,355.79998779296875,353.867919921875,521260,0.0,0.0
2024-10-16,348.20001220703125,348.79998779296875,340.20001220703125,344.79998779296875,342.9276123046875,648464,0.0,0.0
2024-10-17,345.6000061035156,359.6000061035156,336.79998779296875,337.0,335.16998291015625,277404,0.0,0.0
2024-10-18,339.20001220703125,355.0,337.3999938964844,351.0,349.0939025878906,442435,0.0,0.0
2024-10-21,345.0,345.3999938964844,336.20001220703125,339.0,337.1591491699219,703274,0.0,0.0
2024-10-22,338.20001220703125,344.0,338.0,342.3999938964844,340.5406799316406,299614,0.0,0.0
2024-10-23,342.3999938964844,345.20001220703125,338.0,340.79998779296875,338.9493408203125,534466,0.0,0.0
2024-10-24,340.79998779296875,344.3999938964844,337.0,338.0,336.16455078125,311246,0.0,0.0
2024-10-25,338.0,345.6000061035156,337.79998779296875,342.6000061035156,340.73956298828125,366357,0.0,0.0
2024-10-28,350.0,352.3999938964844,342.79998779296875,349.79998779296875,347.90045166015625,591568,0.0,0.0
2024-10-29,347.0,355.3999938964844,346.6000061035156,347.79998779296875,345.911376953125,585923,0.0,0.0
2024-10-30,357.79998779296875,357.79998779296875,341.3999938964844,347.0,345.11566162109375,574384,0.0,0.0
2024-10-31,345.6000061035156,352.6000061035156,345.6000061035156,349.79998779296875,347.90045166015625,604745,0.0,0.0
2024-11-01,343.20001220703125,349.3999938964844,342.3999938964844,343.79998779296875,341.9330139160156,478822,0.0,0.0
2024-11-04,342.0,365.0,342.0,360.6000061035156,358.641845703125,636800,0.0,0.0
2024-11-05,381.0,388.79998779296875,374.3999938964844,385.79998779296875,383.7049560546875,1394663,0.0,0.0
2024-11-06,380.79998779296875,387.20001220703125,371.20001220703125,378.0,375.94732666015625,1072248,0.0,0.0
2024-11-07,384.3999938964844,403.0,381.6000061035156,399.79998779296875,397.62890625,1196942,0.0,0.0
2024-11-08,399.79998779296875,404.0,390.0,398.6000061035156,396.43548583984375,866232,0.0,0.0
2024-11-11,387.79998779296875,395.6000061035156,380.20001220703125,390.20001220703125,388.08111572265625,657575,0.0,0.0
2024-11-12,388.20001220703125,391.6000061035156,373.79998779296875,378.0,375.94732666015625,793725,0.0,0.0
2024-11-13,377.79998779296875,377.79998779296875,366.79998779296875,370.79998779296875,368.7864685058594,430700,0.0,0.0
2024-11-14,367.20001220703125,373.3999938964844,363.20001220703125,365.0,363.0179443359375,359699,0.0,0.0
2024-11-15,369.79998779296875,382.79998779296875,365.20001220703125,370.6000061035156,368.58758544921875,418270,0.0,0.0
2024-11-18,366.20001220703125,374.3999938964844,364.79998779296875,369.3999938964844,367.39404296875,334150,0.0,0.0
2024-11-19,368.20001220703125,378.0,368.0,370.20001220703125,368.18975830078125,288403,0.0,0.0
2024-11-20,366.6000061035156,372.6000061035156,366.6000061035156,370.79998779296875,368.7864685058594,232935,0.0,0.0
2024-11-21,368.3999938964844,374.0,367.20001220703125,371.0,368.9853515625,380563,0.0,0.0
2024-11-22,369.3999938964844,370.20001220703125,351.3999938964844,353.79998779296875,351.87872314453125,985460,0.0,0.0
2024-11-25,364.6000061035156,366.3999938964844,359.20001220703125,360.79998779296875,358.8407287597656,452400,0.0,0.0
2024-11-26,363.0,374.6000061035156,363.0,366.3999938964844,364.5719909667969,542161,1.2556448,0.0
2024-11-27,355.0,365.0,351.6000061035156,363.0,361.18896484375,598793,0.0,0.0
2024-11-28,363.0,366.0,356.6000061035156,359.79998779296875,358.00494384765625,249950,0.0,0.0
2024-11-29,359.79998779296875,362.79998779296875,352.79998779296875,355.0,353.2288513183594,730900,0.0,0.0
2024-12-02,358.79998779296875,364.20001220703125,355.3999938964844,360.3999938964844,358.6019592285156,673153,0.0,0.0
2024-12-03,360.3999938964844,370.0,360.3999938964844,367.3999938964844,365.5669860839844,296836,0.0,0.0
2024-12-04,367.3999938964844,370.79998779296875,363.79998779296875,367.3999938964844,365.5669860839844,236009,0.0,0.0
2024-12-05,367.3999938964844,370.6000061035156,364.79998779296875,364.79998779296875,362.97998046875,155566,0.0,0.0
2024-12-06,369.6000061035156,384.3999938964844,369.20001220703125,381.3999938964844,379.4971618652344,434171,0.0,0.0
2024-12-09,379.6000061035156,390.3999938964844,373.79998779296875,390.3999938964844,388.4522705078125,331762,0.0,0.0
2024-12-10,400.0,406.3999938964844,382.79998779296875,384.0,382.0841979980469,860035,0.0,0.0
2024-12-11,379.0,384.79998779296875,378.0,381.3999938964844,379.4971618652344,465410,0.0,0.0
2024-12-12,382.6000061035156,398.0,378.6000061035156,393.0,391.0392761230469,488553,0.0,0.0
2024-12-13,391.6000061035156,393.0,386.3999938964844,388.6000061035156,386.6612243652344,434600,0.0,0.0
2024-12-16,384.20001220703125,387.20001220703125,376.79998779296875,380.0,378.1041564941406,329032,0.0,0.0
2024-12-17,378.79998779296875,384.6000061035156,376.0,380.3999938964844,378.50213623046875,344150,0.0,0.0
2024-12-18,381.20001220703125,386.0,378.79998779296875,382.79998779296875,380.89019775390625,357524,0.0,0.0
2024-12-19,382.0,382.0,377.3999938964844,378.0,376.1141052246094,326226,0.0,0.0
2024-12-20,377.6000061035156,382.79998779296875,376.3999938964844,377.6000061035156,375.71612548828125,1009868,0.0,0.0
2024-12-23,376.0,385.0,371.79998779296875,373.0,371.1390380859375,277019,0.0,0.0
2024-12-24,380.0,380.0,380.0,380.0,378.1041564941406,0,0.0,0.0
2024-12-27,383.79998779296875,384.79998779296875,376.20001220703125,377.79998779296875,375.9151306152344,421450,0.0,0.0
2024-12-30,380.0,383.6000061035156,371.79998779296875,374.3999938964844,372.5320739746094,559860,0.0,0.0
2024-12-31,374.6000061035156,374.6000061035156,374.6000061035156,374.6000061035156,372.7311096191406,0,0.0,0.0
2025-01-02,374.20001220703125,374.20001220703125,363.79998779296875,367.20001220703125,365.3680419921875,304378,0.0,0.0
2025-01-03,366.0,366.20001220703125,348.20001220703125,354.0,352.23382568359375,1099571,0.0,0.0
2025-01-06,349.20001220703125,350.20001220703125,339.6000061035156,343.0,341.2887878417969,802006,0.0,0.0
2025-01-07,347.6000061035156,349.0,340.3999938964844,348.0,346.2637634277344,490448,0.0,0.0
2025-01-08,346.6000061035156,350.3999938964844,340.3999938964844,343.6000061035156,341.8857727050781,549111,0.0,0.0
2025-01-09,342.79998779296875,346.6000061035156,338.0,339.3999938964844,337.7066650390625,323371,0.0,0.0
2025-01-10,341.0,341.0,331.6000061035156,334.79998779296875,333.129638671875,351800,0.0,0.0
2025-01-13,330.0,331.20001220703125,325.3999938964844,329.3999938964844,327.756591796875,321600,0.0,0.0
2025-01-14,334.0,344.0,333.79998779296875,342.79998779296875,341.0897521972656,506436,0.0,0.0
2025-01-15,341.79998779296875,341.79998779296875,338.0,339.6000061035156,337.9057312011719,216017,0.0,0.0
2025-01-16,338.20001220703125,343.20001220703125,335.3999938964844,340.79998779296875,339.0997619628906,242058,0.0,0.0
2025-01-17,338.3999938964844,341.0,331.0,339.6000061035156,337.9057312011719,324118,0.0,0.0
2025-01-20,346.3999938964844,354.0,345.20001220703125,349.3999938964844,347.65679931640625,443550,0.0,0.0
2025-01-21,344.6000061035156,353.6000061035156,344.6000061035156,353.20001220703125,351.4378662109375,307945,0.0,0.0
2025-01-22,332.20001220703125,351.0,331.0,345.79998779296875,344.07476806640625,356100,0.0,0.0
2025-01-23,347.79998779296875,351.6000061035156,343.79998779296875,344.20001220703125,342.4828186035156,182100,0.0,0.0
2025-01-24,345.79998779296875,350.0,345.6000061035156,347.3999938964844,345.66680908203125,300700,0.0,0.0
2025-01-27,358.0,360.79998779296875,356.0,357.3999938964844,355.6168518066406,282961,0.0,0.0
2025-01-28,353.0,353.0,353.0,353.0,351.23883056640625,0,0.0,0.0
2025-02-03,353.0,357.0,345.6000061035156,353.3999938964844,351.6368408203125,385229,0.0,0.0
2025-02-04,346.0,359.0,344.20001220703125,354.6000061035156,352.8309020996094,265029,0.0,0.0
2025-02-05,358.20001220703125,358.20001220703125,346.20001220703125,349.79998779296875,348.0548095703125,413100,0.0,0.0
2025-02-06,350.20001220703125,365.6000061035156,350.20001220703125,364.20001220703125,362.38299560546875,527045,0.0,0.0
2025-02-07,380.3999938964844,392.20001220703125,378.20001220703125,382.79998779296875,380.89019775390625,1197850,0.0,0.0
2025-02-10,382.79998779296875,382.79998779296875,364.6000061035156,372.3999938964844,370.5420837402344,559238,0.0,0.0
2025-02-11,371.6000061035156,380.0,369.20001220703125,370.0,368.154052734375,391955,0.0,0.0
2025-02-12,370.0,378.6000061035156,369.20001220703125,376.20001220703125,374.3231201171875,457978,0.0,0.0
2025-02-13,379.6000061035156,380.0,365.6000061035156,367.20001220703125,365.3680419921875,439888,0.0,0.0
2025-02-14,372.6000061035156,375.0,364.79998779296875,372.6000061035156,370.7410888671875,690295,0.0,0.0
2025-02-17,377.0,385.3999938964844,374.20001220703125,375.6000061035156,373.7261047363281,649400,0.0,0.0
2025-02-18,378.6000061035156,385.0,375.79998779296875,383.6000061035156,381.6861572265625,334470,0.0,0.0
2025-02-19,380.3999938964844,384.6000061035156,379.0,380.79998779296875,378.900146484375,406520,0.0,0.0
2025-02-20,370.6000061035156,371.0,362.20001220703125,363.79998779296875,361.9849853515625,488580,0.0,0.0
2025-02-21,367.6000061035156,369.20001220703125,359.20001220703125,363.6000061035156,361.7859802246094,740654,0.0,0.0
2025-02-24,365.0,366.3999938964844,357.0,359.79998779296875,358.00494384765625,518500,0.0,0.0
2025-02-25,358.20001220703125,369.3999938964844,357.79998779296875,364.79998779296875,362.97998046875,551150,0.0,0.0
2025-02-26,370.20001220703125,379.79998779296875,370.0,377.6000061035156,375.71612548828125,678298,0.0,0.0
2025-02-27,378.0,387.0,377.79998779296875,383.79998779296875,381.8851623535156,504098,0.0,0.0
2025-02-28,388.0,396.79998779296875,382.0,384.3999938964844,382.48223876953125,912673,0.0,0.0
2025-03-03,384.20001220703125,388.79998779296875,374.6000061035156,377.6000061035156,375.71612548828125,394289,0.0,0.0
2025-03-04,377.79998779296875,387.0,376.79998779296875,382.0,380.09417724609375,313838,0.0,0.0
2025-03-05,380.0,385.20001220703125,374.20001220703125,384.3999938964844,382.48223876953125,375450,0.0,0.0
2025-03-06,387.20001220703125,390.0,383.79998779296875,390.0,388.2967224121094,598673,1.8834672,0.0
2025-03-07,386.3999938964844,391.0,379.3999938964844,381.3999938964844,379.7342529296875,599734,0.0,0.0
2025-03-10,383.0,388.6000061035156,379.6000061035156,385.0,383.31854248046875,409487,0.0,0.0
2025-03-11,380.0,387.0,375.20001220703125,385.3999938964844,383.7167663574219,429102,0.0,0.0
2025-03-12,382.6000061035156,386.0,376.20001220703125,380.20001220703125,378.53948974609375,331221,0.0,0.0
2025-03-13,381.0,388.0,378.3999938964844,383.79998779296875,382.1237487792969,421602,0.0,0.0
2025-03-14,383.79998779296875,395.6000061035156,380.6000061035156,393.6000061035156,391.8810119628906,643997,0.0,0.0
2025-03-17,395.6000061035156,411.79998779296875,395.6000061035156,404.79998779296875,403.03204345703125,732913,0.0,0.0
2025-03-18,410.6000061035156,421.3999938964844,410.0,419.20001220703125,417.3691711425781,565819,0.0,0.0
2025-03-19,419.20001220703125,421.3999938964844,411.6000061035156,418.0,416.1744079589844,441930,0.0,0.0
2025-03-20,419.6000061035156,420.6000061035156,403.79998779296875,406.6000061035156,404.8241882324219,396664,0.0,0.0
2025-03-21,409.79998779296875,412.6000061035156,398.3999938964844,398.3999938964844,396.6600341796875,592725,0.0,0.0
2025-03-24,403.3999938964844,406.3999938964844,395.3999938964844,404.3999938964844,402.6337890625,584270,0.0,0.0
2025-03-25,400.6000061035156,406.0,387.3999938964844,392.0,390.28790283203125,617150,0.0,0.0
2025-03-26,396.20001220703125,406.20001220703125,396.20001220703125,405.0,403.23114013671875,421956,0.0,0.0
2025-03-27,405.0,415.6000061035156,403.0,412.6000061035156,410.7980041503906,254669,0.0,0.0
2025-03-28,411.0,416.3999938964844,408.3999938964844,411.79998779296875,410.00146484375,388741,0.0,0.0
2025-03-31,408.3999938964844,408.3999938964844,392.0,405.0,403.23114013671875,335539,0.0,0.0
2025-04-01,410.0,410.0,402.0,405.3999938964844,403.6294250488281,256376,0.0,0.0
2025-04-02,413.6000061035156,420.0,409.0,410.79998779296875,409.0058288574219,271044,0.0,0.0
2025-04-03,404.20001220703125,418.20001220703125,400.79998779296875,416.0,414.1831359863281,463758,0.0,0.0
2025-04-07,375.0,375.0,355.20001220703125,357.79998779296875,356.2373046875,1736613,0.0,0.0
2025-04-08,357.79998779296875,374.20001220703125,355.20001220703125,361.20001220703125,359.6224670410156,934687,0.0,0.0
2025-04-09,353.6000061035156,376.79998779296875,331.0,367.6000061035156,365.99456787109375,1134142,0.0,0.0
2025-04-10,367.6000061035156,371.20001220703125,361.0,367.79998779296875,366.1936340332031,1020271,0.0,0.0
2025-04-11,359.79998779296875,360.6000061035156,347.20001220703125,353.6000061035156,352.0556640625,1700220,0.0,0.0
2025-04-14,352.0,356.79998779296875,350.0,356.79998779296875,355.2416687011719,1476841,0.0,0.0
2025-04-15,354.79998779296875,355.0,343.79998779296875,349.6000061035156,348.0731506347656,1416007,0.0,0.0
2025-04-16,349.6000061035156,353.6000061035156,340.0,347.0,345.4844970703125,1311823,0.0,0.0
2025-04-17,347.0,347.0,341.20001220703125,342.20001220703125,340.7054748535156,791820,0.0,0.0
2025-04-22,328.0,336.6000061035156,324.0,332.3999938964844,330.9482727050781,2299003,0.0,0.0
2025-04-23,353.6000061035156,384.79998779296875,353.3999938964844,366.79998779296875,365.1980285644531,1739699,0.0,0.0
2025-04-24,366.0,368.79998779296875,358.6000061035156,363.0,361.4146423339844,765075,0.0,0.0
2025-04-25,365.0,365.0,353.3999938964844,355.0,353.44952392578125,735081,0.0,0.0
2025-04-28,355.20001220703125,355.20001220703125,350.0,353.79998779296875,352.25482177734375,510327,0.0,0.0
2025-04-29,365.0,365.0,356.3999938964844,361.0,359.4233703613281,521623,0.0,0.0
2025-04-30,363.0,364.79998779296875,359.6000061035156,362.6000061035156,361.0163879394531,380868,0.0,0.0
2025-05-02,348.3999938964844,348.3999938964844,333.20001220703125,334.79998779296875,333.3377990722656,834610,0.0,0.0
2025-05-06,336.6000061035156,350.20001220703125,336.6000061035156,338.79998779296875,337.3202819824219,825329,0.0,0.0
2025-05-07,343.20001220703125,345.0,338.3999938964844,339.6000061035156,338.1168212890625,393658,0.0,0.0
2025-05-08,339.6000061035156,343.6000061035156,337.0,339.6000061035156,338.1168212890625,323163,0.0,0.0
2025-05-09,345.0,348.20001220703125,337.0,347.20001220703125,345.6836242675781,596360,0.0,0.0
2025-05-12,347.20001220703125,355.0,341.0,351.0,349.467041015625,664094,0.0,0.0
2025-05-13,358.0,361.6000061035156,354.0,354.79998779296875,353.2504577636719,605258,0.0,0.0
2025-05-14,356.0,365.6000061035156,355.0,363.79998779296875,362.2111511230469,701433,0.0,0.0
2025-05-15,364.20001220703125,366.20001220703125,358.3999938964844,360.20001220703125,358.6268615722656,563824,0.0,0.0
2025-05-16,350.79998779296875,350.79998779296875,341.20001220703125,348.0,346.4801025390625,764846,0.0,0.0
2025-05-19,346.3999938964844,346.3999938964844,341.79998779296875,343.79998779296875,342.2984619140625,580039,0.0,0.0
2025-05-20,345.0,348.0,338.20001220703125,345.0,343.49322509765625,673251,0.0,0.0
2025-05-21,342.0,343.79998779296875,337.20001220703125,340.0,338.5150451660156,877026,0.0,0.0
2025-05-22,338.0,338.0,329.79998779296875,331.6000061035156,330.1517333984375,475439,0.0,0.0
2025-05-23,333.20001220703125,334.20001220703125,331.0,332.6000061035156,331.1473693847656,387363,0.0,0.0
2025-05-26,332.6000061035156,335.20001220703125,332.6000061035156,334.0,332.541259765625,398800,0.0,0.0
2025-05-27,332.6000061035156,337.0,332.0,335.20001220703125,333.736083984375,655928,0.0,0.0
2025-05-28,335.3999938964844,343.3999938964844,335.3999938964844,341.79998779296875,340.5510559082031,830016,1.8834672,0.0
2025-05-29,344.6000061035156,348.79998779296875,342.20001220703125,348.0,346.7283630371094,724908,0.0,0.0
2025-05-30,349.6000061035156,351.3999938964844,344.20001220703125,346.6000061035156,345.33349609375,567506,0.0,0.0
2025-06-02,344.0,344.0,336.79998779296875,342.3999938964844,341.1488342285156,200748,0.0,0.0
2025-06-03,342.0,347.6000061035156,341.79998779296875,343.20001220703125,341.9459228515625,213217,0.0,0.0
2025-06-04,342.79998779296875,342.79998779296875,337.20001220703125,338.3999938964844,337.1634826660156,419105,0.0,0.0
2025-06-05,335.0,338.20001220703125,334.0,337.6000061035156,336.3663635253906,428390,0.0,0.0
2025-06-06,339.79998779296875,339.79998779296875,335.0,339.3999938964844,338.1597900390625,368450,0.0,0.0
2025-06-09,341.6000061035156,350.3999938964844,340.0,349.20001220703125,347.9239807128906,514872,0.0,0.0
2025-06-10,351.20001220703125,361.79998779296875,350.6000061035156,352.79998779296875,351.51080322265625,860532,0.0,0.0
2025-06-11,353.0,354.79998779296875,349.0,353.3999938964844,352.108642578125,617713,0.0,0.0
2025-06-12,352.6000061035156,356.0,349.20001220703125,351.20001220703125,349.91668701171875,519044,0.0,0.0
2025-06-13,351.20001220703125,353.3999938964844,346.6000061035156,348.79998779296875,347.52545166015625,323952,0.0,0.0
2025-06-16,345.0,348.79998779296875,339.20001220703125,345.6000061035156,344.33709716796875,400221,0.0,0.0
2025-06-17,345.0,352.0,343.20001220703125,344.3999938964844,343.1415100097656,301045,0.0,0.0
2025-06-18,340.0,343.6000061035156,338.3999938964844,340.79998779296875,339.5546569824219,497433,0.0,0.0
2025-06-19,338.0,342.6000061035156,330.6000061035156,333.3999938964844,332.1817626953125,658324,0.0,0.0
2025-06-20,330.3999938964844,341.0,330.3999938964844,338.0,336.76495361328125,615036,0.0,0.0
2025-06-23,337.0,347.6000061035156,334.0,344.20001220703125,342.9422607421875,600750,0.0,0.0
2025-06-24,344.20001220703125,353.20001220703125,344.20001220703125,352.6000061035156,351.3115539550781,907935,0.0,0.0
2025-06-25,352.0,356.20001220703125,350.0,354.20001220703125,352.9057312011719,1054603,0.0,0.0
2025-06-26,350.0,354.20001220703125,346.20001220703125,351.0,349.7174072265625,729216,0.0,0.0
2025-06-27,349.0,349.3999938964844,344.0,345.6000061035156,344.33709716796875,384015,0.0,0.0
2025-06-30,349.6000061035156,359.3999938964844,349.6000061035156,351.3999938964844,350.1159362792969,539240,0.0,0.0
2025-07-02,355.79998779296875,366.0,355.79998779296875,363.3999938964844,362.07208251953125,580731,0.0,0.0
2025-07-03,363.3999938964844,365.0,355.20001220703125,359.79998779296875,358.4852600097656,440522,0.0,0.0
2025-07-04,358.6000061035156,360.79998779296875,351.20001220703125,359.0,357.6882019042969,288950,0.0,0.0
2025-07-07,359.6000061035156,372.6000061035156,359.6000061035156,370.6000061035156,369.2458190917969,745445,0.0,0.0
2025-07-08,371.0,380.79998779296875,371.0,376.6000061035156,375.2238464355469,871350,0.0,0.0
2025-07-09,376.6000061035156,376.6000061035156,369.3999938964844,370.6000061035156,369.2458190917969,558274,0.0,0.0
2025-07-10,370.0,377.3999938964844,370.0,376.20001220703125,374.82537841796875,331500,0.0,0.0
2025-07-11,376.0,381.6000061035156,374.6000061035156,379.0,377.6151123046875,511396,0.0,0.0
2025-07-14,378.79998779296875,378.79998779296875,371.3999938964844,376.79998779296875,375.4231262207031,491974,0.0,0.0
2025-07-15,370.6000061035156,376.79998779296875,367.79998779296875,375.0,373.6297302246094,501594,0.0,0.0
2025-07-16,371.79998779296875,374.0,362.20001220703125,365.0,363.666259765625,645450,0.0,0.0
2025-07-17,366.6000061035156,371.20001220703125,362.79998779296875,368.20001220703125,366.8545837402344,643216,0.0,0.0
2025-07-18,370.79998779296875,380.20001220703125,370.79998779296875,379.20001220703125,377.81439208984375,541800,0.0,0.0
2025-07-21,372.20001220703125,373.20001220703125,369.0,372.20001220703125,370.8399658203125,586500,0.0,0.0
2025-07-22,372.3999938964844,378.20001220703125,371.79998779296875,375.3999938964844,374.02825927734375,246600,0.0,0.0
2025-07-23,381.0,385.79998779296875,379.20001220703125,383.20001220703125,381.79974365234375,400240,0.0,0.0
2025-07-24,386.3999938964844,389.0,380.79998779296875,385.20001220703125,383.7924499511719,320790,0.0,0.0
2025-07-25,384.0,384.0,373.6000061035156,375.79998779296875,374.4267883300781,463550,0.0,0.0
2025-07-28,374.0,376.6000061035156,371.20001220703125,372.6000061035156,371.2384948730469,239961,0.0,0.0
2025-07-29,370.0,371.0,364.20001220703125,368.3999938964844,367.0538330078125,214384,0.0,0.0
2025-07-30,365.0,368.20001220703125,361.3999938964844,367.3999938964844,366.0574951171875,301650,0.0,0.0
2025-07-31,367.3999938964844,368.3999938964844,363.79998779296875,365.3999938964844,364.0647888183594,396450,0.0,0.0
2025-08-01,363.6000061035156,369.6000061035156,363.6000061035156,367.79998779296875,366.4560241699219,278803,0.0,0.0
2025-08-04,364.3999938964844,371.0,363.79998779296875,371.0,369.6443176269531,325000,0.0,0.0
2025-08-05,372.0,376.3999938964844,369.6000061035156,370.79998779296875,369.445068359375,521000,0.0,0.0
2025-08-06,348.0,355.3999938964844,347.0,348.6000061035156,347.32623291015625,1494252,0.0,0.0
2025-08-07,355.0,360.6000061035156,354.6000061035156,360.20001220703125,358.8838195800781,1018543,0.0,0.0
2025-08-08,360.20001220703125,364.20001220703125,357.20001220703125,360.0,358.68450927734375,741198,0.0,0.0
2025-08-11,353.0,353.0,345.6000061035156,350.0,348.7210693359375,1006172,0.0,0.0
2025-08-12,353.0,353.79998779296875,347.79998779296875,349.20001220703125,347.9239807128906,402950,0.0,0.0
2025-08-13,353.0,354.20001220703125,346.79998779296875,352.0,350.71380615234375,720948,0.0,0.0
2025-08-14,354.79998779296875,356.3999938964844,351.79998779296875,353.6000061035156,352.30792236328125,351510,0.0,0.0
2025-08-15,353.6000061035156,353.6000061035156,348.20001220703125,349.0,347.7247009277344,502050,0.0,0.0
2025-08-18,351.0,352.6000061035156,346.20001220703125,347.3999938964844,346.1305847167969,436700,0.0,0.0
2025-08-19,347.3999938964844,354.0,347.0,350.20001220703125,348.92034912109375,568650,0.0,0.0
2025-08-20,350.0,352.0,345.20001220703125,351.79998779296875,350.51446533203125,386188,0.0,0.0
2025-08-21,351.79998779296875,356.3999938964844,350.0,350.3999938964844,349.11962890625,475650,0.0,0.0
2025-08-22,352.20001220703125,357.3999938964844,350.6000061035156,357.0,355.69549560546875,727195,0.0,0.0
2025-08-25,359.20001220703125,367.6000061035156,357.20001220703125,365.20001220703125,363.86553955078125,832565,0.0,0.0
2025-08-26,366.0,371.6000061035156,364.6000061035156,368.6000061035156,367.25311279296875,3160462,0.0,0.0
2025-08-27,363.0,363.0,350.20001220703125,352.79998779296875,351.51080322265625,928900,0.0,0.0
2025-08-28,352.79998779296875,357.20001220703125,348.0,349.20001220703125,347.9239807128906,549600,0.0,0.0
2025-08-29,350.3999938964844,355.20001220703125,346.20001220703125,349.3999938964844,348.12322998046875,1247252,0.0,0.0
2025-09-01,351.0,353.20001220703125,347.6000061035156,349.79998779296875,348.52178955078125,720700,0.0,0.0
2025-09-02,347.6000061035156,354.3999938964844,347.6000061035156,350.79998779296875,349.75811767578125,1037215,1.8834672,0.0
2025-09-03,347.0,349.3999938964844,340.0,341.0,339.9872131347656,1467500,0.0,0.0
2025-09-04,346.3999938964844,347.79998779296875,343.3999938964844,347.3999938964844,346.36822509765625,862751,0.0,0.0
2025-09-05,350.0,351.6000061035156,346.20001220703125,348.0,346.9664306640625,348896,0.0,0.0
2025-09-08,350.79998779296875,353.6000061035156,349.3999938964844,353.3999938964844,352.35040283203125,450636,0.0,0.0
2025-09-09,349.79998779296875,351.0,343.20001220703125,345.6000061035156,344.5735168457031,809813,0.0,0.0
2025-09-10,345.6000061035156,351.79998779296875,345.6000061035156,348.3999938964844,347.365234375,611240,0.0,0.0
2025-09-11,348.3999938964844,354.6000061035156,344.0,354.6000061035156,353.5468444824219,641382,0.0,0.0
2025-09-12,355.3999938964844,356.6000061035156,348.6000061035156,351.6000061035156,350.5557556152344,685399,0.0,0.0
2025-09-15,344.3999938964844,345.20001220703125,338.3999938964844,342.20001220703125,341.1836242675781,977828,0.0,0.0
2025-09-16,343.0,351.79998779296875,341.0,349.6000061035156,348.56170654296875,1116062,0.0,0.0
2025-09-17,349.6000061035156,353.20001220703125,349.0,352.6000061035156,351.5527648925781,436083,0.0,0.0
2025-09-18,349.0,351.0,344.20001220703125,346.3999938964844,345.3711853027344,750060,0.0,0.0
2025-09-19,343.3999938964844,343.3999938964844,340.3999938964844,341.3999938964844,340.38604736328125,803562,0.0,0.0
2025-09-22,342.6000061035156,343.3999938964844,336.3999938964844,338.3999938964844,337.39495849609375,589348,0.0,0.0
2025-09-23,338.3999938964844,338.6000061035156,332.79998779296875,334.20001220703125,333.2074279785156,470349,0.0,0.0
2025-09-24,334.3999938964844,336.0,331.3999938964844,335.20001220703125,334.2044677734375,366700,0.0,0.0
2025-09-25,338.20001220703125,340.6000061035156,335.0,337.79998779296875,336.7967224121094,514350,0.0,0.0
2025-09-26,337.79998779296875,338.0,333.6000061035156,335.3999938964844,334.40380859375,303450,0.0,0.0
2025-09-29,336.6000061035156,341.79998779296875,336.6000061035156,339.79998779296875,338.790771484375,263640,0.0,0.0
2025-09-30,341.20001220703125,342.20001220703125,336.0,341.0,339.9872131347656,504520,0.0,0.0
2025-10-02,337.6000061035156,337.6000061035156,333.6000061035156,335.3999938964844,334.40380859375,498661,0.0,0.0
2025-10-03,335.0,337.3999938964844,329.0,331.79998779296875,330.8145446777344,336948,0.0,0.0
2025-10-06,333.0,333.3999938964844,328.79998779296875,329.6000061035156,328.62109375,253205,0.0,0.0
2025-10-08,330.6000061035156,335.0,324.79998779296875,327.3999938964844,326.4276123046875,419107,0.0,0.0
2025-10-09,330.0,332.79998779296875,329.20001220703125,330.20001220703125,329.2193298339844,486619,0.0,0.0
2025-10-10,328.20001220703125,342.3999938964844,328.20001220703125,342.20001220703125,341.1836242675781,932347,0.0,0.0
2025-10-13,340.0,341.0,332.3999938964844,339.3999938964844,338.3919677734375,541539,0.0,0.0
2025-10-14,339.79998779296875,340.3999938964844,330.20001220703125,331.79998779296875,330.8145446777344,522670,0.0,0.0
2025-10-15,335.0,336.0,330.79998779296875,336.0,335.0020751953125,743064,0.0,0.0
2025-10-16,340.0,343.0,337.0,339.0,337.9931640625,666045,0.0,0.0
2025-10-17,339.0,340.0,333.3999938964844,334.79998779296875,333.8056335449219,413735,0.0,0.0
2025-10-20,337.3999938964844,343.6000061035156,337.3999938964844,341.3999938964844,340.38604736328125,532717,0.0,0.0
2025-10-21,347.79998779296875,350.79998779296875,346.0,347.79998779296875,346.7669982910156,743250,0.0,0.0
2025-10-22,350.20001220703125,350.79998779296875,346.20001220703125,349.20001220703125,348.1628723144531,331389,0.0,0.0
2025-10-23,349.79998779296875,353.0,346.6000061035156,353.0,351.95159912109375,272019,0.0,0.0
2025-10-24,353.0,354.0,350.0,352.6000061035156,351.5527648925781,238351,0.0,0.0
2025-10-27,353.6000061035156,354.0,347.6000061035156,348.79998779296875,347.7640686035156,340383,0.0,0.0
2025-10-28,348.0,348.0,343.79998779296875,346.3999938964844,345.3711853027344,452505,0.0,0.0
2025-10-30,341.0,347.20001220703125,338.20001220703125,340.79998779296875,339.78778076171875,783573,0.0,0.0
2025-10-31,343.0,343.0,334.6000061035156,334.6000061035156,333.60626220703125,670773,0.0,0.0
2025-11-03,337.79998779296875,342.0,334.79998779296875,339.0,337.9931640625,461667,0.0,0.0
2025-11-04,344.0,352.20001220703125,342.3999938964844,352.0,350.95458984375,1308351,0.0,0.0
2025-11-05,352.0,352.0,339.6000061035156,342.79998779296875,341.7818603515625,828667,0.0,0.0
2025-11-06,336.79998779296875,342.79998779296875,336.3999938964844,340.79998779296875,339.78778076171875,1863275,0.0,0.0
2025-11-07,335.3999938964844,339.3999938964844,334.6000061035156,337.79998779296875,336.7967224121094,493166,0.0,0.0
2025-11-10,338.0,349.20001220703125,338.0,349.0,347.96343994140625,431694,0.0,0.0
2025-11-11,349.79998779296875,358.79998779296875,347.6000061035156,357.20001220703125,356.1391296386719,645865,0.0,0.0
2025-11-12,357.20001220703125,361.6000061035156,356.20001220703125,361.20001220703125,360.1272277832031,360660,0.0,0.0
2025-11-13,362.3999938964844,362.79998779296875,357.3999938964844,359.20001220703125,358.1332092285156,375590,0.0,0.0
2025-11-14,359.0,364.3999938964844,358.3999938964844,360.79998779296875,359.7283935546875,505650,0.0,0.0
2025-11-17,357.6000061035156,361.0,354.6000061035156,361.0,359.9278259277344,427611,0.0,0.0
2025-11-18,361.0,370.3999938964844,361.0,366.3999938964844,365.3117370605469,944100,0.0,0.0
2025-11-19,369.0,375.79998779296875,367.0,372.3999938964844,371.2939758300781,982867,0.0,0.0
2025-11-20,376.20001220703125,380.6000061035156,373.79998779296875,377.3999938964844,376.27911376953125,741151,0.0,0.0
2025-11-21,371.20001220703125,375.6000061035156,368.79998779296875,370.0,368.9010925292969,606840,0.0,0.0
2025-11-24,371.0,378.79998779296875,370.0,376.20001220703125,375.0827331542969,1356059,0.0,0.0
2025-11-25,373.3999938964844,375.0,370.79998779296875,372.3999938964844,371.2939758300781,527613,0.0,0.0
2025-11-26,379.3999938964844,379.3999938964844,375.6000061035156,376.0,374.8832702636719,645322,0.0,0.0
2025-11-27,380.0,380.0,371.3999938964844,375.0,373.8862609863281,715200,0.0,0.0
2025-11-28,374.20001220703125,377.79998779296875,373.6000061035156,375.3999938964844,374.2850646972656,264563,0.0,0.0
2025-12-01,376.0,379.20001220703125,372.6000061035156,376.3999938964844,375.2820739746094,685115,0.0,0.0
2025-12-02,378.0,380.3999938964844,376.3999938964844,378.20001220703125,377.31732177734375,465952,1.8834672,0.0
2025-12-03,380.0,380.0,373.6000061035156,375.79998779296875,374.92291259765625,348159,0.0,0.0
2025-12-04,372.0,372.0,363.79998779296875,366.20001220703125,365.3453369140625,800267,0.0,0.0
2025-12-05,363.6000061035156,363.79998779296875,358.79998779296875,360.20001220703125,359.35931396484375,1865795,0.0,0.0
2025-12-08,362.0,363.3999938964844,359.6000061035156,361.79998779296875,360.95556640625,1274397,0.0,0.0
2025-12-09,362.20001220703125,363.3999938964844,355.79998779296875,357.0,356.16680908203125,767950,0.0,0.0
2025-12-10,359.3999938964844,365.20001220703125,357.0,364.20001220703125,363.3500061035156,671988,0.0,0.0
2025-12-11,368.79998779296875,370.6000061035156,364.79998779296875,365.0,364.14813232421875,592629,0.0,0.0
2025-12-12,368.79998779296875,379.6000061035156,368.79998779296875,374.20001220703125,373.32666015625,595025,0.0,0.0
2025-12-15,377.0,382.20001220703125,376.6000061035156,378.0,377.1177978515625,437211,0.0,0.0
2025-12-16,374.3999938964844,374.3999938964844,368.20001220703125,369.20001220703125,368.3383483886719,472394,0.0,0.0
2025-12-17,367.0,371.3999938964844,367.0,370.20001220703125,369.33599853515625,576042,0.0,0.0
2025-12-18,369.79998779296875,374.6000061035156,369.3999938964844,373.0,372.1294250488281,308732,0.0,0.0
2025-12-19,373.0,376.79998779296875,372.6000061035156,375.20001220703125,374.3243408203125,877670,0.0,0.0
2025-12-22,375.20001220703125,378.0,374.0,375.79998779296875,374.92291259765625,295022,0.0,0.0
2025-12-23,379.6000061035156,380.6000061035156,375.3999938964844,376.20001220703125,375.322021484375,310862,0.0,0.0
2025-12-24,379.0,379.0,379.0,379.0,378.1154479980469,0,0.0,0.0
2025-12-29,379.20001220703125,382.0,374.20001220703125,374.79998779296875,373.92523193359375,337997,0.0,0.0
2025-12-30,374.79998779296875,375.79998779296875,365.79998779296875,369.6000061035156,368.73736572265625,966983,0.0,0.0
2025-12-31,368.20001220703125,368.20001220703125,368.20001220703125,368.20001220703125,367.34063720703125,0,0.0,0.0
2026-01-02,369.6000061035156,378.0,369.6000061035156,378.0,377.1177978515625,221689,0.0,0.0
2026-01-05,374.3999938964844,377.6000061035156,364.0,365.3999938964844,364.5472106933594,846593,0.0,0.0
2026-01-06,367.6000061035156,369.6000061035156,363.79998779296875,367.79998779296875,366.9415588378906,680056,0.0,0.0
2026-01-07,369.79998779296875,376.6000061035156,369.6000061035156,376.3999938964844,375.521484375,433075,0.0,0.0
2026-01-08,373.0,374.20001220703125,369.79998779296875,371.6000061035156,370.7326965332031,568510,0.0,0.0
2026-01-09,371.20001220703125,375.3999938964844,369.79998779296875,373.6000061035156,372.7280578613281,465870,0.0,0.0
2026-01-12,374.20001220703125,378.79998779296875,371.20001220703125,378.79998779296875,377.9158935546875,446434,0.0,0.0
2026-01-13,378.79998779296875,385.0,371.20001220703125,380.3999938964844,379.5121765136719,496337,0.0,0.0
2026-01-14,378.20001220703125,380.3999938964844,377.0,379.20001220703125,378.31500244140625,436062,0.0,0.0
2026-01-15,376.79998779296875,379.6000061035156,372.79998779296875,374.20001220703125,373.32666015625,759614,0.0,0.0
2026-01-16,378.3999938964844,381.6000061035156,374.79998779296875,376.6000061035156,375.7210388183594,461433,0.0,0.0
2026-01-19,371.20001220703125,375.6000061035156,365.6000061035156,369.6000061035156,368.73736572265625,706918,0.0,0.0
2026-01-20,371.20001220703125,373.79998779296875,368.20001220703125,371.79998779296875,370.9322509765625,440600,0.0,0.0
2026-01-21,371.0,375.79998779296875,371.0,375.79998779296875,374.92291259765625,538902,0.0,0.0
2026-01-22,377.6000061035156,381.6000061035156,376.20001220703125,381.3999938964844,380.5098571777344,592269,0.0,0.0
2026-01-23,383.3999938964844,384.20001220703125,381.20001220703125,383.0,382.10614013671875,590527,0.0,0.0
2026-01-26,384.20001220703125,387.0,378.3999938964844,381.79998779296875,380.9089050292969,497433,0.0,0.0
2026-01-27,383.6000061035156,388.6000061035156,383.3999938964844,388.3999938964844,387.49346923828125,1022645,0.0,0.0
2026-01-28,389.0,400.20001220703125,389.0,400.20001220703125,399.2659912109375,941312,0.0,0.0
2026-01-29,392.20001220703125,399.20001220703125,386.79998779296875,398.20001220703125,397.2706604003906,737046,0.0,0.0
2026-01-30,389.79998779296875,396.79998779296875,387.6000061035156,389.0,388.09210205078125,878197,0.0,0.0
2026-02-02,389.0,389.0,382.6000061035156,386.3999938964844,385.4981994628906,513086,0.0,0.0
2026-02-03,391.6000061035156,399.0,389.79998779296875,394.6000061035156,393.6790466308594,671903,0.0,0.0
2026-02-04,399.0,399.0,381.3999938964844,392.3999938964844,391.4841613769531,500917,0.0,0.0
2026-02-05,416.20001220703125,437.20001220703125,409.3999938964844,437.20001220703125,436.17962646484375,2603995,0.0,0.0
2026-02-06,432.79998779296875,434.79998779296875,423.0,430.6000061035156,429.59503173828125,1608398,0.0,0.0
2026-02-09,446.0,450.20001220703125,440.6000061035156,444.0,442.9637451171875,1183196,0.0,0.0
2026-02-10,447.0,451.20001220703125,444.6000061035156,450.0,448.94970703125,756748,0.0,0.0
2026-02-11,443.3999938964844,448.79998779296875,441.20001220703125,445.6000061035156,444.5600280761719,823370,0.0,0.0
2026-02-12,440.0,442.79998779296875,431.3999938964844,434.3999938964844,433.3861389160156,727841,0.0,0.0
2026-02-13,430.6000061035156,439.0,424.79998779296875,437.0,435.9800720214844,955134,0.0,0.0
2026-02-16,425.20001220703125,425.20001220703125,425.20001220703125,425.20001220703125,424.2076110839844,0,0.0,0.0
2026-02-20,422.79998779296875,429.79998779296875,419.6000061035156,420.3999938964844,419.4188232421875,729562,0.0,0.0
2026-02-23,416.0,427.20001220703125,416.0,424.0,423.01043701171875,584979,0.0,0.0
2026-02-24,430.0,436.79998779296875,428.79998779296875,434.79998779296875,433.7851867675781,977163,0.0,0.0
2026-02-25,432.3999938964844,438.20001220703125,431.79998779296875,436.3999938964844,435.3814697265625,683648,0.0,0.0
2026-02-26,442.3999938964844,442.3999938964844,430.6000061035156,431.20001220703125,430.193603515625,545910,0.0,0.0
2026-02-27,434.0,435.0,428.6000061035156,433.20001220703125,432.18896484375,2121539,0.0,0.0
2026-03-02,419.6000061035156,428.20001220703125,419.6000061035156,422.0,421.0151062011719,614318,0.0,0.0
2026-03-03,417.6000061035156,420.3999938964844,406.6000061035156,408.79998779296875,407.8458557128906,613237,0.0,0.0
2026-03-04,401.0,410.20001220703125,401.0,409.79998779296875,409.1337890625,718075,2.2758563,0.0
2026-03-05,420.20001220703125,420.20001220703125,406.20001220703125,407.3999938964844,406.7377014160156,657609,0.0,0.0
2026-03-06,414.3999938964844,421.79998779296875,410.6000061035156,421.6000061035156,420.9146423339844,811172,0.0,0.0
2026-03-09,409.0,410.0,401.6000061035156,409.3999938964844,408.73443603515625,1121175,0.0,0.0
2026-03-10,420.79998779296875,420.79998779296875,411.20001220703125,415.3999938964844,414.7247009277344,510830,0.0,0.0
2026-03-11,419.6000061035156,426.0,416.3999938964844,417.20001220703125,416.52178955078125,897889,0.0,0.0
2026-03-12,412.79998779296875,417.6000061035156,404.6000061035156,409.6000061035156,408.93414306640625,659109,0.0,0.0
2026-03-13,409.0,416.0,407.79998779296875,409.3999938964844,408.73443603515625,626130,0.0,0.0
2026-03-16,413.0,420.79998779296875,413.0,418.6000061035156,417.9195251464844,491741,0.0,0.0
2026-03-17,422.6000061035156,432.20001220703125,422.6000061035156,427.0,426.30584716796875,788619,0.0,0.0
2026-03-18,427.0,429.0,423.79998779296875,426.79998779296875,426.1061706542969,525419,0.0,0.0
2026-03-19,413.79998779296875,429.20001220703125,413.79998779296875,420.3999938964844,419.7165832519531,694123,0.0,0.0
2026-03-20,423.3999938964844,427.0,416.79998779296875,419.6000061035156,418.9178771972656,658193,0.0,0.0
2026-03-23,413.79998779296875,413.79998779296875,400.79998779296875,403.6000061035156,402.94390869140625,693712,0.0,0.0
2026-03-24,410.0,411.79998779296875,403.6000061035156,411.79998779296875,411.13055419921875,654861,0.0,0.0
2026-03-25,412.6000061035156,414.20001220703125,402.79998779296875,407.0,406.33837890625,715704,0.0,0.0
2026-03-26,407.20001220703125,410.0,385.0,388.3999938964844,387.7685852050781,1586517,0.0,0.0
2026-03-27,390.6000061035156,400.3999938964844,390.6000061035156,396.6000061035156,395.9552917480469,712265,0.0,0.0
2026-03-30,382.3999938964844,392.3999938964844,382.3999938964844,387.3999938964844,386.77020263671875,814424,0.0,0.0
2026-03-31,387.0,387.0,377.0,385.3999938964844,384.7734680175781,894786,0.0,0.0
2026-04-01,388.20001220703125,390.3999938964844,381.0,383.0,382.37738037109375,1006209,0.0,0.0
2026-04-02,388.20001220703125,389.3999938964844,382.6000061035156,385.79998779296875,385.1728210449219,760170,0.0,0.0
2026-04-08,395.0,396.0,389.20001220703125,391.0,390.3643798828125,1120702,0.0,0.0
2026-04-09,392.0,397.79998779296875,391.3999938964844,392.6000061035156,391.9617614746094,759496,0.0,0.0
2026-04-10,397.0,397.3999938964844,391.79998779296875,392.79998779296875,392.16143798828125,424454,0.0,0.0
2026-04-13,382.3999938964844,392.3999938964844,382.3999938964844,387.3999938964844,386.77020263671875,503885,0.0,0.0
2026-04-14,383.0,390.6000061035156,383.0,386.0,385.37249755859375,409804,0.0,0.0
2026-04-15,387.0,392.79998779296875,383.79998779296875,384.3999938964844,383.77508544921875,746101,0.0,0.0
2026-04-16,388.20001220703125,391.79998779296875,385.0,391.79998779296875,391.1630554199219,493318,0.0,0.0
2026-04-17,383.6000061035156,383.6000061035156,371.3999938964844,374.6000061035156,373.9910583496094,967485,0.0,0.0
2026-04-20,377.0,384.3999938964844,377.0,381.6000061035156,380.9796447753906,395470,0.0,0.0
2026-04-21,394.79998779296875,394.79998779296875,386.79998779296875,387.79998779296875,387.1695556640625,701984,0.0,0.0
2026-04-22,386.20001220703125,386.20001220703125,379.6000061035156,382.3999938964844,381.7783508300781,458281,0.0,0.0
2026-04-23,382.3999938964844,382.3999938964844,374.79998779296875,376.3999938964844,375.7880859375,478278,0.0,0.0
2026-04-24,376.3999938964844,385.3999938964844,376.3999938964844,382.20001220703125,381.57867431640625,432419,0.0,0.0
2026-04-27,379.20001220703125,385.0,378.6000061035156,381.0,380.3806457519531,444456,0.0,0.0
2026-04-28,379.0,379.0,368.0,370.6000061035156,369.99755859375,699200,0.0,0.0
2026-04-29,370.6000061035156,381.6000061035156,370.6000061035156,379.20001220703125,378.58355712890625,1243001,0.0,0.0
2026-04-30,383.0,392.0,377.20001220703125,381.0,380.3806457519531,1023859,0.0,0.0
2026-05-04,386.6000061035156,389.79998779296875,381.0,383.20001220703125,382.5770568847656,528972,0.0,0.0
2026-05-05,381.0,381.0,372.3999938964844,379.6000061035156,378.98291015625,628763,0.0,0.0
2026-05-06,384.3999938964844,385.0,376.6000061035156,378.79998779296875,378.1842041015625,529755,0.0,0.0
2026-05-07,379.0,385.3999938964844,379.0,381.0,380.3806457519531,711172,0.0,0.0
2026-05-08,380.0,380.79998779296875,370.0,372.0,371.395263671875,991896,0.0,0.0
2026-05-11,371.79998779296875,372.0,363.6000061035156,369.79998779296875,369.1988220214844,1178045,0.0,0.0
2026-05-12,371.0,374.3999938964844,369.0,369.6000061035156,368.9991455078125,585375,0.0,0.0
2026-05-13,373.20001220703125,375.0,371.0,373.0,372.39361572265625,605904,0.0,0.0
2026-05-14,373.0,373.0,362.3999938964844,363.0,362.4098815917969,862265,0.0,0.0
2026-05-15,358.6000061035156,362.0,351.79998779296875,358.3999938964844,357.8173522949219,1547723,0.0,0.0
2026-05-18,353.3999938964844,355.3999938964844,348.0,352.6000061035156,352.02679443359375,905040,0.0,0.0
2026-05-19,354.6000061035156,360.20001220703125,354.6000061035156,357.20001220703125,356.61932373046875,867128,0.0,0.0
2026-05-20,355.20001220703125,356.20001220703125,351.0,354.6000061035156,354.0235290527344,704667,0.0,0.0
2026-05-21,355.0,357.79998779296875,350.3999938964844,351.6000061035156,351.0284423828125,705309,0.0,0.0
2026-05-22,351.6000061035156,358.3999938964844,346.3999938964844,349.6000061035156,349.03167724609375,550192,0.0,0.0
2026-05-26,343.0,345.79998779296875,338.3999938964844,343.0,342.4424133300781,1123035,0.0,0.0
2026-05-27,341.3999938964844,349.20001220703125,334.0,336.0,335.7376403808594,1103193,2.2758563,0.0
2026-05-28,336.0,345.3999938964844,333.0,338.20001220703125,337.9359436035156,1318945,0.0,0.0
2026-05-29,338.20001220703125,345.0,337.0,343.0,342.732177734375,2356236,0.0,0.0
2026-06-01,330.0,339.3999938964844,330.0,339.20001220703125,338.9351501464844,906191,0.0,0.0
2026-06-02,334.0,345.20001220703125,334.0,344.0,343.73138427734375,840747,0.0,0.0
2026-06-03,342.79998779296875,342.79998779296875,333.20001220703125,334.79998779296875,334.53857421875,633888,0.0,0.0
2026-06-04,334.79998779296875,340.20001220703125,334.0,334.3999938964844,334.1388854980469,554253,0.0,0.0
2026-06-05,333.20001220703125,341.79998779296875,331.3999938964844,332.3999938964844,332.14044189453125,660149,0.0,0.0
2026-06-08,332.3999938964844,338.79998779296875,331.20001220703125,335.3999938964844,335.1380920410156,683355,0.0,0.0
2026-06-09,331.3999938964844,335.6000061035156,330.3999938964844,333.3999938964844,333.1396789550781,691587,0.0,0.0
2026-06-10,332.6000061035156,342.3999938964844,331.0,339.20001220703125,338.9351501464844,1537694,0.0,0.0
2026-06-11,342.6000061035156,352.0,339.3999938964844,341.20001220703125,340.93359375,1374556,0.0,0.0
2026-06-12,344.3999938964844,345.79998779296875,337.3999938964844,344.79998779296875,344.53076171875,692730,0.0,0.0
2026-06-15,346.79998779296875,352.20001220703125,346.79998779296875,349.0,348.7275085449219,794843,0.0,0.0
2026-06-16,346.3999938964844,348.3999938964844,340.79998779296875,344.3999938964844,344.1310729980469,670163,0.0,0.0
2026-06-17,344.3999938964844,346.0,334.0,336.20001220703125,335.9375,2159048,0.0,0.0
2026-06-18,334.20001220703125,336.20001220703125,331.79998779296875,335.3999938964844,335.1380920410156,1531210,0.0,0.0
2026-06-22,335.0,336.0,325.20001220703125,329.6000061035156,329.3426513671875,722250,0.0,0.0
2026-06-23,322.0,329.6000061035156,321.20001220703125,322.6000061035156,322.3481140136719,1029771,0.0,0.0
2026-06-24,322.6000061035156,323.3999938964844,318.20001220703125,321.20001220703125,320.94921875,570297,0.0,0.0
2026-06-25,319.79998779296875,324.79998779296875,317.79998779296875,319.6000061035156,319.3504638671875,715557,0.0,0.0
2026-06-26,314.6000061035156,317.0,310.6000061035156,316.20001220703125,315.953125,671442,0.0,0.0
2026-06-29,316.20001220703125,324.20001220703125,315.6000061035156,321.0,320.7493591308594,1200350,0.0,0.0
2026-06-30,313.79998779296875,320.6000061035156,313.79998779296875,319.6000061035156,319.3504638671875,949972,0.0,0.0
2026-07-02,319.6000061035156,326.0,318.6000061035156,325.79998779296875,325.54559326171875,1220987,0.0,0.0
2026-07-03,328.79998779296875,344.6000061035156,328.79998779296875,337.3999938964844,337.13653564453125,871942,0.0,0.0
2026-07-06,337.3999938964844,340.6000061035156,330.6000061035156,335.6000061035156,335.33795166015625,489540,0.0,0.0
2026-07-07,329.3999938964844,335.0,329.3999938964844,333.20001220703125,332.9398498535156,896138,0.0,0.0
2026-07-08,331.6000061035156,341.6000061035156,329.79998779296875,341.6000061035156,341.3332824707031,710230,0.0,0.0
2026-07-09,339.0,341.6000061035156,333.79998779296875,334.20001220703125,333.9390563964844,580142,0.0,0.0
2026-07-10,334.6000061035156,341.6000061035156,331.79998779296875,337.20001220703125,336.93670654296875,815610,0.0,0.0
2026-07-13,339.0,349.20001220703125,336.79998779296875,348.3999938964844,348.1279602050781,834602,0.0,0.0
2026-07-14,348.3999938964844,351.79998779296875,344.0,350.3999938964844,350.12640380859375,860587,0.0,0.0
2026-07-15,343.0,344.3999938964844,336.20001220703125,343.3999938964844,343.1318664550781,1345854,0.0,0.0
2026-07-16,340.0,349.6000061035156,340.0,347.0,346.72906494140625,1028520,0.0,0.0
2026-07-17,351.6000061035156,353.6000061035156,345.3999938964844,347.79998779296875,347.5284118652344,873105,0.0,0.0
2026-07-20,347.79998779296875,351.20001220703125,342.20001220703125,351.0,350.7259216308594,920708,0.0,0.0
2026-07-21,347.79998779296875,350.79998779296875,342.20001220703125,348.3999938964844,348.1279602050781,719394,0.0,0.0
2026-07-22,344.0,344.0,330.6000061035156,335.0,334.7384338378906,1292867,0.0,0.0
2026-07-23,341.6000061035156,344.20001220703125,337.79998779296875,343.20001220703125,342.9320373535156,596453,0.0,0.0
2026-07-24,343.0,343.0,334.20001220703125,336.79998779296875,336.5370178222656,350314,0.0,0.0
2026-07-27,338.0,348.0,338.0,346.20001220703125,345.9296875,654399,0.0,0.0
2026-07-28,349.79998779296875,360.3999938964844,349.79998779296875,359.20001220703125,358.9195556640625,995596,0.0,0.0
2026-07-29,359.79998779296875,365.0,359.3999938964844,362.0,361.71734619140625,818866,0.0,0.0
2026-07-30,365.6000061035156,368.79998779296875,359.79998779296875,365.79998779296875,365.5143737792969,1288204,0.0,0.0
2026-07-31,393.6000061035156,393.6000061035156,368.79998779296875,372.79998779296875,372.5089111328125,1271210,0.0,0.0
2026-08-03,380.3999938964844,389.3999938964844,376.0,384.79998779296875,384.4995422363281,1454751,0.0,0.0
2026-08-04,385.3999938964844,385.6000061035156,379.20001220703125,380.79998779296875,380.5026550292969,1246286,0.0,0.0
2026-08-05,374.79998779296875,380.0,370.79998779296875,379.0,378.7040710449219,1263017,0.0,0.0
2026-08-06,379.0,380.79998779296875,374.3999938964844,377.3999938964844,377.1053161621094,605162,0.0,0.0
2026-08-07,377.3999938964844,379.6000061035156,372.79998779296875,379.20001220703125,378.9039306640625,473874,0.0,0.0
2026-08-10,380.0,380.6000061035156,374.3999938964844,377.3999938964844,377.1053161621094,855334,0.0,0.0
2026-08-11,376.3999938964844,381.20001220703125,374.3999938964844,376.0,375.7064208984375,653957,0.0,0.0
2026-08-12,376.0,376.3999938964844,372.3999938964844,375.3999938964844,375.10687255859375,848139,0.0,0.0
2026-08-13,375.0,377.6000061035156,372.20001220703125,376.3999938964844,376.1060791015625,795782,0.0,0.0
2026-08-14,370.20001220703125,375.20001220703125,368.3999938964844,370.20001220703125,369.91094970703125,623889,0.0,0.0
2026-08-17,376.20001220703125,376.3999938964844,371.0,371.20001220703125,370.91015625,364396,0.0,0.0
2026-08-18,371.20001220703125,371.20001220703125,367.6000061035156,368.6000061035156,368.31219482421875,382168,0.0,0.0
2026-08-19,369.3999938964844,370.3999938964844,366.6000061035156,369.3999938964844,369.111572265625,459235,0.0,0.0
2026-08-20,370.0,379.3999938964844,370.0,378.0,377.7048645019531,949042,0.0,0.0
2026-08-21,385.0,391.79998779296875,383.79998779296875,387.79998779296875,387.4971923828125,1196930,0.0,0.0
2026-08-24,387.6000061035156,387.6000061035156,375.79998779296875,378.79998779296875,378.50421142578125,810683,0.0,0.0
2026-08-25,378.79998779296875,389.0,373.0,374.79998779296875,374.50732421875,763118,0.0,0.0
2026-08-26,372.6000061035156,377.6000061035156,369.79998779296875,371.3999938964844,371.1099853515625,672379,0.0,0.0
2026-08-27,371.3999938964844,371.3999938964844,356.0,358.6000061035156,358.6000061035156,1182926,2.2758563,0.0
2026-08-28,354.79998779296875,355.6000061035156,347.0,352.0,352.0,977770,0.0,0.0
2026-08-31,348.20001220703125,354.3999938964844,348.20001220703125,352.3999938964844,352.3999938964844,2114247,0.0,0.0
2026-09-01,353.20001220703125,354.0,349.3999938964844,349.79998779296875,349.79998779296875,775926,0.0,0.0
2026-09-02,346.3999938964844,353.20001220703125,346.3999938964844,353.0,353.0,515618,0.0,0.0
2026-09-03,354.20001220703125,354.3999938964844,344.20001220703125,345.3999938964844,345.3999938964844,715218,0.0,0.0
2026-09-04,344.20001220703125,348.6000061035156,335.0,345.6000061035156,345.6000061035156,817762,0.0,0.0
2026-09-07,341.20001220703125,343.3999938964844,338.0,342.79998779296875,342.79998779296875,866841,0.0,0.0
2026-09-08,342.79998779296875,346.20001220703125,340.0,341.79998779296875,341.79998779296875,446144,0.0,0.0
2026-09-09,339.0,344.3999938964844,337.6000061035156,339.0,339.0,580920,0.0,0.0
2026-09-10,332.0,336.0,330.20001220703125,330.6000061035156,330.6000061035156,473700,0.0,0.0
2026-09-11,330.0,337.20001220703125,330.0,335.79998779296875,335.79998779296875,922312,0.0,0.0
2026-09-14,335.0,335.0,330.0,332.79998779296875,332.79998779296875,472157,0.0,0.0
2026-09-15,335.0,336.0,330.0,331.20001220703125,331.20001220703125,368000,0.0,0.0
2026-09-16,330.0,339.20001220703125,326.79998779296875,328.6000061035156,328.6000061035156,455188,0.0,0.0
2026-09-17,324.0,328.20001220703125,323.20001220703125,327.6000061035156,327.6000061035156,297284,0.0,0.0
2026-09-18,324.0,325.6000061035156,321.3999938964844,324.20001220703125,324.20001220703125,1316673,0.0,0.0
2026-09-21,324.20001220703125,327.3999938964844,322.6000061035156,326.0,326.0,668270,0.0,0.0
2026-09-22,322.20001220703125,325.79998779296875,322.20001220703125,323.6000061035156,323.6000061035156,508743,0.0,0.0
2026-09-23,323.6000061035156,328.79998779296875,322.6000061035156,324.6000061035156,324.6000061035156,474575,0.0,0.0
2026-09-24,319.20001220703125,323.0,318.3999938964844,322.0,322.0,414650,0.0,0.0
2026-09-25,319.3999938964844,320.79998779296875,314.6000061035156,317.6000061035156,317.6000061035156,311629,0.0,0.0
2026-09-28,319.0,324.79998779296875,317.0,324.0,324.0,523978,0.0,0.0
2026-09-29,324.20001220703125,324.20001220703125,319.6000061035156,321.20001220703125,321.20001220703125,624988,0.0,0.0
2026-09-30,321.20001220703125,323.3999938964844,319.20001220703125,322.79998779296875,322.79998779296875,594287,0.0,0.0
2026-10-02,318.79998779296875,322.6000061035156,314.6000061035156,317.3999938964844,317.3999938964844,244314,0.0,0.0
2026-10-05,317.0,317.0,310.6000061035156,313.79998779296875,313.79998779296875,251049,0.0,0.0
2026-10-06,317.79998779296875,321.20001220703125,317.0,320.6000061035156,320.6000061035156,874100,0.0,0.0
2026-10-07,318.3999938964844,322.79998779296875,316.3999938964844,322.6000061035156,322.6000061035156,553043,0.0,0.0
