date,open,high,low,close,adj_close,volume,dividends,splits
2019-11-26,187.0,189.5,187.0,187.60000610351562,186.1624755859375,74549578,0.0,0.0
2019-11-27,190.0,195.3000030517578,189.3000030517578,193.1999969482422,191.71957397460938,53617241,0.0,0.0
2019-11-28,197.0,204.1999969482422,196.89999389648438,204.0,202.43682861328125,41816834,0.0,0.0
2019-11-29,204.0,204.8000030517578,197.5,198.39999389648438,196.87973022460938,36509531,0.0,0.0
2019-12-02,198.0,198.89999389648438,194.0,195.5,194.00196838378906,26592325,0.0,0.0
2019-12-03,191.6999969482422,194.1999969482422,190.39999389648438,192.60000610351562,191.1241912841797,19911922,0.0,0.0
2019-12-04,190.0,191.60000610351562,188.5,189.0,187.55177307128906,19276308,0.0,0.0
2019-12-05,191.39999389648438,193.8000030517578,190.89999389648438,192.39999389648438,190.9257049560547,17932572,0.0,0.0
2019-12-06,196.10000610351562,198.10000610351562,195.39999389648438,197.5,195.9866180419922,19205791,0.0,0.0
2019-12-09,197.0,198.3000030517578,196.0,196.60000610351562,195.09353637695312,8558132,0.0,0.0
2019-12-10,195.0,196.5,193.6999969482422,195.39999389648438,193.9027099609375,6639899,0.0,0.0
2019-12-11,196.1999969482422,198.39999389648438,195.39999389648438,197.60000610351562,196.0858917236328,6534411,0.0,0.0
2019-12-12,199.60000610351562,201.1999969482422,199.60000610351562,200.1999969482422,198.6659393310547,8825275,0.0,0.0
2019-12-13,202.8000030517578,203.0,199.39999389648438,202.0,200.45216369628906,18576570,0.0,0.0
2019-12-16,201.60000610351562,202.8000030517578,200.0,201.0,199.45982360839844,6616578,0.0,0.0
2019-12-17,203.1999969482422,205.8000030517578,202.1999969482422,203.8000030517578,202.2383575439453,11225195,0.0,0.0
2019-12-18,203.8000030517578,203.8000030517578,201.60000610351562,202.60000610351562,201.04757690429688,8179646,0.0,0.0
2019-12-19,204.0,205.39999389648438,202.60000610351562,204.8000030517578,203.23069763183594,7525360,0.0,0.0
2019-12-20,205.0,208.39999389648438,204.8000030517578,207.0,205.41383361816406,16804751,0.0,0.0
2019-12-23,209.0,210.1999969482422,207.8000030517578,208.39999389648438,206.80311584472656,9892858,0.0,0.0
2019-12-24,209.8000030517578,211.0,209.0,210.39999389648438,208.78778076171875,7770434,0.0,0.0
2019-12-27,211.0,213.60000610351562,210.8000030517578,212.8000030517578,211.1693878173828,10774808,0.0,0.0
2019-12-30,211.0,212.0,210.39999389648438,210.60000610351562,208.98626708984375,9970904,0.0,0.0
2019-12-31,207.8000030517578,208.1999969482422,206.1999969482422,207.1999969482422,205.61231994628906,8813067,0.0,0.0
2020-01-02,208.0,211.0,208.0,210.0,208.39085388183594,9516678,0.0,0.0
2020-01-03,215.0,215.0,211.1999969482422,212.0,210.37551879882812,11307103,0.0,0.0
2020-01-06,211.0,211.8000030517578,209.1999969482422,211.0,209.38320922851562,11303411,0.0,0.0
2020-01-07,211.8000030517578,214.0,211.60000610351562,212.60000610351562,210.97093200683594,11676599,0.0,0.0
2020-01-08,210.0,211.60000610351562,207.8000030517578,210.8000030517578,209.18472290039062,15095573,0.0,0.0
2020-01-09,214.0,215.8000030517578,213.1999969482422,215.60000610351562,213.9479522705078,12261435,0.0,0.0
2020-01-10,216.60000610351562,219.0,216.39999389648438,218.0,216.3295440673828,11860220,0.0,0.0
2020-01-13,219.8000030517578,224.60000610351562,219.60000610351562,222.8000030517578,221.0927734375,17692255,0.0,0.0
2020-01-14,225.0,227.39999389648438,222.8000030517578,223.60000610351562,221.88665771484375,16784465,0.0,0.0
2020-01-15,220.1999969482422,221.60000610351562,218.1999969482422,220.8000030517578,219.10809326171875,21735164,0.0,0.0
2020-01-16,219.39999389648438,220.60000610351562,218.60000610351562,219.39999389648438,217.7188262939453,12993720,0.0,0.0
2020-01-17,218.8000030517578,221.1999969482422,216.1999969482422,220.39999389648438,218.71115112304688,21245436,0.0,0.0
2020-01-20,221.0,222.8000030517578,220.1999969482422,220.1999969482422,218.5126953125,11229916,0.0,0.0
2020-01-21,218.0,219.0,214.60000610351562,215.8000030517578,214.1464080810547,20241728,0.0,0.0
2020-01-22,215.8000030517578,219.8000030517578,212.39999389648438,218.39999389648438,216.7264862060547,14632484,0.0,0.0
2020-01-23,216.0,216.8000030517578,212.1999969482422,213.39999389648438,211.76478576660156,16013394,0.0,0.0
2020-01-24,213.39999389648438,215.39999389648438,211.8000030517578,214.60000610351562,212.9556121826172,7583855,0.0,0.0
2020-01-29,205.8000030517578,209.60000610351562,205.60000610351562,207.39999389648438,205.81076049804688,24946947,0.0,0.0
2020-01-30,207.1999969482422,207.1999969482422,199.8000030517578,201.8000030517578,200.25369262695312,26416987,0.0,0.0
2020-01-31,204.8000030517578,204.8000030517578,199.60000610351562,200.39999389648438,198.86441040039062,18257747,0.0,0.0
2020-02-03,201.1999969482422,206.0,200.0,205.0,203.42916870117188,23784275,0.0,0.0
2020-02-04,208.39999389648438,214.8000030517578,207.1999969482422,213.1999969482422,211.5663299560547,25035681,0.0,0.0
2020-02-05,215.60000610351562,218.60000610351562,214.0,215.60000610351562,213.9479522705078,23975014,0.0,0.0
2020-02-06,215.1999969482422,219.1999969482422,213.8000030517578,217.39999389648438,215.734130859375,18777127,0.0,0.0
2020-02-07,215.0,216.1999969482422,214.1999969482422,215.39999389648438,213.7494659423828,14223318,0.0,0.0
2020-02-10,211.1999969482422,214.8000030517578,211.1999969482422,212.60000610351562,210.97093200683594,23432236,0.0,0.0
2020-02-11,211.8000030517578,213.60000610351562,207.1999969482422,212.1999969482422,210.57398986816406,29376694,0.0,0.0
2020-02-12,212.0,215.8000030517578,210.1999969482422,215.0,213.3525390625,24402441,0.0,0.0
2020-02-13,217.39999389648438,218.0,215.0,217.1999969482422,215.53567504882812,20547490,0.0,0.0
2020-02-14,214.39999389648438,217.0,213.8000030517578,215.0,213.3525390625,15926098,0.0,0.0
2020-02-17,214.39999389648438,217.8000030517578,213.39999389648438,217.39999389648438,215.734130859375,15531105,0.0,0.0
2020-02-18,215.8000030517578,216.0,213.39999389648438,214.0,212.36019897460938,13177196,0.0,0.0
2020-02-19,214.60000610351562,216.8000030517578,214.0,214.0,212.36019897460938,10179246,0.0,0.0
2020-02-20,216.8000030517578,216.8000030517578,213.8000030517578,215.60000610351562,213.9479522705078,12728604,0.0,0.0
2020-02-21,213.0,214.0,212.0,212.60000610351562,210.97093200683594,15106823,0.0,0.0
2020-02-24,206.39999389648438,207.60000610351562,205.0,205.1999969482422,203.62762451171875,30852998,0.0,0.0
2020-02-25,203.39999389648438,207.39999389648438,203.0,206.60000610351562,205.01690673828125,23465654,0.0,0.0
2020-02-26,201.8000030517578,204.39999389648438,201.0,203.0,201.44448852539062,29014994,0.0,0.0
2020-02-27,203.0,205.60000610351562,201.39999389648438,205.1999969482422,203.62762451171875,23397941,0.0,0.0
2020-02-28,200.60000610351562,202.0,199.5,200.0,198.4674835205078,38816951,0.0,0.0
2020-03-02,201.1999969482422,205.0,200.60000610351562,204.60000610351562,203.03224182128906,17004513,0.0,0.0
2020-03-03,206.1999969482422,206.60000610351562,202.39999389648438,203.1999969482422,201.64295959472656,19156355,0.0,0.0
2020-03-04,203.0,203.1999969482422,200.60000610351562,202.1999969482422,200.65061950683594,14553445,0.0,0.0
2020-03-05,205.1999969482422,208.1999969482422,204.0,207.1999969482422,205.61231994628906,19343293,0.0,0.0
2020-03-06,205.0,205.1999969482422,202.8000030517578,203.8000030517578,202.2383575439453,12734463,0.0,0.0
2020-03-09,193.5,198.5,193.5,193.5,192.0172882080078,56936906,0.0,0.0
2020-03-10,197.0,201.0,193.60000610351562,199.3000030517578,197.77284240722656,28569375,0.0,0.0
2020-03-11,200.0,200.39999389648438,196.6999969482422,197.0,195.49046325683594,17860192,0.0,0.0
2020-03-12,192.0,192.1999969482422,187.1999969482422,188.8000030517578,187.35330200195312,41842108,0.0,0.0
2020-03-13,178.8000030517578,194.0,177.0,191.6999969482422,190.23106384277344,53292364,0.0,0.0
2020-03-16,185.0,185.10000610351562,178.0,179.3000030517578,177.9261016845703,47207430,0.0,0.0
2020-03-17,182.0,185.89999389648438,175.0,183.1999969482422,181.7962188720703,36872240,0.0,0.0
2020-03-18,177.8000030517578,181.8000030517578,172.8000030517578,173.0,171.6743621826172,58603973,0.0,0.0
2020-03-19,176.10000610351562,176.5,167.60000610351562,174.0,172.6667022705078,34599488,0.0,0.0
2020-03-20,177.0,183.0,177.0,183.0,181.5977325439453,27899247,0.0,0.0
2020-03-23,172.5,176.89999389648438,170.0,170.0,168.6973419189453,37535058,0.0,0.0
2020-03-24,173.6999969482422,175.0,170.1999969482422,174.5,173.16287231445312,26729551,0.0,0.0
2020-03-25,181.0,181.6999969482422,177.8000030517578,179.6999969482422,178.32302856445312,28012053,0.0,0.0
2020-03-26,181.0,182.39999389648438,178.3000030517578,180.89999389648438,179.5138397216797,17816738,0.0,0.0
2020-03-27,186.0,186.0,182.89999389648438,183.89999389648438,182.4908447265625,23922455,0.0,0.0
2020-03-30,180.1999969482422,182.10000610351562,177.5,180.3000030517578,178.91842651367188,18129547,0.0,0.0
2020-03-31,185.1999969482422,185.6999969482422,182.6999969482422,183.39999389648438,181.9946746826172,13598127,0.0,0.0
2020-04-01,185.39999389648438,187.39999389648438,181.10000610351562,184.0,182.590087890625,22814764,0.0,0.0
2020-04-02,183.1999969482422,186.5,182.1999969482422,186.0,184.5747528076172,12304930,0.0,0.0
2020-04-03,183.5,184.89999389648438,182.60000610351562,183.6999969482422,182.29237365722656,9290512,0.0,0.0
2020-04-06,186.0,189.6999969482422,185.1999969482422,188.60000610351562,187.15484619140625,18253609,0.0,0.0
2020-04-07,191.5,191.6999969482422,188.5,191.5,190.03260803222656,16381930,0.0,0.0
2020-04-08,189.39999389648438,191.5,189.0,190.10000610351562,188.64334106445312,9180063,0.0,0.0
2020-04-09,191.3000030517578,191.89999389648438,189.3000030517578,191.6999969482422,190.23106384277344,13161858,0.0,0.0
2020-04-14,194.0,198.0,194.0,197.0,195.49046325683594,18233007,0.0,0.0
2020-04-15,199.0,201.1999969482422,196.8000030517578,197.89999389648438,196.38356018066406,20722474,0.0,0.0
2020-04-16,200.0,202.8000030517578,199.89999389648438,202.8000030517578,201.24603271484375,19818106,0.0,0.0
2020-04-17,210.0,211.8000030517578,206.1999969482422,207.60000610351562,206.00924682617188,33397811,0.0,0.0
2020-04-20,205.39999389648438,207.60000610351562,203.39999389648438,205.8000030517578,204.22305297851562,22875450,0.0,0.0
2020-04-21,207.0,207.8000030517578,200.60000610351562,204.1999969482422,202.6352996826172,17778769,0.0,0.0
2020-04-22,201.0,206.60000610351562,200.60000610351562,205.60000610351562,204.0245819091797,12962733,0.0,0.0
2020-04-23,204.39999389648438,205.1999969482422,202.39999389648438,204.39999389648438,202.833740234375,16359183,0.0,0.0
2020-04-24,198.60000610351562,200.60000610351562,197.3000030517578,198.0,196.48280334472656,23966198,0.0,0.0
2020-04-27,198.5,202.39999389648438,198.5,200.60000610351562,199.06288146972656,13936896,0.0,0.0
2020-04-28,198.0,199.1999969482422,196.3000030517578,199.0,197.4751434326172,19944823,0.0,0.0
2020-04-29,196.5,197.89999389648438,196.5,197.0,195.49046325683594,14850119,0.0,0.0
2020-05-04,189.8000030517578,189.89999389648438,188.1999969482422,189.6999969482422,188.24639892578125,26903568,0.0,0.0
2020-05-05,187.6999969482422,189.1999969482422,186.89999389648438,188.5,187.0555877685547,27110375,0.0,0.0
2020-05-06,189.89999389648438,195.60000610351562,189.5,193.60000610351562,192.1165313720703,23022901,0.0,0.0
2020-05-07,189.89999389648438,190.89999389648438,189.5,190.5,189.04026794433594,20506910,0.0,0.0
2020-05-08,192.5,194.8000030517578,191.60000610351562,193.39999389648438,191.9180450439453,17851592,0.0,0.0
2020-05-11,196.89999389648438,199.5,196.5,198.6999969482422,197.17742919921875,19839300,0.0,0.0
2020-05-12,198.89999389648438,199.6999969482422,197.1999969482422,199.6999969482422,198.16976928710938,14037259,0.0,0.0
2020-05-13,195.5,197.39999389648438,194.3000030517578,196.3000030517578,194.79583740234375,26074457,0.0,0.0
2020-05-14,194.5,195.89999389648438,194.10000610351562,194.5,193.00962829589844,19248894,0.0,0.0
2020-05-15,195.0,197.10000610351562,194.10000610351562,196.89999389648438,195.39122009277344,16672799,0.0,0.0
2020-05-18,198.3000030517578,203.0,197.39999389648438,203.0,201.44448852539062,26818890,0.0,0.0
2020-05-19,210.0,211.8000030517578,205.60000610351562,209.8000030517578,208.19239807128906,45308325,0.0,0.0
2020-05-20,211.0,211.60000610351562,208.60000610351562,211.0,209.38320922851562,22533385,0.0,0.0
2020-05-21,209.39999389648438,209.60000610351562,205.60000610351562,206.1999969482422,204.6199493408203,23271613,0.0,0.0
2020-05-22,205.0,205.0,196.0,198.1999969482422,196.6812744140625,40226609,0.0,0.0
2020-05-25,193.6999969482422,199.60000610351562,190.3000030517578,198.1999969482422,196.6812744140625,40103124,0.0,0.0
2020-05-26,200.0,203.1999969482422,200.0,201.0,199.45982360839844,26834881,0.0,0.0
2020-05-27,198.89999389648438,199.60000610351562,196.10000610351562,197.3000030517578,195.78817749023438,33136407,0.0,0.0
2020-05-28,195.39999389648438,196.5,191.5,193.5,192.0172882080078,30919109,0.0,0.0
2020-05-29,193.0,196.3000030517578,192.0,194.3000030517578,192.8111572265625,19459191,0.0,0.0
2020-06-01,200.0,204.0,200.0,202.8000030517578,201.24603271484375,26826195,0.0,0.0
2020-06-02,201.60000610351562,201.8000030517578,199.5,200.0,198.4674835205078,22818103,0.0,0.0
2020-06-03,208.0,209.8000030517578,206.8000030517578,209.60000610351562,207.99391174316406,38794267,0.0,0.0
2020-06-04,213.0,213.0,207.39999389648438,211.0,209.38320922851562,22860283,0.0,0.0
2020-06-05,212.0,213.60000610351562,209.39999389648438,212.1999969482422,210.57398986816406,22415326,0.0,0.0
2020-06-08,214.60000610351562,214.60000610351562,210.8000030517578,212.39999389648438,210.7724609375,17992461,0.0,0.0
2020-06-09,212.8000030517578,214.60000610351562,211.60000610351562,212.39999389648438,210.7724609375,23063431,0.0,0.0
2020-06-10,214.1999969482422,216.8000030517578,213.8000030517578,215.60000610351562,213.9479522705078,19038860,0.0,0.0
2020-06-11,218.0,220.60000610351562,211.8000030517578,213.0,211.3678741455078,33036598,0.0,0.0
2020-06-12,208.1999969482422,214.0,207.39999389648438,212.0,210.37551879882812,25058536,0.0,0.0
2020-06-15,209.8000030517578,212.39999389648438,205.39999389648438,206.8000030517578,205.2153778076172,31716109,0.0,0.0
2020-06-16,211.1999969482422,214.39999389648438,211.0,213.1999969482422,211.5663299560547,18039173,0.0,0.0
2020-06-17,216.0,218.39999389648438,214.1999969482422,217.8000030517578,216.13107299804688,21385682,0.0,0.0
2020-06-18,218.8000030517578,218.8000030517578,215.1999969482422,217.8000030517578,216.13107299804688,16168952,0.0,0.0
2020-06-19,217.0,219.8000030517578,216.1999969482422,219.0,217.3218994140625,27295880,0.0,0.0
2020-06-22,216.1999969482422,216.1999969482422,212.60000610351562,213.0,211.3678741455078,28166629,0.0,0.0
2020-06-23,216.0,220.0,212.0,220.0,218.31422424316406,40290287,0.0,0.0
2020-06-24,222.8000030517578,224.8000030517578,221.39999389648438,221.39999389648438,219.70350646972656,30207600,0.0,0.0
2020-06-26,217.0,217.0,214.39999389648438,214.60000610351562,212.9556121826172,33158894,0.0,0.0
2020-06-29,211.0,211.60000610351562,208.60000610351562,209.39999389648438,207.79544067382812,33824007,0.0,0.0
2020-06-30,210.60000610351562,212.1999969482422,208.39999389648438,209.60000610351562,207.99391174316406,24171917,0.0,0.0
2020-07-02,211.8000030517578,215.0,210.1999969482422,214.39999389648438,212.7571563720703,31018228,0.0,0.0
2020-07-03,220.0,221.39999389648438,217.1999969482422,220.8000030517578,219.10809326171875,31233712,0.0,0.0
2020-07-06,224.0,226.8000030517578,223.0,225.39999389648438,223.67283630371094,42489587,0.0,0.0
2020-07-07,233.1999969482422,239.0,232.0,232.39999389648438,230.6192169189453,46585757,0.0,0.0
2020-07-08,231.0,238.60000610351562,231.0,237.8000030517578,235.97784423828125,31883443,0.0,0.0
2020-07-09,254.8000030517578,263.79998779296875,252.0,261.6000061035156,259.5954895019531,61690256,0.0,0.0
2020-07-10,257.0,262.0,253.0,255.39999389648438,253.44297790527344,44519242,0.0,0.0
2020-07-13,254.0,258.3999938964844,251.1999969482422,254.39999389648438,252.45062255859375,30979669,0.0,0.0
2020-07-14,244.39999389648438,246.39999389648438,238.39999389648438,240.39999389648438,238.55792236328125,53646972,0.0,0.0
2020-07-15,244.0,245.1999969482422,239.0,243.39999389648438,241.53492736816406,23131222,0.0,0.0
2020-07-16,242.8000030517578,242.8000030517578,231.60000610351562,233.1999969482422,231.4130859375,34282035,0.0,0.0
2020-07-17,235.39999389648438,240.60000610351562,233.39999389648438,238.8000030517578,236.97015380859375,20224245,0.0,0.0
2020-07-20,238.0,241.8000030517578,235.1999969482422,239.60000610351562,237.7640380859375,11353749,0.0,0.0
2020-07-21,251.8000030517578,257.6000061035156,250.8000030517578,257.0,255.0307159423828,45185546,0.0,0.0
2020-07-22,251.39999389648438,254.8000030517578,247.60000610351562,248.0,246.09967041015625,36503672,0.0,0.0
2020-07-23,245.0,248.0,242.0,246.60000610351562,244.7104034423828,31183903,0.0,0.0
2020-07-24,244.1999969482422,244.39999389648438,237.1999969482422,239.0,237.1686553955078,27470849,0.0,0.0
2020-07-27,240.8000030517578,244.1999969482422,235.60000610351562,239.0,237.1686553955078,18243796,0.0,0.0
2020-07-28,244.0,245.60000610351562,242.8000030517578,244.60000610351562,242.72572326660156,14674368,0.0,0.0
2020-07-29,242.1999969482422,244.0,241.1999969482422,243.0,241.1379852294922,10549764,0.0,0.0
2020-07-30,246.0,249.60000610351562,243.39999389648438,244.8000030517578,242.9241943359375,21715110,0.0,0.0
2020-07-31,249.0,249.0,245.0,246.0,244.11500549316406,14687907,0.0,0.0
2020-08-03,244.8000030517578,246.60000610351562,243.39999389648438,245.60000610351562,243.71807861328125,18274346,0.0,0.0
2020-08-04,250.8000030517578,255.0,250.39999389648438,253.8000030517578,251.85525512695312,24914559,0.0,0.0
2020-08-05,255.8000030517578,256.0,252.0,255.8000030517578,253.8399200439453,18116054,0.0,0.0
2020-08-06,257.0,257.79998779296875,253.1999969482422,257.0,255.0307159423828,15966937,0.0,0.0
2020-08-07,256.0,256.20001220703125,240.60000610351562,249.1999969482422,247.2904815673828,36237559,0.0,0.0
2020-08-10,244.8000030517578,244.8000030517578,240.39999389648438,242.39999389648438,240.54257202148438,26039892,0.0,0.0
2020-08-11,242.0,246.8000030517578,241.60000610351562,244.0,242.13031005859375,16702416,0.0,0.0
2020-08-12,242.1999969482422,244.60000610351562,238.0,243.39999389648438,241.53492736816406,15796928,0.0,0.0
2020-08-13,247.8000030517578,251.0,246.1999969482422,248.1999969482422,246.2981414794922,12489234,0.0,0.0
2020-08-14,246.1999969482422,248.8000030517578,244.39999389648438,246.8000030517578,244.90887451171875,12607886,0.0,0.0
2020-08-17,242.60000610351562,246.60000610351562,241.1999969482422,242.8000030517578,240.9395294189453,20853111,0.0,0.0
2020-08-18,249.39999389648438,252.60000610351562,247.60000610351562,252.0,250.06903076171875,23158760,0.0,0.0
2020-08-19,252.0,256.0,251.0,255.39999389648438,253.44297790527344,15227171,0.0,0.0
2020-08-20,254.0,255.8000030517578,250.39999389648438,255.0,253.04603576660156,22881516,0.0,0.0
2020-08-21,251.8000030517578,258.6000061035156,250.60000610351562,252.8000030517578,250.86289978027344,32079272,0.0,0.0
2020-08-24,261.0,266.0,259.20001220703125,264.3999938964844,262.3740234375,43488850,0.0,0.0
2020-08-25,270.0,274.3999938964844,266.6000061035156,269.20001220703125,267.1372375488281,30708120,0.0,0.0
2020-08-26,279.79998779296875,280.3999938964844,276.79998779296875,280.3999938964844,278.25140380859375,31949336,0.0,0.0
2020-08-27,282.6000061035156,284.0,278.0,280.6000061035156,278.44989013671875,28072548,0.0,0.0
2020-08-28,277.0,279.6000061035156,275.20001220703125,277.0,274.87744140625,29542320,0.0,0.0
2020-08-31,282.79998779296875,287.6000061035156,281.0,282.79998779296875,280.63299560546875,26933353,0.0,0.0
2020-09-01,279.0,285.3999938964844,278.20001220703125,282.79998779296875,280.63299560546875,24207208,0.0,0.0
2020-09-02,290.0,292.0,287.3999938964844,291.20001220703125,288.96868896484375,24662027,0.0,0.0
2020-09-03,287.79998779296875,289.20001220703125,283.3999938964844,284.20001220703125,282.0223388671875,28987875,0.0,0.0
2020-09-04,268.0,275.3999938964844,265.20001220703125,274.0,271.9004211425781,78861798,0.0,0.0
2020-09-07,271.20001220703125,274.6000061035156,265.3999938964844,265.6000061035156,263.5648193359375,47493625,0.0,0.0
2020-09-08,270.0,271.79998779296875,262.20001220703125,269.6000061035156,267.5341491699219,27608738,0.0,0.0
2020-09-09,262.0,264.6000061035156,258.6000061035156,263.20001220703125,261.1831970214844,27066740,0.0,0.0
2020-09-10,266.79998779296875,268.0,262.0,262.6000061035156,260.5877990722656,25531787,0.0,0.0
2020-09-11,263.3999938964844,267.0,260.79998779296875,266.0,263.9617614746094,20757663,0.0,0.0
2020-09-14,266.79998779296875,268.6000061035156,264.0,268.20001220703125,266.1448974609375,16063671,0.0,0.0
2020-09-15,268.0,269.6000061035156,266.20001220703125,267.3999938964844,265.35101318359375,19666515,0.0,0.0
2020-09-16,269.79998779296875,273.0,269.20001220703125,273.0,270.9081115722656,20927130,0.0,0.0
2020-09-17,270.79998779296875,271.6000061035156,265.6000061035156,267.79998779296875,265.7479553222656,19364862,0.0,0.0
2020-09-18,266.6000061035156,269.6000061035156,264.3999938964844,269.6000061035156,267.5341491699219,20935638,0.0,0.0
2020-09-21,267.0,268.20001220703125,262.0,262.0,259.99237060546875,20930001,0.0,0.0
2020-09-22,267.0,267.0,262.3999938964844,264.79998779296875,262.7709045410156,16372015,0.0,0.0
2020-09-23,266.79998779296875,269.20001220703125,264.79998779296875,267.0,264.9540710449219,20296916,0.0,0.0
2020-09-24,264.0,265.3999938964844,261.0,261.0,259.00006103515625,16462927,0.0,0.0
2020-09-25,264.3999938964844,264.3999938964844,255.39999389648438,258.0,256.0230407714844,15319675,0.0,0.0
2020-09-28,262.0,264.6000061035156,261.20001220703125,263.3999938964844,261.3816833496094,11818697,0.0,0.0
2020-09-29,268.20001220703125,270.0,265.3999938964844,265.3999938964844,263.3663330078125,16607941,0.0,0.0
2020-09-30,269.3999938964844,276.0,268.79998779296875,275.6000061035156,273.4881896972656,35325185,0.0,0.0
2020-10-05,285.0,285.0,278.6000061035156,282.0,279.83917236328125,25233089,0.0,0.0
2020-10-06,279.79998779296875,281.20001220703125,277.3999938964844,280.0,277.8544616699219,18023022,0.0,0.0
2020-10-07,283.79998779296875,289.0,282.6000061035156,288.20001220703125,285.99163818359375,21555736,0.0,0.0
2020-10-08,289.79998779296875,289.79998779296875,285.20001220703125,289.6000061035156,287.38092041015625,17175080,0.0,0.0
2020-10-09,291.0,293.0,283.79998779296875,286.20001220703125,284.0069580078125,22209544,0.0,0.0
2020-10-12,288.0,293.0,287.6000061035156,292.0,289.76251220703125,15212791,0.0,0.0
2020-10-14,298.0,298.0,294.6000061035156,297.6000061035156,295.3196105957031,27640402,0.0,0.0
2020-10-15,290.3999938964844,291.0,284.20001220703125,284.79998779296875,282.61767578125,26871063,0.0,0.0
2020-10-16,290.0,294.0,288.79998779296875,294.0,291.7471923828125,18581210,0.0,0.0
2020-10-19,298.20001220703125,299.3999938964844,295.3999938964844,297.20001220703125,294.9226989746094,19704407,0.0,0.0
2020-10-20,297.79998779296875,300.3999938964844,296.20001220703125,299.3999938964844,297.10577392578125,19447954,0.0,0.0
2020-10-21,301.20001220703125,301.6000061035156,299.20001220703125,300.20001220703125,297.8996887207031,17439667,0.0,0.0
2020-10-22,298.6000061035156,301.6000061035156,297.0,300.0,297.7012023925781,14381076,0.0,0.0
2020-10-23,297.79998779296875,300.3999938964844,297.0,298.0,295.7165832519531,15074407,0.0,0.0
2020-10-27,296.6000061035156,300.6000061035156,294.20001220703125,300.0,297.7012023925781,18285289,0.0,0.0
2020-10-28,304.3999938964844,309.3999938964844,304.20001220703125,307.3999938964844,305.0445251464844,27847200,0.0,0.0
2020-10-29,300.0,305.6000061035156,299.0,302.6000061035156,300.28131103515625,24070737,0.0,0.0
2020-10-30,301.0,303.0,292.6000061035156,293.20001220703125,290.95330810546875,26853552,0.0,0.0
2020-11-02,298.3999938964844,298.3999938964844,291.3999938964844,297.79998779296875,295.51806640625,18371445,0.0,0.0
2020-11-03,300.3999938964844,301.6000061035156,299.0,299.79998779296875,297.50274658203125,17260262,0.0,0.0
2020-11-04,272.0,282.0,272.0,277.20001220703125,275.0759582519531,101173866,0.0,0.0
2020-11-05,285.6000061035156,294.6000061035156,285.6000061035156,294.6000061035156,292.3426208496094,42593676,0.0,0.0
2020-11-06,282.79998779296875,289.79998779296875,282.0,282.0,279.83917236328125,52373045,0.0,0.0
2020-11-09,291.3999938964844,293.0,289.3999938964844,290.20001220703125,287.976318359375,35794135,0.0,0.0
2020-11-10,283.3999938964844,283.79998779296875,273.0,275.3999938964844,273.28973388671875,63855746,0.0,0.0
2020-11-11,255.0,258.79998779296875,248.39999389648438,248.39999389648438,246.49658203125,116686276,0.0,0.0
2020-11-12,257.79998779296875,258.6000061035156,252.1999969482422,253.0,251.06134033203125,54771508,0.0,0.0
2020-11-13,258.6000061035156,260.0,252.39999389648438,257.0,255.0307159423828,42011134,0.0,0.0
2020-11-16,253.39999389648438,254.60000610351562,245.0,254.0,252.05369567871094,40495713,0.0,0.0
2020-11-17,255.0,255.60000610351562,249.8000030517578,249.8000030517578,247.88587951660156,27731447,0.0,0.0
2020-11-18,251.0,252.0,247.60000610351562,250.0,248.0843505859375,21190712,0.0,0.0
2020-11-19,250.0,250.0,245.0,245.1999969482422,243.3211212158203,19558960,0.0,0.0
2020-11-20,251.0,255.0,249.1999969482422,253.0,251.06134033203125,24969028,0.0,0.0
2020-11-23,263.20001220703125,266.20001220703125,260.6000061035156,264.0,261.9770812988281,44892281,0.0,0.0
2020-11-24,273.0,274.6000061035156,267.79998779296875,270.0,267.93109130859375,41400443,0.0,0.0
2020-11-25,274.79998779296875,275.0,264.6000061035156,267.0,264.9540710449219,27982144,0.0,0.0
2020-11-26,270.0,271.79998779296875,267.20001220703125,269.0,266.93878173828125,18539582,0.0,0.0
2020-11-27,271.0,271.0,267.20001220703125,269.6000061035156,267.5341491699219,11575149,0.0,0.0
2020-11-30,264.0,264.79998779296875,258.6000061035156,261.3999938964844,259.39697265625,19453729,0.0,0.0
2020-12-01,256.79998779296875,259.6000061035156,254.60000610351562,257.20001220703125,255.22915649414062,19622885,0.0,0.0
2020-12-02,257.0,257.20001220703125,254.0,255.1999969482422,253.24449157714844,17518631,0.0,0.0
2020-12-03,255.1999969482422,258.3999938964844,254.60000610351562,257.3999938964844,255.42764282226562,14374923,0.0,0.0
2020-12-04,259.0,266.6000061035156,258.3999938964844,264.0,261.9770812988281,28041474,0.0,0.0
2020-12-07,261.0,261.20001220703125,255.0,258.0,256.0230407714844,16021766,0.0,0.0
2020-12-08,257.0,259.20001220703125,255.39999389648438,258.0,256.0230407714844,11781749,0.0,0.0
2020-12-09,262.0,262.79998779296875,259.3999938964844,260.79998779296875,258.80157470703125,17024320,0.0,0.0
2020-12-10,255.60000610351562,256.20001220703125,253.0,255.39999389648438,253.44297790527344,21316945,0.0,0.0
2020-12-11,259.0,260.6000061035156,257.0,258.3999938964844,256.41998291015625,12567160,0.0,0.0
2020-12-14,258.79998779296875,258.79998779296875,250.0,251.60000610351562,249.67210388183594,22655912,0.0,0.0
2020-12-15,250.0,250.0,245.0,246.0,244.11500549316406,27969305,0.0,0.0
2020-12-16,248.8000030517578,252.39999389648438,246.8000030517578,251.0,249.07667541503906,16279191,0.0,0.0
2020-12-17,255.39999389648438,258.0,254.39999389648438,258.0,256.0230407714844,18134098,0.0,0.0
2020-12-18,257.3999938964844,257.3999938964844,252.60000610351562,255.60000610351562,253.6414337158203,23943869,0.0,0.0
2020-12-21,255.0,255.0,248.39999389648438,250.0,248.0843505859375,14314027,0.0,0.0
2020-12-22,252.0,252.1999969482422,247.60000610351562,248.8000030517578,246.89353942871094,12519867,0.0,0.0
2020-12-23,249.1999969482422,249.8000030517578,245.1999969482422,248.39999389648438,246.49658203125,15189316,0.0,0.0
2020-12-24,228.60000610351562,228.60000610351562,228.60000610351562,228.60000610351562,226.8483428955078,0,0.0,0.0
2020-12-28,219.39999389648438,219.8000030517578,207.1999969482422,210.0,208.39085388183594,104426789,0.0,0.0
2020-12-29,216.1999969482422,225.0,216.1999969482422,222.0,220.2989044189453,42704055,0.0,0.0
2020-12-30,229.8000030517578,236.39999389648438,229.39999389648438,236.1999969482422,234.3900909423828,40430776,0.0,0.0
2020-12-31,232.1999969482422,232.1999969482422,232.1999969482422,232.1999969482422,230.4207305908203,0,0.0,0.0
2021-01-04,224.8000030517578,228.60000610351562,223.39999389648438,227.60000610351562,225.85598754882812,27907724,0.0,0.0
2021-01-05,220.0,224.1999969482422,219.1999969482422,223.0,221.29122924804688,35061260,0.0,0.0
2021-01-06,228.0,232.60000610351562,227.8000030517578,230.0,228.23760986328125,31462508,0.0,0.0
2021-01-07,221.0,221.8000030517578,216.39999389648438,221.0,219.3065643310547,47362360,0.0,0.0
2021-01-08,223.39999389648438,226.39999389648438,219.60000610351562,224.1999969482422,222.48204040527344,29880895,0.0,0.0
2021-01-11,227.1999969482422,230.39999389648438,220.0,221.0,219.3065643310547,49219037,0.0,0.0
2021-01-12,221.0,221.0,217.1999969482422,220.0,218.31422424316406,36773693,0.0,0.0
2021-01-13,221.60000610351562,225.60000610351562,221.0,223.8000030517578,222.08509826660156,25521304,0.0,0.0
2021-01-14,231.8000030517578,235.39999389648438,229.39999389648438,235.0,233.19927978515625,56102214,0.0,0.0
2021-01-15,238.0,244.1999969482422,236.1999969482422,241.0,239.15330505371094,56724043,0.0,0.0
2021-01-18,238.60000610351562,243.60000610351562,236.60000610351562,242.0,240.14566040039062,28459710,0.0,0.0
2021-01-19,245.0,248.8000030517578,242.1999969482422,244.1999969482422,242.32879638671875,35728468,0.0,0.0
2021-01-20,245.1999969482422,270.0,244.39999389648438,265.0,262.9693908691406,105283224,0.0,0.0
2021-01-21,259.6000061035156,262.6000061035156,255.1999969482422,258.6000061035156,256.61846923828125,52014003,0.0,0.0
2021-01-22,252.39999389648438,253.39999389648438,247.1999969482422,250.60000610351562,248.6797637939453,39959960,0.0,0.0
2021-01-25,252.60000610351562,262.79998779296875,251.0,258.0,256.0230407714844,47792619,0.0,0.0
2021-01-26,255.39999389648438,256.0,252.1999969482422,253.39999389648438,251.45828247070312,33317774,0.0,0.0
2021-01-27,261.79998779296875,263.20001220703125,255.1999969482422,260.0,258.00775146484375,34684877,0.0,0.0
2021-01-28,252.8000030517578,257.6000061035156,250.39999389648438,251.60000610351562,249.67210388183594,34740164,0.0,0.0
2021-01-29,251.60000610351562,254.0,242.0,246.8000030517578,244.90887451171875,34866053,0.0,0.0
2021-02-01,246.0,252.0,245.0,251.1999969482422,249.27516174316406,27611659,0.0,0.0
2021-02-02,260.0,261.3999938964844,255.8000030517578,260.0,258.00775146484375,35793652,0.0,0.0
2021-02-03,249.8000030517578,266.0,247.1999969482422,261.0,259.00006103515625,58494910,0.0,0.0
2021-02-04,260.79998779296875,267.3999938964844,257.3999938964844,262.20001220703125,260.1908874511719,72252607,0.0,0.0
2021-02-05,259.79998779296875,261.3999938964844,256.3999938964844,258.0,256.0230407714844,30738742,0.0,0.0
2021-02-08,259.6000061035156,262.3999938964844,255.39999389648438,256.3999938964844,254.435302734375,14861452,0.0,0.0
2021-02-09,255.8000030517578,257.3999938964844,253.0,255.39999389648438,253.44297790527344,21534617,0.0,0.0
2021-02-10,258.6000061035156,263.0,257.3999938964844,262.0,259.99237060546875,28952395,0.0,0.0
2021-02-11,261.0,261.0,261.0,261.0,259.00006103515625,0,0.0,0.0
2021-02-16,264.79998779296875,266.0,263.20001220703125,264.20001220703125,262.175537109375,35490449,0.0,0.0
2021-02-17,263.3999938964844,269.3999938964844,262.20001220703125,267.0,264.9540710449219,36931302,0.0,0.0
2021-02-18,263.3999938964844,263.79998779296875,260.0,260.3999938964844,258.4046325683594,29507989,0.0,0.0
2021-02-19,256.0,258.0,252.39999389648438,257.0,255.0307159423828,27537542,0.0,0.0
2021-02-22,256.0,256.3999938964844,249.8000030517578,250.60000610351562,248.6797637939453,30923499,0.0,0.0
2021-02-23,246.39999389648438,248.8000030517578,243.1999969482422,247.60000610351562,245.70274353027344,24370829,0.0,0.0
2021-02-24,247.60000610351562,248.8000030517578,240.0,242.8000030517578,240.9395294189453,31209824,0.0,0.0
2021-02-25,243.39999389648438,248.8000030517578,239.1999969482422,243.39999389648438,241.53492736816406,27601154,0.0,0.0
2021-02-26,232.8000030517578,234.39999389648438,230.8000030517578,232.39999389648438,230.6192169189453,42971525,0.0,0.0
2021-03-01,234.8000030517578,236.60000610351562,232.39999389648438,234.60000610351562,232.80235290527344,25781049,0.0,0.0
2021-03-02,234.60000610351562,235.39999389648438,229.0,229.39999389648438,227.64219665527344,28438280,0.0,0.0
2021-03-03,229.60000610351562,234.0,227.39999389648438,232.39999389648438,230.6192169189453,18744515,0.0,0.0
2021-03-04,231.0,231.1999969482422,227.0,227.1999969482422,225.4590606689453,17756272,0.0,0.0
2021-03-05,223.8000030517578,229.8000030517578,221.1999969482422,227.0,225.2605743408203,26560051,0.0,0.0
2021-03-08,228.8000030517578,231.60000610351562,220.1999969482422,220.60000610351562,218.90963745117188,24540546,0.0,0.0
2021-03-09,224.0,230.0,218.60000610351562,224.0,222.28358459472656,35249748,0.0,0.0
2021-03-10,231.0,231.60000610351562,228.0,228.39999389648438,226.64984130859375,30292760,0.0,0.0
2021-03-11,229.0,230.39999389648438,226.39999389648438,227.60000610351562,225.85598754882812,29228815,0.0,0.0
2021-03-12,233.0,234.39999389648438,225.8000030517578,226.0,224.26824951171875,34231547,0.0,0.0
2021-03-15,227.0,227.8000030517578,219.39999389648438,221.39999389648438,219.70350646972656,33908103,0.0,0.0
2021-03-16,222.39999389648438,222.60000610351562,220.60000610351562,221.39999389648438,219.70350646972656,20868000,0.0,0.0
2021-03-17,221.0,223.39999389648438,219.39999389648438,222.60000610351562,220.89431762695312,18718973,0.0,0.0
2021-03-18,226.60000610351562,238.60000610351562,226.39999389648438,233.60000610351562,231.8100128173828,58621778,0.0,0.0
2021-03-19,232.0,234.60000610351562,229.60000610351562,234.60000610351562,232.80235290527344,44914799,0.0,0.0
2021-03-22,232.39999389648438,234.39999389648438,230.60000610351562,231.1999969482422,229.4283905029297,14508251,0.0,0.0
2021-03-23,231.39999389648438,232.8000030517578,228.0,230.0,228.23760986328125,26218754,0.0,0.0
2021-03-24,232.60000610351562,233.60000610351562,228.39999389648438,230.0,228.23760986328125,15811948,0.0,0.0
2021-03-25,218.60000610351562,222.1999969482422,215.1999969482422,221.0,219.3065643310547,30783245,0.0,0.0
2021-03-26,217.8000030517578,218.60000610351562,214.0,216.0,214.34487915039062,32976932,0.0,0.0
2021-03-29,216.0,217.60000610351562,214.39999389648438,216.1999969482422,214.54335021972656,25704513,0.0,0.0
2021-03-30,224.39999389648438,225.1999969482422,220.8000030517578,221.60000610351562,219.90196228027344,33848578,0.0,0.0
2021-03-31,224.0,224.1999969482422,219.8000030517578,220.0,218.31422424316406,19946806,0.0,0.0
2021-04-01,223.0,226.1999969482422,220.60000610351562,225.60000610351562,223.87132263183594,23025316,0.0,0.0
2021-04-07,224.1999969482422,225.60000610351562,221.39999389648438,222.0,220.2989044189453,24885227,0.0,0.0
2021-04-08,221.8000030517578,225.0,220.8000030517578,223.0,221.29122924804688,25337633,0.0,0.0
2021-04-09,223.0,223.0,216.8000030517578,218.0,216.3295440673828,22699587,0.0,0.0
2021-04-12,230.0,237.60000610351562,226.60000610351562,232.1999969482422,230.4207305908203,77835113,0.0,0.0
2021-04-13,240.0,241.60000610351562,232.39999389648438,233.1999969482422,231.4130859375,35951883,0.0,0.0
2021-04-14,236.60000610351562,238.0,235.0,237.8000030517578,235.97784423828125,21526494,0.0,0.0
2021-04-15,234.0,234.8000030517578,230.60000610351562,233.8000030517578,232.0084991455078,20324396,0.0,0.0
2021-04-16,232.0,237.39999389648438,231.60000610351562,235.60000610351562,233.79470825195312,31491743,0.0,0.0
2021-04-19,232.0,234.39999389648438,231.1999969482422,232.0,230.22227478027344,24351578,0.0,0.0
2021-04-20,228.39999389648438,228.60000610351562,225.1999969482422,228.1999969482422,226.45140075683594,19985710,0.0,0.0
2021-04-21,222.0,222.8000030517578,220.1999969482422,221.8000030517578,220.10043334960938,21338590,0.0,0.0
2021-04-22,221.8000030517578,224.39999389648438,220.60000610351562,221.39999389648438,219.70350646972656,15020535,0.0,0.0
2021-04-23,223.60000610351562,226.60000610351562,222.8000030517578,224.39999389648438,222.68051147460938,16197504,0.0,0.0
2021-04-26,226.0,227.8000030517578,224.39999389648438,224.60000610351562,222.8789825439453,14207473,0.0,0.0
2021-04-27,226.0,228.60000610351562,225.39999389648438,226.39999389648438,224.66517639160156,14100733,0.0,0.0
2021-04-28,228.8000030517578,232.0,227.0,231.60000610351562,229.82534790039062,27538276,0.0,0.0
2021-04-29,233.8000030517578,233.8000030517578,230.39999389648438,231.39999389648438,229.62686157226562,13445304,0.0,0.0
2021-04-30,227.0,227.39999389648438,223.39999389648438,225.0,223.27590942382812,18390472,0.0,0.0
2021-05-03,225.0,226.8000030517578,222.39999389648438,223.8000030517578,222.08509826660156,10743054,0.0,0.0
2021-05-04,223.39999389648438,225.60000610351562,223.0,225.1999969482422,223.47438049316406,8757722,0.0,0.0
2021-05-05,221.60000610351562,222.60000610351562,219.39999389648438,220.0,218.31422424316406,15431071,0.0,0.0
2021-05-06,220.8000030517578,222.8000030517578,219.60000610351562,221.60000610351562,219.90196228027344,11577986,0.0,0.0
2021-05-07,221.0,222.39999389648438,219.0,219.8000030517578,218.1157684326172,15513681,0.0,0.0
2021-05-10,219.8000030517578,221.1999969482422,213.0,215.1999969482422,213.55101013183594,22333260,0.0,0.0
2021-05-11,210.60000610351562,211.39999389648438,207.0,207.60000610351562,206.00924682617188,24014630,0.0,0.0
2021-05-12,215.0,220.8000030517578,214.0,220.1999969482422,218.5126953125,31199699,0.0,0.0
2021-05-13,215.8000030517578,218.0,213.1999969482422,213.1999969482422,211.5663299560547,18348468,0.0,0.0
2021-05-14,202.0,205.1999969482422,200.1999969482422,204.60000610351562,203.03224182128906,52690766,0.0,0.0
2021-05-17,204.60000610351562,208.8000030517578,203.1999969482422,205.39999389648438,203.8260955810547,27817583,0.0,0.0
2021-05-18,207.1999969482422,208.60000610351562,206.60000610351562,207.60000610351562,206.00924682617188,18530861,0.0,0.0
2021-05-20,207.0,208.0,204.39999389648438,206.0,204.4215087890625,30886478,0.0,0.0
2021-05-21,210.1999969482422,210.60000610351562,206.0,208.0,206.40618896484375,38645780,0.0,0.0
2021-05-24,206.0,206.0,204.0,205.0,203.42916870117188,17159113,0.0,0.0
2021-05-25,203.60000610351562,207.0,203.39999389648438,206.0,204.4215087890625,23472797,0.0,0.0
2021-05-26,207.8000030517578,208.60000610351562,206.39999389648438,207.0,205.41383361816406,16688924,0.0,0.0
2021-05-27,205.39999389648438,208.8000030517578,205.0,208.8000030517578,207.20005798339844,31113636,0.0,0.0
2021-05-28,208.39999389648438,209.39999389648438,206.60000610351562,207.39999389648438,205.81076049804688,24377407,0.0,0.0
2021-05-31,208.39999389648438,211.39999389648438,207.8000030517578,211.0,209.38320922851562,21707496,0.0,0.0
2021-06-01,213.60000610351562,219.60000610351562,212.39999389648438,218.1999969482422,216.52801513671875,38847778,0.0,0.0
2021-06-02,215.8000030517578,215.8000030517578,212.60000610351562,214.39999389648438,212.7571563720703,31538468,0.0,0.0
2021-06-03,213.8000030517578,213.8000030517578,209.60000610351562,210.8000030517578,209.18472290039062,18209307,0.0,0.0
2021-06-04,208.8000030517578,213.8000030517578,208.60000610351562,210.1999969482422,208.58932495117188,39982639,0.0,0.0
2021-06-07,211.60000610351562,212.60000610351562,209.0,212.0,210.37551879882812,23713310,0.0,0.0
2021-06-08,211.8000030517578,212.0,208.8000030517578,210.1999969482422,208.58932495117188,14131162,0.0,0.0
2021-06-09,209.1999969482422,210.39999389648438,207.1999969482422,208.0,206.40618896484375,14721409,0.0,0.0
2021-06-10,208.8000030517578,211.1999969482422,206.0,207.60000610351562,206.00924682617188,15353710,0.0,0.0
2021-06-11,207.8000030517578,208.0,204.39999389648438,205.1999969482422,203.62762451171875,21751657,0.0,0.0
2021-06-15,209.60000610351562,209.60000610351562,204.39999389648438,206.39999389648438,204.8184356689453,16521833,0.0,0.0
2021-06-16,205.39999389648438,205.39999389648438,203.39999389648438,203.39999389648438,201.8414306640625,15362004,0.0,0.0
2021-06-17,202.0,204.0,201.1999969482422,203.8000030517578,202.2383575439453,12114454,0.0,0.0
2021-06-18,204.39999389648438,207.60000610351562,203.8000030517578,207.0,205.41383361816406,26572314,0.0,0.0
2021-06-21,206.0,207.60000610351562,203.8000030517578,205.39999389648438,203.8260955810547,14510523,0.0,0.0
2021-06-22,204.0,204.39999389648438,201.8000030517578,203.0,201.44448852539062,16162775,0.0,0.0
2021-06-23,205.0,207.60000610351562,204.1999969482422,207.1999969482422,205.61231994628906,16558423,0.0,0.0
2021-06-24,209.60000610351562,212.60000610351562,209.1999969482422,210.1999969482422,208.58932495117188,16482032,0.0,0.0
2021-06-25,212.8000030517578,216.39999389648438,211.1999969482422,215.60000610351562,213.9479522705078,29426102,0.0,0.0
2021-06-28,220.8000030517578,225.0,219.1999969482422,222.0,220.2989044189453,23248108,0.0,0.0
2021-06-29,222.0,222.8000030517578,218.0,219.39999389648438,217.7188262939453,22735870,0.0,0.0
2021-06-30,222.0,222.8000030517578,220.0,220.0,218.31422424316406,17882516,0.0,0.0
2021-07-02,216.1999969482422,216.1999969482422,210.60000610351562,212.0,210.37551879882812,27196447,0.0,0.0
2021-07-05,209.0,209.8000030517578,205.0,206.0,204.4215087890625,21390710,0.0,0.0
2021-07-06,205.1999969482422,209.39999389648438,203.60000610351562,209.39999389648438,207.79544067382812,18506503,0.0,0.0
2021-07-07,207.0,207.0,204.39999389648438,205.8000030517578,204.22305297851562,16935600,0.0,0.0
2021-07-08,202.1999969482422,203.1999969482422,197.0,197.3000030517578,195.78817749023438,37789548,0.0,0.0
2021-07-09,195.0,196.60000610351562,189.89999389648438,195.5,194.00196838378906,35815396,0.0,0.0
2021-07-12,199.3000030517578,200.8000030517578,195.3000030517578,197.39999389648438,195.8874053955078,19585720,0.0,0.0
2021-07-13,199.39999389648438,207.39999389648438,197.60000610351562,205.1999969482422,203.62762451171875,30179190,0.0,0.0
2021-07-14,205.1999969482422,206.8000030517578,203.8000030517578,206.39999389648438,204.8184356689453,25764588,0.0,0.0
2021-07-15,206.39999389648438,214.1999969482422,206.0,210.60000610351562,208.98626708984375,45293673,0.0,0.0
2021-07-16,210.39999389648438,211.60000610351562,207.8000030517578,209.39999389648438,207.79544067382812,55141154,0.0,0.0
2021-07-19,205.8000030517578,205.8000030517578,201.8000030517578,202.60000610351562,201.04757690429688,43294441,0.0,0.0
2021-07-20,204.0,206.39999389648438,200.39999389648438,202.8000030517578,201.24603271484375,14790988,0.0,0.0
2021-07-21,205.60000610351562,206.0,201.39999389648438,203.0,201.44448852539062,14800334,0.0,0.0
2021-07-22,205.60000610351562,207.60000610351562,205.39999389648438,207.39999389648438,205.81076049804688,12066102,0.0,0.0
2021-07-23,208.8000030517578,208.8000030517578,203.39999389648438,205.1999969482422,203.62762451171875,11735052,0.0,0.0
2021-07-26,199.1999969482422,199.1999969482422,192.0,192.10000610351562,190.62802124023438,43322099,0.0,0.0
2021-07-27,183.8000030517578,188.5,174.5,179.89999389648438,178.521484375,66752350,0.0,0.0
2021-07-28,179.5,184.60000610351562,176.1999969482422,183.1999969482422,181.7962188720703,52598759,0.0,0.0
2021-07-29,191.8000030517578,197.3000030517578,189.3000030517578,197.3000030517578,195.78817749023438,57050274,0.0,0.0
2021-07-30,190.39999389648438,190.6999969482422,185.60000610351562,189.0,187.55177307128906,26604358,0.0,0.0
2021-08-02,189.0,193.3000030517578,187.1999969482422,191.89999389648438,190.42955017089844,24424086,0.0,0.0
2021-08-03,195.5,195.5,187.1999969482422,193.5,192.0172882080078,25920558,0.0,0.0
2021-08-04,191.3000030517578,194.5,186.5,192.3000030517578,190.82647705078125,23029276,0.0,0.0
2021-08-05,194.89999389648438,197.60000610351562,191.8000030517578,192.5,191.02496337890625,21169911,0.0,0.0
2021-08-06,192.1999969482422,194.3000030517578,190.3000030517578,193.5,192.0172882080078,15486524,0.0,0.0
2021-08-09,187.0,191.60000610351562,185.10000610351562,188.6999969482422,187.25405883789062,28015589,0.0,0.0
2021-08-10,190.0,192.89999389648438,187.60000610351562,192.89999389648438,191.421875,17983679,0.0,0.0
2021-08-11,190.60000610351562,192.39999389648438,188.39999389648438,191.1999969482422,189.7349090576172,13796247,0.0,0.0
2021-08-12,190.0,190.8000030517578,186.39999389648438,188.6999969482422,187.25405883789062,14517317,0.0,0.0
2021-08-13,185.5,185.8000030517578,181.5,184.0,182.590087890625,21527678,0.0,0.0
2021-08-16,183.89999389648438,183.89999389648438,179.60000610351562,180.39999389648438,179.01766967773438,19542473,0.0,0.0
2021-08-17,177.89999389648438,178.89999389648438,171.0,171.8000030517578,170.4835662841797,42641139,0.0,0.0
2021-08-18,170.0,172.6999969482422,169.39999389648438,171.60000610351562,170.2851104736328,23291029,0.0,0.0
2021-08-19,168.60000610351562,169.39999389648438,160.3000030517578,162.10000610351562,160.85791015625,45396323,0.0,0.0
2021-08-20,158.10000610351562,160.6999969482422,155.10000610351562,157.89999389648438,156.6900634765625,54863086,0.0,0.0
2021-08-23,155.89999389648438,160.0,151.1999969482422,152.10000610351562,150.9345245361328,69681080,0.0,0.0
2021-08-24,156.8000030517578,166.60000610351562,156.3000030517578,166.5,165.2241668701172,52107427,0.0,0.0
2021-08-25,170.8000030517578,172.3000030517578,162.39999389648438,164.10000610351562,162.8425750732422,53797802,0.0,0.0
2021-08-26,164.3000030517578,165.89999389648438,160.10000610351562,162.1999969482422,160.9571075439453,25997432,0.0,0.0
2021-08-27,160.6999969482422,163.10000610351562,153.6999969482422,155.89999389648438,154.7053985595703,51566566,0.0,0.0
2021-08-30,155.89999389648438,160.10000610351562,154.3000030517578,158.1999969482422,156.98777770996094,33016759,0.0,0.0
2021-08-31,158.5,165.5,154.6999969482422,165.5,164.23184204101562,49830778,0.0,0.0
2021-09-01,163.5,167.60000610351562,161.6999969482422,165.1999969482422,163.9341278076172,36318509,0.0,0.0
2021-09-02,170.0,171.89999389648438,167.60000610351562,171.0,169.689697265625,32232099,0.0,0.0
2021-09-03,168.39999389648438,168.5,164.0,164.89999389648438,163.6364288330078,48210742,0.0,0.0
2021-09-06,164.5,168.0,163.8000030517578,168.0,166.71267700195312,24264531,0.0,0.0
2021-09-07,168.39999389648438,171.8000030517578,168.3000030517578,170.0,168.6973419189453,24179489,0.0,0.0
2021-09-08,170.0,173.39999389648438,169.3000030517578,170.89999389648438,169.5904541015625,24995877,0.0,0.0
2021-09-09,165.0,166.10000610351562,160.3000030517578,161.0,159.76632690429688,28379942,0.0,0.0
2021-09-10,163.6999969482422,168.1999969482422,163.39999389648438,167.89999389648438,166.6134490966797,27766697,0.0,0.0
2021-09-13,161.5,163.0,156.89999389648438,160.8000030517578,159.56784057617188,25905101,0.0,0.0
2021-09-14,160.39999389648438,162.10000610351562,156.39999389648438,158.3000030517578,157.08702087402344,22361537,0.0,0.0
2021-09-15,155.5,156.89999389648438,153.60000610351562,154.0,152.81996154785156,28239189,0.0,0.0
2021-09-16,153.60000610351562,153.89999389648438,149.10000610351562,151.5,150.339111328125,33935111,0.0,0.0
2021-09-17,150.60000610351562,155.6999969482422,150.1999969482422,154.89999389648438,153.7130584716797,30179321,0.0,0.0
2021-09-20,154.1999969482422,154.3000030517578,150.6999969482422,151.5,150.339111328125,17981515,0.0,0.0
2021-09-21,146.0,149.5,145.5,148.6999969482422,147.56057739257812,23944111,0.0,0.0
2021-09-23,148.0,150.8000030517578,146.39999389648438,148.39999389648438,147.2628631591797,32529431,0.0,0.0
2021-09-24,146.6999969482422,148.3000030517578,143.8000030517578,144.3000030517578,143.1942901611328,30354881,0.0,0.0
2021-09-27,142.1999969482422,145.5,141.1999969482422,141.89999389648438,140.81265258789062,31609172,0.0,0.0
2021-09-28,145.39999389648438,153.0,144.5,150.89999389648438,149.74371337890625,42597994,0.0,0.0
2021-09-29,148.3000030517578,149.3000030517578,145.5,148.3000030517578,147.16363525390625,24903515,0.0,0.0
2021-09-30,144.89999389648438,144.89999389648438,141.0,142.1999969482422,141.11036682128906,38043224,0.0,0.0
2021-10-04,143.5,143.5,136.39999389648438,137.0,135.95021057128906,41840351,0.0,0.0
2021-10-05,132.0,135.89999389648438,132.0,135.3000030517578,134.2632598876953,30437300,0.0,0.0
2021-10-06,138.60000610351562,139.1999969482422,135.6999969482422,137.3000030517578,136.2479248046875,18712471,0.0,0.0
2021-10-07,141.3000030517578,147.8000030517578,141.10000610351562,147.3000030517578,146.1713104248047,32227036,0.0,0.0
2021-10-08,154.39999389648438,155.5,150.8000030517578,155.5,154.3084716796875,55270783,0.0,0.0
2021-10-11,163.0,170.5,162.0,167.8000030517578,166.51422119140625,87174082,0.0,0.0
2021-10-12,160.1999969482422,163.0,159.0,161.3000030517578,160.06402587890625,51876960,0.0,0.0
2021-10-15,161.3000030517578,162.1999969482422,158.8000030517578,161.8000030517578,160.56019592285156,41251499,0.0,0.0
2021-10-18,162.5,162.89999389648438,159.89999389648438,162.89999389648438,161.65176391601562,20485496,0.0,0.0
2021-10-19,162.6999969482422,165.89999389648438,162.1999969482422,164.8000030517578,163.53720092773438,22621183,0.0,0.0
2021-10-20,172.60000610351562,179.89999389648438,171.0,175.8000030517578,174.4529266357422,73819843,0.0,0.0
2021-10-21,173.0,175.5,170.5,173.89999389648438,172.56748962402344,39498418,0.0,0.0
2021-10-22,172.60000610351562,175.0,171.3000030517578,174.39999389648438,173.0636444091797,24304039,0.0,0.0
2021-10-25,174.39999389648438,176.8000030517578,173.3000030517578,174.0,172.6667022705078,22993063,0.0,0.0
2021-10-26,173.0,173.0,168.10000610351562,169.5,168.20118713378906,27007684,0.0,0.0
2021-10-27,165.3000030517578,165.60000610351562,163.3000030517578,164.5,163.239501953125,25552560,0.0,0.0
2021-10-28,166.89999389648438,169.10000610351562,165.0,165.1999969482422,163.9341278076172,26244370,0.0,0.0
2021-10-29,165.0,166.1999969482422,162.5,163.0,161.75099182128906,24508214,0.0,0.0
2021-11-01,161.10000610351562,161.1999969482422,158.0,159.5,158.27781677246094,20955824,0.0,0.0
2021-11-02,166.1999969482422,166.89999389648438,160.10000610351562,161.60000610351562,160.36170959472656,28075255,0.0,0.0
2021-11-03,159.89999389648438,161.0,156.60000610351562,160.60000610351562,159.36940002441406,20797548,0.0,0.0
2021-11-04,162.89999389648438,165.60000610351562,162.0,165.60000610351562,164.33108520507812,23357978,0.0,0.0
2021-11-05,162.0,162.0,158.39999389648438,159.89999389648438,158.67474365234375,26167989,0.0,0.0
2021-11-08,156.10000610351562,157.6999969482422,154.6999969482422,157.3000030517578,156.09466552734375,25006375,0.0,0.0
2021-11-09,160.3000030517578,161.1999969482422,156.8000030517578,157.10000610351562,155.89622497558594,16113085,0.0,0.0
2021-11-10,157.60000610351562,161.60000610351562,155.6999969482422,161.1999969482422,159.96478271484375,17191925,0.0,0.0
2021-11-11,158.0,164.1999969482422,157.60000610351562,163.1999969482422,161.94947814941406,23548938,0.0,0.0
2021-11-12,164.8000030517578,165.6999969482422,159.0,162.39999389648438,161.15560913085938,24265602,0.0,0.0
2021-11-15,163.3000030517578,164.1999969482422,159.60000610351562,161.5,160.2624969482422,19121584,0.0,0.0
2021-11-16,162.0,166.0,161.5,165.1999969482422,163.9341278076172,19860348,0.0,0.0
2021-11-17,164.89999389648438,165.10000610351562,163.1999969482422,164.8000030517578,163.53720092773438,16275917,0.0,0.0
2021-11-18,158.1999969482422,158.89999389648438,155.3000030517578,156.0,154.8046417236328,39030221,0.0,0.0
2021-11-19,140.0,142.1999969482422,139.1999969482422,139.3000030517578,138.2325897216797,106644709,0.0,0.0
2021-11-22,139.0,139.6999969482422,137.10000610351562,137.10000610351562,136.04945373535156,42684873,0.0,0.0
2021-11-23,133.0,133.8000030517578,132.5,133.0,131.9808807373047,46352819,0.0,0.0
2021-11-24,131.0,134.8000030517578,130.6999969482422,131.8000030517578,130.79006958007812,44830998,0.0,0.0
2021-11-25,132.0,135.89999389648438,132.0,135.39999389648438,134.3624725341797,23796814,0.0,0.0
2021-11-26,133.1999969482422,133.89999389648438,129.10000610351562,129.10000610351562,128.11077880859375,37945230,0.0,0.0
2021-11-29,133.0,133.1999969482422,129.8000030517578,130.0,129.00387573242188,29532407,0.0,0.0
2021-11-30,129.5,130.10000610351562,123.5999984741211,127.30000305175781,126.3245620727539,61241018,0.0,0.0
2021-12-01,125.0,127.0,124.19999694824219,125.69999694824219,124.73680114746094,42728524,0.0,0.0
2021-12-02,120.30000305175781,123.69999694824219,120.0999984741211,122.5999984741211,121.66056060791016,63847691,0.0,0.0
2021-12-03,120.5,120.5,116.0,119.4000015258789,118.48507690429688,84752440,0.0,0.0
2021-12-06,109.9000015258789,114.19999694824219,109.5,112.69999694824219,111.83641815185547,105384522,0.0,0.0
2021-12-07,122.0,126.69999694824219,120.69999694824219,126.5,125.53067016601562,82401598,0.0,0.0
2021-12-08,122.69999694824219,123.0,119.19999694824219,120.5999984741211,119.67589569091797,61244054,0.0,0.0
2021-12-09,122.5999984741211,124.30000305175781,122.0999984741211,123.4000015258789,122.45443725585938,35851860,0.0,0.0
2021-12-10,122.30000305175781,123.19999694824219,120.30000305175781,121.19999694824219,120.27128601074219,41285795,0.0,0.0
2021-12-13,124.80000305175781,126.69999694824219,120.80000305175781,121.0999984741211,120.17205810546875,41769452,0.0,0.0
2021-12-14,121.0,121.0,117.80000305175781,118.69999694824219,117.79044342041016,32130092,0.0,0.0
2021-12-15,122.19999694824219,123.80000305175781,120.0,121.0,120.07283020019531,35292960,0.0,0.0
2021-12-16,119.4000015258789,121.30000305175781,117.0,120.69999694824219,119.77511596679688,37563320,0.0,0.0
2021-12-17,118.0,118.30000305175781,115.4000015258789,117.0,116.10347747802734,49369280,0.0,0.0
2021-12-20,118.19999694824219,118.9000015258789,114.30000305175781,114.5,113.62262725830078,33663120,0.0,0.0
2021-12-21,112.5999984741211,115.5,112.0,113.9000015258789,113.02723693847656,37940314,0.0,0.0
2021-12-22,119.9000015258789,119.9000015258789,113.0999984741211,114.9000015258789,114.01956939697266,45188386,0.0,0.0
2021-12-23,114.9000015258789,115.5999984741211,113.0,113.30000305175781,112.43183135986328,25067293,0.0,0.0
2021-12-24,113.80000305175781,114.80000305175781,112.80000305175781,113.0,112.13412475585938,19524988,0.0,0.0
2021-12-28,113.30000305175781,114.19999694824219,112.30000305175781,113.5,112.63028717041016,22985751,0.0,0.0
2021-12-29,112.30000305175781,112.30000305175781,110.0999984741211,110.5999984741211,109.75251007080078,19990686,0.0,0.0
2021-12-30,110.0,112.19999694824219,109.19999694824219,109.9000015258789,109.0578842163086,23838394,0.0,0.0
2021-12-31,119.5,120.30000305175781,118.0999984741211,118.9000015258789,117.98892211914062,31837667,0.0,0.0
2022-01-03,117.0,117.5,114.0,115.0,114.11880493164062,22176946,0.0,0.0
2022-01-04,118.4000015258789,118.9000015258789,115.69999694824219,116.9000015258789,116.0042495727539,23228903,0.0,0.0
2022-01-05,119.0,119.0999984741211,113.9000015258789,114.5,113.62262725830078,30717509,0.0,0.0
2022-01-06,117.5,121.0999984741211,117.30000305175781,121.0,120.07283020019531,47231895,0.0,0.0
2022-01-07,126.5,128.8000030517578,122.80000305175781,128.8000030517578,127.81307220458984,58778943,0.0,0.0
2022-01-10,128.8000030517578,129.5,125.4000015258789,127.5999984741211,126.62224578857422,36814976,0.0,0.0
2022-01-11,125.0,126.5,123.9000015258789,125.5999984741211,124.63758087158203,31659059,0.0,0.0
2022-01-12,128.60000610351562,133.10000610351562,128.39999389648438,133.0,131.9808807373047,44483108,0.0,0.0
2022-01-13,135.0,135.0,130.39999389648438,132.1999969482422,131.18701171875,36032047,0.0,0.0
2022-01-14,126.9000015258789,129.3000030517578,126.5999984741211,129.3000030517578,128.30923461914062,28235556,0.0,0.0
2022-01-17,129.3000030517578,130.10000610351562,127.4000015258789,128.5,127.5153579711914,23534494,0.0,0.0
2022-01-18,129.1999969482422,130.89999389648438,125.4000015258789,126.4000015258789,125.43144989013672,23468279,0.0,0.0
2022-01-19,126.19999694824219,127.30000305175781,123.5,124.19999694824219,123.248291015625,29730153,0.0,0.0
2022-01-20,125.0,132.5,125.0,131.5,130.4923553466797,44796183,0.0,0.0
2022-01-21,126.0999984741211,127.5,124.0,127.0999984741211,126.12608337402344,61817387,0.0,0.0
2022-01-24,122.0,122.0,118.69999694824219,119.0999984741211,118.18739318847656,54758602,0.0,0.0
2022-01-25,116.4000015258789,118.80000305175781,115.0999984741211,116.80000305175781,115.9050064086914,41283512,0.0,0.0
2022-01-26,116.30000305175781,118.69999694824219,114.0999984741211,116.9000015258789,116.0042495727539,35353738,0.0,0.0
2022-01-27,110.5,111.9000015258789,108.0,108.5,107.66860961914062,75467681,0.0,0.0
2022-01-28,110.0,111.5,108.5999984741211,110.0,109.15711212158203,43809950,0.0,0.0
2022-01-31,114.69999694824219,114.69999694824219,114.69999694824219,114.69999694824219,113.82109832763672,0,0.0,0.0
2022-02-04,120.0,120.80000305175781,118.4000015258789,120.4000015258789,119.47743225097656,43293069,0.0,0.0
2022-02-07,117.4000015258789,118.69999694824219,113.5999984741211,115.0,114.11880493164062,54757312,0.0,0.0
2022-02-08,112.5999984741211,113.5,110.5999984741211,111.19999694824219,110.34790802001953,41696354,0.0,0.0
2022-02-09,118.0,119.4000015258789,117.0,118.80000305175781,117.88968658447266,44480636,0.0,0.0
2022-02-10,123.0,123.0,119.4000015258789,122.19999694824219,121.26362609863281,32353947,0.0,0.0
2022-02-11,120.4000015258789,122.9000015258789,120.0,122.4000015258789,121.46209716796875,24203787,0.0,0.0
2022-02-14,119.0,119.9000015258789,118.19999694824219,118.69999694824219,117.79044342041016,19512374,0.0,0.0
2022-02-15,118.0,120.0,117.4000015258789,118.4000015258789,117.49274444580078,16132479,0.0,0.0
2022-02-16,122.4000015258789,123.0,121.0999984741211,122.5,121.56134033203125,20308833,0.0,0.0
2022-02-17,122.0,123.30000305175781,120.9000015258789,123.0,122.05750274658203,18965828,0.0,0.0
2022-02-18,122.5999984741211,124.0,118.69999694824219,119.5,118.5843276977539,36059936,0.0,0.0
2022-02-21,115.80000305175781,117.0999984741211,114.0,114.9000015258789,114.01956939697266,36333556,0.0,0.0
2022-02-22,109.0,111.9000015258789,108.80000305175781,111.4000015258789,110.54638671875,43059975,0.0,0.0
2022-02-23,110.0,113.30000305175781,110.0,112.4000015258789,111.53873443603516,27244901,0.0,0.0
2022-02-24,107.5,108.4000015258789,103.5999984741211,104.9000015258789,104.09619903564453,64889871,0.0,0.0
2022-02-25,107.4000015258789,108.19999694824219,104.9000015258789,105.30000305175781,104.49313354492188,42605788,0.0,0.0
2022-02-28,103.30000305175781,104.19999694824219,100.69999694824219,104.19999694824219,103.40155792236328,56081193,0.0,0.0
2022-03-01,102.19999694824219,104.80000305175781,101.9000015258789,103.80000305175781,103.00462341308594,30377847,0.0,0.0
2022-03-02,103.9000015258789,106.5999984741211,103.9000015258789,103.9000015258789,103.1038589477539,32172998,0.0,0.0
2022-03-03,103.5,104.5,103.0,104.4000015258789,103.60002899169922,23582886,0.0,0.0
2022-03-04,98.19999694824219,100.19999694824219,98.19999694824219,99.0,98.24140167236328,67845622,0.0,0.0
2022-03-07,96.25,98.0,93.4000015258789,96.0,95.26438903808594,59539428,0.0,0.0
2022-03-08,97.55000305175781,99.94999694824219,95.80000305175781,96.9000015258789,96.15750122070312,49195657,0.0,0.0
2022-03-09,96.9000015258789,97.3499984741211,92.5999984741211,96.25,95.51248168945312,60560894,0.0,0.0
2022-03-10,99.69999694824219,99.69999694824219,94.4000015258789,96.0999984741211,95.3636245727539,46922499,0.0,0.0
2022-03-11,90.55000305175781,92.1500015258789,88.05000305175781,90.80000305175781,90.10423278808594,74997978,0.0,0.0
2022-03-14,86.1500015258789,86.5999984741211,80.25,80.9000015258789,80.28009796142578,99109140,0.0,0.0
2022-03-15,73.80000305175781,79.3499984741211,71.0,71.25,70.70404052734375,166892058,0.0,0.0
2022-03-16,74.5,91.05000305175781,73.69999694824219,90.69999694824219,90.00499725341797,159307067,0.0,0.0
2022-03-17,104.0,104.0,95.30000305175781,102.0,101.21841430664062,147199025,0.0,0.0
2022-03-18,97.1500015258789,100.19999694824219,95.0,98.3499984741211,97.59637451171875,69216323,0.0,0.0
2022-03-21,104.80000305175781,104.80000305175781,97.25,99.0999984741211,98.34063720703125,78145126,0.0,0.0
2022-03-22,102.30000305175781,111.4000015258789,102.0999984741211,110.19999694824219,109.35557556152344,82216795,0.0,0.0
2022-03-23,114.5999984741211,119.4000015258789,112.5,117.5999984741211,116.69888305664062,109736384,0.0,0.0
2022-03-24,116.4000015258789,119.0,113.5,113.80000305175781,112.92799377441406,56175392,0.0,0.0
2022-03-25,111.4000015258789,113.5,104.80000305175781,107.4000015258789,106.57703399658203,59754137,0.0,0.0
2022-03-28,107.4000015258789,113.5,106.0999984741211,111.0999984741211,110.24868774414062,35856686,0.0,0.0
2022-03-29,112.69999694824219,114.80000305175781,112.19999694824219,113.5,112.63028717041016,28129247,0.0,0.0
2022-03-30,115.0,115.69999694824219,112.5999984741211,113.9000015258789,113.02723693847656,43050119,0.0,0.0
2022-03-31,114.9000015258789,114.9000015258789,109.69999694824219,112.0999984741211,111.24102020263672,26780152,0.0,0.0
2022-04-01,106.80000305175781,109.69999694824219,105.69999694824219,109.69999694824219,108.85941314697266,38709405,0.0,0.0
2022-04-04,110.5999984741211,114.5999984741211,110.0,113.69999694824219,112.82876586914062,41875311,0.0,0.0
2022-04-06,109.0999984741211,109.80000305175781,107.0999984741211,107.5999984741211,106.77550506591797,46638063,0.0,0.0
2022-04-07,106.4000015258789,108.9000015258789,105.19999694824219,105.19999694824219,104.39389038085938,35575706,0.0,0.0
2022-04-08,102.80000305175781,103.80000305175781,101.5,103.80000305175781,103.00462341308594,38153586,0.0,0.0
2022-04-11,102.80000305175781,103.0,97.8499984741211,98.5,97.74523162841797,40131164,0.0,0.0
2022-04-12,98.5,100.5999984741211,96.3499984741211,99.0,98.24140167236328,39683531,0.0,0.0
2022-04-13,98.4000015258789,99.5,97.0,98.5,97.74523162841797,24650087,0.0,0.0
2022-04-14,97.6500015258789,98.0,93.8499984741211,95.5,94.76821899414062,52348941,0.0,0.0
2022-04-19,92.55000305175781,93.44999694824219,90.9000015258789,91.5,90.79886627197266,34060706,0.0,0.0
2022-04-20,91.0999984741211,92.94999694824219,90.30000305175781,90.69999694824219,90.00499725341797,24190299,0.0,0.0
2022-04-21,88.75,89.69999694824219,86.5,87.9000015258789,87.2264633178711,37481397,0.0,0.0
2022-04-22,83.5,87.3499984741211,83.4000015258789,86.6500015258789,85.98603820800781,33414007,0.0,0.0
2022-04-25,84.80000305175781,84.94999694824219,81.19999694824219,81.8499984741211,81.22281646728516,43001305,0.0,0.0
2022-04-26,84.5,87.9000015258789,83.75,84.9000015258789,84.24945068359375,38304821,0.0,0.0
2022-04-27,84.3499984741211,85.44999694824219,83.0,84.55000305175781,83.9021224975586,27917828,0.0,0.0
2022-04-28,88.0,88.55000305175781,86.30000305175781,88.25,87.57377624511719,40675166,0.0,0.0
2022-04-29,88.25,103.80000305175781,87.1500015258789,102.0999984741211,101.3176498413086,102134425,0.0,0.0
2022-05-03,100.0,103.0999984741211,92.5,100.30000305175781,99.53144073486328,103238870,0.0,0.0
2022-05-04,98.5,98.55000305175781,95.8499984741211,96.55000305175781,95.81017303466797,29177225,0.0,0.0
2022-05-05,99.5,101.0999984741211,96.19999694824219,96.69999694824219,95.95902252197266,27991225,0.0,0.0
2022-05-06,92.05000305175781,92.8499984741211,89.30000305175781,90.3499984741211,89.65767669677734,50887668,0.0,0.0
2022-05-10,83.5,87.19999694824219,83.1500015258789,86.0,85.34101104736328,64139439,0.0,0.0
2022-05-11,83.69999694824219,87.94999694824219,83.5999984741211,85.6500015258789,84.99369812011719,63211009,0.0,0.0
2022-05-12,81.8499984741211,82.55000305175781,79.9000015258789,80.0,79.3869857788086,69966835,0.0,0.0
2022-05-13,82.19999694824219,82.8499984741211,81.25,82.19999694824219,81.57012939453125,53688518,0.0,0.0
2022-05-16,86.0,86.25,83.0999984741211,84.5999984741211,83.95174407958984,37186669,0.0,0.0
2022-05-17,87.5,91.80000305175781,86.6500015258789,90.55000305175781,89.85614776611328,65364000,0.0,0.0
2022-05-18,90.55000305175781,90.55000305175781,87.80000305175781,90.0,89.31037139892578,40887159,0.0,0.0
2022-05-19,85.0,85.4000015258789,82.75,83.3499984741211,82.7113265991211,63967045,0.0,0.0
2022-05-20,86.30000305175781,88.80000305175781,85.5999984741211,88.05000305175781,87.37530517578125,37411832,0.0,0.0
2022-05-23,86.19999694824219,86.55000305175781,83.8499984741211,85.0999984741211,84.44791412353516,48116001,0.0,0.0
2022-05-24,84.80000305175781,86.30000305175781,82.9000015258789,83.5999984741211,82.95940399169922,41592157,0.0,0.0
2022-05-25,82.0,84.1500015258789,81.3499984741211,82.3499984741211,81.71898651123047,39360501,0.0,0.0
2022-05-26,82.0,82.0,79.6500015258789,81.0999984741211,80.47855377197266,44520428,0.0,0.0
2022-05-27,91.0,92.4000015258789,89.8499984741211,91.0,90.30270385742188,94943603,0.0,0.0
2022-05-30,91.69999694824219,94.9000015258789,91.30000305175781,94.9000015258789,94.17281341552734,58244941,0.0,0.0
2022-05-31,94.5999984741211,97.5,93.0999984741211,96.25,95.51248168945312,87590516,0.0,0.0
2022-06-01,96.0,96.19999694824219,94.0,94.5999984741211,93.8751220703125,34758451,0.0,0.0
2022-06-02,91.75,93.0,91.0,92.30000305175781,91.59274291992188,38921083,0.0,0.0
2022-06-06,92.8499984741211,98.5999984741211,91.25,96.94999694824219,96.20710754394531,61560025,0.0,0.0
2022-06-07,96.94999694824219,101.80000305175781,96.1500015258789,98.80000305175781,98.0429458618164,88847430,0.0,0.0
2022-06-08,103.4000015258789,110.4000015258789,102.5,108.80000305175781,107.96631622314453,116293353,0.0,0.0
2022-06-09,116.19999694824219,116.30000305175781,108.0999984741211,111.30000305175781,110.44715881347656,113806634,0.0,0.0
2022-06-10,107.5999984741211,116.0,107.0,112.80000305175781,111.93566131591797,107826465,0.0,0.0
2022-06-13,106.19999694824219,108.4000015258789,103.5,103.80000305175781,103.00462341308594,85883479,0.0,0.0
2022-06-14,98.25,102.4000015258789,97.19999694824219,101.19999694824219,100.4245376586914,79243938,0.0,0.0
2022-06-15,105.0,106.69999694824219,104.30000305175781,105.5999984741211,104.79082489013672,62840727,0.0,0.0
2022-06-16,108.80000305175781,109.80000305175781,100.4000015258789,102.4000015258789,101.61534881591797,51964072,0.0,0.0
2022-06-17,100.0999984741211,104.80000305175781,100.0,104.5,103.69924926757812,98242313,0.0,0.0
2022-06-20,102.0,104.5999984741211,99.6500015258789,104.4000015258789,103.60002899169922,64777753,0.0,0.0
2022-06-21,104.5,106.0999984741211,103.4000015258789,105.80000305175781,104.98929595947266,56377679,0.0,0.0
2022-06-22,104.80000305175781,105.0999984741211,101.5,101.5,100.72224426269531,56378203,0.0,0.0
2022-06-23,104.9000015258789,109.9000015258789,103.4000015258789,108.0,107.17243957519531,80541807,0.0,0.0
2022-06-24,112.5999984741211,115.5,111.5,113.9000015258789,113.02723693847656,88759544,0.0,0.0
2022-06-27,117.30000305175781,120.4000015258789,116.0999984741211,118.0999984741211,117.1950454711914,98194624,0.0,0.0
2022-06-28,117.5999984741211,119.0999984741211,112.5999984741211,118.0999984741211,117.1950454711914,70432843,0.0,0.0
2022-06-29,114.5,116.30000305175781,113.0,114.5,113.62262725830078,54735988,0.0,0.0
2022-06-30,113.5999984741211,114.4000015258789,110.69999694824219,111.9000015258789,111.04254913330078,47263509,0.0,0.0
2022-07-04,111.5999984741211,114.0999984741211,109.4000015258789,113.19999694824219,112.33258819580078,38788782,0.0,0.0
2022-07-05,116.30000305175781,118.4000015258789,114.69999694824219,115.19999694824219,114.31726837158203,45974352,0.0,0.0
2022-07-06,119.0,119.0,114.5999984741211,117.0,116.10347747802734,52058276,0.0,0.0
2022-07-07,115.30000305175781,117.5,113.5,116.69999694824219,115.80577087402344,40428095,0.0,0.0
2022-07-08,122.0,122.0,119.80000305175781,121.0,120.07283020019531,58168745,0.0,0.0
2022-07-11,117.30000305175781,117.9000015258789,112.0,114.0,113.12646484375,59279763,0.0,0.0
2022-07-12,108.30000305175781,109.5999984741211,107.0999984741211,107.80000305175781,106.9739761352539,61833006,0.0,0.0
2022-07-13,107.5,109.5,107.0,107.4000015258789,106.57703399658203,37018374,0.0,0.0
2022-07-14,107.80000305175781,110.4000015258789,107.5,108.69999694824219,107.8670654296875,39688425,0.0,0.0
2022-07-15,102.5,106.0999984741211,102.0999984741211,102.19999694824219,101.4168701171875,60291037,0.0,0.0
2022-07-18,100.80000305175781,104.30000305175781,99.8499984741211,103.9000015258789,103.1038589477539,54210503,0.0,0.0
2022-07-19,101.80000305175781,102.19999694824219,100.0999984741211,100.9000015258789,100.12684631347656,40614536,0.0,0.0
2022-07-20,104.80000305175781,105.69999694824219,103.19999694824219,103.19999694824219,102.40921783447266,40062258,0.0,0.0
2022-07-21,102.80000305175781,104.0,101.19999694824219,102.0,101.21841430664062,38969577,0.0,0.0
2022-07-22,102.69999694824219,103.69999694824219,101.69999694824219,102.0999984741211,101.3176498413086,25271063,0.0,0.0
2022-07-25,100.0,100.69999694824219,99.0999984741211,99.5999984741211,98.83679962158203,41783554,0.0,0.0
2022-07-26,103.0,106.0999984741211,102.5,104.4000015258789,103.60002899169922,62335905,0.0,0.0
2022-07-27,101.0,101.19999694824219,99.9000015258789,101.0,100.22608184814453,59523684,0.0,0.0
2022-07-28,100.80000305175781,100.80000305175781,99.0999984741211,99.1500015258789,98.39024353027344,47788609,0.0,0.0
2022-07-29,98.69999694824219,98.69999694824219,91.69999694824219,93.0999984741211,92.38661193847656,101884460,0.0,0.0
2022-08-01,88.0999984741211,91.6500015258789,87.80000305175781,89.5999984741211,88.91343688964844,90581313,0.0,0.0
2022-08-02,89.0,89.0,86.0999984741211,87.05000305175781,86.38297271728516,67822076,0.0,0.0
2022-08-03,90.8499984741211,91.8499984741211,89.19999694824219,90.3499984741211,89.65767669677734,43309986,0.0,0.0
2022-08-04,95.55000305175781,96.19999694824219,93.3499984741211,95.0,94.27205657958984,52297501,0.0,0.0
2022-08-05,95.4000015258789,95.6500015258789,91.9000015258789,92.9000015258789,92.18814849853516,50440861,0.0,0.0
2022-08-08,90.0,90.25,88.5,88.80000305175781,88.11956024169922,47770883,0.0,0.0
2022-08-09,90.0,91.69999694824219,88.44999694824219,89.5999984741211,88.91343688964844,44942429,0.0,0.0
2022-08-10,89.3499984741211,89.6500015258789,86.80000305175781,87.94999694824219,87.27606964111328,37209371,0.0,0.0
2022-08-11,91.0,92.4000015258789,89.4000015258789,91.75,91.04695892333984,52998669,0.0,0.0
2022-08-12,92.9000015258789,93.4000015258789,91.25,92.9000015258789,92.18814849853516,26387695,0.0,0.0
2022-08-15,91.80000305175781,93.80000305175781,91.69999694824219,91.75,91.04695892333984,23076972,0.0,0.0
2022-08-16,92.0,92.4000015258789,88.55000305175781,89.94999694824219,89.2607421875,33043745,0.0,0.0
2022-08-17,90.80000305175781,91.4000015258789,89.6500015258789,90.3499984741211,89.65767669677734,24355633,0.0,0.0
2022-08-18,89.0,89.05000305175781,87.5,88.25,87.57377624511719,41421479,0.0,0.0
2022-08-19,88.0,90.25,87.8499984741211,89.5,88.81419372558594,26850751,0.0,0.0
2022-08-22,87.80000305175781,89.75,87.69999694824219,88.5,87.82186126708984,34067261,0.0,0.0
2022-08-23,89.0,89.30000305175781,86.75,88.4000015258789,87.72262573242188,36228033,0.0,0.0
2022-08-24,86.8499984741211,87.5,85.5,86.25,85.58910369873047,35976874,0.0,0.0
2022-08-25,90.0,95.19999694824219,88.9000015258789,93.80000305175781,93.08123779296875,66382425,0.0,0.0
2022-08-26,97.6500015258789,97.6500015258789,94.69999694824219,95.80000305175781,95.06593322753906,54668306,0.0,0.0
2022-08-29,94.75,96.80000305175781,93.80000305175781,95.1500015258789,94.42091369628906,37070401,0.0,0.0
2022-08-30,95.4000015258789,95.44999694824219,92.69999694824219,95.19999694824219,94.47052001953125,35706777,0.0,0.0
2022-08-31,91.9000015258789,96.9000015258789,91.5,94.30000305175781,93.57742309570312,52002425,0.0,0.0
2022-09-01,93.8499984741211,95.55000305175781,91.8499984741211,92.19999694824219,91.4935073852539,41471390,0.0,0.0
2022-09-02,92.0,92.75,90.19999694824219,90.6500015258789,89.95538330078125,40477868,0.0,0.0
2022-09-05,89.5,89.5,87.55000305175781,88.5,87.82186126708984,35505940,0.0,0.0
2022-09-06,88.8499984741211,89.5,87.19999694824219,88.05000305175781,87.37530517578125,29242315,0.0,0.0
2022-09-07,86.0999984741211,87.8499984741211,85.94999694824219,87.4000015258789,86.73029327392578,28479263,0.0,0.0
2022-09-08,88.5,89.19999694824219,86.75,87.19999694824219,86.53182220458984,33528981,0.0,0.0
2022-09-09,87.19999694824219,90.3499984741211,86.55000305175781,89.80000305175781,89.11190795898438,31544613,0.0,0.0
2022-09-13,91.80000305175781,92.30000305175781,90.80000305175781,91.19999694824219,90.50115966796875,41280098,0.0,0.0
2022-09-14,87.80000305175781,88.30000305175781,86.9000015258789,87.0999984741211,86.43257904052734,35250138,0.0,0.0
2022-09-15,86.9000015258789,88.55000305175781,86.9000015258789,88.0999984741211,87.4249267578125,21920813,0.0,0.0
2022-09-16,86.69999694824219,87.6500015258789,86.05000305175781,86.80000305175781,86.13489532470703,39457544,0.0,0.0
2022-09-19,85.05000305175781,85.5,83.19999694824219,83.69999694824219,83.05863189697266,41066371,0.0,0.0
2022-09-20,85.30000305175781,87.3499984741211,85.0999984741211,86.19999694824219,85.53948211669922,36089021,0.0,0.0
2022-09-21,84.0999984741211,84.1500015258789,82.5999984741211,83.05000305175781,82.41361999511719,37225757,0.0,0.0
2022-09-22,80.0,81.0,79.69999694824219,80.8499984741211,80.23047637939453,49260960,0.0,0.0
2022-09-23,79.1500015258789,80.3499984741211,78.4000015258789,78.4000015258789,77.79925537109375,45213463,0.0,0.0
2022-09-26,77.4000015258789,80.30000305175781,76.69999694824219,78.69999694824219,78.09695434570312,47488911,0.0,0.0
2022-09-27,78.5999984741211,79.19999694824219,76.05000305175781,77.9000015258789,77.30308532714844,49807775,0.0,0.0
2022-09-28,76.55000305175781,77.25,74.44999694824219,74.69999694824219,74.12760925292969,53790769,0.0,0.0
2022-09-29,78.8499984741211,79.19999694824219,75.8499984741211,76.8499984741211,76.2611312866211,62711018,0.0,0.0
2022-09-30,77.30000305175781,78.75,75.9000015258789,77.94999694824219,77.35269927978516,46992673,0.0,0.0
2022-10-03,77.9000015258789,78.75,76.80000305175781,77.6500015258789,77.05499267578125,30742228,0.0,0.0
2022-10-05,82.0,84.5999984741211,81.4000015258789,84.19999694824219,83.5548095703125,65113124,0.0,0.0
2022-10-06,83.0,84.55000305175781,82.6500015258789,83.1500015258789,82.51285552978516,29151683,0.0,0.0
2022-10-07,81.69999694824219,82.80000305175781,81.19999694824219,81.3499984741211,80.72664642333984,27043107,0.0,0.0
2022-10-10,79.25,79.55000305175781,78.0,78.69999694824219,78.09695434570312,28520208,0.0,0.0
2022-10-11,78.1500015258789,78.5999984741211,75.5999984741211,76.0,75.41764831542969,39298810,0.0,0.0
2022-10-12,74.5,77.3499984741211,72.30000305175781,74.3499984741211,73.78028869628906,56354876,0.0,0.0
2022-10-13,74.3499984741211,74.94999694824219,72.5999984741211,72.75,72.19254302978516,25774888,0.0,0.0
2022-10-14,74.0,76.0999984741211,72.3499984741211,73.25,72.688720703125,43037199,0.0,0.0
2022-10-17,72.1500015258789,74.6500015258789,70.9000015258789,73.19999694824219,72.63909912109375,45035937,0.0,0.0
2022-10-18,75.30000305175781,76.4000015258789,73.8499984741211,76.0,75.41764831542969,35967664,0.0,0.0
2022-10-19,75.0999984741211,75.5999984741211,72.5,72.69999694824219,72.1429214477539,39088213,0.0,0.0
2022-10-20,69.0,71.19999694824219,68.0,69.9000015258789,69.3643798828125,63153613,0.0,0.0
2022-10-21,70.0999984741211,71.0999984741211,69.3499984741211,69.5999984741211,69.06668090820312,55066786,0.0,0.0
2022-10-24,66.0,67.25,60.79999923706055,61.650001525878906,61.1776008605957,169668961,0.0,0.0
2022-10-25,61.849998474121094,65.94999694824219,60.25,63.599998474121094,63.11265563964844,102026681,0.0,0.0
2022-10-26,61.79999923706055,64.6500015258789,61.25,62.29999923706055,61.8226203918457,93276020,0.0,0.0
2022-10-27,67.55000305175781,67.94999694824219,64.6500015258789,64.8499984741211,64.35308074951172,91203977,0.0,0.0
2022-10-28,64.25,64.55000305175781,60.900001525878906,61.75,61.276832580566406,69414690,0.0,0.0
2022-10-31,61.0,64.55000305175781,60.29999923706055,61.45000076293945,60.97913360595703,65768272,0.0,0.0
2022-11-01,63.04999923706055,68.25,62.849998474121094,66.0999984741211,65.593505859375,112728864,0.0,0.0
2022-11-02,65.30000305175781,68.0,64.1500015258789,67.4000015258789,66.88353729248047,44674540,0.0,0.0
2022-11-03,63.599998474121094,65.0,62.849998474121094,63.0,62.51725769042969,58022487,0.0,0.0
2022-11-04,64.0,76.19999694824219,64.0,69.9000015258789,69.3643798828125,151997251,0.0,0.0
2022-11-07,66.69999694824219,71.80000305175781,66.30000305175781,69.69999694824219,69.16590881347656,99793174,0.0,0.0
2022-11-08,68.75,69.0,66.4000015258789,67.0999984741211,66.5858383178711,64928791,0.0,0.0
2022-11-09,66.69999694824219,67.75,65.1500015258789,66.0,65.49427032470703,63076446,0.0,0.0
2022-11-10,63.900001525878906,64.5,62.599998474121094,63.0,62.51725769042969,58517362,0.0,0.0
2022-11-11,68.75,71.44999694824219,67.05000305175781,70.80000305175781,70.25749206542969,110961720,0.0,0.0
2022-11-14,73.0,73.69999694824219,70.0,71.05000305175781,70.50558471679688,93784730,0.0,0.0
2022-11-15,71.0,80.8499984741211,69.75,78.9000015258789,78.29541778564453,187288574,0.0,0.0
2022-11-16,77.75,80.80000305175781,77.0,78.80000305175781,78.1961898803711,100509510,0.0,0.0
2022-11-17,77.0,79.69999694824219,74.0,78.25,77.65039825439453,89532516,0.0,0.0
2022-11-18,83.25,83.5,79.25,79.94999694824219,79.33737182617188,110896755,0.0,0.0
2022-11-21,77.1500015258789,77.30000305175781,75.0,76.1500015258789,75.56648254394531,49675006,0.0,0.0
2022-11-22,75.19999694824219,75.69999694824219,72.19999694824219,73.0999984741211,72.53986358642578,60909746,0.0,0.0
2022-11-23,73.75,76.44999694824219,73.05000305175781,75.4000015258789,74.8222427368164,54202563,0.0,0.0
2022-11-24,76.69999694824219,77.19999694824219,74.9000015258789,76.4000015258789,75.81458282470703,31644335,0.0,0.0
2022-11-25,75.9000015258789,76.0,73.8499984741211,74.75,74.1772232055664,28359869,0.0,0.0
2022-11-28,70.5999984741211,73.3499984741211,69.80000305175781,72.19999694824219,71.64675903320312,65982901,0.0,0.0
2022-11-29,73.6500015258789,78.80000305175781,73.19999694824219,78.75,78.14656829833984,94542048,0.0,0.0
2022-11-30,77.69999694824219,80.9000015258789,76.44999694824219,79.9000015258789,79.28776550292969,109081005,0.0,0.0
2022-12-01,85.5999984741211,86.9000015258789,82.44999694824219,82.80000305175781,82.16554260253906,106301600,0.0,0.0
2022-12-02,83.5999984741211,85.75,82.94999694824219,84.80000305175781,84.15021514892578,74134786,0.0,0.0
2022-12-05,88.80000305175781,92.8499984741211,87.25,92.6500015258789,91.94005584716797,132953207,0.0,0.0
2022-12-06,88.1500015258789,91.75,88.1500015258789,89.8499984741211,89.16151428222656,66889543,0.0,0.0
2022-12-07,89.19999694824219,92.0,84.80000305175781,85.05000305175781,84.39830017089844,83595457,0.0,0.0
2022-12-08,86.80000305175781,91.0999984741211,86.30000305175781,89.4000015258789,88.7149658203125,70524387,0.0,0.0
2022-12-09,90.6500015258789,93.19999694824219,88.8499984741211,91.8499984741211,91.14618682861328,85186929,0.0,0.0
2022-12-12,89.80000305175781,90.9000015258789,87.5999984741211,88.3499984741211,87.67300415039062,48772508,0.0,0.0
2022-12-13,87.69999694824219,90.25,87.0999984741211,88.3499984741211,87.67300415039062,49026085,0.0,0.0
2022-12-14,89.69999694824219,90.5,88.55000305175781,89.5,88.81419372558594,42497183,0.0,0.0
2022-12-15,88.5,88.55000305175781,85.19999694824219,85.9000015258789,85.24178314208984,46551464,0.0,0.0
2022-12-16,84.1500015258789,88.75,84.1500015258789,86.44999694824219,85.78755950927734,77057783,0.0,0.0
2022-12-19,86.9000015258789,90.80000305175781,86.4000015258789,87.05000305175781,86.38297271728516,70038366,0.0,0.0
2022-12-20,85.0,85.55000305175781,82.5,84.05000305175781,83.40596008300781,57291122,0.0,0.0
2022-12-21,84.44999694824219,85.4000015258789,83.69999694824219,84.44999694824219,83.80289459228516,31475853,0.0,0.0
2022-12-22,86.5,89.1500015258789,86.44999694824219,87.9000015258789,87.2264633178711,53772623,0.0,0.0
2022-12-23,85.4000015258789,87.55000305175781,85.4000015258789,86.5,85.8371810913086,34114821,0.0,0.0
2022-12-28,87.30000305175781,89.3499984741211,87.30000305175781,87.69999694824219,87.02799224853516,55669943,0.0,0.0
2022-12-29,85.4000015258789,85.8499984741211,84.6500015258789,85.55000305175781,84.89447021484375,44950446,0.0,0.0
2022-12-30,87.30000305175781,88.30000305175781,85.69999694824219,86.25,85.58910369873047,35928445,0.0,0.0
2023-01-03,85.69999694824219,89.1500015258789,84.5999984741211,88.6500015258789,87.97071075439453,45393323,0.0,0.0
2023-01-04,90.75,96.5,89.5,96.4000015258789,95.66131591796875,118636981,0.0,0.0
2023-01-05,102.0999984741211,103.80000305175781,98.19999694824219,99.5999984741211,98.83679962158203,104685426,0.0,0.0
2023-01-06,101.5,102.69999694824219,99.69999694824219,101.5999984741211,100.82147979736328,73315739,0.0,0.0
2023-01-09,105.5999984741211,110.9000015258789,105.0,110.4000015258789,109.55404663085938,123720147,0.0,0.0
2023-01-10,109.0,110.0,107.0,109.5,108.66094970703125,76284815,0.0,0.0
2023-01-11,112.19999694824219,115.0,110.5,112.9000015258789,112.0348892211914,108863653,0.0,0.0
2023-01-12,113.0999984741211,113.0999984741211,107.80000305175781,110.80000305175781,109.95098114013672,91858342,0.0,0.0
2023-01-13,110.80000305175781,113.0,109.0,112.69999694824219,111.83641815185547,72120768,0.0,0.0
2023-01-16,114.19999694824219,115.4000015258789,110.9000015258789,113.4000015258789,112.53105926513672,65734884,0.0,0.0
2023-01-17,114.0,116.80000305175781,112.80000305175781,114.5,113.62262725830078,62173474,0.0,0.0
2023-01-18,112.9000015258789,114.9000015258789,110.69999694824219,114.0999984741211,113.22570037841797,55425698,0.0,0.0
2023-01-19,111.0,113.5999984741211,110.30000305175781,112.19999694824219,111.34025573730469,55515129,0.0,0.0
2023-01-20,114.80000305175781,117.0,114.30000305175781,116.30000305175781,115.40884399414062,64593525,0.0,0.0
2023-01-26,117.80000305175781,118.5,116.30000305175781,117.5,116.59963989257812,54550091,0.0,0.0
2023-01-27,117.69999694824219,118.19999694824219,115.80000305175781,117.30000305175781,116.40117645263672,49008508,0.0,0.0
2023-01-30,114.5,115.4000015258789,107.80000305175781,109.0,108.1647720336914,131046567,0.0,0.0
2023-01-31,109.5999984741211,110.5,105.5,107.5999984741211,106.77550506591797,94863420,0.0,0.0
2023-02-01,109.0,110.5,107.19999694824219,110.0,109.15711212158203,55654697,0.0,0.0
2023-02-02,111.4000015258789,112.30000305175781,108.69999694824219,109.0,108.1647720336914,39931077,0.0,0.0
2023-02-03,107.19999694824219,107.69999694824219,105.30000305175781,106.0999984741211,105.28699493408203,55271792,0.0,0.0
2023-02-06,102.19999694824219,103.80000305175781,101.5,103.19999694824219,102.40921783447266,53151968,0.0,0.0
2023-02-07,103.5,106.69999694824219,103.5,104.80000305175781,103.99695587158203,38073535,0.0,0.0
2023-02-08,104.4000015258789,104.80000305175781,102.0999984741211,103.5,102.70691680908203,39292294,0.0,0.0
2023-02-09,103.5,108.5,103.0999984741211,107.5999984741211,106.77550506591797,60791720,0.0,0.0
2023-02-10,107.30000305175781,107.5999984741211,103.4000015258789,104.0999984741211,103.30231475830078,44532345,0.0,0.0
2023-02-13,101.0999984741211,104.9000015258789,100.69999694824219,104.0,103.20309448242188,41478273,0.0,0.0
2023-02-14,103.5999984741211,103.9000015258789,102.30000305175781,102.5,101.71458435058594,39436631,0.0,0.0
2023-02-15,102.30000305175781,102.5,100.0999984741211,100.9000015258789,100.12684631347656,46755321,0.0,0.0
2023-02-16,102.0,105.4000015258789,101.5,102.0999984741211,101.3176498413086,43292397,0.0,0.0
2023-02-17,102.0999984741211,102.9000015258789,99.44999694824219,99.44999694824219,98.68795013427734,37616027,0.0,0.0
2023-02-20,98.80000305175781,100.5,98.0,99.4000015258789,98.63834381103516,38508675,0.0,0.0
2023-02-21,99.5,99.5,95.0,95.19999694824219,94.47052001953125,58373987,0.0,0.0
2023-02-22,92.0999984741211,94.80000305175781,92.0999984741211,92.94999694824219,92.23775482177734,59459217,0.0,0.0
2023-02-23,92.75,96.25,92.5999984741211,95.1500015258789,94.42091369628906,48408447,0.0,0.0
2023-02-24,93.25,93.25,90.0,90.05000305175781,89.3599853515625,81538617,0.0,0.0
2023-02-27,88.0,92.1500015258789,87.75,89.4000015258789,88.7149658203125,77371929,0.0,0.0
2023-02-28,88.25,89.25,86.05000305175781,86.5,85.8371810913086,82590338,0.0,0.0
2023-03-01,86.69999694824219,92.1500015258789,86.5999984741211,91.9000015258789,91.19581604003906,76906503,0.0,0.0
2023-03-02,88.5999984741211,89.0,87.44999694824219,87.5999984741211,86.92875671386719,79258745,0.0,0.0
2023-03-03,89.5,89.5,87.30000305175781,88.0,87.32569122314453,50893726,0.0,0.0
2023-03-06,87.3499984741211,88.25,86.55000305175781,87.25,86.58143615722656,53347406,0.0,0.0
2023-03-07,89.0,91.6500015258789,87.80000305175781,88.5999984741211,87.92108154296875,62222775,0.0,0.0
2023-03-08,87.0,87.0999984741211,85.0999984741211,85.75,85.09292602539062,51977469,0.0,0.0
2023-03-09,86.30000305175781,86.5,84.5,84.5,83.85250854492188,43587344,0.0,0.0
2023-03-10,81.5,82.19999694824219,81.0,81.1500015258789,80.52818298339844,77303637,0.0,0.0
2023-03-13,82.4000015258789,84.94999694824219,81.44999694824219,83.25,82.6120834350586,64694323,0.0,0.0
2023-03-14,81.5,82.05000305175781,79.5,80.0,79.3869857788086,73040873,0.0,0.0
2023-03-15,82.69999694824219,83.69999694824219,81.55000305175781,82.05000305175781,81.4212875366211,46739487,0.0,0.0
2023-03-16,80.19999694824219,81.44999694824219,79.80000305175781,80.5,79.88316345214844,45643767,0.0,0.0
2023-03-17,81.4000015258789,82.19999694824219,80.55000305175781,81.5,80.87549591064453,67317247,0.0,0.0
2023-03-20,80.94999694824219,81.1500015258789,78.0999984741211,79.19999694824219,78.5931167602539,52567854,0.0,0.0
2023-03-21,79.3499984741211,80.6500015258789,78.69999694824219,80.5,79.88316345214844,36073232,0.0,0.0
2023-03-22,82.19999694824219,84.4000015258789,82.0999984741211,82.8499984741211,82.21514892578125,44553051,0.0,0.0
2023-03-23,82.55000305175781,86.69999694824219,82.3499984741211,86.19999694824219,85.53948211669922,67377220,0.0,0.0
2023-03-24,85.44999694824219,86.5999984741211,84.5,85.30000305175781,84.6463851928711,48345392,0.0,0.0
2023-03-27,86.3499984741211,89.94999694824219,83.80000305175781,85.25,84.59677124023438,100519321,0.0,0.0
2023-03-28,85.0999984741211,85.6500015258789,83.30000305175781,84.25,83.60442352294922,53162509,0.0,0.0
2023-03-29,96.8499984741211,98.0,94.3499984741211,94.55000305175781,93.82550048828125,163130347,0.0,0.0
2023-03-30,97.0999984741211,97.19999694824219,94.6500015258789,96.9000015258789,96.15750122070312,88453938,0.0,0.0
2023-03-31,101.19999694824219,102.0,99.5999984741211,100.4000015258789,99.63067626953125,89687911,0.0,0.0
2023-04-03,99.0,99.94999694824219,97.5999984741211,98.55000305175781,97.79485321044922,53752683,0.0,0.0
2023-04-04,96.1500015258789,96.44999694824219,93.69999694824219,95.6500015258789,94.91707611083984,53862168,0.0,0.0
2023-04-06,96.19999694824219,98.0,95.9000015258789,97.75,97.00098419189453,40751702,0.0,0.0
2023-04-11,100.19999694824219,101.5,98.0999984741211,99.30000305175781,98.53910064697266,60954920,0.0,0.0
2023-04-12,97.6500015258789,98.1500015258789,95.69999694824219,96.05000305175781,95.31401062011719,38659231,0.0,0.0
2023-04-13,91.5999984741211,94.3499984741211,91.0999984741211,94.1500015258789,93.4285659790039,65547652,0.0,0.0
2023-04-14,94.5,95.1500015258789,93.75,94.5,93.77588653564453,26025094,0.0,0.0
2023-04-17,93.19999694824219,96.3499984741211,92.80000305175781,95.4000015258789,94.66899108886719,37951973,0.0,0.0
2023-04-18,94.0999984741211,95.5999984741211,94.0999984741211,94.80000305175781,94.07359313964844,26770456,0.0,0.0
2023-04-19,94.5,94.5,91.94999694824219,92.25,91.54312133789062,35119559,0.0,0.0
2023-04-20,92.19999694824219,92.94999694824219,91.44999694824219,91.75,91.04695892333984,29866001,0.0,0.0
2023-04-21,89.3499984741211,89.8499984741211,87.30000305175781,87.94999694824219,87.27606964111328,62592264,0.0,0.0
2023-04-24,87.44999694824219,88.5,86.0,86.9000015258789,86.23411560058594,35872549,0.0,0.0
2023-04-25,85.69999694824219,85.94999694824219,83.30000305175781,84.0999984741211,83.45557403564453,56529023,0.0,0.0
2023-04-26,81.5999984741211,84.69999694824219,81.25,83.30000305175781,82.66171264648438,72936666,0.0,0.0
2023-04-27,81.80000305175781,82.19999694824219,80.80000305175781,81.80000305175781,81.17320251464844,63401706,0.0,0.0
2023-04-28,82.8499984741211,83.9000015258789,81.6500015258789,82.05000305175781,81.4212875366211,46940162,0.0,0.0
2023-05-02,83.6500015258789,84.0999984741211,81.5,82.30000305175781,81.66937255859375,26572826,0.0,0.0
2023-05-03,80.0999984741211,80.5999984741211,79.69999694824219,80.3499984741211,79.73430633544922,39306160,0.0,0.0
2023-05-04,80.5,81.44999694824219,80.3499984741211,80.69999694824219,80.08162689208984,34428742,0.0,0.0
2023-05-05,82.0,82.44999694824219,81.0999984741211,81.6500015258789,81.02434539794922,33666492,0.0,0.0
2023-05-08,81.6500015258789,82.4000015258789,81.4000015258789,81.94999694824219,81.3220443725586,40005891,0.0,0.0
2023-05-09,81.94999694824219,81.94999694824219,78.9000015258789,79.44999694824219,78.84120178222656,53328129,0.0,0.0
2023-05-10,80.05000305175781,80.69999694824219,78.80000305175781,80.19999694824219,79.58544921875,41918692,0.0,0.0
2023-05-11,81.80000305175781,82.75,80.80000305175781,82.6500015258789,82.01669311523438,45547433,0.0,0.0
2023-05-12,85.1500015258789,85.5,83.80000305175781,84.6500015258789,84.0013656616211,60973363,0.0,0.0
2023-05-15,84.0,86.5,83.0,85.44999694824219,84.79522705078125,41392670,0.0,0.0
2023-05-16,86.80000305175781,86.80000305175781,84.94999694824219,85.75,85.09292602539062,26388517,0.0,0.0
2023-05-17,87.3499984741211,87.5,85.0,85.44999694824219,84.79522705078125,43307971,0.0,0.0
2023-05-18,88.19999694824219,89.19999694824219,87.25,87.75,87.07760620117188,72221529,0.0,0.0
2023-05-19,83.44999694824219,84.3499984741211,82.0,82.44999694824219,81.8182144165039,92873084,0.0,0.0
2023-05-22,82.44999694824219,85.0999984741211,81.4000015258789,83.5999984741211,82.95940399169922,54249146,0.0,0.0
2023-05-23,83.5999984741211,84.6500015258789,82.3499984741211,83.0,82.36399841308594,32115656,0.0,0.0
2023-05-24,81.05000305175781,81.9000015258789,80.5999984741211,81.05000305175781,80.428955078125,39045036,0.0,0.0
2023-05-25,80.0,80.30000305175781,77.5999984741211,78.6500015258789,78.04733276367188,75187196,0.0,0.0
2023-05-29,78.94999694824219,79.55000305175781,77.5999984741211,77.80000305175781,77.20384979248047,48515697,0.0,0.0
2023-05-30,78.9000015258789,79.3499984741211,77.55000305175781,78.80000305175781,78.1961898803711,40606239,0.0,0.0
2023-05-31,77.94999694824219,77.94999694824219,75.80000305175781,77.9000015258789,77.30308532714844,177424030,0.0,0.0
2023-06-01,77.05000305175781,79.69999694824219,76.9000015258789,77.30000305175781,76.70768737792969,76088679,0.0,0.0
2023-06-02,80.75,82.8499984741211,80.0999984741211,82.5,81.86783599853516,69157566,0.0,0.0
2023-06-05,82.80000305175781,83.3499984741211,81.75,82.75,82.11592102050781,34970258,0.0,0.0
2023-06-06,83.0,84.19999694824219,81.80000305175781,82.3499984741211,81.71898651123047,32679498,0.0,0.0
2023-06-07,84.5999984741211,84.9000015258789,83.30000305175781,84.05000305175781,83.40596008300781,33719527,0.0,0.0
2023-06-08,83.4000015258789,83.9000015258789,82.05000305175781,83.3499984741211,82.7113265991211,30975757,0.0,0.0
2023-06-09,83.80000305175781,84.3499984741211,83.0,83.9000015258789,83.25711059570312,32630311,0.0,0.0
2023-06-12,84.5,84.5,83.0,84.0,83.35633850097656,21072194,0.0,0.0
2023-06-13,83.55000305175781,86.5,83.5,85.69999694824219,85.0433120727539,44562105,0.0,0.0
2023-06-14,85.9000015258789,86.44999694824219,84.44999694824219,85.1500015258789,84.49752807617188,36808428,0.0,0.0
2023-06-15,87.30000305175781,89.1500015258789,86.6500015258789,89.0,88.31803131103516,58981505,0.0,0.0
2023-06-16,90.5999984741211,92.69999694824219,89.5,91.5999984741211,90.89810943603516,176510302,0.0,0.0
2023-06-19,90.4000015258789,91.0999984741211,87.9000015258789,89.69999694824219,89.01265716552734,54103067,0.0,0.0
2023-06-20,89.5,89.75,87.94999694824219,88.3499984741211,87.67300415039062,37315367,0.0,0.0
2023-06-21,85.30000305175781,86.1500015258789,84.5,84.69999694824219,84.05097198486328,43362403,0.0,0.0
2023-06-23,85.0,85.0999984741211,83.0999984741211,84.05000305175781,83.40596008300781,29149129,0.0,0.0
2023-06-26,83.0999984741211,84.75,83.0999984741211,83.25,82.6120834350586,31955957,0.0,0.0
2023-06-27,84.25,85.75,83.6500015258789,85.44999694824219,84.79522705078125,33586916,0.0,0.0
2023-06-28,84.6500015258789,84.94999694824219,83.55000305175781,84.3499984741211,83.70365905761719,36259869,0.0,0.0
2023-06-29,83.3499984741211,83.94999694824219,81.5999984741211,82.19999694824219,81.57012939453125,36238490,0.0,0.0
2023-06-30,81.4000015258789,81.94999694824219,80.80000305175781,81.19999694824219,80.57780456542969,51987596,0.0,0.0
2023-07-03,82.0,84.0,82.0,83.55000305175781,82.9097900390625,27847744,0.0,0.0
2023-07-04,83.1500015258789,84.0,82.5999984741211,84.0,83.35633850097656,19606487,0.0,0.0
2023-07-05,84.44999694824219,84.44999694824219,82.19999694824219,82.6500015258789,82.01669311523438,23226533,0.0,0.0
2023-07-06,81.75,83.69999694824219,80.5,81.5,80.87549591064453,33922544,0.0,0.0
2023-07-07,82.30000305175781,86.69999694824219,81.5,84.30000305175781,83.65404510498047,69003665,0.0,0.0
2023-07-10,88.94999694824219,89.0,86.0,87.0,86.3333511352539,67683238,0.0,0.0
2023-07-11,88.5,89.25,87.69999694824219,88.75,88.06993865966797,51083010,0.0,0.0
2023-07-12,89.9000015258789,90.94999694824219,89.05000305175781,89.8499984741211,89.16151428222656,47490900,0.0,0.0
2023-07-13,92.0,92.75,91.55000305175781,92.75,92.03929138183594,61069223,0.0,0.0
2023-07-14,95.0,95.0,92.0,92.94999694824219,92.23775482177734,48280964,0.0,0.0
2023-07-18,91.44999694824219,91.5,89.55000305175781,89.69999694824219,89.01265716552734,44406679,0.0,0.0
2023-07-19,88.5,91.1500015258789,87.5,90.3499984741211,89.65767669677734,46154569,0.0,0.0
2023-07-20,90.4000015258789,92.1500015258789,89.19999694824219,89.5,88.81419372558594,27696550,0.0,0.0
2023-07-21,89.5,91.4000015258789,89.5,91.30000305175781,90.60041046142578,32113785,0.0,0.0
2023-07-24,90.0,90.75,88.75,89.55000305175781,88.86382293701172,29727637,0.0,0.0
2023-07-25,94.05000305175781,95.1500015258789,92.94999694824219,95.1500015258789,94.42091369628906,69490852,0.0,0.0
2023-07-26,93.0,94.19999694824219,92.6500015258789,93.8499984741211,93.13086700439453,38602996,0.0,0.0
2023-07-27,94.8499984741211,95.69999694824219,94.3499984741211,95.44999694824219,94.71859741210938,42983693,0.0,0.0
2023-07-28,93.4000015258789,96.5,93.30000305175781,95.9000015258789,95.16515350341797,46062057,0.0,0.0
2023-07-31,99.0,99.75,96.80000305175781,97.5,96.75289154052734,74290881,0.0,0.0
2023-08-01,99.69999694824219,100.0,96.9000015258789,97.8499984741211,97.10021209716797,53949339,0.0,0.0
2023-08-02,97.6500015258789,98.5999984741211,94.5999984741211,95.1500015258789,94.42091369628906,37885551,0.0,0.0
2023-08-03,93.69999694824219,94.75,93.05000305175781,93.1500015258789,92.43622589111328,50021614,0.0,0.0
2023-08-04,95.25,96.5999984741211,94.4000015258789,95.1500015258789,94.42091369628906,32949492,0.0,0.0
2023-08-07,94.3499984741211,96.05000305175781,93.5999984741211,95.5999984741211,94.8674545288086,22359341,0.0,0.0
2023-08-08,94.0999984741211,94.30000305175781,92.69999694824219,93.05000305175781,92.33700561523438,35528837,0.0,0.0
2023-08-09,92.3499984741211,94.4000015258789,92.05000305175781,94.0999984741211,93.37894439697266,30298227,0.0,0.0
2023-08-10,93.80000305175781,94.69999694824219,92.3499984741211,94.30000305175781,93.57742309570312,34598900,0.0,0.0
2023-08-11,97.1500015258789,97.94999694824219,95.30000305175781,95.30000305175781,94.56975555419922,61924422,0.0,0.0
2023-08-14,92.30000305175781,93.3499984741211,91.44999694824219,92.80000305175781,92.08891296386719,41572767,0.0,0.0
2023-08-15,91.0999984741211,92.69999694824219,90.8499984741211,91.19999694824219,90.50115966796875,27712822,0.0,0.0
2023-08-16,90.0,90.6500015258789,88.9000015258789,89.25,88.56611633300781,42124798,0.0,0.0
2023-08-17,86.5999984741211,90.5999984741211,86.19999694824219,90.0999984741211,89.40959930419922,55171505,0.0,0.0
2023-08-18,89.25,89.8499984741211,86.80000305175781,87.0,86.3333511352539,42258149,0.0,0.0
2023-08-21,85.69999694824219,87.55000305175781,85.1500015258789,85.69999694824219,85.0433120727539,39147534,0.0,0.0
2023-08-22,86.3499984741211,88.69999694824219,85.4000015258789,87.3499984741211,86.68067169189453,37262451,0.0,0.0
2023-08-23,86.5999984741211,88.19999694824219,86.0999984741211,87.30000305175781,86.63105010986328,32126401,0.0,0.0
2023-08-24,88.0999984741211,90.30000305175781,87.69999694824219,89.55000305175781,88.86382293701172,39372255,0.0,0.0
2023-08-25,87.80000305175781,88.5,87.30000305175781,87.5,86.82952880859375,23103924,0.0,0.0
2023-08-28,91.8499984741211,91.9000015258789,88.69999694824219,88.9000015258789,88.21879577636719,30525112,0.0,0.0
2023-08-29,90.05000305175781,91.5,89.6500015258789,90.9000015258789,90.20347595214844,33359481,0.0,0.0
2023-08-30,92.0,92.0,89.8499984741211,90.3499984741211,89.65767669677734,39173999,0.0,0.0
2023-08-31,91.25,91.69999694824219,89.5999984741211,90.19999694824219,89.50883483886719,68704748,0.0,0.0
2023-09-04,92.94999694824219,94.0,92.0,93.1500015258789,92.43622589111328,85600311,0.0,0.0
2023-09-05,93.0,93.94999694824219,91.75,92.3499984741211,91.6423568725586,54564801,0.0,0.0
2023-09-06,92.0999984741211,92.94999694824219,91.1500015258789,92.25,91.54312133789062,26538431,0.0,0.0
2023-09-07,93.05000305175781,93.05000305175781,90.5,90.80000305175781,90.10423278808594,26196625,0.0,0.0
2023-09-11,87.94999694824219,88.80000305175781,86.8499984741211,88.05000305175781,87.37530517578125,64101748,0.0,0.0
2023-09-12,86.69999694824219,87.1500015258789,85.9000015258789,86.30000305175781,85.63871765136719,33461787,0.0,0.0
2023-09-13,86.8499984741211,87.0999984741211,85.30000305175781,85.55000305175781,84.89447021484375,31205429,0.0,0.0
2023-09-14,85.80000305175781,86.55000305175781,85.0999984741211,85.9000015258789,85.24178314208984,32653822,0.0,0.0
2023-09-15,86.0,87.44999694824219,85.19999694824219,86.25,85.58910369873047,53342662,0.0,0.0
2023-09-18,85.0999984741211,85.75,84.19999694824219,84.19999694824219,83.5548095703125,31917296,0.0,0.0
2023-09-19,84.80000305175781,85.1500015258789,84.05000305175781,84.80000305175781,84.15021514892578,21904464,0.0,0.0
2023-09-20,84.8499984741211,85.5,84.44999694824219,84.5,83.85250854492188,21150734,0.0,0.0
2023-09-21,84.25,84.30000305175781,82.3499984741211,82.6500015258789,82.01669311523438,33742916,0.0,0.0
2023-09-22,82.6500015258789,86.30000305175781,82.1500015258789,85.9000015258789,85.24178314208984,40153148,0.0,0.0
2023-09-25,85.0,85.3499984741211,84.25,84.3499984741211,83.70365905761719,20742680,0.0,0.0
2023-09-26,84.44999694824219,84.94999694824219,83.4000015258789,83.94999694824219,83.30672454833984,27428051,0.0,0.0
2023-09-27,83.9000015258789,85.6500015258789,83.9000015258789,84.5,83.85250854492188,27246265,0.0,0.0
2023-09-28,84.8499984741211,84.8499984741211,82.8499984741211,83.0,82.36399841308594,27187837,0.0,0.0
2023-09-29,84.0,86.6500015258789,83.5999984741211,85.5999984741211,84.94407653808594,34608437,0.0,0.0
2023-10-03,84.1500015258789,84.25,82.3499984741211,83.0999984741211,82.46324157714844,36631880,0.0,0.0
2023-10-04,82.0999984741211,82.9000015258789,81.19999694824219,81.75,81.12358093261719,25898508,0.0,0.0
2023-10-05,82.1500015258789,82.80000305175781,81.3499984741211,81.3499984741211,80.72664642333984,21793205,0.0,0.0
2023-10-06,82.0,83.3499984741211,82.0,82.9000015258789,82.2647705078125,15175175,0.0,0.0
2023-10-09,83.19999694824219,83.44999694824219,81.55000305175781,82.0999984741211,81.47089385986328,24082283,0.0,0.0
2023-10-10,83.9000015258789,85.30000305175781,83.25,83.4000015258789,82.76093292236328,29317215,0.0,0.0
2023-10-11,85.3499984741211,85.55000305175781,84.30000305175781,84.5999984741211,83.95174407958984,31718059,0.0,0.0
2023-10-12,86.9000015258789,86.9000015258789,85.6500015258789,85.8499984741211,85.1921615600586,26037608,0.0,0.0
2023-10-13,83.25,83.9000015258789,82.5,82.5999984741211,81.9670639038086,28548643,0.0,0.0
2023-10-16,82.19999694824219,82.80000305175781,81.0999984741211,81.30000305175781,80.67703247070312,22249354,0.0,0.0
2023-10-17,81.8499984741211,82.19999694824219,81.3499984741211,82.0,81.37167358398438,17701849,0.0,0.0
2023-10-18,81.9000015258789,82.69999694824219,81.0,81.44999694824219,80.82588195800781,21876252,0.0,0.0
2023-10-19,80.9000015258789,81.1500015258789,79.05000305175781,79.1500015258789,78.54351043701172,41786984,0.0,0.0
2023-10-20,78.19999694824219,79.1500015258789,78.0999984741211,78.5,77.89847564697266,35074847,0.0,0.0
2023-10-24,78.0,78.55000305175781,77.05000305175781,77.19999694824219,76.60844421386719,38345055,0.0,0.0
2023-10-25,80.80000305175781,81.4000015258789,79.0,79.30000305175781,78.6923599243164,45615979,0.0,0.0
2023-10-26,79.19999694824219,80.30000305175781,79.0,79.75,79.13890838623047,23719270,0.0,0.0
2023-10-27,80.44999694824219,82.80000305175781,80.25,82.4000015258789,81.76860046386719,42806617,0.0,0.0
2023-10-30,80.75,82.0,80.69999694824219,81.8499984741211,81.22281646728516,31881265,0.0,0.0
2023-10-31,81.30000305175781,81.30000305175781,79.9000015258789,80.05000305175781,79.4366226196289,27394938,0.0,0.0
2023-11-01,80.0999984741211,80.69999694824219,79.0999984741211,79.5999984741211,78.99005126953125,20894177,0.0,0.0
2023-11-02,81.19999694824219,82.19999694824219,80.30000305175781,80.5,79.88316345214844,17414151,0.0,0.0
2023-11-03,81.9000015258789,83.0999984741211,81.05000305175781,82.8499984741211,82.21514892578125,26892338,0.0,0.0
2023-11-06,84.30000305175781,84.94999694824219,83.55000305175781,84.8499984741211,84.1998291015625,30546035,0.0,0.0
2023-11-07,84.4000015258789,84.75,82.75,83.1500015258789,82.51285552978516,24603820,0.0,0.0
2023-11-08,83.0,84.1500015258789,82.30000305175781,82.5,81.86783599853516,22210760,0.0,0.0
2023-11-09,82.5,82.80000305175781,81.4000015258789,82.1500015258789,81.52052307128906,18303691,0.0,0.0
2023-11-10,80.9000015258789,81.0,79.55000305175781,79.5999984741211,78.99005126953125,34168743,0.0,0.0
2023-11-13,80.0,81.0999984741211,79.0999984741211,80.6500015258789,80.03201293945312,31021604,0.0,0.0
2023-11-14,80.25,80.44999694824219,79.0999984741211,79.19999694824219,78.5931167602539,28959042,0.0,0.0
2023-11-15,82.1500015258789,83.25,81.25,83.19999694824219,82.56246948242188,50397502,0.0,0.0
2023-11-16,84.19999694824219,84.19999694824219,81.0,81.3499984741211,80.72664642333984,58203453,0.0,0.0
2023-11-17,75.0,76.6500015258789,72.9000015258789,73.25,72.688720703125,190538032,0.0,0.0
2023-11-20,74.80000305175781,75.25,73.5999984741211,74.44999694824219,73.8795166015625,109101660,0.0,0.0
2023-11-21,76.0,77.5,75.75,76.0,75.41764831542969,86788578,0.0,0.0
2023-11-22,76.55000305175781,77.19999694824219,76.0999984741211,76.8499984741211,76.2611312866211,47284218,0.0,0.0
2023-11-23,76.44999694824219,77.5,76.0,77.25,76.65806579589844,39544273,0.0,0.0
2023-11-24,77.0999984741211,77.3499984741211,75.9000015258789,76.19999694824219,75.61610412597656,29509755,0.0,0.0
2023-11-27,75.94999694824219,76.25,74.69999694824219,76.0999984741211,75.51687622070312,36613788,0.0,0.0
2023-11-28,75.0,75.44999694824219,74.0,74.3499984741211,73.78028869628906,56690172,0.0,0.0
2023-11-29,73.94999694824219,74.1500015258789,71.9000015258789,72.69999694824219,72.1429214477539,91555012,0.0,0.0
2023-11-30,72.5,73.0,71.6500015258789,72.75,72.19254302978516,85244702,0.0,0.0
2023-12-01,72.5999984741211,73.05000305175781,71.6500015258789,71.8499984741211,71.2994384765625,93686293,0.0,0.0
2023-12-04,72.3499984741211,72.55000305175781,70.55000305175781,70.80000305175781,70.25749206542969,78421903,0.0,0.0
2023-12-05,70.80000305175781,71.05000305175781,69.9000015258789,70.5,69.95979309082031,56325918,0.0,0.0
2023-12-06,70.0,70.8499984741211,69.4000015258789,70.1500015258789,69.61247253417969,74529931,0.0,0.0
2023-12-07,69.4000015258789,69.94999694824219,68.6500015258789,69.69999694824219,69.16590881347656,39815379,0.0,0.0
2023-12-08,69.69999694824219,71.0,69.30000305175781,70.5,69.95979309082031,52123073,0.0,0.0
2023-12-11,69.25,69.5,67.80000305175781,68.80000305175781,68.27281188964844,70139100,0.0,0.0
2023-12-12,69.05000305175781,70.19999694824219,68.8499984741211,70.0999984741211,69.56285095214844,37921483,0.0,0.0
2023-12-13,69.0,69.80000305175781,68.8499984741211,69.4000015258789,68.86821746826172,27833190,0.0,0.0
2023-12-14,69.55000305175781,70.5999984741211,68.5999984741211,69.0999984741211,68.57051086425781,44998398,0.0,0.0
2023-12-15,70.4000015258789,72.94999694824219,70.4000015258789,71.6500015258789,71.10098266601562,62228683,0.0,0.0
2023-12-18,71.9000015258789,72.80000305175781,71.69999694824219,72.0999984741211,71.54752349853516,37723193,0.0,0.0
2023-12-19,71.8499984741211,72.1500015258789,71.1500015258789,71.6500015258789,71.10098266601562,31969362,0.0,0.0
2023-12-20,72.6500015258789,73.69999694824219,72.25,72.55000305175781,72.1198959350586,44579808,0.9809725,0.0
2023-12-21,72.25,73.55000305175781,72.0,73.3499984741211,72.91515350341797,34236257,0.0,0.0
2023-12-22,74.19999694824219,74.80000305175781,71.6500015258789,71.8499984741211,71.42404174804688,59400452,0.0,0.0
2023-12-27,73.5,74.30000305175781,72.8499984741211,73.80000305175781,73.36248779296875,36876901,0.0,0.0
2023-12-28,73.80000305175781,76.1500015258789,73.6500015258789,75.8499984741211,75.40033721923828,49312462,0.0,0.0
2023-12-29,76.0,76.05000305175781,75.05000305175781,75.5999984741211,75.15180969238281,26301974,0.0,0.0
2024-01-02,76.0999984741211,76.19999694824219,74.1500015258789,74.69999694824219,74.25715637207031,28567849,0.0,0.0
2024-01-03,73.4000015258789,73.4000015258789,72.5999984741211,73.30000305175781,72.86544799804688,37529342,0.0,0.0
2024-01-04,74.0,74.19999694824219,73.30000305175781,74.05000305175781,73.61100769042969,37563294,0.0,0.0
2024-01-05,73.05000305175781,73.05000305175781,71.4000015258789,71.6500015258789,71.2252426147461,52087626,0.0,0.0
2024-01-08,71.30000305175781,71.3499984741211,69.6500015258789,70.3499984741211,69.93293762207031,34239253,0.0,0.0
2024-01-09,70.25,71.0999984741211,69.55000305175781,69.75,69.33650207519531,50769600,0.0,0.0
2024-01-10,69.9000015258789,70.3499984741211,68.9000015258789,69.30000305175781,68.88916778564453,52717505,0.0,0.0
2024-01-11,69.4000015258789,71.9000015258789,69.05000305175781,70.8499984741211,70.42996978759766,44861174,0.0,0.0
2024-01-12,70.4000015258789,71.75,70.0999984741211,70.55000305175781,70.13175201416016,28180147,0.0,0.0
2024-01-15,70.0999984741211,70.80000305175781,69.4000015258789,70.0,69.58501434326172,19966338,0.0,0.0
2024-01-16,68.8499984741211,70.0,68.05000305175781,68.4000015258789,67.99449920654297,42678068,0.0,0.0
2024-01-17,68.0,68.0,65.0999984741211,65.6500015258789,65.26080322265625,68277439,0.0,0.0
2024-01-18,67.0999984741211,67.4000015258789,66.1500015258789,66.6500015258789,66.25487518310547,57626977,0.0,0.0
2024-01-19,66.0999984741211,66.8499984741211,65.1500015258789,65.55000305175781,65.1613998413086,54296782,0.0,0.0
2024-01-22,67.0999984741211,67.19999694824219,64.5999984741211,65.44999694824219,65.06198120117188,74043690,0.0,0.0
2024-01-23,66.5999984741211,69.3499984741211,66.30000305175781,67.6500015258789,67.24894714355469,74570912,0.0,0.0
2024-01-24,71.69999694824219,73.0,70.1500015258789,72.5999984741211,72.16960144042969,103474200,0.0,0.0
2024-01-25,73.0,73.69999694824219,71.9000015258789,73.3499984741211,72.91515350341797,64649639,0.0,0.0
2024-01-26,72.4000015258789,72.5999984741211,70.25,70.9000015258789,70.47968292236328,60517346,0.0,0.0
2024-01-29,72.19999694824219,73.5,72.0999984741211,72.5999984741211,72.16960144042969,52527482,0.0,0.0
2024-01-30,71.6500015258789,72.0,70.75,71.1500015258789,70.72819519042969,39880218,0.0,0.0
2024-01-31,70.94999694824219,71.0,69.1500015258789,69.55000305175781,69.13768768310547,51391419,0.0,0.0
2024-02-01,70.19999694824219,72.6500015258789,69.75,71.05000305175781,70.62879943847656,50417313,0.0,0.0
2024-02-02,72.0,72.75,70.05000305175781,70.69999694824219,70.2808609008789,34666865,0.0,0.0
2024-02-05,69.05000305175781,71.5,69.05000305175781,70.6500015258789,70.23116302490234,38569568,0.0,0.0
2024-02-06,72.80000305175781,76.69999694824219,72.6500015258789,76.0,75.54944610595703,109957108,0.0,0.0
2024-02-07,76.8499984741211,77.05000305175781,74.55000305175781,74.9000015258789,74.45597076416016,62186756,0.0,0.0
2024-02-08,71.3499984741211,71.9000015258789,69.4000015258789,70.30000305175781,69.88323974609375,113581630,0.0,0.0
2024-02-09,68.5,69.5,68.05000305175781,69.30000305175781,68.88916778564453,42137510,0.0,0.0
2024-02-14,68.69999694824219,70.94999694824219,68.30000305175781,70.80000305175781,70.3802719116211,42049345,0.0,0.0
2024-02-15,70.69999694824219,71.9000015258789,70.5999984741211,71.30000305175781,70.87731170654297,32587285,0.0,0.0
2024-02-16,71.80000305175781,73.4000015258789,71.3499984741211,73.0,72.56723022460938,52343661,0.0,0.0
2024-02-19,72.5,72.69999694824219,71.5,71.5,71.07612609863281,29322068,0.0,0.0
2024-02-20,72.19999694824219,72.5999984741211,70.80000305175781,72.1500015258789,71.7222671508789,32254405,0.0,0.0
2024-02-21,71.4000015258789,74.19999694824219,71.1500015258789,72.9000015258789,72.46781921386719,51979465,0.0,0.0
2024-02-22,73.69999694824219,74.8499984741211,73.44999694824219,74.8499984741211,74.40625,42773596,0.0,0.0
2024-02-23,74.0999984741211,75.19999694824219,73.75,74.55000305175781,74.10804748535156,27579751,0.0,0.0
2024-02-26,74.30000305175781,74.69999694824219,73.69999694824219,74.1500015258789,73.71041107177734,22212373,0.0,0.0
2024-02-27,74.44999694824219,75.8499984741211,73.1500015258789,75.5,75.05240631103516,40440438,0.0,0.0
2024-02-28,75.5999984741211,76.19999694824219,74.0999984741211,74.25,73.80982208251953,42583119,0.0,0.0
2024-02-29,72.75,74.0999984741211,72.4000015258789,72.9000015258789,72.46781921386719,49333481,0.0,0.0
2024-03-01,72.0,73.4000015258789,71.5,73.05000305175781,72.61693572998047,60262868,0.0,0.0
2024-03-04,73.30000305175781,73.44999694824219,71.5,72.0999984741211,71.67256164550781,55605212,0.0,0.0
2024-03-05,70.19999694824219,70.9000015258789,69.05000305175781,69.69999694824219,69.28678131103516,59448363,0.0,0.0
2024-03-06,70.55000305175781,72.69999694824219,70.30000305175781,71.8499984741211,71.42404174804688,56159854,0.0,0.0
2024-03-07,72.05000305175781,72.6500015258789,70.0999984741211,70.69999694824219,70.2808609008789,42526429,0.0,0.0
2024-03-08,70.80000305175781,72.3499984741211,70.75,71.25,70.82760620117188,33041436,0.0,0.0
2024-03-11,72.1500015258789,73.19999694824219,72.0999984741211,72.80000305175781,72.36842346191406,37032890,0.0,0.0
2024-03-12,73.55000305175781,75.0,72.94999694824219,74.8499984741211,74.40625,73206579,0.0,0.0
2024-03-13,74.5,75.05000305175781,73.75,74.0,73.56129455566406,47435359,0.0,0.0
2024-03-14,74.30000305175781,75.19999694824219,72.80000305175781,73.44999694824219,73.01455688476562,48282142,0.0,0.0
2024-03-15,71.4000015258789,72.0,70.80000305175781,71.9000015258789,71.4737548828125,66420792,0.0,0.0
2024-03-18,71.1500015258789,72.5,71.1500015258789,72.0,71.57315063476562,29947868,0.0,0.0
2024-03-19,71.25,71.69999694824219,70.5999984741211,71.0999984741211,70.6784896850586,38328086,0.0,0.0
2024-03-20,71.30000305175781,71.75,70.3499984741211,71.25,70.82760620117188,30531961,0.0,0.0
2024-03-21,72.5,73.25,72.25,72.55000305175781,72.1198959350586,38991190,0.0,0.0
2024-03-22,72.19999694824219,72.4000015258789,70.0999984741211,71.0,70.57908630371094,46657792,0.0,0.0
2024-03-25,70.1500015258789,70.94999694824219,69.80000305175781,70.30000305175781,69.88323974609375,42502492,0.0,0.0
2024-03-26,69.5,70.8499984741211,69.30000305175781,70.30000305175781,69.88323974609375,46925401,0.0,0.0
2024-03-27,69.69999694824219,69.94999694824219,68.5,68.80000305175781,68.39212799072266,66012638,0.0,0.0
2024-03-28,69.3499984741211,71.69999694824219,69.3499984741211,70.25,69.83352661132812,63275589,0.0,0.0
2024-04-02,71.6500015258789,72.0,69.69999694824219,71.0,70.57908630371094,63731872,0.0,0.0
2024-04-03,71.8499984741211,71.8499984741211,70.1500015258789,70.3499984741211,69.93293762207031,42103303,0.0,0.0
2024-04-05,70.4000015258789,70.94999694824219,68.9000015258789,70.05000305175781,69.63471984863281,41301670,0.0,0.0
2024-04-08,69.9000015258789,71.0,69.25,70.4000015258789,69.9826431274414,29316176,0.0,0.0
2024-04-09,70.0999984741211,71.44999694824219,69.8499984741211,70.5,70.0820541381836,34509483,0.0,0.0
2024-04-10,71.30000305175781,74.5999984741211,71.30000305175781,73.94999694824219,73.5115966796875,87693112,0.0,0.0
2024-04-11,72.75,74.44999694824219,72.5,74.19999694824219,73.7601089477539,41223561,0.0,0.0
2024-04-12,73.1500015258789,73.5,71.44999694824219,71.6500015258789,71.2252426147461,44688721,0.0,0.0
2024-04-15,70.0,70.6500015258789,69.80000305175781,70.4000015258789,69.9826431274414,42987921,0.0,0.0
2024-04-16,68.80000305175781,69.25,68.19999694824219,68.44999694824219,68.04420471191406,53443746,0.0,0.0
2024-04-17,68.0999984741211,68.55000305175781,67.30000305175781,68.0,67.59687805175781,40972640,0.0,0.0
2024-04-18,67.69999694824219,68.55000305175781,67.19999694824219,67.9000015258789,67.49746704101562,31609984,0.0,0.0
2024-04-19,66.8499984741211,67.05000305175781,65.80000305175781,66.69999694824219,66.30458068847656,51647818,0.0,0.0
2024-04-22,67.5999984741211,69.44999694824219,67.5999984741211,68.44999694824219,68.04420471191406,42767591,0.0,0.0
2024-04-23,69.30000305175781,70.3499984741211,68.80000305175781,69.80000305175781,69.38619995117188,47335665,0.0,0.0
2024-04-24,71.25,73.0,70.75,72.5,72.0701904296875,64630900,0.0,0.0
2024-04-25,72.5,74.0999984741211,72.05000305175781,73.0,72.56723022460938,43558815,0.0,0.0
2024-04-26,73.19999694824219,75.69999694824219,73.19999694824219,75.30000305175781,74.85359191894531,76974505,0.0,0.0
2024-04-29,74.30000305175781,76.0,74.0999984741211,74.3499984741211,73.90922546386719,55367962,0.0,0.0
2024-04-30,75.1500015258789,75.4000015258789,73.80000305175781,74.3499984741211,73.90922546386719,47495457,0.0,0.0
2024-05-02,73.5,76.75,73.3499984741211,76.0999984741211,75.64884948730469,68356381,0.0,0.0
2024-05-03,78.69999694824219,80.44999694824219,78.5,79.19999694824219,78.73046875,79294381,0.0,0.0
2024-05-06,79.5,79.5999984741211,78.5,79.5,79.02869415283203,56218498,0.0,0.0
2024-05-07,79.05000305175781,79.3499984741211,77.4000015258789,78.05000305175781,77.58728790283203,45448994,0.0,0.0
2024-05-08,78.25,78.44999694824219,75.55000305175781,76.1500015258789,75.69854736328125,54000423,0.0,0.0
2024-05-09,75.75,76.94999694824219,75.30000305175781,76.80000305175781,76.3447036743164,52298823,0.0,0.0
2024-05-10,77.5,78.75,77.0999984741211,77.94999694824219,77.48788452148438,47295135,0.0,0.0
2024-05-13,77.6500015258789,81.5999984741211,77.30000305175781,81.1500015258789,80.66891479492188,78841984,0.0,0.0
2024-05-14,82.0,83.44999694824219,82.0,82.6500015258789,82.16002655029297,78159136,0.0,0.0
2024-05-16,79.30000305175781,81.0,78.80000305175781,79.69999694824219,79.22750854492188,111040078,0.0,0.0
2024-05-17,85.0,85.9000015258789,84.44999694824219,85.69999694824219,85.19193267822266,111456576,0.0,0.0
2024-05-20,85.9000015258789,86.30000305175781,84.8499984741211,85.3499984741211,84.84400939941406,53129878,0.0,0.0
2024-05-21,85.5,85.9000015258789,83.94999694824219,84.4000015258789,83.89964294433594,43053288,0.0,0.0
2024-05-22,84.1500015258789,84.30000305175781,83.0,83.0,82.50794219970703,34490738,0.0,0.0
2024-05-23,81.0,81.05000305175781,77.55000305175781,78.6500015258789,78.18373107910156,100353257,0.0,0.0
2024-05-24,78.44999694824219,79.9000015258789,77.6500015258789,78.1500015258789,77.68670654296875,48522482,0.0,0.0
2024-05-27,78.9000015258789,79.6500015258789,77.9000015258789,79.25,78.7801742553711,39037400,0.0,0.0
2024-05-28,79.19999694824219,80.19999694824219,78.8499984741211,79.55000305175781,79.07839965820312,32245775,0.0,0.0
2024-05-29,78.5,78.80000305175781,76.0999984741211,76.80000305175781,76.3447036743164,67568273,0.0,0.0
2024-05-30,76.4000015258789,77.5999984741211,75.9000015258789,76.30000305175781,75.84766387939453,46353905,0.0,0.0
2024-05-31,77.44999694824219,77.9000015258789,74.9000015258789,74.9000015258789,74.45597076416016,148283968,0.0,0.0
2024-06-03,76.5,77.5,76.44999694824219,76.6500015258789,76.19559478759766,73997961,0.0,0.0
2024-06-04,76.0,76.8499984741211,75.9000015258789,76.4000015258789,75.94707489013672,30437293,0.0,0.0
2024-06-05,77.1500015258789,78.4000015258789,76.5999984741211,76.94999694824219,76.49380493164062,41354457,0.0,0.0
2024-06-06,78.0999984741211,78.44999694824219,76.6500015258789,77.0999984741211,76.6429214477539,39115156,0.0,0.0
2024-06-07,78.0999984741211,78.0999984741211,76.9000015258789,77.0999984741211,76.6429214477539,46037914,0.0,0.0
2024-06-11,76.5999984741211,77.05000305175781,75.75,76.44999694824219,75.99677276611328,45378373,0.0,0.0
2024-06-12,74.5,75.19999694824219,74.05000305175781,74.1500015258789,73.91101837158203,34449076,1.6284144,0.0
2024-06-13,75.30000305175781,75.3499984741211,73.69999694824219,74.5,74.25989532470703,51382442,0.0,0.0
2024-06-14,73.75,73.9000015258789,72.25,72.80000305175781,72.56537628173828,61962416,0.0,0.0
2024-06-17,71.8499984741211,73.0,71.1500015258789,72.5,72.26634216308594,35419261,0.0,0.0
2024-06-18,72.5,73.4000015258789,71.8499984741211,72.0999984741211,71.86762237548828,34574126,0.0,0.0
2024-06-19,72.9000015258789,74.44999694824219,72.25,74.19999694824219,73.96085357666016,31831878,0.0,0.0
2024-06-20,73.94999694824219,74.44999694824219,73.30000305175781,73.4000015258789,73.16344451904297,24354943,0.0,0.0
2024-06-21,72.44999694824219,72.6500015258789,71.5,72.0,71.76795196533203,57906313,0.0,0.0
2024-06-24,71.05000305175781,72.0999984741211,71.0,72.05000305175781,71.81779479980469,32160122,0.0,0.0
2024-06-25,72.25,73.19999694824219,72.0999984741211,72.6500015258789,72.41586303710938,27467171,0.0,0.0
2024-06-26,71.69999694824219,73.44999694824219,71.69999694824219,72.8499984741211,72.61520385742188,29066186,0.0,0.0
2024-06-27,72.0,72.5999984741211,71.25,71.55000305175781,71.31940460205078,37688869,0.0,0.0
2024-06-28,70.5999984741211,71.5999984741211,70.5,70.5,70.27278900146484,39388456,0.0,0.0
2024-07-02,69.80000305175781,72.0,69.80000305175781,70.44999694824219,70.22294616699219,43280648,0.0,0.0
2024-07-03,71.6500015258789,72.75,71.0999984741211,72.19999694824219,71.9673080444336,38913160,0.0,0.0
2024-07-04,73.4000015258789,73.94999694824219,73.0,73.1500015258789,72.91424560546875,30491758,0.0,0.0
2024-07-05,73.0999984741211,73.80000305175781,72.75,72.9000015258789,72.66505432128906,30464780,0.0,0.0
2024-07-08,72.05000305175781,72.6500015258789,71.44999694824219,71.80000305175781,71.568603515625,41071018,0.0,0.0
2024-07-09,71.25,73.0,71.25,72.5,72.26634216308594,33931545,0.0,0.0
2024-07-10,73.69999694824219,74.5999984741211,73.0999984741211,73.0999984741211,72.86441040039062,35940892,0.0,0.0
2024-07-11,74.0,76.0,73.80000305175781,75.44999694824219,75.20682525634766,48693395,0.0,0.0
2024-07-12,76.4000015258789,78.69999694824219,76.4000015258789,78.4000015258789,78.14732360839844,65804366,0.0,0.0
2024-07-15,77.19999694824219,77.94999694824219,76.3499984741211,76.6500015258789,76.40296173095703,40320270,0.0,0.0
2024-07-16,75.69999694824219,75.94999694824219,75.0999984741211,75.5,75.25666809082031,33288019,0.0,0.0
2024-07-17,75.94999694824219,76.94999694824219,75.80000305175781,76.30000305175781,76.05409240722656,43176485,0.0,0.0
2024-07-18,75.55000305175781,76.0999984741211,75.0999984741211,75.80000305175781,75.55570983886719,35852222,0.0,0.0
2024-07-19,74.55000305175781,74.94999694824219,73.44999694824219,73.80000305175781,73.5621566772461,42933703,0.0,0.0
2024-07-22,73.80000305175781,75.19999694824219,73.69999694824219,74.75,74.50908660888672,33903557,0.0,0.0
2024-07-23,75.1500015258789,75.19999694824219,74.0,74.0999984741211,73.8611831665039,29397901,0.0,0.0
2024-07-24,74.05000305175781,74.8499984741211,74.05000305175781,74.19999694824219,73.96085357666016,24392950,0.0,0.0
2024-07-25,74.5,74.55000305175781,73.19999694824219,73.30000305175781,73.06375885009766,28685062,0.0,0.0
2024-07-26,73.5999984741211,73.9000015258789,72.80000305175781,73.0999984741211,72.86441040039062,24685769,0.0,0.0
2024-07-29,74.80000305175781,77.30000305175781,74.75,76.55000305175781,76.30329132080078,74410239,0.0,0.0
2024-07-30,76.6500015258789,76.94999694824219,75.5999984741211,76.19999694824219,75.95440673828125,42711031,0.0,0.0
2024-07-31,76.30000305175781,78.30000305175781,76.0999984741211,77.30000305175781,77.05087280273438,63322191,0.0,0.0
2024-08-01,77.19999694824219,78.0,76.80000305175781,77.5,77.2502212524414,38913402,0.0,0.0
2024-08-02,76.0,76.75,74.8499984741211,75.3499984741211,75.1071548461914,36160705,0.0,0.0
2024-08-05,74.1500015258789,75.80000305175781,72.80000305175781,74.19999694824219,73.96085357666016,49548357,0.0,0.0
2024-08-06,75.3499984741211,76.19999694824219,75.19999694824219,75.25,75.00747680664062,47939836,0.0,0.0
2024-08-07,76.0,77.5,75.75,76.5,76.25344848632812,39385356,0.0,0.0
2024-08-08,75.75,78.25,75.3499984741211,76.55000305175781,76.30329132080078,49320546,0.0,0.0
2024-08-09,78.0999984741211,78.94999694824219,77.8499984741211,77.8499984741211,77.5990982055664,37944538,0.0,0.0
2024-08-12,77.8499984741211,78.8499984741211,77.19999694824219,78.44999694824219,78.1971664428711,36296039,0.0,0.0
2024-08-13,78.5999984741211,79.1500015258789,78.0,78.6500015258789,78.39651489257812,31992760,0.0,0.0
2024-08-14,78.8499984741211,79.3499984741211,78.05000305175781,78.30000305175781,78.04765319824219,35577408,0.0,0.0
2024-08-15,77.6500015258789,77.94999694824219,75.5,76.4000015258789,76.15377044677734,69314475,0.0,0.0
2024-08-16,77.75,80.6500015258789,77.55000305175781,80.0999984741211,79.84184265136719,86304798,0.0,0.0
2024-08-19,81.30000305175781,82.6500015258789,81.19999694824219,81.44999694824219,81.18749237060547,58682838,0.0,0.0
2024-08-20,81.69999694824219,81.75,79.94999694824219,80.4000015258789,80.14087677001953,42535840,0.0,0.0
2024-08-21,78.4000015258789,79.94999694824219,78.30000305175781,79.94999694824219,79.69232177734375,51464907,0.0,0.0
2024-08-22,81.0999984741211,81.94999694824219,79.94999694824219,81.6500015258789,81.38684844970703,40296293,0.0,0.0
2024-08-23,81.6500015258789,82.8499984741211,81.0999984741211,82.6500015258789,82.38362884521484,43575656,0.0,0.0
2024-08-26,83.4000015258789,83.94999694824219,81.94999694824219,83.30000305175781,83.03153228759766,47740986,0.0,0.0
2024-08-27,80.05000305175781,80.3499984741211,79.0,79.94999694824219,79.69232177734375,85310659,0.0,0.0
2024-08-28,79.9000015258789,80.0999984741211,78.5999984741211,79.0999984741211,78.84506225585938,38782872,0.0,0.0
2024-08-29,77.55000305175781,79.0999984741211,77.30000305175781,79.05000305175781,78.79522705078125,42829550,0.0,0.0
2024-08-30,78.69999694824219,82.05000305175781,78.4000015258789,81.44999694824219,81.18749237060547,109667309,0.0,0.0
2024-09-02,81.3499984741211,81.44999694824219,79.4000015258789,79.5,79.2437744140625,53674093,0.0,0.0
2024-09-03,79.6500015258789,80.55000305175781,79.0,80.0999984741211,79.84184265136719,27709377,0.0,0.0
2024-09-04,79.4000015258789,80.4000015258789,79.0,80.0999984741211,79.84184265136719,28553946,0.0,0.0
2024-09-05,80.30000305175781,80.8499984741211,79.19999694824219,79.80000305175781,79.54281616210938,29214099,0.0,0.0
2024-09-09,78.80000305175781,79.4000015258789,77.6500015258789,78.30000305175781,78.04765319824219,79250807,0.0,0.0
2024-09-10,80.0,82.44999694824219,80.0,81.5999984741211,81.3370132446289,206633087,0.0,0.0
2024-09-11,81.55000305175781,82.4000015258789,80.1500015258789,81.44999694824219,81.18749237060547,83945417,0.0,0.0
2024-09-12,82.55000305175781,83.9000015258789,82.3499984741211,83.19999694824219,82.93185424804688,83669607,0.0,0.0
2024-09-13,83.5,84.6500015258789,82.25,82.75,82.48330688476562,59196273,0.0,0.0
2024-09-16,81.8499984741211,82.30000305175781,81.4000015258789,82.0,81.7357177734375,26558684,0.0,0.0
2024-09-17,81.4000015258789,83.0999984741211,81.3499984741211,82.8499984741211,82.58297729492188,30485324,0.0,0.0
2024-09-19,82.8499984741211,86.5,82.5,85.69999694824219,85.42378997802734,109112014,0.0,0.0
2024-09-20,86.0,89.0,85.4000015258789,87.19999694824219,86.91896057128906,122726621,0.0,0.0
2024-09-23,86.9000015258789,88.69999694824219,86.55000305175781,86.75,86.47041320800781,69609537,0.0,0.0
2024-09-24,89.1500015258789,92.19999694824219,88.05000305175781,92.0,91.7034912109375,141958511,0.0,0.0
2024-09-25,95.0,95.0,90.5999984741211,91.30000305175781,91.00575256347656,159777709,0.0,0.0
2024-09-26,92.5,99.25,91.80000305175781,97.75,97.4349594116211,203287208,0.0,0.0
2024-09-27,102.0,104.9000015258789,100.4000015258789,102.5,102.16964721679688,198337444,0.0,0.0
2024-09-30,107.5999984741211,112.80000305175781,106.30000305175781,110.0,109.64547729492188,250502801,0.0,0.0
2024-10-02,110.4000015258789,118.69999694824219,110.4000015258789,115.0999984741211,114.72904205322266,179685038,0.0,0.0
2024-10-03,113.0,113.0,106.5,110.0,109.64547729492188,138390517,0.0,0.0
2024-10-04,110.0,114.30000305175781,108.80000305175781,113.9000015258789,113.53290557861328,90914228,0.0,0.0
2024-10-07,114.19999694824219,116.9000015258789,113.0,114.5999984741211,114.23065948486328,105041570,0.0,0.0
2024-10-08,111.30000305175781,111.80000305175781,103.0,104.5,104.16320037841797,252168999,0.0,0.0
2024-10-09,107.19999694824219,107.69999694824219,99.6500015258789,102.9000015258789,102.56836700439453,177757025,0.0,0.0
2024-10-10,105.0,107.80000305175781,104.4000015258789,105.80000305175781,105.45901489257812,104808386,0.0,0.0
2024-10-14,107.0,107.0999984741211,102.69999694824219,105.19999694824219,104.86094665527344,79240625,0.0,0.0
2024-10-15,105.19999694824219,105.19999694824219,98.75,99.8499984741211,99.52819061279297,113107803,0.0,0.0
2024-10-16,98.5,100.9000015258789,97.8499984741211,98.94999694824219,98.63108825683594,67551937,0.0,0.0
2024-10-17,100.0,102.69999694824219,97.69999694824219,98.5,98.18254089355469,65933840,0.0,0.0
2024-10-18,97.6500015258789,102.5,95.30000305175781,100.5,100.17609405517578,119104755,0.0,0.0
2024-10-21,100.19999694824219,100.80000305175781,96.55000305175781,97.80000305175781,97.48480224609375,63514538,0.0,0.0
2024-10-22,97.5999984741211,98.69999694824219,96.0999984741211,97.25,96.93657684326172,48715559,0.0,0.0
2024-10-23,96.4000015258789,98.3499984741211,96.0999984741211,97.30000305175781,96.98641204833984,61919784,0.0,0.0
2024-10-24,95.05000305175781,95.30000305175781,93.5,94.1500015258789,93.84656524658203,76909887,0.0,0.0
2024-10-25,95.0,97.19999694824219,94.5999984741211,95.3499984741211,95.04269409179688,53441957,0.0,0.0
2024-10-28,95.69999694824219,98.4000015258789,95.05000305175781,96.6500015258789,96.33850860595703,69415882,0.0,0.0
2024-10-29,97.3499984741211,99.19999694824219,96.8499984741211,97.55000305175781,97.23561096191406,57004880,0.0,0.0
2024-10-30,96.1500015258789,97.1500015258789,95.19999694824219,95.8499984741211,95.54108428955078,51472115,0.0,0.0
2024-10-31,95.3499984741211,96.80000305175781,94.55000305175781,94.55000305175781,94.24527740478516,47207811,0.0,0.0
2024-11-01,95.75,95.94999694824219,94.05000305175781,95.0,94.6938247680664,38347683,0.0,0.0
2024-11-04,95.5999984741211,96.44999694824219,95.19999694824219,96.05000305175781,95.74044036865234,31007532,0.0,0.0
2024-11-05,95.0999984741211,98.6500015258789,95.0999984741211,98.4000015258789,98.08287048339844,50986901,0.0,0.0
2024-11-06,96.5,96.75,93.75,94.4000015258789,94.09575653076172,88756404,0.0,0.0
2024-11-07,93.80000305175781,96.1500015258789,93.25,95.6500015258789,95.34173583984375,57481876,0.0,0.0
2024-11-08,98.0,99.5,94.0,94.0,93.6970443725586,74794561,0.0,0.0
2024-11-11,91.3499984741211,96.75,90.05000305175781,94.0999984741211,93.79672241210938,103787086,0.0,0.0
2024-11-12,93.6500015258789,95.0,89.94999694824219,90.55000305175781,90.25817108154297,89444897,0.0,0.0
2024-11-13,89.44999694824219,90.9000015258789,89.44999694824219,90.55000305175781,90.25817108154297,63573164,0.0,0.0
2024-11-14,89.1500015258789,90.44999694824219,87.6500015258789,87.94999694824219,87.66654205322266,67262128,0.0,0.0
2024-11-15,88.0,88.75,87.0,87.19999694824219,86.91896057128906,49182995,0.0,0.0
2024-11-18,86.8499984741211,87.1500015258789,85.30000305175781,86.30000305175781,86.02186584472656,70101208,0.0,0.0
2024-11-19,86.94999694824219,87.44999694824219,84.69999694824219,85.25,84.97525024414062,68824611,0.0,0.0
2024-11-20,84.80000305175781,85.25,83.5,84.75,84.47686004638672,70389532,0.0,0.0
2024-11-21,84.3499984741211,84.94999694824219,83.5999984741211,84.4000015258789,84.12798309326172,45741828,0.0,0.0
2024-11-22,83.5999984741211,84.05000305175781,80.19999694824219,80.69999694824219,80.43991088867188,110110185,0.0,0.0
2024-11-25,80.69999694824219,82.80000305175781,79.9000015258789,81.94999694824219,81.68587493896484,163133423,0.0,0.0
2024-11-26,81.80000305175781,84.44999694824219,81.80000305175781,83.3499984741211,83.08136749267578,78159824,0.0,0.0
2024-11-27,83.19999694824219,85.69999694824219,82.5,85.0,84.7260513305664,56559911,0.0,0.0
2024-11-28,84.30000305175781,84.3499984741211,82.75,83.4000015258789,83.13121032714844,45005738,0.0,0.0
2024-11-29,82.9000015258789,84.80000305175781,82.8499984741211,83.6500015258789,83.38040924072266,36163262,0.0,0.0
2024-12-02,84.25,85.6500015258789,83.75,84.0,83.7292709350586,55668722,0.0,0.0
2024-12-03,83.69999694824219,84.80000305175781,82.8499984741211,84.44999694824219,84.17781829833984,45041216,0.0,0.0
2024-12-04,83.3499984741211,84.25,82.5999984741211,84.0,83.7292709350586,57896484,0.0,0.0
2024-12-05,82.80000305175781,83.1500015258789,81.6500015258789,81.94999694824219,81.68587493896484,66632997,0.0,0.0
2024-12-06,82.19999694824219,84.69999694824219,81.75,83.94999694824219,83.67943572998047,73451040,0.0,0.0
2024-12-09,82.75,87.25,82.6500015258789,86.9000015258789,86.61992645263672,90092033,0.0,0.0
2024-12-10,91.25,91.4000015258789,86.55000305175781,86.5999984741211,86.32089233398438,97398890,0.0,0.0
2024-12-11,87.30000305175781,87.69999694824219,86.1500015258789,86.19999694824219,85.92218017578125,51946094,0.0,0.0
2024-12-12,85.94999694824219,88.75,85.94999694824219,88.0,87.71638488769531,64845532,0.0,0.0
2024-12-13,86.55000305175781,87.44999694824219,85.75,85.75,85.4736328125,61023463,0.0,0.0
2024-12-16,85.75,85.9000015258789,83.5,84.3499984741211,84.0781478881836,47958063,0.0,0.0
2024-12-17,83.9000015258789,84.0999984741211,82.55000305175781,83.4000015258789,83.13121032714844,52558686,0.0,0.0
2024-12-18,84.8499984741211,84.8499984741211,83.6500015258789,84.05000305175781,83.77912139892578,35976303,0.0,0.0
2024-12-19,82.69999694824219,83.44999694824219,82.05000305175781,82.94999694824219,82.68265533447266,56263173,0.0,0.0
2024-12-20,81.80000305175781,82.25,79.3499984741211,80.0999984741211,79.84184265136719,132887681,0.0,0.0
2024-12-23,80.69999694824219,81.3499984741211,79.9000015258789,81.0,80.73894500732422,57974855,0.0,0.0
2024-12-24,83.44999694824219,83.44999694824219,83.44999694824219,83.44999694824219,83.18104553222656,0,0.0,0.0
2024-12-27,83.0,83.3499984741211,81.3499984741211,82.3499984741211,82.0845947265625,44013080,0.0,0.0
2024-12-30,82.3499984741211,82.94999694824219,81.55000305175781,82.0,81.7357177734375,39010940,0.0,0.0
2024-12-31,82.8499984741211,82.8499984741211,82.8499984741211,82.8499984741211,82.58297729492188,0,0.0,0.0
2025-01-02,82.4000015258789,82.69999694824219,80.80000305175781,81.30000305175781,81.03797912597656,48562393,0.0,0.0
2025-01-03,83.0999984741211,83.75,82.0,82.5999984741211,82.33378601074219,57859265,0.0,0.0
2025-01-06,83.1500015258789,83.3499984741211,81.9000015258789,82.1500015258789,81.88523864746094,36259231,0.0,0.0
2025-01-07,82.1500015258789,82.44999694824219,80.5,81.4000015258789,81.13765716552734,57807719,0.0,0.0
2025-01-08,81.5999984741211,82.25,80.4000015258789,80.9000015258789,80.63927459716797,51033856,0.0,0.0
2025-01-09,80.9000015258789,81.5999984741211,80.44999694824219,80.5999984741211,80.3402328491211,38857402,0.0,0.0
2025-01-10,80.9000015258789,81.19999694824219,79.5,79.5999984741211,79.34346008300781,49178401,0.0,0.0
2025-01-13,78.5,78.55000305175781,77.3499984741211,78.0999984741211,77.8482894897461,47082642,0.0,0.0
2025-01-14,78.75,80.3499984741211,78.3499984741211,79.94999694824219,79.69232177734375,62238203,0.0,0.0
2025-01-15,79.0999984741211,80.1500015258789,79.0999984741211,79.94999694824219,79.69232177734375,34729525,0.0,0.0
2025-01-16,80.0999984741211,81.44999694824219,79.25,80.44999694824219,80.19071960449219,40303852,0.0,0.0
2025-01-17,80.0,80.75,79.5999984741211,80.75,80.48975372314453,40613226,0.0,0.0
2025-01-20,82.69999694824219,86.0999984741211,82.4000015258789,84.55000305175781,84.27750396728516,92760400,0.0,0.0
2025-01-21,85.80000305175781,85.94999694824219,83.9000015258789,84.80000305175781,84.52670288085938,45376591,0.0,0.0
2025-01-22,83.30000305175781,83.9000015258789,81.6500015258789,82.19999694824219,81.93507385253906,50020729,0.0,0.0
2025-01-23,83.8499984741211,84.25,82.55000305175781,82.9000015258789,82.63282012939453,35695244,0.0,0.0
2025-01-24,83.75,85.0,83.0,84.75,84.47686004638672,56000920,0.0,0.0
2025-01-27,86.5999984741211,87.94999694824219,86.0999984741211,87.25,86.96880340576172,77324541,0.0,0.0
2025-01-28,88.3499984741211,88.3499984741211,88.3499984741211,88.3499984741211,88.06525421142578,0,0.0,0.0
2025-02-03,92.55000305175781,94.0999984741211,90.4000015258789,94.0,93.6970443725586,137951734,0.0,0.0
2025-02-04,96.80000305175781,97.94999694824219,94.75,97.6500015258789,97.33528900146484,119029715,0.0,0.0
2025-02-05,99.0,99.6500015258789,95.30000305175781,97.55000305175781,97.23561096191406,130268715,0.0,0.0
2025-02-06,96.94999694824219,98.9000015258789,96.5,98.55000305175781,98.23239135742188,82663790,0.0,0.0
2025-02-07,98.0,100.9000015258789,97.69999694824219,100.0,99.6777114868164,111035834,0.0,0.0
2025-02-10,103.0,106.5,103.0,105.5,105.15998840332031,154940987,0.0,0.0
2025-02-11,107.9000015258789,108.5999984741211,104.5999984741211,104.9000015258789,104.56192016601562,133001073,0.0,0.0
2025-02-12,109.19999694824219,113.9000015258789,109.0999984741211,113.80000305175781,113.43323516845703,215324934,0.0,0.0
2025-02-13,115.19999694824219,124.30000305175781,115.19999694824219,116.69999694824219,116.32388305664062,336901993,0.0,0.0
2025-02-14,116.9000015258789,124.30000305175781,116.80000305175781,124.0999984741211,123.70003509521484,267121701,0.0,0.0
2025-02-17,124.9000015258789,129.5,118.80000305175781,122.19999694824219,121.80615997314453,293596265,0.0,0.0
2025-02-18,122.0,128.60000610351562,122.0,126.30000305175781,125.89295196533203,197776235,0.0,0.0
2025-02-19,123.69999694824219,125.4000015258789,122.30000305175781,124.0999984741211,123.70003509521484,148288754,0.0,0.0
2025-02-20,122.4000015258789,123.5999984741211,118.4000015258789,120.9000015258789,120.5103530883789,178330455,0.0,0.0
2025-02-21,133.0,139.60000610351562,131.0,138.5,138.05361938476562,329402607,0.0,0.0
2025-02-24,138.89999389648438,140.89999389648438,134.3000030517578,135.6999969482422,135.2626495361328,222538792,0.0,0.0
2025-02-25,125.0999984741211,133.3000030517578,125.0,130.60000610351562,130.17910766601562,234415866,0.0,0.0
2025-02-26,132.3000030517578,139.10000610351562,132.0,136.89999389648438,136.4587860107422,197155020,0.0,0.0
2025-02-27,137.5,139.6999969482422,133.1999969482422,135.6999969482422,135.2626495361328,180178311,0.0,0.0
2025-02-28,133.60000610351562,133.8000030517578,127.0999984741211,127.5,127.08907318115234,209019085,0.0,0.0
2025-03-03,129.8000030517578,134.5,128.60000610351562,130.39999389648438,129.97972106933594,164140645,0.0,0.0
2025-03-04,126.5999984741211,129.3000030517578,124.5,127.80000305175781,127.38811492919922,133778504,0.0,0.0
2025-03-05,128.39999389648438,131.5,126.5999984741211,129.89999389648438,129.48133850097656,132295744,0.0,0.0
2025-03-06,138.0,141.5,137.3000030517578,140.8000030517578,140.34620666503906,198863431,0.0,0.0
2025-03-07,137.8000030517578,145.89999389648438,137.1999969482422,140.0,139.54879760742188,250700100,0.0,0.0
2025-03-10,137.1999969482422,138.6999969482422,133.60000610351562,134.5,134.06651306152344,179071477,0.0,0.0
2025-03-11,127.80000305175781,134.8000030517578,127.69999694824219,133.60000610351562,133.16941833496094,157697693,0.0,0.0
2025-03-12,138.0,138.0,131.89999389648438,134.8000030517578,134.3655548095703,124456918,0.0,0.0
2025-03-13,133.8000030517578,133.89999389648438,129.10000610351562,131.5,131.07618713378906,101846984,0.0,0.0
2025-03-14,134.5,137.60000610351562,132.8000030517578,135.8000030517578,135.36233520507812,108673140,0.0,0.0
2025-03-17,137.60000610351562,139.0,135.10000610351562,135.5,135.0633087158203,72542321,0.0,0.0
2025-03-18,143.3000030517578,143.5,140.60000610351562,143.39999389648438,142.9378204345703,145909264,0.0,0.0
2025-03-19,140.3000030517578,142.3000030517578,139.60000610351562,141.10000610351562,140.64524841308594,83578664,0.0,0.0
2025-03-20,140.0,140.0,135.10000610351562,135.5,135.0633087158203,113971960,0.0,0.0
2025-03-21,133.60000610351562,135.3000030517578,130.39999389648438,130.6999969482422,130.2787628173828,143069660,0.0,0.0
2025-03-24,132.0,134.10000610351562,130.39999389648438,132.8000030517578,132.37200927734375,90778453,0.0,0.0
2025-03-25,130.6999969482422,132.10000610351562,127.5999984741211,127.69999694824219,127.2884292602539,104041459,0.0,0.0
2025-03-26,128.60000610351562,130.6999969482422,128.0,129.5,129.08262634277344,57480050,0.0,0.0
2025-03-27,129.39999389648438,133.0,128.3000030517578,130.10000610351562,129.68069458007812,63397449,0.0,0.0
2025-03-28,132.0,133.5,129.0,131.0,130.5778045654297,66594496,0.0,0.0
2025-03-31,128.8000030517578,130.0,126.0999984741211,128.0,127.58747100830078,78698386,0.0,0.0
2025-04-01,129.10000610351562,131.5,128.89999389648438,129.8000030517578,129.3816680908203,59194990,0.0,0.0
2025-04-02,129.0,132.0,128.39999389648438,130.0,129.58102416992188,61236236,0.0,0.0
2025-04-03,122.5,126.4000015258789,121.5,123.5,123.10196685791016,165415092,0.0,0.0
2025-04-07,108.0,112.19999694824219,100.0,101.30000305175781,100.97352600097656,392361045,0.0,0.0
2025-04-08,105.69999694824219,106.30000305175781,97.55000305175781,102.5,102.16964721679688,291748687,0.0,0.0
2025-04-09,97.4000015258789,105.69999694824219,95.69999694824219,103.5999984741211,103.26610565185547,251724654,0.0,0.0
2025-04-10,108.0,110.4000015258789,104.4000015258789,104.80000305175781,104.46224212646484,239469665,0.0,0.0
2025-04-11,103.0,106.5999984741211,101.5,103.0,102.66804504394531,178687575,0.0,0.0
2025-04-14,107.4000015258789,109.9000015258789,105.69999694824219,108.19999694824219,107.85128021240234,166612582,0.0,0.0
2025-04-15,111.80000305175781,111.80000305175781,108.5999984741211,109.9000015258789,109.5457992553711,103926447,0.0,0.0
2025-04-16,107.0,107.5,104.0,105.4000015258789,105.060302734375,116440525,0.0,0.0
2025-04-17,105.0999984741211,109.30000305175781,104.5,108.69999694824219,108.34966278076172,113941562,0.0,0.0
2025-04-22,108.4000015258789,111.5,107.19999694824219,110.0,109.64547729492188,118989644,0.0,0.0
2025-04-23,116.4000015258789,116.9000015258789,113.9000015258789,116.0,115.62614440917969,142919552,0.0,0.0
2025-04-24,115.69999694824219,116.30000305175781,112.5,113.80000305175781,113.43323516845703,91662927,0.0,0.0
2025-04-25,116.19999694824219,117.9000015258789,114.9000015258789,115.5999984741211,115.22743225097656,82127311,0.0,0.0
2025-04-28,117.80000305175781,117.80000305175781,114.4000015258789,115.19999694824219,114.82872009277344,67368966,0.0,0.0
2025-04-29,115.69999694824219,117.4000015258789,114.19999694824219,115.0,114.62936401367188,63943734,0.0,0.0
2025-04-30,116.4000015258789,117.5999984741211,114.5999984741211,117.5,117.1213150024414,68302501,0.0,0.0
2025-05-02,119.19999694824219,123.0999984741211,118.0999984741211,122.0,121.60680389404297,72747697,0.0,0.0
2025-05-06,122.5,124.69999694824219,120.80000305175781,123.80000305175781,123.40100860595703,89828348,0.0,0.0
2025-05-07,126.9000015258789,127.80000305175781,121.30000305175781,121.30000305175781,120.90906524658203,105915833,0.0,0.0
2025-05-08,120.80000305175781,123.69999694824219,120.30000305175781,121.5,121.10841369628906,70065236,0.0,0.0
2025-05-09,122.9000015258789,124.4000015258789,121.80000305175781,123.5999984741211,123.20164489746094,64212711,0.0,0.0
2025-05-12,126.0999984741211,131.89999389648438,124.9000015258789,131.1999969482422,130.7771453857422,163626351,0.0,0.0
2025-05-13,131.0,131.0,125.5999984741211,126.0999984741211,125.69358825683594,110675822,0.0,0.0
2025-05-14,127.80000305175781,130.8000030517578,126.80000305175781,130.39999389648438,129.97972106933594,88967136,0.0,0.0
2025-05-15,131.39999389648438,131.6999969482422,127.9000015258789,128.89999389648438,128.48455810546875,83762982,0.0,0.0
2025-05-16,121.0,124.19999694824219,120.30000305175781,123.4000015258789,123.0022964477539,146404177,0.0,0.0
2025-05-19,119.9000015258789,120.80000305175781,117.5,119.19999694824219,118.81582641601562,124103481,0.0,0.0
2025-05-20,120.0,122.5999984741211,119.19999694824219,121.69999694824219,121.30776977539062,63599789,0.0,0.0
2025-05-21,123.0999984741211,123.69999694824219,122.0999984741211,123.0999984741211,122.70326232910156,48764348,0.0,0.0
2025-05-22,121.5999984741211,121.80000305175781,118.5999984741211,119.0999984741211,118.71615600585938,77869662,0.0,0.0
2025-05-23,119.5,119.9000015258789,117.69999694824219,118.80000305175781,118.41712188720703,66708012,0.0,0.0
2025-05-26,118.5,119.5999984741211,116.80000305175781,116.9000015258789,116.52324676513672,61541743,0.0,0.0
2025-05-27,116.0,118.19999694824219,115.0999984741211,118.0,117.61969757080078,52883817,0.0,0.0
2025-05-28,118.19999694824219,118.5,115.19999694824219,115.69999694824219,115.32710266113281,68081387,0.0,0.0
2025-05-29,115.30000305175781,118.80000305175781,115.30000305175781,118.0999984741211,117.71936798095703,74783592,0.0,0.0
2025-05-30,115.0999984741211,115.4000015258789,112.80000305175781,113.9000015258789,113.53290557861328,204654182,0.0,0.0
2025-06-02,112.0,113.5999984741211,109.80000305175781,113.19999694824219,112.83515930175781,73453819,0.0,0.0
2025-06-03,113.19999694824219,114.4000015258789,112.9000015258789,113.9000015258789,113.53290557861328,59256715,0.0,0.0
2025-06-04,113.19999694824219,115.5999984741211,112.5999984741211,114.5999984741211,114.23065948486328,73216251,0.0,0.0
2025-06-05,117.9000015258789,118.5,117.19999694824219,118.30000305175781,117.91873168945312,77117941,0.0,0.0
2025-06-06,118.30000305175781,118.30000305175781,115.69999694824219,116.5999984741211,116.22420501708984,75163798,0.0,0.0
2025-06-09,118.0,120.30000305175781,117.5999984741211,119.30000305175781,118.91551208496094,84322573,0.0,0.0
2025-06-10,120.4000015258789,120.5,117.5999984741211,118.80000305175781,118.41712188720703,54323007,0.0,0.0
2025-06-11,118.5999984741211,119.0,117.9000015258789,118.4000015258789,118.26728820800781,50080516,1.961945,0.0
2025-06-12,115.69999694824219,116.30000305175781,114.30000305175781,114.5999984741211,114.47154998779297,82878015,0.0,0.0
2025-06-13,112.80000305175781,114.0999984741211,110.5999984741211,112.0,111.87446594238281,122464076,0.0,0.0
2025-06-16,111.0999984741211,113.80000305175781,110.30000305175781,112.9000015258789,112.77345275878906,73900525,0.0,0.0
2025-06-17,114.30000305175781,115.5,113.9000015258789,114.80000305175781,114.67132568359375,59968684,0.0,0.0
2025-06-18,114.0999984741211,114.0999984741211,111.4000015258789,112.19999694824219,112.07423400878906,55865417,0.0,0.0
2025-06-19,111.5999984741211,111.9000015258789,109.5999984741211,110.0,109.87670135498047,55573686,0.0,0.0
2025-06-20,111.0,111.69999694824219,110.0,111.69999694824219,111.57479858398438,106839365,0.0,0.0
2025-06-23,110.0,111.0999984741211,108.5999984741211,110.80000305175781,110.67581176757812,68537835,0.0,0.0
2025-06-24,112.0999984741211,113.5999984741211,111.5999984741211,112.69999694824219,112.57367706298828,66616313,0.0,0.0
2025-06-25,115.0,116.19999694824219,113.5999984741211,115.5,115.37053680419922,79338255,0.0,0.0
2025-06-26,113.0,113.30000305175781,112.0999984741211,112.19999694824219,112.07423400878906,86859946,0.0,0.0
2025-06-27,112.5999984741211,113.5,111.4000015258789,112.0999984741211,111.97434997558594,75942306,0.0,0.0
2025-06-30,111.5,112.0,109.80000305175781,109.80000305175781,109.67693328857422,90192013,0.0,0.0
2025-07-02,111.69999694824219,112.0,108.69999694824219,109.4000015258789,109.27738189697266,88248907,0.0,0.0
2025-07-03,108.80000305175781,109.5999984741211,105.19999694824219,106.19999694824219,106.08096313476562,155395466,0.0,0.0
2025-07-04,105.19999694824219,106.4000015258789,103.0999984741211,105.0999984741211,104.98219299316406,106812953,0.0,0.0
2025-07-07,104.0,105.5999984741211,102.30000305175781,105.4000015258789,105.2818603515625,81216305,0.0,0.0
2025-07-08,104.69999694824219,107.5999984741211,104.19999694824219,107.0,106.88006591796875,81928731,0.0,0.0
2025-07-09,106.0999984741211,106.30000305175781,102.69999694824219,102.9000015258789,102.78466796875,134137844,0.0,0.0
2025-07-10,102.0,103.80000305175781,101.80000305175781,103.19999694824219,103.08432006835938,98855593,0.0,0.0
2025-07-11,103.30000305175781,106.9000015258789,103.30000305175781,105.0999984741211,104.98219299316406,115975182,0.0,0.0
2025-07-14,104.4000015258789,106.69999694824219,104.4000015258789,106.0999984741211,105.98107147216797,65552727,0.0,0.0
2025-07-15,106.5,113.69999694824219,106.5,113.5,113.3727798461914,195489816,0.0,0.0
2025-07-16,115.69999694824219,117.69999694824219,113.5,113.80000305175781,113.67244720458984,144295161,0.0,0.0
2025-07-17,113.4000015258789,115.0,112.0999984741211,112.5,112.3739013671875,74908706,0.0,0.0
2025-07-18,115.30000305175781,116.30000305175781,114.4000015258789,115.80000305175781,115.67020416259766,83105716,0.0,0.0
2025-07-21,118.80000305175781,118.80000305175781,117.0,117.9000015258789,117.76785278320312,95474095,0.0,0.0
2025-07-22,117.69999694824219,118.19999694824219,116.0,118.0,117.86773681640625,63352702,0.0,0.0
2025-07-23,119.0,122.0,117.69999694824219,120.9000015258789,120.76448822021484,119661760,0.0,0.0
2025-07-24,120.9000015258789,121.80000305175781,119.9000015258789,120.30000305175781,120.1651611328125,77592812,0.0,0.0
2025-07-25,119.0999984741211,119.30000305175781,117.5,118.0,117.86773681640625,63455940,0.0,0.0
2025-07-28,119.5,121.69999694824219,118.9000015258789,120.5999984741211,120.4648208618164,69215231,0.0,0.0
2025-07-29,119.19999694824219,121.0,118.0999984741211,120.69999694824219,120.56470489501953,59019387,0.0,0.0
2025-07-30,117.69999694824219,119.5999984741211,117.0999984741211,117.0999984741211,116.96874237060547,88754280,0.0,0.0
2025-07-31,116.0,118.0,114.30000305175781,115.69999694824219,115.5703125,97698587,0.0,0.0
2025-08-01,117.80000305175781,119.30000305175781,116.69999694824219,116.9000015258789,116.76897430419922,75031091,0.0,0.0
2025-08-04,115.5,116.69999694824219,114.69999694824219,116.19999694824219,116.06975555419922,50516068,0.0,0.0
2025-08-05,116.0999984741211,116.30000305175781,114.5999984741211,116.0,115.86997985839844,52371110,0.0,0.0
2025-08-06,115.5999984741211,119.19999694824219,115.0999984741211,116.69999694824219,116.5691909790039,73715023,0.0,0.0
2025-08-07,119.0999984741211,119.80000305175781,117.9000015258789,119.19999694824219,119.06639099121094,66845112,0.0,0.0
2025-08-08,118.5999984741211,118.5999984741211,116.0999984741211,116.30000305175781,116.16964721679688,60373207,0.0,0.0
2025-08-11,118.0,119.0,116.9000015258789,118.5,118.36717987060547,43065055,0.0,0.0
2025-08-12,116.80000305175781,117.5,116.0999984741211,116.5999984741211,116.46930694580078,55676119,0.0,0.0
2025-08-13,120.0,123.80000305175781,119.19999694824219,123.69999694824219,123.56134796142578,150500459,0.0,0.0
2025-08-14,124.80000305175781,125.19999694824219,121.0,121.80000305175781,121.66348266601562,83916791,0.0,0.0
2025-08-15,119.30000305175781,119.80000305175781,117.80000305175781,118.0999984741211,117.96762084960938,110541625,0.0,0.0
2025-08-18,118.30000305175781,120.80000305175781,118.30000305175781,118.5999984741211,118.4670639038086,76093381,0.0,0.0
2025-08-19,118.4000015258789,119.69999694824219,117.9000015258789,118.30000305175781,118.16740417480469,55732895,0.0,0.0
2025-08-20,117.19999694824219,118.0,116.0999984741211,117.5,117.36830139160156,62830049,0.0,0.0
2025-08-21,117.30000305175781,117.5999984741211,115.0,115.69999694824219,115.5703125,66716053,0.0,0.0
2025-08-22,115.5,118.30000305175781,115.30000305175781,118.0,117.86773681640625,73604857,0.0,0.0
2025-08-25,120.4000015258789,126.0,120.4000015258789,124.5,124.3604507446289,162992103,0.0,0.0
2025-08-26,122.0,123.9000015258789,121.0999984741211,121.30000305175781,121.1640396118164,90253630,0.0,0.0
2025-08-27,121.30000305175781,124.30000305175781,121.0,121.5,121.36381530761719,114213258,0.0,0.0
2025-08-28,119.0999984741211,119.30000305175781,115.5999984741211,115.80000305175781,115.67020416259766,171962832,0.0,0.0
2025-08-29,116.80000305175781,119.0,115.69999694824219,115.69999694824219,115.5703125,110429482,0.0,0.0
2025-09-01,133.0,138.0,133.0,137.10000610351562,136.9463348388672,404948185,0.0,0.0
2025-09-02,139.89999389648438,139.89999389648438,134.6999969482422,134.6999969482422,134.54901123046875,166594096,0.0,0.0
2025-09-03,136.5,137.8000030517578,133.0,134.10000610351562,133.94969177246094,104631522,0.0,0.0
2025-09-04,134.3000030517578,134.8000030517578,128.5,129.8000030517578,129.65451049804688,148595855,0.0,0.0
2025-09-05,128.5,133.0,128.10000610351562,131.8000030517578,131.6522674560547,127450276,0.0,0.0
2025-09-08,133.1999969482422,138.0,133.10000610351562,137.3000030517578,137.14610290527344,147299900,0.0,0.0
2025-09-09,138.60000610351562,142.8000030517578,138.0,141.89999389648438,141.74093627929688,181120225,0.0,0.0
2025-09-10,144.6999969482422,147.89999389648438,142.60000610351562,142.8000030517578,142.6399383544922,181722198,0.0,0.0
2025-09-11,140.89999389648438,146.5,139.10000610351562,143.3000030517578,143.13938903808594,174456621,0.0,0.0
2025-09-12,151.6999969482422,153.8000030517578,150.10000610351562,151.10000610351562,150.93064880371094,170663495,0.0,0.0
2025-09-15,150.39999389648438,156.8000030517578,150.10000610351562,154.60000610351562,154.42672729492188,146193613,0.0,0.0
2025-09-16,154.0,156.8000030517578,152.5,153.5,153.32794189453125,111088746,0.0,0.0
2025-09-17,157.6999969482422,162.3000030517578,156.6999969482422,161.60000610351562,161.4188690185547,156646724,0.0,0.0
2025-09-18,162.10000610351562,164.8000030517578,156.3000030517578,158.39999389648438,158.22244262695312,209809246,0.0,0.0
2025-09-19,158.89999389648438,162.8000030517578,156.60000610351562,159.10000610351562,158.9216766357422,138827373,0.0,0.0
2025-09-22,157.60000610351562,161.5,157.3000030517578,159.1999969482422,159.0215606689453,103208970,0.0,0.0
2025-09-23,160.0,163.10000610351562,156.6999969482422,159.39999389648438,159.22132873535156,119175251,0.0,0.0
2025-09-24,158.5,174.89999389648438,157.60000610351562,174.0,173.80496215820312,261023658,0.0,0.0
2025-09-25,174.0,177.8000030517578,171.10000610351562,172.0,171.8072052001953,172333447,0.0,0.0
2025-09-26,168.39999389648438,171.89999389648438,165.0,166.5,166.31336975097656,152987253,0.0,0.0
2025-09-29,166.89999389648438,174.3000030517578,166.89999389648438,173.39999389648438,173.2056427001953,134259119,0.0,0.0
2025-09-30,176.60000610351562,178.0,173.6999969482422,177.0,176.80160522460938,135460219,0.0,0.0
2025-10-02,179.6999969482422,185.0,179.10000610351562,183.10000610351562,182.894775390625,96036992,0.0,0.0
2025-10-03,185.0,186.1999969482422,183.3000030517578,185.10000610351562,184.8925323486328,56780997,0.0,0.0
2025-10-06,181.8000030517578,183.8000030517578,179.8000030517578,180.5,180.2976837158203,49211980,0.0,0.0
2025-10-08,178.10000610351562,178.3000030517578,173.5,177.60000610351562,177.40093994140625,75252197,0.0,0.0
2025-10-09,179.0,179.0,171.5,173.3000030517578,173.1057586669922,158029622,0.0,0.0
2025-10-10,169.10000610351562,170.3000030517578,164.8000030517578,165.39999389648438,165.214599609375,186753966,0.0,0.0
2025-10-13,159.0,163.60000610351562,156.10000610351562,162.60000610351562,162.41775512695312,282816644,0.0,0.0
2025-10-14,164.8000030517578,166.10000610351562,154.0,155.60000610351562,155.42559814453125,201534774,0.0,0.0
2025-10-15,158.6999969482422,162.6999969482422,156.10000610351562,161.60000610351562,161.4188690185547,111159729,0.0,0.0
2025-10-16,162.60000610351562,164.1999969482422,158.60000610351562,161.1999969482422,161.01931762695312,73190193,0.0,0.0
2025-10-17,161.0,161.0,153.0,154.39999389648438,154.2269287109375,133552318,0.0,0.0
2025-10-20,162.10000610351562,162.89999389648438,160.0,161.89999389648438,161.71852111816406,98042110,0.0,0.0
2025-10-21,167.5,169.0,164.8000030517578,165.10000610351562,164.91494750976562,110624314,0.0,0.0
2025-10-22,162.6999969482422,163.60000610351562,160.0,161.89999389648438,161.71852111816406,67640668,0.0,0.0
2025-10-23,161.89999389648438,165.5,159.10000610351562,164.60000610351562,164.41551208496094,86447894,0.0,0.0
2025-10-24,168.0,169.3000030517578,166.60000610351562,168.3000030517578,168.11135864257812,84064278,0.0,0.0
2025-10-27,174.8000030517578,175.0,172.10000610351562,173.60000610351562,173.40542602539062,96795907,0.0,0.0
2025-10-28,174.0,174.1999969482422,169.5,171.0,170.80833435058594,78492657,0.0,0.0
2025-10-30,173.39999389648438,174.8000030517578,169.0,172.10000610351562,171.9071044921875,112254088,0.0,0.0
2025-10-31,169.8000030517578,170.60000610351562,165.10000610351562,165.10000610351562,164.91494750976562,97457096,0.0,0.0
2025-11-03,164.89999389648438,166.3000030517578,161.5,163.1999969482422,163.01707458496094,74773287,0.0,0.0
2025-11-04,164.0,164.0,158.10000610351562,159.0,158.82177734375,89529769,0.0,0.0
2025-11-05,156.60000610351562,159.3000030517578,154.1999969482422,158.5,158.3223419189453,94071358,0.0,0.0
2025-11-06,160.8000030517578,165.3000030517578,159.89999389648438,165.0,164.8150634765625,83528391,0.0,0.0
2025-11-07,163.1999969482422,163.1999969482422,158.89999389648438,160.10000610351562,159.92056274414062,66709927,0.0,0.0
2025-11-10,162.8000030517578,164.1999969482422,160.39999389648438,163.39999389648438,163.2168426513672,57596575,0.0,0.0
2025-11-11,161.5,162.39999389648438,158.60000610351562,160.39999389648438,160.22019958496094,73054852,0.0,0.0
2025-11-12,157.10000610351562,158.39999389648438,155.1999969482422,156.8000030517578,156.62425231933594,96741580,0.0,0.0
2025-11-13,153.89999389648438,166.0,153.3000030517578,162.0,161.81842041015625,155447392,0.0,0.0
2025-11-14,156.5,158.39999389648438,154.5,154.89999389648438,154.72637939453125,101354219,0.0,0.0
2025-11-17,152.3000030517578,158.0,152.10000610351562,154.89999389648438,154.72637939453125,113907864,0.0,0.0
2025-11-18,153.1999969482422,158.39999389648438,153.1999969482422,154.60000610351562,154.42672729492188,102880519,0.0,0.0
2025-11-19,155.8000030517578,157.89999389648438,155.10000610351562,156.39999389648438,156.2246856689453,71141046,0.0,0.0
2025-11-20,158.3000030517578,159.8000030517578,154.0,154.8000030517578,154.62649536132812,65486765,0.0,0.0
2025-11-21,150.0,150.60000610351562,146.89999389648438,147.60000610351562,147.4345703125,141043093,0.0,0.0
2025-11-24,147.8000030517578,156.3000030517578,147.8000030517578,154.5,154.3268280029297,199790253,0.0,0.0
2025-11-25,159.0,160.5,153.39999389648438,157.8000030517578,157.6231231689453,147102629,0.0,0.0
2025-11-26,154.0,158.0,153.39999389648438,154.8000030517578,154.62649536132812,110863259,0.0,0.0
2025-11-27,154.0,154.89999389648438,150.10000610351562,150.60000610351562,150.4311981201172,103303822,0.0,0.0
2025-11-28,151.8000030517578,153.1999969482422,151.0,151.5,151.33018493652344,66572166,0.0,0.0
2025-12-01,153.0,156.89999389648438,152.0,154.89999389648438,154.72637939453125,93259220,0.0,0.0
2025-12-02,160.10000610351562,160.10000610351562,156.3000030517578,157.0,156.8240203857422,74133971,0.0,0.0
2025-12-03,155.8000030517578,156.60000610351562,153.10000610351562,153.60000610351562,153.42784118652344,54076752,0.0,0.0
2025-12-04,153.10000610351562,155.10000610351562,152.5,154.39999389648438,154.2269287109375,57110210,0.0,0.0
2025-12-05,153.1999969482422,155.10000610351562,152.60000610351562,155.0,154.82626342773438,78815068,0.0,0.0
2025-12-08,155.0,155.5,152.8000030517578,153.39999389648438,153.22805786132812,75226835,0.0,0.0
2025-12-09,155.10000610351562,156.8000030517578,150.39999389648438,150.89999389648438,150.73085021972656,69789164,0.0,0.0
2025-12-10,150.5,153.39999389648438,149.60000610351562,153.1999969482422,153.0282745361328,61369895,0.0,0.0
2025-12-11,155.0,155.5,150.5,150.60000610351562,150.4311981201172,59433982,0.0,0.0
2025-12-12,152.6999969482422,154.10000610351562,150.8000030517578,154.10000610351562,153.92727661132812,88532981,0.0,0.0
2025-12-15,150.8000030517578,151.6999969482422,148.5,148.60000610351562,148.43344116210938,94298860,0.0,0.0
2025-12-16,146.89999389648438,147.0,141.60000610351562,144.1999969482422,144.03836059570312,118119058,0.0,0.0
2025-12-17,144.1999969482422,147.3000030517578,143.10000610351562,146.0,145.8363494873047,60486179,0.0,0.0
2025-12-18,143.10000610351562,144.89999389648438,142.89999389648438,144.10000610351562,143.93849182128906,47014025,0.0,0.0
2025-12-19,145.0,146.6999969482422,144.1999969482422,145.3000030517578,145.13714599609375,70392591,0.0,0.0
2025-12-22,146.0,148.5,145.0,146.39999389648438,146.23590087890625,58877432,0.0,0.0
2025-12-23,146.6999969482422,148.0,146.39999389648438,147.1999969482422,147.03500366210938,47601549,0.0,0.0
2025-12-24,146.10000610351562,146.10000610351562,146.10000610351562,146.10000610351562,145.93624877929688,0,0.0,0.0
2025-12-29,147.10000610351562,148.5,143.3000030517578,143.3000030517578,143.13938903808594,62656820,0.0,0.0
2025-12-30,143.3000030517578,145.6999969482422,143.1999969482422,144.5,144.33802795410156,60201594,0.0,0.0
2025-12-31,143.6999969482422,143.8000030517578,142.39999389648438,142.8000030517578,142.6399383544922,35628222,0.0,0.0
2026-01-02,143.1999969482422,149.6999969482422,142.89999389648438,149.0,148.83299255371094,48902470,0.0,0.0
2026-01-05,151.10000610351562,153.8000030517578,150.0,152.8000030517578,152.6287384033203,102834720,0.0,0.0
2026-01-06,150.89999389648438,153.1999969482422,150.5,150.8000030517578,150.6309814453125,112004139,0.0,0.0
2026-01-07,147.10000610351562,147.8000030517578,143.5,145.89999389648438,145.73646545410156,149677478,0.0,0.0
2026-01-08,143.60000610351562,144.89999389648438,141.0,142.60000610351562,142.44017028808594,107421412,0.0,0.0
2026-01-09,148.0,149.5,145.89999389648438,146.5,146.33580017089844,115234256,0.0,0.0
2026-01-12,146.89999389648438,154.60000610351562,146.0,154.3000030517578,154.12705993652344,164580300,0.0,0.0
2026-01-13,162.0,164.0,157.39999389648438,159.89999389648438,159.72076416015625,153153842,0.0,0.0
2026-01-14,163.8000030517578,169.8000030517578,162.10000610351562,169.0,168.81057739257812,244622843,0.0,0.0
2026-01-15,168.89999389648438,170.10000610351562,163.10000610351562,164.60000610351562,164.41551208496094,133061563,0.0,0.0
2026-01-16,167.89999389648438,168.6999969482422,165.0,166.1999969482422,166.01370239257812,79370877,0.0,0.0
2026-01-19,162.0,162.5,160.10000610351562,160.39999389648438,160.22019958496094,72500898,0.0,0.0
2026-01-20,159.8000030517578,162.1999969482422,158.60000610351562,159.6999969482422,159.52099609375,55456218,0.0,0.0
2026-01-21,158.3000030517578,164.89999389648438,158.3000030517578,163.1999969482422,163.01707458496094,67441221,0.0,0.0
2026-01-22,166.0,166.5,162.8000030517578,164.8000030517578,164.6152801513672,59810988,0.0,0.0
2026-01-23,171.1999969482422,172.0,168.3000030517578,168.5,168.31112670898438,93252549,0.0,0.0
2026-01-26,169.5,170.1999969482422,164.5,165.1999969482422,165.01483154296875,67819829,0.0,0.0
2026-01-27,166.8000030517578,169.89999389648438,164.89999389648438,169.89999389648438,169.70956420898438,73661350,0.0,0.0
2026-01-28,170.5,173.8000030517578,168.60000610351562,173.5,173.30552673339844,102209414,0.0,0.0
2026-01-29,171.10000610351562,174.1999969482422,170.3000030517578,173.3000030517578,173.1057586669922,67539478,0.0,0.0
2026-01-30,170.0,170.6999969482422,167.0,169.1999969482422,169.01034545898438,75134065,0.0,0.0
2026-02-02,164.6999969482422,167.89999389648438,161.0,163.3000030517578,163.11695861816406,100747598,0.0,0.0
2026-02-03,165.39999389648438,166.0,155.1999969482422,161.0,160.8195343017578,111086312,0.0,0.0
2026-02-04,159.39999389648438,162.3000030517578,157.10000610351562,159.5,159.32122802734375,71689072,0.0,0.0
2026-02-05,155.5,160.39999389648438,154.0,159.60000610351562,159.42111206054688,89720504,0.0,0.0
2026-02-06,153.5,156.8000030517578,153.1999969482422,155.0,154.82626342773438,78125091,0.0,0.0
2026-02-09,159.5,160.1999969482422,157.60000610351562,157.89999389648438,157.72300720214844,58582947,0.0,0.0
2026-02-10,159.6999969482422,162.60000610351562,158.6999969482422,160.5,160.32009887695312,58402811,0.0,0.0
2026-02-11,161.3000030517578,162.6999969482422,159.60000610351562,160.10000610351562,159.92056274414062,51639528,0.0,0.0
2026-02-12,157.89999389648438,159.5,156.10000610351562,158.60000610351562,158.4222412109375,56768511,0.0,0.0
2026-02-13,154.0,156.39999389648438,153.89999389648438,155.39999389648438,155.22581481933594,69945660,0.0,0.0
2026-02-16,154.6999969482422,154.6999969482422,154.6999969482422,154.6999969482422,154.52659606933594,0,0.0,0.0
2026-02-20,150.0,151.6999969482422,147.10000610351562,147.10000610351562,146.93511962890625,70273864,0.0,0.0
2026-02-23,150.10000610351562,153.3000030517578,149.5,152.1999969482422,152.02940368652344,44852186,0.0,0.0
2026-02-24,149.89999389648438,150.39999389648438,147.0,148.0,147.8341064453125,82838070,0.0,0.0
2026-02-25,149.8000030517578,150.1999969482422,148.10000610351562,148.3000030517578,148.13377380371094,47742854,0.0,0.0
2026-02-26,148.3000030517578,148.8000030517578,143.0,143.0,142.8397216796875,98872855,0.0,0.0
2026-02-27,143.0,145.5,142.1999969482422,142.89999389648438,142.7398223876953,88719769,0.0,0.0
2026-03-02,139.60000610351562,140.5,135.60000610351562,136.39999389648438,136.24710083007812,134838521,0.0,0.0
2026-03-03,139.0,139.1999969482422,134.60000610351562,134.8000030517578,134.64891052246094,88507248,0.0,0.0
2026-03-04,131.1999969482422,133.0,127.69999694824219,129.89999389648438,129.75439453125,163124992,0.0,0.0
2026-03-05,130.5,131.39999389648438,125.0999984741211,126.30000305175781,126.15843963623047,141677427,0.0,0.0
2026-03-06,126.9000015258789,132.0,126.5,130.6999969482422,130.55349731445312,100859931,0.0,0.0
2026-03-09,125.19999694824219,129.39999389648438,125.0999984741211,128.6999969482422,128.5557403564453,102893047,0.0,0.0
2026-03-10,131.0,134.1999969482422,130.0,133.5,133.35035705566406,98445281,0.0,0.0
2026-03-11,135.5,136.10000610351562,132.39999389648438,133.1999969482422,133.0507049560547,61695884,0.0,0.0
2026-03-12,130.60000610351562,133.5,129.60000610351562,131.60000610351562,131.45249938964844,57889342,0.0,0.0
2026-03-13,131.3000030517578,134.60000610351562,130.39999389648438,132.5,132.3514862060547,51862084,0.0,0.0
2026-03-16,132.89999389648438,135.10000610351562,130.8000030517578,134.0,133.8498077392578,50025123,0.0,0.0
2026-03-17,135.1999969482422,138.5,134.60000610351562,134.60000610351562,134.4491424560547,76247583,0.0,0.0
2026-03-18,134.39999389648438,140.1999969482422,133.10000610351562,137.6999969482422,137.545654296875,108384226,0.0,0.0
2026-03-19,132.6999969482422,134.1999969482422,131.1999969482422,132.0,131.85205078125,112049539,0.0,0.0
2026-03-20,123.5,126.80000305175781,122.4000015258789,123.69999694824219,123.56134796142578,206068855,0.0,0.0
2026-03-23,120.80000305175781,121.5999984741211,117.69999694824219,119.69999694824219,119.56582641601562,136352855,0.0,0.0
2026-03-24,122.0,124.0,119.80000305175781,123.19999694824219,123.06190490722656,86973171,0.0,0.0
2026-03-25,125.19999694824219,131.39999389648438,123.4000015258789,128.89999389648438,128.75550842285156,148277825,0.0,0.0
2026-03-26,128.0,128.0,122.5999984741211,123.0,122.86213684082031,87500096,0.0,0.0
2026-03-27,123.0,124.0999984741211,121.4000015258789,122.5999984741211,122.46257781982422,53442572,0.0,0.0
2026-03-30,118.19999694824219,121.4000015258789,117.9000015258789,120.5,120.36493682861328,80519074,0.0,0.0
2026-03-31,120.80000305175781,122.0999984741211,117.80000305175781,119.0,118.86661529541016,72026359,0.0,0.0
2026-04-01,123.30000305175781,124.0,121.5,122.69999694824219,122.56246948242188,67832865,0.0,0.0
2026-04-02,121.0,121.0,117.5,118.5,118.36717987060547,95121535,0.0,0.0
2026-04-08,121.9000015258789,127.9000015258789,121.30000305175781,126.5,126.35820770263672,181819816,0.0,0.0
2026-04-09,123.0999984741211,124.0,122.0,122.9000015258789,122.76224517822266,82451818,0.0,0.0
2026-04-10,125.0999984741211,127.5,125.0,125.5,125.35932922363281,78382509,0.0,0.0
2026-04-13,124.5,124.5,122.5,123.19999694824219,123.06190490722656,51100996,0.0,0.0
2026-04-14,125.5,126.80000305175781,123.19999694824219,124.5,124.3604507446289,52390198,0.0,0.0
2026-04-15,129.5,131.0,128.39999389648438,128.60000610351562,128.4558563232422,95222677,0.0,0.0
2026-04-16,131.6999969482422,136.10000610351562,131.1999969482422,135.8000030517578,135.64779663085938,127392595,0.0,0.0
2026-04-17,135.0,137.1999969482422,134.60000610351562,136.39999389648438,136.24710083007812,83379143,0.0,0.0
2026-04-20,135.6999969482422,138.39999389648438,134.6999969482422,137.0,136.846435546875,71204282,0.0,0.0
2026-04-21,138.1999969482422,138.1999969482422,134.89999389648438,136.3000030517578,136.14723205566406,44920044,0.0,0.0
2026-04-22,133.3000030517578,133.39999389648438,130.60000610351562,131.5,131.35260009765625,69494718,0.0,0.0
2026-04-23,132.60000610351562,132.6999969482422,129.5,130.39999389648438,130.2538299560547,54768842,0.0,0.0
2026-04-24,128.10000610351562,132.8000030517578,126.69999694824219,131.8000030517578,131.6522674560547,63648525,0.0,0.0
2026-04-27,131.8000030517578,133.89999389648438,130.10000610351562,130.1999969482422,130.05406188964844,51858735,0.0,0.0
2026-04-28,128.8000030517578,130.60000610351562,126.0,126.5,126.35820770263672,72924924,0.0,0.0
2026-04-29,128.8000030517578,130.60000610351562,128.1999969482422,130.60000610351562,130.45362854003906,59643280,0.0,0.0
2026-04-30,128.1999969482422,128.5,126.0,126.0,125.85877227783203,88190461,0.0,0.0
2026-05-04,128.8000030517578,134.1999969482422,128.6999969482422,131.6999969482422,131.55238342285156,67792478,0.0,0.0
2026-05-05,131.1999969482422,132.6999969482422,129.89999389648438,131.1999969482422,131.0529327392578,25517465,0.0,0.0
2026-05-06,132.39999389648438,137.3000030517578,130.89999389648438,134.1999969482422,134.04957580566406,115976497,0.0,0.0
2026-05-07,139.5,140.89999389648438,138.5,140.89999389648438,140.7420654296875,116084635,0.0,0.0
2026-05-08,138.89999389648438,139.8000030517578,138.1999969482422,139.0,138.8441925048828,59348966,0.0,0.0
2026-05-11,136.8000030517578,137.60000610351562,133.3000030517578,133.89999389648438,133.74990844726562,98275069,0.0,0.0
2026-05-12,133.5,136.0,133.10000610351562,133.3000030517578,133.1505889892578,57483637,0.0,0.0
2026-05-13,132.0,134.1999969482422,130.3000030517578,132.8000030517578,132.65115356445312,89332520,0.0,0.0
2026-05-14,143.10000610351562,144.0,137.39999389648438,137.89999389648438,137.74542236328125,171292701,0.0,0.0
2026-05-15,138.0,138.0,131.10000610351562,132.3000030517578,132.15171813964844,90144879,0.0,0.0
2026-05-18,130.39999389648438,134.89999389648438,128.60000610351562,131.6999969482422,131.55238342285156,94625028,0.0,0.0
2026-05-19,130.5,135.3000030517578,130.5,133.3000030517578,133.1505889892578,75905647,0.0,0.0
2026-05-20,132.89999389648438,135.5,131.0,131.89999389648438,131.7521514892578,64904996,0.0,0.0
2026-05-21,132.60000610351562,132.60000610351562,125.5,126.0,125.85877227783203,124833824,0.0,0.0
2026-05-22,128.1999969482422,128.60000610351562,126.0,127.0,126.85765075683594,67105437,0.0,0.0
2026-05-26,127.19999694824219,129.3000030517578,124.30000305175781,127.5999984741211,127.45697784423828,81943801,0.0,0.0
2026-05-27,127.69999694824219,127.9000015258789,123.5999984741211,124.30000305175781,124.16068267822266,73913384,0.0,0.0
2026-05-28,123.69999694824219,123.9000015258789,120.0,121.80000305175781,121.66348266601562,113734767,0.0,0.0
2026-05-29,123.19999694824219,124.30000305175781,120.5999984741211,120.9000015258789,120.76448822021484,106781469,0.0,0.0
2026-06-01,121.30000305175781,124.19999694824219,121.19999694824219,122.80000305175781,122.66236114501953,64910941,0.0,0.0
2026-06-02,124.0999984741211,131.1999969482422,123.4000015258789,130.89999389648438,130.75326538085938,126607691,0.0,0.0
2026-06-03,130.0,130.3000030517578,126.5,126.5999984741211,126.45809936523438,90810223,0.0,0.0
2026-06-04,125.19999694824219,125.5999984741211,122.80000305175781,123.5,123.361572265625,60737375,0.0,0.0
2026-06-05,123.5,125.0999984741211,121.5999984741211,122.4000015258789,122.26280975341797,75982909,0.0,0.0
2026-06-08,118.30000305175781,120.19999694824219,117.80000305175781,118.80000305175781,118.6668472290039,84021112,0.0,0.0
2026-06-09,117.5999984741211,119.19999694824219,117.0999984741211,117.0999984741211,116.96874237060547,66707175,0.0,0.0
2026-06-10,116.0999984741211,116.5999984741211,111.0999984741211,113.5,113.5,115892674,1.0300211,0.0
2026-06-11,112.30000305175781,112.9000015258789,106.0999984741211,107.4000015258789,107.4000015258789,160350719,0.0,0.0
2026-06-12,109.0,111.19999694824219,108.80000305175781,110.19999694824219,110.19999694824219,74743889,0.0,0.0
2026-06-15,113.0999984741211,113.19999694824219,108.0,109.30000305175781,109.30000305175781,83179704,0.0,0.0
2026-06-16,110.0,110.19999694824219,106.30000305175781,107.0,107.0,69138026,0.0,0.0
2026-06-17,108.30000305175781,108.4000015258789,105.80000305175781,106.9000015258789,106.9000015258789,71467113,0.0,0.0
2026-06-18,105.4000015258789,106.0,102.4000015258789,104.9000015258789,104.9000015258789,160333163,0.0,0.0
2026-06-22,102.80000305175781,103.80000305175781,100.80000305175781,102.9000015258789,102.9000015258789,99214294,0.0,0.0
2026-06-23,103.4000015258789,103.4000015258789,98.69999694824219,98.94999694824219,98.94999694824219,98049349,0.0,0.0
2026-06-24,99.1500015258789,101.5,97.6500015258789,99.4000015258789,99.4000015258789,103216499,0.0,0.0
2026-06-25,97.30000305175781,98.25,94.0,95.0,95.0,141402714,0.0,0.0
2026-06-26,92.0,92.5,88.6500015258789,89.5,89.5,176208269,0.0,0.0
2026-06-29,91.69999694824219,95.44999694824219,91.1500015258789,93.0,93.0,123324036,0.0,0.0
2026-06-30,93.0,93.94999694824219,91.30000305175781,92.8499984741211,92.8499984741211,89897596,0.0,0.0
2026-07-02,95.30000305175781,97.4000015258789,93.55000305175781,94.5,94.5,106165597,0.0,0.0
2026-07-03,94.1500015258789,96.0,93.5,94.0999984741211,94.0999984741211,67295654,0.0,0.0
2026-07-06,94.25,97.4000015258789,92.5,95.94999694824219,95.94999694824219,81423639,0.0,0.0
2026-07-07,96.1500015258789,100.5,95.30000305175781,95.80000305175781,95.80000305175781,100211364,0.0,0.0
2026-07-08,96.94999694824219,109.0,96.55000305175781,107.5,107.5,282125685,0.0,0.0
2026-07-09,110.0999984741211,112.9000015258789,107.5,108.0,108.0,190535828,0.0,0.0
2026-07-10,110.0,113.0,109.0,110.19999694824219,110.19999694824219,103843838,0.0,0.0
2026-07-13,110.80000305175781,115.0999984741211,110.30000305175781,110.69999694824219,110.69999694824219,100489536,0.0,0.0
2026-07-14,110.30000305175781,112.5999984741211,107.0,110.80000305175781,110.80000305175781,100890456,0.0,0.0
2026-07-15,111.5999984741211,114.80000305175781,109.0999984741211,113.4000015258789,113.4000015258789,112769038,0.0,0.0
2026-07-16,116.19999694824219,119.80000305175781,116.0,116.9000015258789,116.9000015258789,153608858,0.0,0.0
2026-07-17,116.30000305175781,118.0,110.69999694824219,112.5999984741211,112.5999984741211,125635830,0.0,0.0
2026-07-20,116.0,118.9000015258789,115.30000305175781,116.80000305175781,116.80000305175781,125351835,0.0,0.0
2026-07-21,119.9000015258789,121.0,115.5,117.0,117.0,98262426,0.0,0.0
2026-07-22,115.9000015258789,116.30000305175781,112.69999694824219,113.5999984741211,113.5999984741211,120611396,0.0,0.0
2026-07-23,114.0999984741211,115.0999984741211,110.5,114.9000015258789,114.9000015258789,52344763,0.0,0.0
2026-07-24,111.5,112.19999694824219,108.19999694824219,110.0,110.0,107488512,0.0,0.0
2026-07-27,111.4000015258789,111.5999984741211,108.80000305175781,111.0,111.0,58415973,0.0,0.0
2026-07-28,113.0,114.19999694824219,111.0,112.0,112.0,75913853,0.0,0.0
2026-07-29,113.9000015258789,115.5,111.69999694824219,113.5999984741211,113.5999984741211,93154775,0.0,0.0
2026-07-30,114.0,114.80000305175781,110.30000305175781,111.80000305175781,111.80000305175781,74326961,0.0,0.0
2026-07-31,114.0999984741211,119.30000305175781,113.30000305175781,117.0,117.0,144668807,0.0,0.0
2026-08-03,121.0,126.0,120.0999984741211,125.19999694824219,125.19999694824219,192268809,0.0,0.0
2026-08-04,126.80000305175781,129.1999969482422,124.69999694824219,125.80000305175781,125.80000305175781,125358922,0.0,0.0
2026-08-05,128.39999389648438,129.0,125.5999984741211,128.10000610351562,128.10000610351562,93382622,0.0,0.0
2026-08-06,126.5,126.5,123.69999694824219,124.4000015258789,124.4000015258789,67212277,0.0,0.0
2026-08-07,125.30000305175781,125.80000305175781,121.5999984741211,123.80000305175781,123.80000305175781,58259425,0.0,0.0
2026-08-10,125.4000015258789,127.5,124.19999694824219,126.69999694824219,126.69999694824219,53629555,0.0,0.0
2026-08-11,129.39999389648438,130.3000030517578,125.9000015258789,126.4000015258789,126.4000015258789,74286963,0.0,0.0
2026-08-12,124.4000015258789,124.9000015258789,121.30000305175781,122.5999984741211,122.5999984741211,65057854,0.0,0.0
2026-08-13,121.19999694824219,124.0999984741211,121.0999984741211,121.9000015258789,121.9000015258789,58154432,0.0,0.0
2026-08-14,120.30000305175781,120.80000305175781,118.5,119.9000015258789,119.9000015258789,56905091,0.0,0.0
2026-08-17,122.0,123.4000015258789,120.80000305175781,122.19999694824219,122.19999694824219,48563292,0.0,0.0
2026-08-18,122.0,128.3000030517578,121.0,126.69999694824219,126.69999694824219,120433806,0.0,0.0
2026-08-19,124.5999984741211,126.5,123.19999694824219,124.19999694824219,124.19999694824219,70727616,0.0,0.0
2026-08-20,126.5999984741211,129.0,124.30000305175781,126.19999694824219,126.19999694824219,92028319,0.0,0.0
2026-08-21,129.1999969482422,129.8000030517578,121.5,123.0,123.0,146890540,0.0,0.0
2026-08-24,113.0999984741211,113.5,110.0999984741211,112.5,112.5,362953456,0.0,0.0
2026-08-25,114.80000305175781,115.0,112.19999694824219,114.19999694824219,114.19999694824219,124296637,0.0,0.0
2026-08-26,115.69999694824219,117.80000305175781,115.5999984741211,116.5999984741211,116.5999984741211,133860910,0.0,0.0
2026-08-27,117.4000015258789,117.4000015258789,115.0999984741211,115.5,115.5,83206714,0.0,0.0
2026-08-28,113.0999984741211,114.80000305175781,112.5,113.9000015258789,113.9000015258789,73086522,0.0,0.0
2026-08-31,115.0,115.0,112.19999694824219,114.19999694824219,114.19999694824219,82619229,0.0,0.0
2026-09-01,112.19999694824219,112.69999694824219,109.5,110.4000015258789,110.4000015258789,99751649,0.0,0.0
2026-09-02,110.19999694824219,110.4000015258789,107.30000305175781,109.9000015258789,109.9000015258789,76466094,0.0,0.0
2026-09-03,110.5,110.69999694824219,106.5,107.5,107.5,69972408,0.0,0.0
2026-09-04,109.5,111.9000015258789,109.5,110.0999984741211,110.0999984741211,103698738,0.0,0.0
2026-09-07,110.30000305175781,111.0,109.0999984741211,109.5999984741211,109.5999984741211,40367117,0.0,0.0
2026-09-08,109.0,111.69999694824219,108.5999984741211,109.5,109.5,44150465,0.0,0.0
2026-09-09,110.5,110.9000015258789,108.5999984741211,109.80000305175781,109.80000305175781,46572012,0.0,0.0
2026-09-10,107.19999694824219,107.19999694824219,105.19999694824219,106.9000015258789,106.9000015258789,65902181,0.0,0.0
2026-09-11,105.0,107.69999694824219,104.69999694824219,107.5,107.5,56226973,0.0,0.0
2026-09-14,105.5,106.5999984741211,104.69999694824219,105.9000015258789,105.9000015258789,48442049,0.0,0.0
2026-09-15,107.0,108.80000305175781,105.80000305175781,107.19999694824219,107.19999694824219,47161376,0.0,0.0
2026-09-16,107.69999694824219,107.69999694824219,106.0999984741211,106.19999694824219,106.19999694824219,34061594,0.0,0.0
2026-09-17,105.0,106.0,104.19999694824219,105.0999984741211,105.0999984741211,50647519,0.0,0.0
2026-09-18,106.4000015258789,110.69999694824219,106.0999984741211,109.30000305175781,109.30000305175781,90084892,0.0,0.0
2026-09-21,110.69999694824219,112.69999694824219,110.0999984741211,112.5999984741211,112.5999984741211,54733772,0.0,0.0
2026-09-22,114.80000305175781,118.30000305175781,114.0,114.80000305175781,114.80000305175781,123942194,0.0,0.0
2026-09-23,113.80000305175781,114.19999694824219,109.0999984741211,109.80000305175781,109.80000305175781,86835983,0.0,0.0
2026-09-24,108.30000305175781,111.0999984741211,108.0999984741211,110.0,110.0,37259984,0.0,0.0
2026-09-25,107.5,108.5999984741211,106.30000305175781,108.4000015258789,108.4000015258789,28037888,0.0,0.0
2026-09-28,107.80000305175781,109.5,106.5,107.69999694824219,107.69999694824219,45286580,0.0,0.0
2026-09-29,106.5999984741211,107.19999694824219,105.19999694824219,106.19999694824219,106.19999694824219,57027476,0.0,0.0
2026-09-30,105.30000305175781,107.4000015258789,105.19999694824219,106.5999984741211,106.5999984741211,47287932,0.0,0.0
2026-10-02,104.0999984741211,104.69999694824219,102.69999694824219,104.4000015258789,104.4000015258789,39772509,0.0,0.0
2026-10-05,104.0999984741211,105.9000015258789,103.5999984741211,105.4000015258789,105.4000015258789,24811599,0.0,0.0
2026-10-06,108.5,109.19999694824219,107.69999694824219,108.19999694824219,108.19999694824219,31496596,0.0,0.0
2026-10-07,106.69999694824219,107.0999984741211,102.5999984741211,105.4000015258789,105.4000015258789,59140353,0.0,0.0
