date,open,high,low,close,adj_close,volume,dividends,splits
2019-01-02,134.1300048828125,137.74899291992188,133.02999877929688,136.6999969482422,128.64186096191406,16708400,0.0,0.0
2019-01-03,134.27000427246094,134.8699951171875,129.8300018310547,130.60000610351562,122.90145111083984,19531300,0.0,0.0
2019-01-04,134.25999450683594,141.0800018310547,133.66000366210938,139.75,131.51206970214844,22845400,0.0,0.0
2019-01-07,140.5500030517578,144.0800018310547,139.00999450683594,143.10000610351562,134.66461181640625,17239000,0.0,0.0
2019-01-08,145.0,147.5500030517578,142.05999755859375,146.7899932861328,138.13706970214844,16487600,0.0,0.0
2019-01-09,149.88999938964844,153.35000610351562,148.5,151.9199981689453,142.9646759033203,20214100,0.0,0.0
2019-01-10,149.80999755859375,152.02999877929688,148.8800048828125,151.69000244140625,142.74826049804688,14221100,0.0,0.0
2019-01-11,151.8300018310547,153.3800048828125,150.13999938964844,151.32000732421875,142.40005493164062,9589400,0.0,0.0
2019-01-14,148.5,150.57000732421875,146.5399932861328,149.27000427246094,140.4709014892578,13356700,0.0,0.0
2019-01-15,150.67999267578125,154.1699981689453,149.96400451660156,150.8800048828125,141.98599243164062,15003100,0.0,0.0
2019-01-16,152.80999755859375,155.38999938964844,151.5,154.83999633789062,145.71255493164062,14810800,0.0,0.0
2019-01-17,152.11000061035156,158.5500030517578,151.89999389648438,155.97000122070312,146.77593994140625,16153200,0.0,0.0
2019-01-18,158.4499969482422,159.49000549316406,154.72999572753906,157.02000427246094,147.76406860351562,19611400,0.0,0.0
2019-01-22,154.39999389648438,155.44000244140625,150.20700073242188,152.14999389648438,143.18112182617188,21295000,0.0,0.0
2019-01-23,154.64999389648438,155.17999267578125,150.9499969482422,152.02999877929688,143.0681915283203,10195800,0.0,0.0
2019-01-24,151.47000122070312,156.0,151.2100067138672,155.86000061035156,146.6724395751953,10997900,0.0,0.0
2019-01-25,158.91000366210938,160.5,157.42999267578125,159.2100067138672,149.82496643066406,16451800,0.0,0.0
2019-01-28,157.8000030517578,159.69000244140625,155.3000030517578,158.9199981689453,149.5520477294922,10141100,0.0,0.0
2019-01-29,159.0399932861328,160.375,155.9199981689453,156.8800048828125,147.63230895996094,18348200,0.0,0.0
2019-01-30,161.2899932861328,167.83999633789062,160.5,166.82000732421875,156.9863739013672,36997700,0.0,0.0
2019-01-31,167.8000030517578,169.72999572753906,165.6999969482422,168.49000549316406,158.5579376220703,21219500,0.0,0.0
2019-02-01,168.0,169.39999389648438,167.6300048828125,167.97000122070312,158.06858825683594,10771500,0.0,0.0
2019-02-04,166.32000732421875,167.5500030517578,165.61000061035156,166.6999969482422,156.87342834472656,7380400,0.0,0.0
2019-02-05,168.5500030517578,171.9499969482422,168.0,171.8300018310547,161.7010498046875,12801800,0.0,0.0
2019-02-06,171.86000061035156,173.08999633789062,169.99000549316406,171.52000427246094,161.40931701660156,11267800,0.0,0.0
2019-02-07,169.16000366210938,169.61000061035156,164.33599853515625,166.9600067138672,157.11810302734375,11911100,0.0,0.0
2019-02-08,163.8300018310547,167.64999389648438,163.75,167.36000061035156,157.49452209472656,8331500,0.0,0.0
2019-02-11,168.85000610351562,170.3300018310547,167.4499969482422,167.4499969482422,157.57923889160156,7260300,0.0,0.0
2019-02-12,169.60000610351562,170.49000549316406,168.61000061035156,168.7100067138672,158.7649688720703,8594400,0.0,0.0
2019-02-13,169.91000366210938,171.0500030517578,168.99000549316406,169.39999389648438,159.41429138183594,8661800,0.0,0.0
2019-02-14,167.63999938964844,168.5,166.61000061035156,168.3800048828125,158.45440673828125,8722100,0.0,0.0
2019-02-15,168.61000061035156,168.77000427246094,165.41000366210938,166.14999389648438,156.35585021972656,12099500,0.0,0.0
2019-02-19,166.97999572753906,171.14999389648438,166.5,170.17999267578125,160.14830017089844,12982300,0.0,0.0
2019-02-20,171.0,172.67999267578125,170.61000061035156,170.7100067138672,160.64706420898438,12454900,0.0,0.0
2019-02-21,171.0,171.77999877929688,169.8000030517578,171.66000366210938,161.5410614013672,8434800,0.0,0.0
2019-02-22,172.8000030517578,177.02000427246094,172.52000427246094,176.9199981689453,166.49099731445312,16175600,0.0,0.0
2019-02-25,181.25999450683594,183.72000122070312,180.72999572753906,183.25,172.44786071777344,22831800,0.0,0.0
2019-02-26,179.7899932861328,184.35000610351562,179.3699951171875,183.5399932861328,172.72076416015625,13871000,0.0,0.0
2019-02-27,181.72000122070312,184.92999267578125,180.8800048828125,184.5800018310547,173.699462890625,16741600,0.0,0.0
2019-02-28,183.00999450683594,184.3000030517578,181.47000122070312,183.02999877929688,172.24081420898438,12370400,0.0,0.0
2019-03-01,185.08999633789062,186.89999389648438,183.3800048828125,183.8800048828125,173.04071044921875,14348500,0.0,0.0
2019-03-04,186.0,187.33999633789062,184.4600067138672,187.25,176.21206665039062,14761700,0.0,0.0
2019-03-05,186.94000244140625,188.0800018310547,185.0,185.0,174.09471130371094,11513200,0.0,0.0
2019-03-06,184.3800048828125,185.58999633789062,183.02000427246094,184.1699981689453,173.31362915039062,10009100,0.0,0.0
2019-03-07,180.91000366210938,181.8000030517578,176.72999572753906,177.32000732421875,166.867431640625,16488900,0.0,0.0
2019-03-08,171.56500244140625,175.35000610351562,171.56500244140625,175.02999877929688,164.71240234375,14674200,0.0,0.0
2019-03-11,177.8300018310547,181.72000122070312,177.5800018310547,180.41000366210938,169.7752685546875,13764000,0.0,0.0
2019-03-12,182.0399932861328,182.17999267578125,179.50999450683594,180.6300048828125,169.98231506347656,8660000,0.0,0.0
2019-03-13,180.72999572753906,182.53500366210938,179.25999450683594,180.6999969482422,170.04818725585938,8868200,0.0,0.0
2019-03-14,179.05999755859375,180.82000732421875,178.00999450683594,180.36000061035156,169.72821044921875,9272000,0.0,0.0
2019-03-15,180.66000366210938,181.4499969482422,179.66000366210938,180.97000122070312,170.30227661132812,10844100,0.0,0.0
2019-03-18,181.92999267578125,182.88999938964844,180.75999450683594,181.8300018310547,171.11155700683594,7847800,0.0,0.0
2019-03-19,181.6300048828125,183.36000061035156,180.85000610351562,182.13999938964844,171.40328979492188,10238600,0.0,0.0
2019-03-20,180.94000244140625,181.9499969482422,178.42999267578125,181.27999877929688,170.59397888183594,15901500,0.0,0.0
2019-03-21,178.9499969482422,181.72999572753906,178.52000427246094,181.5,170.80101013183594,9754500,0.0,0.0
2019-03-22,179.77000427246094,180.47999572753906,175.33599853515625,176.25999450683594,165.86988830566406,11688400,0.0,0.0
2019-03-25,174.3300018310547,178.89999389648438,174.10000610351562,178.77000427246094,168.23193359375,7511400,0.0,0.0
2019-03-26,179.6999969482422,180.64999389648438,177.09500122070312,178.0800018310547,167.58261108398438,7897900,0.0,0.0
2019-03-27,177.6999969482422,179.8300018310547,176.91299438476562,177.02999877929688,166.59451293945312,8371000,0.0,0.0
2019-03-28,177.47000122070312,178.52999877929688,175.97000122070312,177.72999572753906,167.2532501220703,7146800,0.0,0.0
2019-03-29,180.72999572753906,182.60000610351562,179.0,182.4499969482422,171.6950225830078,13850900,0.0,0.0
2019-04-01,185.08999633789062,185.55999755859375,180.88999938964844,180.88999938964844,170.22698974609375,12714800,0.0,0.0
2019-04-02,181.4600067138672,183.56300354003906,180.9499969482422,181.74000549316406,171.02688598632812,8021500,0.0,0.0
2019-04-03,179.50999450683594,180.6999969482422,176.75999450683594,178.32000732421875,167.80848693847656,26811600,0.0,0.0
2019-04-04,177.0399932861328,181.9600067138672,176.88999938964844,181.07000732421875,170.3963623046875,16993200,0.0,0.0
2019-04-05,182.50999450683594,185.5,182.0,185.35000610351562,174.424072265625,18705000,0.0,0.0
2019-04-08,184.19000244140625,187.82000732421875,184.00999450683594,186.5,175.5062713623047,14725600,0.0,0.0
2019-04-09,186.49000549316406,187.88999938964844,186.16000366210938,187.19000244140625,176.15560913085938,11578200,0.0,0.0
2019-04-10,186.69000244140625,187.39999389648438,184.0,186.19000244140625,175.2145538330078,10655000,0.0,0.0
2019-04-11,185.14999389648438,186.05999755859375,183.75,184.97999572753906,174.0758819580078,8900300,0.0,0.0
2019-04-12,187.7100067138672,189.7899932861328,187.13999938964844,188.91000366210938,177.7742156982422,12600000,0.0,0.0
2019-04-15,188.05999755859375,188.1699981689453,182.55999755859375,183.07000732421875,172.2784881591797,14616600,0.0,0.0
2019-04-16,185.5500030517578,185.7899932861328,183.39999389648438,185.77999877929688,174.82872009277344,12195900,0.0,0.0
2019-04-17,187.33999633789062,188.1999969482422,185.77999877929688,187.5500030517578,176.494384765625,11614200,0.0,0.0
2019-04-18,186.41000366210938,187.27999877929688,185.38999938964844,186.94000244140625,175.9203338623047,7882500,0.0,0.0
2019-04-22,184.5,186.47000122070312,183.61000061035156,185.3800048828125,174.45230102539062,8677800,0.0,0.0
2019-04-23,186.0,188.14999389648438,185.44000244140625,187.2899932861328,176.24969482421875,11410600,0.0,0.0
2019-04-24,186.75999450683594,186.89999389648438,184.5800018310547,185.6699981689453,174.72518920898438,9085300,0.0,0.0
2019-04-25,185.24000549316406,188.1300048828125,183.9550018310547,187.8800048828125,176.804931640625,10328900,0.0,0.0
2019-04-26,187.8800048828125,188.74000549316406,185.50999450683594,187.08999633789062,176.06149291992188,9421100,0.0,0.0
2019-04-29,187.4199981689453,188.0,185.75999450683594,186.94000244140625,175.9203338623047,8660600,0.0,0.0
2019-04-30,186.3000030517578,188.25,183.82000732421875,185.57000732421875,174.63111877441406,15076500,0.0,0.0
2019-05-01,186.75,193.19500732421875,185.8800048828125,189.30999755859375,178.150634765625,17397500,0.0,0.0
2019-05-02,189.4199981689453,192.6999969482422,186.64999389648438,190.38999938964844,179.16696166992188,11468100,0.0,0.0
2019-05-03,191.8800048828125,195.72000122070312,191.8800048828125,195.2100067138672,183.70285034179688,14521100,0.0,0.0
2019-05-06,185.1699981689453,189.0,184.8300018310547,188.24000549316406,177.14369201660156,23941200,0.0,0.0
2019-05-07,186.0500030517578,186.4499969482422,179.6300048828125,181.42999267578125,170.73513793945312,22663200,0.0,0.0
2019-05-08,180.9499969482422,183.1999969482422,178.5800018310547,179.58999633789062,169.00360107421875,16611100,0.0,0.0
2019-05-09,175.42999267578125,180.69500732421875,173.07000732421875,179.0399932861328,168.4860076904297,22727800,0.0,0.0
2019-05-10,180.17999267578125,180.7899932861328,174.10000610351562,178.0,167.50733947753906,18987000,0.0,0.0
2019-05-13,169.7899932861328,172.47000122070312,168.77999877929688,170.00999450683594,159.9883270263672,22330700,0.0,0.0
2019-05-14,172.75,175.14999389648438,171.47999572753906,174.83999633789062,164.53359985351562,17874100,0.0,0.0
2019-05-15,177.05999755859375,180.24000549316406,173.3209991455078,177.60000610351562,167.13092041015625,37610400,0.0,0.0
2019-05-16,178.17999267578125,178.25,174.75,175.57000732421875,165.2205810546875,20579200,0.0,0.0
2019-05-17,171.69000244140625,172.2899932861328,168.49000549316406,169.57000732421875,159.57427978515625,22539400,0.0,0.0
2019-05-20,164.44000244140625,164.57000732421875,160.02000427246094,160.64999389648438,151.18006896972656,33413800,0.0,0.0
2019-05-21,163.16000366210938,165.58999633789062,162.52000427246094,163.42999267578125,153.7961883544922,22006100,0.0,0.0
2019-05-22,162.41000366210938,162.82000732421875,158.07000732421875,158.8300018310547,149.4673614501953,25831200,0.0,0.0
2019-05-23,155.4499969482422,158.47999572753906,154.41000366210938,156.0,146.80416870117188,26891900,0.0,0.0
2019-05-24,157.61500549316406,158.42999267578125,154.89999389648438,155.0,145.86312866210938,21489700,0.0,0.0
2019-05-28,156.39999389648438,157.07000732421875,153.22000122070312,154.80999755859375,145.684326171875,38603000,0.0,0.0
2019-05-29,153.5800018310547,154.38499450683594,150.7100067138672,152.47999572753906,143.49166870117188,30073100,0.0,0.0
2019-05-30,152.36000061035156,153.3699951171875,150.25,151.07000732421875,142.16481018066406,17344700,0.0,0.0
2019-05-31,149.6300048828125,150.67999267578125,147.9499969482422,149.25999450683594,140.46148681640625,26881200,0.0,0.0
2019-06-03,149.60000610351562,151.77000427246094,148.84500122070312,149.91000366210938,141.0731658935547,25254400,0.0,0.0
2019-06-04,151.55999755859375,155.1999969482422,150.63999938964844,154.14999389648438,145.06321716308594,27417200,0.0,0.0
2019-06-05,155.1699981689453,156.11000061035156,149.30999755859375,151.64999389648438,142.71058654785156,23208600,0.0,0.0
2019-06-06,152.0,152.6999969482422,150.57000732421875,151.5,142.5694580078125,15763000,0.0,0.0
2019-06-07,152.9499969482422,155.69000244140625,152.21400451660156,154.22999572753906,145.13851928710938,17817800,0.0,0.0
2019-06-10,158.77999877929688,161.97999572753906,157.39999389648438,159.85000610351562,150.42724609375,36473300,0.0,0.0
2019-06-11,164.1999969482422,165.67999267578125,161.9250030517578,162.64999389648438,153.0621795654297,23408400,0.0,0.0
2019-06-12,160.47000122070312,161.6999969482422,158.80999755859375,160.0399932861328,150.6060333251953,16329300,0.0,0.0
2019-06-13,160.5500030517578,161.32000732421875,159.8000030517578,160.3300018310547,150.87892150878906,17571400,0.0,0.0
2019-06-14,158.3699951171875,158.7100067138672,157.22999572753906,158.10000610351562,148.7803955078125,14981600,0.0,0.0
2019-06-17,157.52999877929688,160.5500030517578,157.4199981689453,159.91000366210938,150.4836883544922,16079800,0.0,0.0
2019-06-18,162.88999938964844,169.11000061035156,161.9499969482422,165.50999450683594,155.7535858154297,35754800,0.0,0.0
2019-06-19,167.77000427246094,167.89999389648438,163.4199981689453,165.4600067138672,155.70654296875,20798100,0.0,0.0
2019-06-20,170.19000244140625,170.47999572753906,166.27499389648438,168.25,158.33206176757812,24004700,0.0,0.0
2019-06-21,167.47999572753906,169.4709930419922,166.77000427246094,167.5500030517578,157.67332458496094,17415800,0.0,0.0
2019-06-24,168.39999389648438,168.8800048828125,165.77999877929688,168.10000610351562,158.19093322753906,18422600,0.0,0.0
2019-06-25,167.0399932861328,167.33999633789062,164.6199951171875,165.8000030517578,156.02650451660156,20439200,0.0,0.0
2019-06-26,168.27999877929688,171.24000549316406,168.14999389648438,168.99000549316406,159.0284423828125,22416400,0.0,0.0
2019-06-27,170.6199951171875,171.97999572753906,169.3800048828125,170.89999389648438,160.8258514404297,18349400,0.0,0.0
2019-06-28,170.1999969482422,170.88999938964844,167.9600067138672,169.4499969482422,159.46133422851562,19974300,0.0,0.0
2019-07-01,175.86500549316406,177.9499969482422,174.36000061035156,175.0500030517578,164.73123168945312,25846800,0.0,0.0
2019-07-02,175.1300048828125,175.5500030517578,174.25,175.4499969482422,165.10765075683594,14155200,0.0,0.0
2019-07-03,175.69000244140625,175.85000610351562,173.85000610351562,174.6699981689453,164.37364196777344,8532600,0.0,0.0
2019-07-05,173.75,173.82000732421875,172.82000732421875,173.3000030517578,163.0843963623047,12618600,0.0,0.0
2019-07-08,170.08999633789062,170.27999877929688,168.35000610351562,168.4499969482422,158.52029418945312,16531000,0.0,0.0
2019-07-09,167.0850067138672,168.97999572753906,166.5,168.8000030517578,158.84963989257812,15782800,0.0,0.0
2019-07-10,171.24000549316406,171.3699951171875,166.86000061035156,166.92999267578125,157.08987426757812,16675600,0.0,0.0
2019-07-11,167.55999755859375,168.4239959716797,165.0,166.5500030517578,156.73228454589844,14796400,0.0,0.0
2019-07-12,168.0,170.1999969482422,167.64999389648438,169.07000732421875,159.10374450683594,18103600,0.0,0.0
2019-07-15,171.5,173.75,170.4199981689453,173.5,163.27259826660156,22199000,0.0,0.0
2019-07-16,174.1999969482422,175.52000427246094,173.4600067138672,174.19000244140625,163.92193603515625,19039700,0.0,0.0
2019-07-17,172.75,176.22000122070312,172.49000549316406,174.82000732421875,164.51478576660156,15031600,0.0,0.0
2019-07-18,173.41000366210938,174.39999389648438,172.05999755859375,172.8000030517578,162.61386108398438,15603800,0.0,0.0
2019-07-19,174.8699951171875,175.14999389648438,172.99000549316406,172.99000549316406,162.79266357421875,13647200,0.0,0.0
2019-07-22,173.5,174.27999877929688,171.43699645996094,174.0,163.7431182861328,18490900,0.0,0.0
2019-07-23,175.38999938964844,178.63999938964844,174.84500122070312,178.08999633789062,167.592041015625,20881500,0.0,0.0
2019-07-24,178.0,178.9600067138672,176.93800354003906,178.6699981689453,168.1378173828125,14933100,0.0,0.0
2019-07-25,178.49000549316406,179.14999389648438,175.36900329589844,177.2899932861328,166.83917236328125,14049000,0.0,0.0
2019-07-26,178.25,179.39999389648438,176.8800048828125,178.74000549316406,168.20372009277344,15281000,0.0,0.0
2019-07-29,178.42999267578125,179.8800048828125,175.35000610351562,177.02000427246094,166.58509826660156,15130300,0.0,0.0
2019-07-30,174.25,175.7100067138672,172.88999938964844,174.10000610351562,163.8372344970703,14300600,0.0,0.0
2019-07-31,173.7100067138672,174.88999938964844,170.08999633789062,173.11000061035156,162.9055938720703,14628900,0.0,0.0
2019-08-01,174.5399932861328,175.71499633789062,162.10000610351562,165.64999389648438,155.8853302001953,32728200,0.0,0.0
2019-08-02,162.55999755859375,163.85000610351562,160.35000610351562,161.0,151.5094451904297,27104700,0.0,0.0
2019-08-05,155.02999877929688,157.22999572753906,151.85000610351562,153.6699981689453,144.61154174804688,28912600,0.0,0.0
2019-08-06,158.47999572753906,158.72999572753906,156.11000061035156,157.42999267578125,148.14987182617188,24996300,0.0,0.0
2019-08-07,155.72999572753906,159.47999572753906,155.3000030517578,159.1699981689453,149.78732299804688,17917400,0.0,0.0
2019-08-08,161.7100067138672,162.3000030517578,159.1199951171875,162.22000122070312,152.6575164794922,19267700,0.0,0.0
2019-08-09,160.97999572753906,161.99000549316406,159.11000061035156,159.1199951171875,149.74026489257812,11894300,0.0,0.0
2019-08-12,157.5,159.36000061035156,155.5399932861328,159.30999755859375,149.9190673828125,13566900,0.0,0.0
2019-08-13,160.63999938964844,167.36000061035156,159.57000732421875,164.02999877929688,154.36083984375,22842900,0.0,0.0
2019-08-14,161.33999633789062,163.0,159.2100067138672,162.05999755859375,152.50694274902344,20803700,0.0,0.0
2019-08-15,170.11000061035156,171.0,164.36000061035156,166.97000122070312,157.12753295898438,36343500,0.0,0.0
2019-08-16,170.0,177.5500030517578,168.57000732421875,174.60000610351562,164.30775451660156,25952500,0.0,0.0
2019-08-19,177.42999267578125,178.8000030517578,175.58999633789062,178.27999877929688,167.7708282470703,16012800,0.0,0.0
2019-08-20,175.91000366210938,177.99000549316406,175.6199951171875,177.2100067138672,166.76390075683594,10338100,0.0,0.0
2019-08-21,177.22000122070312,178.5,174.88999938964844,175.24000549316406,164.9100341796875,10615700,0.0,0.0
2019-08-22,174.10000610351562,174.97999572753906,170.5,171.91000366210938,161.7763214111328,11568900,0.0,0.0
2019-08-23,169.69000244140625,171.49000549316406,163.83099365234375,164.5399932861328,154.8407745361328,20871500,0.0,0.0
2019-08-26,166.49000549316406,167.4499969482422,165.52999877929688,165.89999389648438,156.12057495117188,8640500,0.0,0.0
2019-08-27,167.1999969482422,168.19000244140625,165.19000244140625,166.1999969482422,156.40292358398438,12777600,0.0,0.0
2019-08-28,164.63999938964844,168.0,164.1999969482422,167.47999572753906,157.60745239257812,9507400,0.0,0.0
2019-08-29,171.0,173.9600067138672,170.9499969482422,172.80999755859375,162.62326049804688,11565400,0.0,0.0
2019-08-30,174.35000610351562,175.25,172.66000366210938,175.02999877929688,164.71240234375,10293400,0.0,0.0
2019-09-03,173.0,174.72000122070312,172.14999389648438,172.41000366210938,162.24684143066406,8499300,0.0,0.0
2019-09-04,176.25999450683594,176.5500030517578,173.99000549316406,174.3300018310547,164.0536651611328,7208900,0.0,0.0
2019-09-05,176.8800048828125,178.9499969482422,176.52000427246094,178.94000244140625,168.3919219970703,11154300,0.0,0.0
2019-09-06,179.00999450683594,179.22000122070312,176.2100067138672,176.69000244140625,166.27455139160156,8304000,0.0,0.0
2019-09-09,177.8800048828125,177.99000549316406,175.86000061035156,177.77999877929688,167.30030822753906,6931700,0.0,0.0
2019-09-10,176.27999877929688,176.3000030517578,172.22000122070312,174.99000549316406,164.6747589111328,9835000,0.0,0.0
2019-09-11,176.0,176.66000366210938,174.14999389648438,176.08999633789062,165.7099151611328,7039300,0.0,0.0
2019-09-12,177.88999938964844,180.5,177.0,178.24000549316406,167.73318481445312,12509400,0.0,0.0
2019-09-13,179.74000549316406,180.17999267578125,178.61000061035156,179.1699981689453,168.60836791992188,9479700,0.0,0.0
2019-09-16,177.75,179.1699981689453,175.3699951171875,177.07000732421875,166.6321563720703,10725100,0.0,0.0
2019-09-17,176.85000610351562,179.1199951171875,176.0500030517578,179.0,168.44839477539062,7481000,0.0,0.0
2019-09-18,179.14999389648438,180.1699981689453,177.5800018310547,180.0,169.3894500732422,9233300,0.0,0.0
2019-09-19,180.89999389648438,184.1300048828125,180.42999267578125,180.4600067138672,169.82232666015625,15119800,0.0,0.0
2019-09-20,182.30999755859375,183.82000732421875,178.83999633789062,182.50999450683594,171.75146484375,24517800,0.0,0.0
2019-09-23,181.25,181.3300018310547,176.8000030517578,176.97999572753906,166.54747009277344,14047400,0.0,0.0
2019-09-24,179.1699981689453,179.49000549316406,171.3000030517578,171.5500030517578,161.4375457763672,14324600,0.0,0.0
2019-09-25,172.3000030517578,176.99000549316406,171.72000122070312,176.66000366210938,166.24632263183594,11766400,0.0,0.0
2019-09-26,177.0,178.22999572753906,174.8300018310547,175.0,164.68418884277344,9982400,0.0,0.0
2019-09-27,176.0,176.5,163.14999389648438,165.97999572753906,156.1958770751953,33287500,0.0,0.0
2019-09-30,169.88699340820312,170.1999969482422,166.4499969482422,167.22999572753906,157.3721923828125,14866800,0.0,0.0
2019-10-01,168.00999450683594,168.22999572753906,163.63999938964844,165.14999389648438,155.414794921875,14155500,0.0,0.0
2019-10-02,162.82000732421875,166.8800048828125,161.89999389648438,165.77000427246094,155.99826049804688,11526500,0.0,0.0
2019-10-03,166.64999389648438,170.17999267578125,165.0,169.47999572753906,159.48956298828125,10305000,0.0,0.0
2019-10-04,169.60000610351562,170.6999969482422,167.55999755859375,170.33999633789062,160.29885864257812,8715200,0.0,0.0
2019-10-07,168.8300018310547,172.3000030517578,167.2100067138672,168.32000732421875,158.39796447753906,11993000,0.0,0.0
2019-10-08,164.3000030517578,165.22000122070312,161.67999267578125,161.92999267578125,152.38461303710938,15833100,0.0,0.0
2019-10-09,165.5,166.5800018310547,163.4199981689453,165.19000244140625,155.4524383544922,10943100,0.0,0.0
2019-10-10,165.9600067138672,168.57000732421875,164.08999633789062,166.07000732421875,156.28057861328125,11462400,0.0,0.0
2019-10-11,170.77000427246094,174.8800048828125,169.57000732421875,172.94000244140625,162.74560546875,19247400,0.0,0.0
2019-10-14,172.83999633789062,173.33999633789062,170.7899932861328,171.16000366210938,161.07054138183594,7667600,0.0,0.0
2019-10-15,172.91000366210938,176.75,172.69000244140625,175.2899932861328,164.95706176757812,13753000,0.0,0.0
2019-10-16,175.8000030517578,177.35000610351562,174.1199951171875,177.1199951171875,166.67919921875,10858700,0.0,0.0
2019-10-17,178.0,178.58999633789062,175.22999572753906,176.85000610351562,166.4251251220703,8020600,0.0,0.0
2019-10-18,176.0,176.22999572753906,169.0,169.1300048828125,159.16018676757812,14575700,0.0,0.0
2019-10-21,172.63999938964844,173.91000366210938,170.8699951171875,173.52000427246094,163.29141235351562,8970800,0.0,0.0
2019-10-22,174.52999877929688,175.36000061035156,169.25999450683594,169.88999938964844,159.87539672851562,10867100,0.0,0.0
2019-10-23,170.4499969482422,171.0399932861328,168.1199951171875,169.9199981689453,159.9036407470703,8853700,0.0,0.0
2019-10-24,171.27999877929688,172.75,170.2100067138672,172.5500030517578,162.3785858154297,7397700,0.0,0.0
2019-10-25,171.55999755859375,175.80999755859375,170.8800048828125,174.30999755859375,164.03485107421875,9891800,0.0,0.0
2019-10-28,176.5,179.63999938964844,176.41000366210938,178.67999267578125,168.14724731445312,11739600,0.0,0.0
2019-10-29,177.05999755859375,177.74000549316406,175.44000244140625,176.88999938964844,166.4627685546875,8026400,0.0,0.0
2019-10-30,175.4199981689453,177.8800048828125,173.93600463867188,177.52999877929688,167.0650177001953,10213200,0.0,0.0
2019-10-31,179.16000366210938,179.24000549316406,175.5,176.6699981689453,166.2557373046875,15119000,0.0,0.0
2019-11-01,179.00999450683594,182.1199951171875,176.05999755859375,176.4600067138672,166.05813598632812,28924100,0.0,0.0
2019-11-04,180.66000366210938,182.39999389648438,178.02000427246094,179.69000244140625,169.09771728515625,44541200,0.0,0.0
2019-11-05,181.4199981689453,183.1999969482422,180.30999755859375,182.0,171.2715606689453,23690200,0.0,0.0
2019-11-06,183.61000061035156,185.0,182.1999969482422,184.16000366210938,173.30421447753906,14834900,0.0,0.0
2019-11-07,187.07000732421875,188.07000732421875,184.69000244140625,186.66000366210938,175.65684509277344,20162600,0.0,0.0
2019-11-08,187.90199279785156,188.27999877929688,185.14999389648438,187.16000366210938,176.1273651123047,19718100,0.0,0.0
2019-11-11,184.82000732421875,187.1999969482422,181.3699951171875,186.7100067138672,175.7039031982422,20561500,0.0,0.0
2019-11-12,185.91000366210938,187.64999389648438,185.13999938964844,186.97000122070312,175.9485626220703,11797600,0.0,0.0
2019-11-13,185.47000122070312,185.6739959716797,181.0,182.47999572753906,171.72323608398438,14977700,0.0,0.0
2019-11-14,182.8699951171875,184.5,181.3209991455078,182.8000030517578,172.02438354492188,12712800,0.0,0.0
2019-11-15,184.0,185.60000610351562,183.7100067138672,185.49000549316406,174.5558319091797,11296400,0.0,0.0
2019-11-18,186.97999572753906,186.97999572753906,184.16000366210938,184.61000061035156,173.72769165039062,11822900,0.0,0.0
2019-11-19,186.30999755859375,186.7100067138672,183.8699951171875,185.25,174.3299560546875,13407200,0.0,0.0
2019-11-20,183.6699981689453,183.6999969482422,181.05999755859375,182.35000610351562,171.60092163085938,16684600,0.0,0.0
2019-11-21,181.77000427246094,184.88999938964844,181.60000610351562,184.86000061035156,173.96295166015625,10254700,0.0,0.0
2019-11-22,185.8000030517578,186.77999877929688,183.93499755859375,186.77999877929688,175.76976013183594,10541000,0.0,0.0
2019-11-25,188.32000732421875,190.72000122070312,187.8800048828125,190.4499969482422,179.2234344482422,19157700,0.0,0.0
2019-11-26,190.38999938964844,195.0,189.0399932861328,194.6999969482422,183.22291564941406,51832300,0.0,0.0
2019-11-27,197.24000549316406,200.97999572753906,197.0,200.82000732421875,188.98216247558594,33040500,0.0,0.0
2019-11-29,199.80999755859375,200.42999267578125,198.35000610351562,200.0,188.21047973632812,18593100,0.0,0.0
2019-12-02,198.5800018310547,198.6699981689453,193.50999450683594,196.30999755859375,184.7379913330078,19357700,0.0,0.0
2019-12-03,190.97000122070312,195.0,189.85000610351562,194.89999389648438,183.41111755371094,18355300,0.0,0.0
2019-12-04,195.52999877929688,196.66000366210938,193.22999572753906,193.74000549316406,182.3195037841797,14849300,0.0,0.0
2019-12-05,196.92999267578125,200.94000244140625,196.42999267578125,200.0,188.21047973632812,22290200,0.0,0.0
2019-12-06,201.11000061035156,202.0,199.50999450683594,201.88999938964844,189.9890594482422,14087300,0.0,0.0
2019-12-09,200.32000732421875,203.42999267578125,198.5500030517578,198.74000549316406,187.02476501464844,14258100,0.0,0.0
2019-12-10,200.7100067138672,202.47999572753906,199.22999572753906,200.4499969482422,188.6339569091797,11623900,0.0,0.0
2019-12-11,201.10000610351562,204.8000030517578,200.72000122070312,204.63999938964844,192.57696533203125,11760000,0.0,0.0
2019-12-12,203.7100067138672,206.0,202.0,204.5,192.44522094726562,22448600,0.0,0.0
2019-12-13,205.75999450683594,207.10000610351562,203.77000427246094,204.91000366210938,192.8310546875,19270400,0.0,0.0
2019-12-16,206.3300018310547,209.14999389648438,206.19000244140625,206.97000122070312,194.76962280273438,16734300,0.0,0.0
2019-12-17,208.69000244140625,208.8699951171875,206.82000732421875,208.17999267578125,195.90829467773438,11287600,0.0,0.0
2019-12-18,208.52999877929688,210.0500030517578,208.0399932861328,210.0,197.62100219726562,13481800,0.0,0.0
2019-12-19,209.61000061035156,211.3699951171875,209.22999572753906,210.1300048828125,197.74334716796875,12167300,0.0,0.0
2019-12-20,211.35000610351562,213.97999572753906,210.4199981689453,212.25,199.73838806152344,26670000,0.0,0.0
2019-12-23,213.25,215.0500030517578,212.91000366210938,214.8300018310547,202.16629028320312,12535000,0.0,0.0
2019-12-24,215.00999450683594,215.42999267578125,213.35000610351562,214.25999450683594,201.62989807128906,5523000,0.0,0.0
2019-12-26,214.64999389648438,216.99000549316406,214.3300018310547,216.3800048828125,203.6249237060547,6907100,0.0,0.0
2019-12-27,217.99000549316406,218.11000061035156,215.1699981689453,215.47000122070312,202.7685546875,11674200,0.0,0.0
2019-12-30,215.77999877929688,215.77999877929688,211.75999450683594,212.91000366210938,200.35948181152344,8732600,0.0,0.0
2019-12-31,212.0,213.63999938964844,210.72999572753906,212.10000610351562,199.59722900390625,6773600,0.0,0.0
2020-01-02,216.60000610351562,219.97999572753906,216.5399932861328,219.77000427246094,206.81507873535156,15873500,0.0,0.0
2020-01-03,216.35000610351562,218.2030029296875,216.00999450683594,217.0,204.20835876464844,8604500,0.0,0.0
2020-01-06,214.88999938964844,217.16000366210938,214.08999633789062,216.63999938964844,203.86959838867188,11885500,0.0,0.0
2020-01-07,217.63999938964844,218.94000244140625,216.69000244140625,217.6300048828125,204.80125427246094,9388000,0.0,0.0
2020-01-08,216.60000610351562,220.64999389648438,216.32000732421875,218.0,205.14942932128906,11959100,0.0,0.0
2020-01-09,221.5,223.0800018310547,220.82000732421875,221.77999877929688,208.70660400390625,13122500,0.0,0.0
2020-01-10,223.89999389648438,225.9600067138672,222.06100463867188,223.8300018310547,210.63577270507812,12296000,0.0,0.0
2020-01-13,228.80999755859375,231.13999938964844,227.0399932861328,230.47999572753906,216.8937530517578,17544800,0.0,0.0
2020-01-14,230.0500030517578,230.1750030517578,224.8800048828125,226.49000549316406,213.13897705078125,17266900,0.0,0.0
2020-01-15,226.64999389648438,227.82000732421875,224.38999938964844,225.05999755859375,211.7932586669922,10743400,0.0,0.0
2020-01-16,226.3000030517578,226.3300018310547,222.72999572753906,223.94000244140625,210.73928833007812,13700500,0.0,0.0
2020-01-17,225.89999389648438,228.0,225.35000610351562,227.42999267578125,214.02354431152344,12956200,0.0,0.0
2020-01-21,222.4499969482422,222.60000610351562,220.72999572753906,222.25999450683594,209.15829467773438,15831100,0.0,0.0
2020-01-22,224.69000244140625,225.5800018310547,222.0,222.3699951171875,209.26182556152344,10059600,0.0,0.0
2020-01-23,217.92999267578125,220.1300048828125,216.77000427246094,219.1300048828125,206.21282958984375,18519900,0.0,0.0
2020-01-24,218.49000549316406,219.8300018310547,211.3249969482422,213.75,201.14996337890625,18143900,0.0,0.0
2020-01-27,201.22000122070312,208.02000427246094,199.5,205.47000122070312,193.35804748535156,24574700,0.0,0.0
2020-01-28,209.74000549316406,210.91000366210938,207.1699981689453,210.22999572753906,197.8374481201172,16196700,0.0,0.0
2020-01-29,212.55999755859375,213.97999572753906,209.52000427246094,212.02000427246094,199.52194213867188,12871900,0.0,0.0
2020-01-30,207.8800048828125,209.86000061035156,205.02999877929688,208.5800018310547,196.2847137451172,14376000,0.0,0.0
2020-01-31,206.5,207.92999267578125,204.72799682617188,206.58999633789062,194.4120330810547,18181400,0.0,0.0
2020-02-03,208.6699981689453,215.02000427246094,208.6699981689453,213.10000610351562,200.5382843017578,14118800,0.0,0.0
2020-02-04,221.35000610351562,224.3800048828125,220.49000549316406,222.8800048828125,209.74176025390625,16695100,0.0,0.0
2020-02-05,226.52000427246094,226.6999969482422,217.5399932861328,220.22000122070312,207.23855590820312,15766100,0.0,0.0
2020-02-06,223.1300048828125,223.64999389648438,219.77999877929688,220.89999389648438,207.8784637451172,10790800,0.0,0.0
2020-02-07,217.4600067138672,217.83999633789062,214.8800048828125,216.52999877929688,203.76608276367188,13790300,0.0,0.0
2020-02-10,213.5,215.77000427246094,212.1999969482422,215.77000427246094,203.05088806152344,17420300,0.0,0.0
2020-02-11,219.91000366210938,220.00999450683594,215.2899932861328,217.2100067138672,204.40602111816406,16073500,0.0,0.0
2020-02-12,221.1300048828125,225.52000427246094,220.2100067138672,224.30999755859375,211.08746337890625,18671900,0.0,0.0
2020-02-13,220.0,225.0,218.99000549316406,220.36000061035156,207.3703155517578,28069700,0.0,0.0
2020-02-14,221.10000610351562,221.63999938964844,218.22999572753906,219.6300048828125,206.683349609375,10690000,0.0,0.0
2020-02-18,218.5500030517578,220.85000610351562,217.50999450683594,220.52000427246094,207.52088928222656,12987000,0.0,0.0
2020-02-19,221.52000427246094,223.55999755859375,220.75,222.13999938964844,209.04539489746094,10798100,0.0,0.0
2020-02-20,222.5,222.5,214.22000122070312,218.0399932861328,205.18704223632812,14950100,0.0,0.0
2020-02-21,217.5399932861328,217.60000610351562,211.55999755859375,212.58999633789062,200.05833435058594,17681200,0.0,0.0
2020-02-24,203.5500030517578,207.27999877929688,202.50999450683594,206.16000366210938,194.00738525390625,19380200,0.0,0.0
2020-02-25,208.50999450683594,209.9499969482422,204.10000610351562,205.61000061035156,193.4897918701172,18132400,0.0,0.0
2020-02-26,206.8000030517578,213.0800018310547,206.7899932861328,208.74000549316406,196.43528747558594,19482100,0.0,0.0
2020-02-27,205.00999450683594,209.97000122070312,201.86000061035156,205.02999877929688,192.94398498535156,22741200,0.0,0.0
2020-02-28,198.97999572753906,208.9199981689453,198.56100463867188,208.0,195.73890686035156,31251100,0.0,0.0
2020-03-02,208.58999633789062,211.11000061035156,203.75599670410156,210.97999572753906,198.54324340820312,21542200,0.0,0.0
2020-03-03,211.0800018310547,211.38999938964844,202.24000549316406,207.41000366210938,195.18368530273438,20813800,0.0,0.0
2020-03-04,209.49000549316406,212.6999969482422,208.85000610351562,211.9600067138672,199.46548461914062,12474400,0.0,0.0
2020-03-05,210.0,215.14999389648438,209.13999938964844,211.4600067138672,198.9949493408203,13462900,0.0,0.0
2020-03-06,206.6999969482422,207.0,201.10000610351562,204.63999938964844,192.57696533203125,21700500,0.0,0.0
2020-03-09,195.6199951171875,199.88999938964844,193.92999267578125,197.66000366210938,186.00843811035156,25502600,0.0,0.0
2020-03-10,205.52999877929688,207.4499969482422,200.8000030517578,206.38999938964844,194.22381591796875,19022600,0.0,0.0
2020-03-11,201.64999389648438,203.10000610351562,196.11000061035156,198.91000366210938,187.1847381591797,18908200,0.0,0.0
2020-03-12,186.5,190.48699951171875,183.92999267578125,185.10000610351562,174.18881225585938,30247100,0.0,0.0
2020-03-13,194.89999389648438,195.99000549316406,187.80999755859375,194.0,182.5641632080078,23650500,0.0,0.0
2020-03-16,176.14999389648438,188.0,174.5,178.85000610351562,168.30722045898438,26628500,0.0,0.0
2020-03-17,181.25999450683594,189.38999938964844,179.69000244140625,184.80999755859375,173.91590881347656,19276500,0.0,0.0
2020-03-18,176.0,182.41000366210938,170.0,180.0,169.3894500732422,22054200,0.0,0.0
2020-03-19,179.25999450683594,187.25,177.38999938964844,180.8800048828125,170.21755981445312,20905700,0.0,0.0
2020-03-20,187.74000549316406,188.3000030517578,180.0,181.3000030517578,170.61282348632812,21006100,0.0,0.0
2020-03-23,175.27000427246094,178.5,169.9499969482422,176.33999633789062,165.94517517089844,22554700,0.0,0.0
2020-03-24,183.08999633789062,188.8000030517578,181.17999267578125,185.75,174.8004913330078,20801500,0.0,0.0
2020-03-25,185.82000732421875,195.19000244140625,184.51499938964844,188.55999755859375,177.44483947753906,19605200,0.0,0.0
2020-03-26,188.63999938964844,196.32000732421875,187.60000610351562,195.32000732421875,183.80636596679688,15416800,0.0,0.0
2020-03-27,189.97000122070312,192.74000549316406,188.0,188.58999633789062,177.4730682373047,13376400,0.0,0.0
2020-03-30,187.47999572753906,191.47999572753906,187.00999450683594,191.27000427246094,179.99508666992188,12254400,0.0,0.0
2020-03-31,192.0,196.7899932861328,190.60000610351562,194.47999572753906,183.015869140625,19084800,0.0,0.0
2020-04-01,189.5,192.8699951171875,185.0399932861328,187.55999755859375,176.5037841796875,17948600,0.0,0.0
2020-04-02,186.0800018310547,191.3000030517578,185.69200134277344,188.89999389648438,177.76480102539062,13412100,0.0,0.0
2020-04-03,190.1199951171875,190.5500030517578,185.41000366210938,187.11000061035156,176.080322265625,9483100,0.0,0.0
2020-04-06,194.74000549316406,196.8800048828125,192.6999969482422,196.4499969482422,184.86973571777344,13248700,0.0,0.0
2020-04-07,200.0500030517578,201.4499969482422,197.0500030517578,198.0,186.32838439941406,14934500,0.0,0.0
2020-04-08,198.33999633789062,198.86000061035156,193.88400268554688,195.97999572753906,184.4274444580078,13608000,0.0,0.0
2020-04-09,198.64999389648438,200.35000610351562,193.39999389648438,196.3699951171875,184.79446411132812,17821300,0.0,0.0
2020-04-13,197.39999389648438,200.3249969482422,195.52999877929688,199.44000244140625,187.68350219726562,16117900,0.0,0.0
2020-04-14,204.9499969482422,207.97000122070312,204.25,204.77999877929688,192.70870971679688,16757100,0.0,0.0
2020-04-15,204.77000427246094,209.14999389648438,201.30999755859375,208.1699981689453,195.8988800048828,10768100,0.0,0.0
2020-04-16,210.52999877929688,213.25,209.1199951171875,212.66000366210938,200.1241912841797,16353800,0.0,0.0
2020-04-17,214.97999572753906,214.97999572753906,208.8509979248047,209.5,197.15048217773438,13558500,0.0,0.0
2020-04-20,209.8699951171875,216.10000610351562,209.36000061035156,212.1300048828125,199.62545776367188,19295400,0.0,0.0
2020-04-21,209.89999389648438,212.1300048828125,205.02999877929688,207.33999633789062,195.11781311035156,14107600,0.0,0.0
2020-04-22,212.0,212.0,209.2100067138672,209.9600067138672,197.5833740234375,13471100,0.0,0.0
2020-04-23,210.24000549316406,210.55999755859375,203.4600067138672,205.24000549316406,193.1416015625,20424000,0.0,0.0
2020-04-24,205.88999938964844,206.5,202.82000732421875,204.36000061035156,192.3134765625,14673900,0.0,0.0
2020-04-27,207.5500030517578,207.77999877929688,202.02999877929688,203.69000244140625,191.6829833984375,17286800,0.0,0.0
2020-04-28,204.80999755859375,205.19000244140625,199.40699768066406,201.14999389648438,189.29269409179688,17203800,0.0,0.0
2020-04-29,202.92999267578125,207.0800018310547,202.50999450683594,206.6999969482422,194.51553344726562,19117800,0.0,0.0
2020-04-30,206.25,206.6999969482422,199.2899932861328,202.6699981689453,190.72308349609375,20107400,0.0,0.0
2020-05-01,195.75,197.3800048828125,192.86000061035156,194.47999572753906,183.015869140625,22276200,0.0,0.0
2020-05-04,194.75999450683594,195.0,189.52999877929688,191.14999389648438,179.88217163085938,25709400,0.0,0.0
2020-05-05,196.3800048828125,198.27000427246094,194.1999969482422,195.02000427246094,183.52403259277344,22957200,0.0,0.0
2020-05-06,197.6699981689453,198.91000366210938,194.92999267578125,195.1699981689453,183.6652069091797,18598900,0.0,0.0
2020-05-07,198.0,198.08999633789062,194.77999877929688,196.49000549316406,184.9073944091797,16164600,0.0,0.0
2020-05-08,199.8000030517578,203.02000427246094,198.67999267578125,201.19000244140625,189.33033752441406,23819700,0.0,0.0
2020-05-11,202.77999877929688,206.63999938964844,202.3800048828125,205.39999389648438,193.2921600341797,17920700,0.0,0.0
2020-05-12,206.9499969482422,208.0500030517578,200.02000427246094,200.30999755859375,188.50221252441406,17826800,0.0,0.0
2020-05-13,203.6199951171875,204.67999267578125,197.97999572753906,199.4600067138672,187.7023162841797,22429700,0.0,0.0
2020-05-14,195.5,201.77000427246094,194.02999877929688,201.3000030517578,189.43385314941406,20025900,0.0,0.0
2020-05-15,200.6999969482422,204.49000549316406,200.10000610351562,203.67999267578125,191.6735382080078,17209500,0.0,0.0
2020-05-18,212.5,215.47000122070312,210.3699951171875,215.27999877929688,202.5897674560547,23556600,0.0,0.0
2020-05-19,216.72999572753906,220.58999633789062,215.19000244140625,217.1999969482422,204.39659118652344,21438100,0.0,0.0
2020-05-20,220.0,221.15699768066406,210.5800018310547,216.7899932861328,204.0107421875,38324100,0.0,0.0
2020-05-21,211.2899932861328,214.5800018310547,209.52999877929688,212.16000366210938,199.65370178222656,29850700,0.0,0.0
2020-05-22,203.22999572753906,204.8800048828125,198.99000549316406,199.6999969482422,187.92816162109375,51979300,0.0,0.0
2020-05-26,205.94000244140625,206.8000030517578,201.0,201.72000122070312,189.8291015625,28683200,0.0,0.0
2020-05-27,202.99000549316406,202.99000549316406,196.75,201.17999267578125,189.3209228515625,23605400,0.0,0.0
2020-05-28,199.0,202.3699951171875,197.6199951171875,199.49000549316406,187.73056030273438,18763200,0.0,0.0
2020-05-29,200.0,207.8800048828125,196.6999969482422,207.38999938964844,195.1648712158203,43179500,0.0,0.0
2020-06-01,205.89999389648438,207.1999969482422,203.94000244140625,206.57000732421875,194.39320373535156,16169700,0.0,0.0
2020-06-02,207.2100067138672,214.57000732421875,207.1699981689453,214.3300018310547,201.69577026367188,22485800,0.0,0.0
2020-06-03,215.60000610351562,218.97000122070312,213.75,218.61000061035156,205.72348022460938,19999500,0.0,0.0
2020-06-04,217.27999877929688,220.0,216.32000732421875,218.0399932861328,205.18704223632812,14962400,0.0,0.0
2020-06-05,220.0,220.58999633789062,218.6999969482422,219.5500030517578,206.60806274414062,11983200,0.0,0.0
2020-06-08,219.60000610351562,220.39999389648438,215.3300018310547,219.0,206.09048461914062,12731200,0.0,0.0
2020-06-09,216.30999755859375,220.72000122070312,216.1999969482422,220.72000122070312,207.7091064453125,14140100,0.0,0.0
2020-06-10,222.0,225.0,220.60000610351562,223.67999267578125,210.49459838867188,13372400,0.0,0.0
2020-06-11,218.0,219.9499969482422,213.55999755859375,215.24000549316406,202.5521240234375,15560300,0.0,0.0
2020-06-12,218.5,219.5,213.8800048828125,217.63999938964844,204.81065368652344,12716500,0.0,0.0
2020-06-15,214.11000061035156,217.72000122070312,212.75,217.02999877929688,204.23660278320312,17419900,0.0,0.0
2020-06-16,221.0,224.83999633789062,220.10000610351562,222.6199951171875,209.49708557128906,17212400,0.0,0.0
2020-06-17,224.39999389648438,225.0,222.5,224.25,211.031005859375,12486700,0.0,0.0
2020-06-18,223.74000549316406,226.02999877929688,222.9199981689453,223.5399932861328,210.36285400390625,10358800,0.0,0.0
2020-06-19,226.3800048828125,226.5,220.08999633789062,220.63999938964844,207.63380432128906,19545200,0.0,0.0
2020-06-22,220.9199981689453,222.0800018310547,219.44500732421875,221.41000366210938,208.35841369628906,13303600,0.0,0.0
2020-06-23,225.1199951171875,230.22500610351562,224.52999877929688,228.75,215.26573181152344,18263400,0.0,0.0
2020-06-24,228.3000030517578,231.02999877929688,224.2519989013672,226.22000122070312,212.8848876953125,12159500,0.0,0.0
2020-06-25,224.58999633789062,224.69000244140625,220.8699951171875,222.16000366210938,209.06422424316406,14953100,0.0,0.0
2020-06-26,222.2100067138672,222.25999450683594,213.5,215.7100067138672,202.9944305419922,19340600,0.0,0.0
2020-06-29,215.02999877929688,216.5,211.82000732421875,215.02000427246094,202.34510803222656,12333000,0.0,0.0
2020-06-30,215.74000549316406,216.42999267578125,212.88999938964844,215.6999969482422,202.98501586914062,12933800,0.0,0.0
2020-07-01,215.80999755859375,216.5500030517578,214.74000549316406,215.9499969482422,203.2202606201172,11788100,0.0,0.0
2020-07-02,221.85000610351562,225.02499389648438,220.05999755859375,223.60000610351562,210.41932678222656,18128700,0.0,0.0
2020-07-06,233.30999755859375,240.47999572753906,232.82000732421875,240.0,225.85260009765625,33702900,0.0,0.0
2020-07-07,241.00999450683594,241.3000030517578,236.1300048828125,236.50999450683594,222.56829833984375,16491600,0.0,0.0
2020-07-08,244.86000061035156,258.489990234375,244.02000427246094,257.67999267578125,242.49038696289062,39922700,0.0,0.0
2020-07-09,265.54998779296875,268.0,255.91000366210938,261.5799865722656,246.1604766845703,36803900,0.0,0.0
2020-07-10,260.2099914550781,261.8999938964844,255.7100067138672,261.010009765625,245.62411499023438,20335000,0.0,0.0
2020-07-13,261.45001220703125,265.6600036621094,250.67999267578125,251.6699981689453,236.83465576171875,21568700,0.0,0.0
2020-07-14,246.57000732421875,249.75,241.22999572753906,248.5800018310547,233.92681884765625,19782600,0.0,0.0
2020-07-15,251.47999572753906,252.5,246.5399932861328,249.2100067138672,234.51966857910156,12614700,0.0,0.0
2020-07-16,241.77000427246094,245.0500030517578,240.74000549316406,242.5,228.20521545410156,18032100,0.0,0.0
2020-07-17,246.5500030517578,247.92999267578125,244.47999572753906,247.13999938964844,232.5717010498047,18742400,0.0,0.0
2020-07-20,256.45001220703125,257.6700134277344,252.42999267578125,254.80999755859375,239.78955078125,19015000,0.0,0.0
2020-07-21,261.2099914550781,261.9200134277344,256.5199890136719,257.8999938964844,242.69741821289062,17120700,0.0,0.0
2020-07-22,255.75999450683594,256.2699890136719,249.60000610351562,251.6999969482422,236.86289978027344,19682200,0.0,0.0
2020-07-23,252.10000610351562,257.6600036621094,248.69000244140625,251.8800048828125,237.03228759765625,25712000,0.0,0.0
2020-07-24,244.9600067138672,249.47999572753906,241.88999938964844,249.0,234.32205200195312,17221500,0.0,0.0
2020-07-27,247.11000061035156,252.8699951171875,245.80999755859375,250.86000061035156,236.07240295410156,18966900,0.0,0.0
2020-07-28,251.14999389648438,251.64999389648438,248.52999877929688,249.0500030517578,234.36911010742188,9878700,0.0,0.0
2020-07-29,250.33999633789062,254.3000030517578,250.10000610351562,252.4499969482422,237.5686798095703,11493600,0.0,0.0
2020-07-30,251.6999969482422,253.86000061035156,249.6199951171875,252.74000549316406,237.84161376953125,7032900,0.0,0.0
2020-07-31,254.1999969482422,254.39999389648438,248.10000610351562,251.02000427246094,236.2229766845703,12304100,0.0,0.0
2020-08-03,254.02000427246094,260.6499938964844,254.0,257.94000244140625,242.73507690429688,11530300,0.0,0.0
2020-08-04,260.0799865722656,262.55999755859375,258.82000732421875,262.20001220703125,246.7439727783203,10994500,0.0,0.0
2020-08-05,263.739990234375,265.97601318359375,261.7550048828125,264.9100036621094,249.29420471191406,10673800,0.0,0.0
2020-08-06,263.4200134277344,265.70001220703125,259.20001220703125,265.67999267578125,250.018798828125,10359500,0.0,0.0
2020-08-07,257.4100036621094,257.760009765625,247.57000732421875,252.10000610351562,237.23931884765625,22529600,0.0,0.0
2020-08-10,249.33999633789062,251.75,246.10000610351562,248.1300048828125,233.5033416748047,13621700,0.0,0.0
2020-08-11,251.2899932861328,252.8800048828125,247.8300018310547,248.4199981689453,233.7762451171875,10681800,0.0,0.0
2020-08-12,249.25,256.0799865722656,248.67999267578125,255.19000244140625,240.1471710205078,11112300,0.0,0.0
2020-08-13,256.3900146484375,256.9700012207031,252.8800048828125,253.72000122070312,238.76382446289062,8794500,0.0,0.0
2020-08-14,255.49000549316406,255.77000427246094,251.63999938964844,253.97000122070312,238.99908447265625,7876400,0.0,0.0
2020-08-17,253.0,257.375,250.0850067138672,256.9599914550781,241.8128204345703,9760000,0.0,0.0
2020-08-18,258.7099914550781,261.4200134277344,256.05999755859375,259.20001220703125,243.92080688476562,13267800,0.0,0.0
2020-08-19,260.8900146484375,261.2900085449219,257.3800048828125,260.5899963378906,245.2288360595703,14096500,0.0,0.0
2020-08-20,256.8900146484375,258.8800048828125,254.17999267578125,257.9700012207031,242.76329040527344,21460800,0.0,0.0
2020-08-21,259.0299987792969,267.42999267578125,258.30999755859375,265.79998779296875,250.1317138671875,25648200,0.0,0.0
2020-08-24,273.239990234375,276.9700012207031,271.6199951171875,276.0199890136719,259.749267578125,22475800,0.0,0.0
2020-08-25,278.05999755859375,289.1199951171875,276.0400085449219,286.0,269.1409912109375,27535500,0.0,0.0
2020-08-26,289.260009765625,292.4800109863281,284.1000061035156,291.9599914550781,274.74969482421875,19530300,0.0,0.0
2020-08-27,290.1700134277344,290.25,282.1000061035156,284.1700134277344,267.41888427734375,14805800,0.0,0.0
2020-08-28,285.0899963378906,289.5,283.57000732421875,289.0,271.9641418457031,9681500,0.0,0.0
2020-08-31,288.6199951171875,289.19000244140625,283.6099853515625,287.0299987792969,270.1102600097656,13253800,0.0,0.0
2020-09-01,289.20001220703125,298.0,288.8699951171875,298.0,280.4336242675781,13797100,0.0,0.0
2020-09-02,299.0,299.0,289.7900085449219,296.07000732421875,278.617431640625,12638600,0.0,0.0
2020-09-03,289.0,290.7330017089844,278.1600036621094,282.5,265.8473205566406,16766200,0.0,0.0
2020-09-04,279.6000061035156,283.7799987792969,267.3900146484375,281.3900146484375,264.8027648925781,15885800,0.0,0.0
2020-09-08,270.2300109863281,273.9700012207031,266.5899963378906,270.0199890136719,254.1029815673828,12734000,0.0,0.0
2020-09-09,274.45001220703125,275.6400146484375,270.8800048828125,273.1499938964844,257.0484619140625,9465700,0.0,0.0
2020-09-10,274.8999938964844,277.1000061035156,267.3999938964844,267.54998779296875,251.778564453125,10676800,0.0,0.0
2020-09-11,272.6300048828125,274.5299987792969,268.1199951171875,271.6099853515625,255.5992431640625,9412800,0.0,0.0
2020-09-14,275.3599853515625,276.2900085449219,271.760009765625,274.1000061035156,257.94244384765625,7883300,0.0,0.0
2020-09-15,278.0,279.1000061035156,274.79998779296875,277.9599914550781,261.5749206542969,8291400,0.0,0.0
2020-09-16,281.0299987792969,283.6050109863281,278.0,278.1400146484375,261.74432373046875,9583500,0.0,0.0
2020-09-17,273.1099853515625,275.8999938964844,272.3210144042969,275.7200012207031,259.46697998046875,8016900,0.0,0.0
2020-09-18,275.9800109863281,277.2699890136719,270.54998779296875,272.4100036621094,256.35211181640625,11753500,0.0,0.0
2020-09-21,269.1000061035156,274.2200012207031,266.3999938964844,273.82000732421875,257.6789855957031,9076400,0.0,0.0
2020-09-22,276.0199890136719,276.32000732421875,270.04998779296875,275.2900085449219,259.06231689453125,9673300,0.0,0.0
2020-09-23,275.3999938964844,277.8299865722656,271.5,272.95001220703125,256.8602600097656,7353200,0.0,0.0
2020-09-24,267.92999267578125,271.25,267.3340148925781,269.7300109863281,253.83006286621094,9562100,0.0,0.0
2020-09-25,267.57000732421875,271.80999755859375,264.55999755859375,271.0899963378906,255.10992431640625,11466600,0.0,0.0
2020-09-28,275.5299987792969,278.8399963378906,274.1990051269531,276.010009765625,259.7398986816406,8761700,0.0,0.0
2020-09-29,275.42999267578125,279.29998779296875,274.8999938964844,276.92999267578125,260.60565185546875,7673300,0.0,0.0
2020-09-30,284.010009765625,295.0,283.7099914550781,293.9800109863281,276.650634765625,24777700,0.0,0.0
2020-10-01,295.260009765625,295.5899963378906,288.25,290.04998779296875,272.9522399902344,16304000,0.0,0.0
2020-10-02,286.6199951171875,291.97900390625,286.510009765625,288.1700134277344,271.1830749511719,11482800,0.0,0.0
2020-10-05,289.05999755859375,290.0,284.8800048828125,288.2699890136719,271.27716064453125,17876400,0.0,0.0
2020-10-06,287.4100036621094,296.8399963378906,286.9100036621094,292.3900146484375,275.1543273925781,15860400,0.0,0.0
2020-10-07,297.989990234375,299.510009765625,292.8699951171875,296.5,279.02203369140625,16669300,0.0,0.0
2020-10-08,298.1099853515625,302.29998779296875,295.4410095214844,300.5400085449219,282.8238830566406,15105800,0.0,0.0
2020-10-09,298.54998779296875,302.6099853515625,297.739990234375,299.739990234375,282.071044921875,11442200,0.0,0.0
2020-10-12,303.95001220703125,309.6400146484375,301.2850036621094,306.3399963378906,288.281982421875,14780100,0.0,0.0
2020-10-13,306.3599853515625,310.010009765625,303.0299987792969,308.7799987792969,290.57818603515625,10898500,0.0,0.0
2020-10-14,309.0,309.9599914550781,300.79998779296875,301.0400085449219,283.2944030761719,15157800,0.0,0.0
2020-10-15,293.79998779296875,299.8630065917969,292.6099853515625,299.4599914550781,281.80755615234375,9709900,0.0,0.0
2020-10-16,303.989990234375,310.0,302.95001220703125,307.30999755859375,289.1947937011719,12338000,0.0,0.0
2020-10-19,309.8900146484375,313.80999755859375,303.4100036621094,305.2900085449219,287.2939147949219,14107300,0.0,0.0
2020-10-20,307.6000061035156,311.79998779296875,307.05999755859375,309.80999755859375,291.5474548339844,8806100,0.0,0.0
2020-10-21,311.75,314.0,307.70001220703125,307.9700012207031,289.81591796875,11139700,0.0,0.0
2020-10-22,311.4599914550781,311.8500061035156,304.2099914550781,306.2799987792969,288.2254943847656,8008400,0.0,0.0
2020-10-23,307.2699890136719,310.3299865722656,304.05999755859375,309.9200134277344,291.6509704589844,6231400,0.0,0.0
2020-10-26,309.9200134277344,315.4599914550781,303.20001220703125,306.8699951171875,288.78076171875,9350100,0.0,0.0
2020-10-27,307.75,319.32000732421875,305.6099853515625,317.1400146484375,298.44537353515625,13175900,0.0,0.0
2020-10-28,313.5,313.5,306.0,307.94000244140625,289.7876892089844,13644500,0.0,0.0
2020-10-29,309.44000244140625,315.5799865722656,308.9100036621094,312.55999755859375,294.1353454589844,11174500,0.0,0.0
2020-10-30,308.54998779296875,310.8299865722656,300.19000244140625,304.69000244140625,286.7292785644531,14918500,0.0,0.0
2020-11-02,310.95001220703125,311.44000244140625,305.3900146484375,310.8399963378906,292.5167236328125,11857600,0.0,0.0
2020-11-03,286.20001220703125,294.2799987792969,280.7799987792969,285.57000732421875,268.736328125,58132500,0.0,0.0
2020-11-04,287.7900085449219,299.1700134277344,285.29998779296875,295.7099914550781,278.27862548828125,28791200,0.0,0.0
2020-11-05,289.0899963378906,291.25,279.6000061035156,287.75,270.787841796875,50065200,0.0,0.0
2020-11-06,291.489990234375,300.8900146484375,289.7860107421875,299.95001220703125,282.2686767578125,25259600,0.0,0.0
2020-11-09,303.7699890136719,304.0,290.5,290.5299987792969,273.4039611816406,22559900,0.0,0.0
2020-11-10,279.9700012207031,280.0,264.3299865722656,266.5400085449219,250.828125,61064000,0.0,0.0
2020-11-11,261.9200134277344,271.9200134277344,261.2049865722656,265.6499938964844,249.99057006835938,41699000,0.0,0.0
2020-11-12,271.0400085449219,271.20001220703125,263.0400085449219,264.30999755859375,248.72958374023438,27119100,0.0,0.0
2020-11-13,264.7200012207031,265.44000244140625,257.1700134277344,260.8399963378906,245.464111328125,33942800,0.0,0.0
2020-11-16,260.4200134277344,262.57000732421875,257.0299987792969,258.30999755859375,243.083251953125,20864200,0.0,0.0
2020-11-17,260.2799987792969,260.2799987792969,256.5400085449219,256.79998779296875,241.66226196289062,19739500,0.0,0.0
2020-11-18,257.760009765625,258.30999755859375,252.5500030517578,255.8300018310547,240.74945068359375,28307100,0.0,0.0
2020-11-19,255.0,261.3999938964844,253.55999755859375,259.8900146484375,244.57012939453125,20752800,0.0,0.0
2020-11-20,263.9700012207031,272.3699951171875,261.8999938964844,270.739990234375,254.78053283691406,34178400,0.0,0.0
2020-11-23,274.75,275.7300109863281,266.4110107421875,270.1099853515625,254.1876678466797,25317100,0.0,0.0
2020-11-24,276.2349853515625,280.6099853515625,272.79998779296875,279.9599914550781,263.45703125,20660500,0.0,0.0
2020-11-25,275.70001220703125,279.3299865722656,274.04998779296875,277.7200012207031,261.34906005859375,15229300,0.0,0.0
2020-11-27,278.79998779296875,278.9200134277344,275.6659851074219,276.4800109863281,260.18218994140625,9583200,0.0,0.0
2020-11-30,268.9700012207031,268.9700012207031,262.5199890136719,263.3599853515625,247.83554077148438,30476100,0.0,0.0
2020-12-01,265.4700012207031,265.6700134277344,261.57000732421875,264.010009765625,248.44725036621094,14573100,0.0,0.0
2020-12-02,262.0,263.1000061035156,260.1099853515625,261.32000732421875,245.9158172607422,13919700,0.0,0.0
2020-12-03,263.7799987792969,268.6000061035156,263.1400146484375,266.9100036621094,251.17633056640625,15520500,0.0,0.0
2020-12-04,271.0199890136719,271.29998779296875,266.2699890136719,267.25,251.49627685546875,15527600,0.0,0.0
2020-12-07,265.70001220703125,265.9700012207031,262.6000061035156,264.0,248.4378204345703,11388700,0.0,0.0
2020-12-08,265.20001220703125,268.3999938964844,263.8699951171875,266.0899963378906,250.40463256835938,9447700,0.0,0.0
2020-12-09,267.55999755859375,267.9100036621094,263.1000061035156,263.79998779296875,248.24961853027344,9060700,0.0,0.0
2020-12-10,261.989990234375,266.0899963378906,261.20001220703125,264.8699951171875,249.25653076171875,10290300,0.0,0.0
2020-12-11,264.2900085449219,265.32000732421875,262.5,264.5400085449219,248.94601440429688,7771300,0.0,0.0
2020-12-14,260.32000732421875,260.8550109863281,256.0299987792969,256.0299987792969,240.93765258789062,18369900,0.0,0.0
2020-12-15,255.33999633789062,255.67999267578125,252.3000030517578,255.11000061035156,240.07188415527344,16595600,0.0,0.0
2020-12-16,257.739990234375,263.17999267578125,257.0400085449219,261.8900146484375,246.4522247314453,15804800,0.0,0.0
2020-12-17,264.70001220703125,264.8500061035156,260.20001220703125,264.42999267578125,248.8424835205078,14306600,0.0,0.0
2020-12-18,263.8999938964844,264.8999938964844,259.20001220703125,260.0,244.6736297607422,15981800,0.0,0.0
2020-12-21,255.1699981689453,260.4599914550781,254.5,260.42999267578125,245.07827758789062,10901800,0.0,0.0
2020-12-22,257.8699951171875,258.3399963378906,255.41000366210938,255.8300018310547,240.74945068359375,11468400,0.0,0.0
2020-12-23,255.5,257.3500061035156,252.52999877929688,256.17999267578125,241.0788116455078,10729200,0.0,0.0
2020-12-24,228.23500061035156,229.89999389648438,211.22999572753906,222.0,208.91363525390625,141830000,0.0,0.0
2020-12-28,216.8800048828125,224.99000549316406,215.32000732421875,222.36000061035156,209.25241088867188,73512100,0.0,0.0
2020-12-29,231.75999450683594,239.19000244140625,229.60000610351562,236.25999450683594,222.33303833007812,69715900,0.0,0.0
2020-12-30,243.34800720214844,243.38999938964844,234.64500427246094,238.38999938964844,224.33749389648438,44812300,0.0,0.0
2020-12-31,237.4600067138672,238.9199981689453,231.02699279785156,232.72999572753906,219.01112365722656,23451800,0.0,0.0
2021-01-04,226.5,230.3800048828125,225.0399932861328,227.85000610351562,214.41880798339844,24897900,0.0,0.0
2021-01-05,229.0500030517578,240.75999450683594,228.1199951171875,240.39999389648438,226.22900390625,35823800,0.0,0.0
2021-01-06,234.9499969482422,238.3000030517578,225.86000061035156,227.61000061035156,214.19293212890625,37146100,0.0,0.0
2021-01-07,229.30999755859375,229.9499969482422,220.08999633789062,226.89999389648438,213.5247802734375,49361800,0.0,0.0
2021-01-08,227.8800048828125,238.60000610351562,226.68299865722656,236.19000244140625,222.26718139648438,34884900,0.0,0.0
2021-01-11,229.89999389648438,230.8249969482422,225.86000061035156,227.3699951171875,213.9670867919922,23036900,0.0,0.0
2021-01-12,228.38499450683594,229.75,225.13999938964844,225.60000610351562,212.3014373779297,18969900,0.0,0.0
2021-01-13,229.94000244140625,240.49000549316406,226.2899932861328,235.3000030517578,221.4296417236328,38805100,0.0,0.0
2021-01-14,245.30999755859375,245.6999969482422,241.47000122070312,242.97999572753906,228.6569061279297,31381600,0.0,0.0
2021-01-15,246.25,246.99000549316406,242.14999389648438,243.4600067138672,229.10862731933594,21561600,0.0,0.0
2021-01-19,250.0,252.8800048828125,246.99000549316406,251.64999389648438,236.81582641601562,23681900,0.0,0.0
2021-01-20,267.5,269.0,262.70001220703125,265.489990234375,249.8400115966797,44640800,0.0,0.0
2021-01-21,264.1300048828125,264.6000061035156,257.8999938964844,260.0,244.6736297607422,20709900,0.0,0.0
2021-01-22,256.79998779296875,260.3299865722656,255.5,258.6199951171875,243.3749542236328,13518200,0.0,0.0
2021-01-25,263.6199951171875,265.20001220703125,257.8500061035156,261.3800048828125,245.97227478027344,19478600,0.0,0.0
2021-01-26,263.79998779296875,266.0,261.1199951171875,265.9200134277344,250.2446746826172,14681200,0.0,0.0
2021-01-27,265.1300048828125,265.9200134277344,259.95001220703125,260.25,244.90887451171875,16050400,0.0,0.0
2021-01-28,259.1700134277344,261.57000732421875,257.3299865722656,260.760009765625,245.38885498046875,10244900,0.0,0.0
2021-01-29,256.0299987792969,258.8999938964844,252.3000030517578,253.8300018310547,238.86732482910156,14693000,0.0,0.0
2021-02-01,258.79998779296875,265.0,255.19500732421875,264.69000244140625,249.087158203125,15289300,0.0,0.0
2021-02-02,264.57000732421875,265.0,254.0399932861328,254.5,239.4978485107422,30534300,0.0,0.0
2021-02-03,264.70001220703125,268.2799987792969,261.25,263.42999267578125,247.90142822265625,29179700,0.0,0.0
2021-02-04,269.5799865722656,269.989990234375,265.5580139160156,266.9599914550781,251.22335815429688,16763000,0.0,0.0
2021-02-05,264.6099853515625,266.45001220703125,263.2099914550781,265.6700134277344,250.00941467285156,11018700,0.0,0.0
2021-02-08,264.9800109863281,265.0,261.82000732421875,262.5899963378906,247.11094665527344,10721100,0.0,0.0
2021-02-09,263.0,267.20001220703125,262.5400085449219,266.489990234375,250.78103637695312,12432800,0.0,0.0
2021-02-10,268.70001220703125,270.3999938964844,264.6000061035156,267.7900085449219,252.00445556640625,13090800,0.0,0.0
2021-02-11,268.75,274.260009765625,267.20001220703125,268.92999267578125,253.0772247314453,15295800,0.0,0.0
2021-02-12,269.0899963378906,270.25,265.67999267578125,267.8500061035156,252.06089782714844,9355100,0.0,0.0
2021-02-16,271.0,274.2900085449219,270.3999938964844,270.70001220703125,254.74288940429688,16708700,0.0,0.0
2021-02-17,270.8900146484375,272.3160095214844,267.80999755859375,270.8299865722656,254.86521911621094,13262400,0.0,0.0
2021-02-18,265.2300109863281,266.17999267578125,262.3299865722656,264.510009765625,248.9178009033203,15382300,0.0,0.0
2021-02-19,266.04998779296875,269.3900146484375,262.8500061035156,263.5899963378906,248.05203247070312,14718400,0.0,0.0
2021-02-22,257.989990234375,259.4599914550781,254.0,254.0,239.02731323242188,14403500,0.0,0.0
2021-02-23,247.30999755859375,254.89999389648438,241.6199951171875,252.75,237.8509979248047,15980300,0.0,0.0
2021-02-24,252.0,252.0,248.10000610351562,250.33999633789062,235.5830535888672,12831700,0.0,0.0
2021-02-25,250.0,250.33999633789062,240.07000732421875,240.17999267578125,226.02195739746094,17967300,0.0,0.0
2021-02-26,244.6300048828125,244.89999389648438,237.64999389648438,237.75999450683594,223.74462890625,17470700,0.0,0.0
2021-03-01,241.0500030517578,242.7899932861328,239.25999450683594,241.69000244140625,227.44296264648438,14043300,0.0,0.0
2021-03-02,238.7899932861328,241.1999969482422,234.27000427246094,234.4199981689453,220.60150146484375,14644200,0.0,0.0
2021-03-03,237.5,239.60899353027344,234.4510040283203,236.27000427246094,222.34246826171875,13571700,0.0,0.0
2021-03-04,235.0,236.3699951171875,228.36000061035156,230.5,216.91258239746094,22964800,0.0,0.0
2021-03-05,235.4199981689453,236.42999267578125,228.33999633789062,233.88999938964844,220.10276794433594,15988400,0.0,0.0
2021-03-08,229.02000427246094,230.80999755859375,226.52999877929688,226.69000244140625,213.32717895507812,17138400,0.0,0.0
2021-03-09,233.3800048828125,238.74000549316406,233.0749969482422,238.13999938964844,224.10223388671875,15291300,0.0,0.0
2021-03-10,241.0,241.3249969482422,233.63999938964844,234.3000030517578,220.48858642578125,10491200,0.0,0.0
2021-03-11,237.1999969482422,241.72000122070312,235.0,240.8000030517578,226.6054229736328,15162500,0.0,0.0
2021-03-12,233.69500732421875,235.4499969482422,229.70599365234375,231.8699951171875,218.20181274414062,17778400,0.0,0.0
2021-03-15,228.41000366210938,230.4499969482422,226.25999450683594,230.27999877929688,216.70555114746094,14499700,0.0,0.0
2021-03-16,228.07000732421875,229.85000610351562,225.52999877929688,226.92999267578125,213.5530242919922,19336600,0.0,0.0
2021-03-17,226.5,235.6300048828125,225.80999755859375,233.33999633789062,219.5851593017578,16949500,0.0,0.0
2021-03-18,238.55999755859375,239.5,235.55999755859375,236.42999267578125,222.49302673339844,14822300,0.0,0.0
2021-03-19,239.66000366210938,241.60000610351562,236.88400268554688,239.7899932861328,225.6549530029297,15959700,0.0,0.0
2021-03-22,235.85499572753906,238.52999877929688,235.0,237.1199951171875,223.14234924316406,12063200,0.0,0.0
2021-03-23,237.3000030517578,241.1199951171875,235.5,237.6699981689453,223.659912109375,12295600,0.0,0.0
2021-03-24,236.8300018310547,237.3000030517578,229.24000549316406,229.58999633789062,216.0562286376953,15949900,0.0,0.0
2021-03-25,225.0,229.24000549316406,222.5,222.72000122070312,209.59120178222656,24819800,0.0,0.0
2021-03-26,222.0,229.23899841308594,220.4199981689453,227.25999450683594,213.86355590820312,22030800,0.0,0.0
2021-03-29,225.49000549316406,232.3800048828125,225.10000610351562,231.86000061035156,218.1924285888672,18029100,0.0,0.0
2021-03-30,229.27000427246094,230.4499969482422,226.63999938964844,229.25,215.73626708984375,14828700,0.0,0.0
2021-03-31,229.88999938964844,231.52000427246094,226.47000122070312,226.72999572753906,213.36480712890625,16825400,0.0,0.0
2021-04-01,230.67999267578125,231.25,223.5,224.36000061035156,211.13450622558594,23497500,0.0,0.0
2021-04-05,226.52999877929688,226.57000732421875,222.52000427246094,225.3000030517578,212.0191192626953,14962100,0.0,0.0
2021-04-06,226.02999877929688,232.0,225.74000549316406,230.57000732421875,216.9784698486328,18100400,0.0,0.0
2021-04-07,226.11000061035156,228.19000244140625,224.8000030517578,225.4199981689453,212.1320343017578,18034900,0.0,0.0
2021-04-08,228.5,229.4199981689453,226.6199951171875,228.24000549316406,214.78582763671875,12211300,0.0,0.0
2021-04-09,224.85000610351562,225.07000732421875,221.32000732421875,223.30999755859375,210.1464080810547,19763000,0.0,0.0
2021-04-12,237.88999938964844,244.91000366210938,236.64999389648438,244.00999450683594,229.62620544433594,57500300,0.0,0.0
2021-04-13,243.66000366210938,245.69000244140625,239.69000244140625,241.88999938964844,227.63116455078125,20793000,0.0,0.0
2021-04-14,244.3699951171875,245.08999633789062,238.64999389648438,239.22999572753906,225.12796020507812,12405200,0.0,0.0
2021-04-15,240.0,240.9499969482422,238.1269989013672,239.08999633789062,224.99623107910156,11288900,0.0,0.0
2021-04-16,241.88999938964844,241.88999938964844,237.82000732421875,238.69000244140625,224.6197967529297,14418800,0.0,0.0
2021-04-19,237.44000244140625,238.4199981689453,232.80999755859375,234.77999877929688,220.94029235839844,11216000,0.0,0.0
2021-04-20,232.8699951171875,234.6300048828125,228.42999267578125,229.8800048828125,216.32913208007812,12093900,0.0,0.0
2021-04-21,229.3300018310547,229.49000549316406,226.07000732421875,229.44000244140625,215.91506958007812,14315900,0.0,0.0
2021-04-22,228.76499938964844,234.0,227.82000732421875,229.35000610351562,215.83038330078125,11986200,0.0,0.0
2021-04-23,230.64999389648438,233.0,230.50999450683594,232.0800018310547,218.39944458007812,8967000,0.0,0.0
2021-04-26,231.5,233.49000549316406,230.82000732421875,232.6999969482422,218.98291015625,7792900,0.0,0.0
2021-04-27,233.44000244140625,236.92999267578125,232.0800018310547,235.9199981689453,222.01307678222656,11646300,0.0,0.0
2021-04-28,237.57000732421875,239.22000122070312,236.3300018310547,236.72000122070312,222.76593017578125,9187700,0.0,0.0
2021-04-29,237.7899932861328,238.0500030517578,232.60000610351562,234.17999267578125,220.37564086914062,9552800,0.0,0.0
2021-04-30,231.77000427246094,233.85000610351562,230.50999450683594,230.9499969482422,217.3360595703125,9326400,0.0,0.0
2021-05-03,231.27000427246094,236.1699981689453,230.40499877929688,230.7100067138672,217.11019897460938,13620900,0.0,0.0
2021-05-04,230.25,231.47999572753906,225.4499969482422,227.89999389648438,214.46583557128906,13260500,0.0,0.0
2021-05-05,228.0,229.3000030517578,226.72999572753906,226.77999877929688,213.41188049316406,10013800,0.0,0.0
2021-05-06,227.11000061035156,228.44000244140625,222.8800048828125,226.4199981689453,213.07308959960938,12247700,0.0,0.0
2021-05-07,227.89999389648438,228.7899932861328,225.0500030517578,225.30999755859375,212.0285186767578,10550000,0.0,0.0
2021-05-10,222.8699951171875,222.8699951171875,218.55999755859375,219.52999877929688,206.5892333984375,17266700,0.0,0.0
2021-05-11,213.7100067138672,221.38999938964844,213.0,221.3800048828125,208.3302001953125,13887700,0.0,0.0
2021-05-12,224.74000549316406,225.2899932861328,219.0,219.89999389648438,206.9374237060547,20366900,0.0,0.0
2021-05-13,213.14999389648438,215.5,204.38999938964844,206.0800018310547,193.9320831298828,51693900,0.0,0.0
2021-05-14,209.9239959716797,210.94000244140625,206.02000427246094,209.50999450683594,197.15988159179688,31626800,0.0,0.0
2021-05-17,210.61500549316406,213.14999389648438,209.44000244140625,211.0500030517578,198.609130859375,20529800,0.0,0.0
2021-05-18,212.5,215.1699981689453,211.4199981689453,213.72000122070312,201.12173461914062,19519400,0.0,0.0
2021-05-19,211.10000610351562,212.91000366210938,210.1199951171875,212.5399932861328,200.01126098632812,17030400,0.0,0.0
2021-05-20,212.9949951171875,217.6300048828125,212.6300048828125,216.99000549316406,204.198974609375,19123400,0.0,0.0
2021-05-21,215.22999572753906,215.88999938964844,209.8699951171875,211.05999755859375,198.61851501464844,22825500,0.0,0.0
2021-05-24,210.02999877929688,212.00999450683594,208.6999969482422,210.44000244140625,198.03506469726562,15884200,0.0,0.0
2021-05-25,212.8300018310547,214.0500030517578,211.00999450683594,211.1300048828125,198.6844024658203,14116100,0.0,0.0
2021-05-26,212.3000030517578,213.75,211.5399932861328,211.77999877929688,199.29608154296875,9405800,0.0,0.0
2021-05-27,214.1699981689453,215.4600067138672,212.52999877929688,212.74000549316406,200.19949340820312,18680200,0.0,0.0
2021-05-28,212.75999450683594,214.52999877929688,212.05999755859375,213.9600067138672,201.3475799560547,10401500,0.0,0.0
2021-06-01,223.02000427246094,223.1300048828125,218.24000549316406,219.47999572753906,206.5421905517578,23052800,0.0,0.0
2021-06-02,219.42999267578125,219.94000244140625,217.4600067138672,219.58999633789062,206.6457061767578,13126400,0.0,0.0
2021-06-03,218.0,218.6999969482422,216.30499267578125,217.0399932861328,204.2460174560547,12448100,0.0,0.0
2021-06-04,218.27999877929688,219.0800018310547,217.13999938964844,219.02000427246094,206.10931396484375,8999100,0.0,0.0
2021-06-07,218.0,218.39999389648438,215.69000244140625,216.89999389648438,204.1142578125,9928600,0.0,0.0
2021-06-08,217.2899932861328,218.22999572753906,214.74000549316406,215.82000732421875,203.09793090820312,9443000,0.0,0.0
2021-06-09,215.2100067138672,216.57000732421875,213.30999755859375,213.32000732421875,200.74530029296875,10233600,0.0,0.0
2021-06-10,213.5,214.8000030517578,212.2100067138672,213.07000732421875,200.5100555419922,10735900,0.0,0.0
2021-06-11,213.4499969482422,213.4600067138672,211.0,211.63999938964844,199.1643524169922,12276600,0.0,0.0
2021-06-14,212.25,215.1649932861328,212.24400329589844,213.94000244140625,201.32875061035156,10773100,0.0,0.0
2021-06-15,214.1699981689453,214.49000549316406,209.63999938964844,210.05999755859375,197.67745971679688,12167000,0.0,0.0
2021-06-16,209.75,211.6199951171875,208.2259979248047,209.32000732421875,196.98110961914062,10917800,0.0,0.0
2021-06-17,209.89999389648438,212.49000549316406,209.77000427246094,211.60000610351562,199.12669372558594,11233700,0.0,0.0
2021-06-18,212.00999450683594,213.83999633789062,210.58999633789062,212.3000030517578,199.78543090820312,13724600,0.0,0.0
2021-06-21,210.5500030517578,211.77999877929688,208.99000549316406,211.05999755859375,198.61851501464844,9273800,0.0,0.0
2021-06-22,210.4199981689453,211.66000366210938,209.86000061035156,211.32000732421875,198.8632049560547,11092100,0.0,0.0
2021-06-23,214.19000244140625,216.3300018310547,213.1300048828125,214.86000061035156,202.1945343017578,13785800,0.0,0.0
2021-06-24,216.99000549316406,219.5800018310547,215.55999755859375,218.3800048828125,205.5070343017578,13488200,0.0,0.0
2021-06-25,221.7100067138672,230.25,221.10000610351562,228.5,215.03048706054688,27383900,0.0,0.0
2021-06-28,229.5,230.88999938964844,226.72000122070312,228.58999633789062,215.11517333984375,13564900,0.0,0.0
2021-06-29,226.6999969482422,229.63999938964844,225.6020050048828,229.44000244140625,215.91506958007812,10273800,0.0,0.0
2021-06-30,226.99000549316406,227.97999572753906,225.67999267578125,226.77999877929688,213.41188049316406,9348600,0.0,0.0
2021-07-01,228.07000732421875,228.85000610351562,221.5500030517578,221.8699951171875,208.79129028320312,13316400,0.0,0.0
2021-07-02,219.16000366210938,219.5,216.4600067138672,217.75,204.91416931152344,12989200,0.0,0.0
2021-07-06,215.32000732421875,215.39999389648438,209.3730010986328,211.60000610351562,199.12669372558594,23719900,0.0,0.0
2021-07-07,211.61000061035156,212.0500030517578,207.82000732421875,208.0,195.73890686035156,18340400,0.0,0.0
2021-07-08,201.7100067138672,202.27999877929688,198.25999450683594,199.85000610351562,188.0693359375,33992500,0.0,0.0
2021-07-09,202.0500030517578,207.26800537109375,201.5,205.94000244140625,193.8003387451172,16911300,0.0,0.0
2021-07-12,203.89999389648438,206.4550018310547,203.02000427246094,205.47999572753906,193.36746215820312,11259500,0.0,0.0
2021-07-13,209.22999572753906,212.80999755859375,208.19000244140625,209.50999450683594,197.15988159179688,17375900,0.0,0.0
2021-07-14,215.5,216.35000610351562,211.02999877929688,211.5,199.03260803222656,19484200,0.0,0.0
2021-07-15,215.11000061035156,216.60000610351562,213.16099548339844,214.75999450683594,202.1004180908203,14283600,0.0,0.0
2021-07-16,214.85000610351562,215.1999969482422,211.4600067138672,212.10000610351562,199.59722900390625,11150200,0.0,0.0
2021-07-19,206.10000610351562,209.0800018310547,203.24000549316406,208.91000366210938,196.5952606201172,15865800,0.0,0.0
2021-07-20,209.0,211.5,207.4669952392578,210.58999633789062,198.17623901367188,9986800,0.0,0.0
2021-07-21,209.14999389648438,211.85000610351562,208.4199981689453,211.0800018310547,198.63734436035156,7650300,0.0,0.0
2021-07-22,212.63999938964844,216.38999938964844,212.60000610351562,214.0399932861328,201.42286682128906,10563100,0.0,0.0
2021-07-23,206.2899932861328,206.88999938964844,203.55999755859375,206.52999877929688,194.35556030273438,25539900,0.0,0.0
2021-07-26,198.3699951171875,198.5749969482422,190.8800048828125,191.75999450683594,180.45620727539062,55736800,0.0,0.0
2021-07-27,183.58999633789062,186.89999389648438,179.6699981689453,186.07000732421875,175.10162353515625,59265700,0.0,0.0
2021-07-28,190.22999572753906,198.0,189.75999450683594,196.00999450683594,184.4556884765625,34535200,0.0,0.0
2021-07-29,201.0449981689453,201.13999938964844,194.91000366210938,197.5399932861328,185.89547729492188,23363200,0.0,0.0
2021-07-30,190.5800018310547,196.0449981689453,190.49000549316406,195.19000244140625,183.68402099609375,17250600,0.0,0.0
2021-08-02,196.27000427246094,202.07000732421875,196.25,200.08999633789062,188.29518127441406,17889200,0.0,0.0
2021-08-03,195.00999450683594,197.44000244140625,192.0,197.3800048828125,185.74493408203125,20115900,0.0,0.0
2021-08-04,197.49000549316406,203.27499389648438,196.91000366210938,200.7100067138672,188.87864685058594,22327300,0.0,0.0
2021-08-05,199.27000427246094,200.2899932861328,197.63999938964844,199.27999877929688,187.5329132080078,9881400,0.0,0.0
2021-08-06,199.25,199.32000732421875,195.67999267578125,196.38999938964844,184.81329345703125,11967700,0.0,0.0
2021-08-09,194.5800018310547,195.5,192.82000732421875,195.25,183.74049377441406,14657200,0.0,0.0
2021-08-10,197.27000427246094,198.4499969482422,195.072998046875,195.72999572753906,184.1921844482422,9983700,0.0,0.0
2021-08-11,196.60000610351562,196.9199981689453,194.72999572753906,194.86000061035156,183.3734893798828,8985100,0.0,0.0
2021-08-12,191.1699981689453,192.97999572753906,189.68499755859375,191.66000366210938,180.3621063232422,12873400,0.0,0.0
2021-08-13,188.61000061035156,189.25999450683594,186.7100067138672,188.6199951171875,177.5012969970703,15377000,0.0,0.0
2021-08-16,185.0,186.25999450683594,181.50999450683594,182.7100067138672,171.939697265625,21020700,0.0,0.0
2021-08-17,175.9199981689453,177.88999938964844,173.14999389648438,173.72999572753906,163.48902893066406,40558000,0.0,0.0
2021-08-18,174.10000610351562,175.36000061035156,172.11000061035156,172.35000610351562,162.1903839111328,34339800,0.0,0.0
2021-08-19,166.6999969482422,167.26400756835938,159.50999450683594,160.5500030517578,151.08596801757812,66663000,0.0,0.0
2021-08-20,164.1199951171875,166.92999267578125,155.5,157.9600067138672,148.64865112304688,75948900,0.0,0.0
2021-08-23,159.27999877929688,161.47000122070312,152.8000030517578,161.05999755859375,151.56590270996094,88699200,0.0,0.0
2021-08-24,169.0399932861328,174.15199279785156,168.1580047607422,171.6999969482422,161.5786895751953,62786400,0.0,0.0
2021-08-25,168.6999969482422,169.61000061035156,166.0800018310547,169.10000610351562,159.13198852539062,26055400,0.0,0.0
2021-08-26,167.4600067138672,168.4499969482422,164.82000732421875,165.24000549316406,155.49951171875,18816500,0.0,0.0
2021-08-27,159.99000549316406,161.77000427246094,158.5500030517578,159.47000122070312,150.0696258544922,31718100,0.0,0.0
2021-08-30,160.1699981689453,163.2899932861328,158.22999572753906,162.2899932861328,152.723388671875,23769400,0.0,0.0
2021-08-31,167.6999969482422,169.0,166.13999938964844,166.99000549316406,157.1463623046875,24629100,0.0,0.0
2021-09-01,169.55999755859375,174.7899932861328,169.3300018310547,173.27999877929688,163.06556701660156,29550200,0.0,0.0
2021-09-02,178.00999450683594,178.17999267578125,171.6699981689453,172.0,161.86102294921875,29302400,0.0,0.0
2021-09-03,169.52499389648438,172.05999755859375,168.8800048828125,170.3000030517578,160.26123046875,16423500,0.0,0.0
2021-09-07,174.14999389648438,176.83999633789062,173.3699951171875,175.16000366210938,164.8347625732422,24608500,0.0,0.0
2021-09-08,174.25,174.3699951171875,169.25999450683594,170.7100067138672,160.64706420898438,18993000,0.0,0.0
2021-09-09,167.3000030517578,169.0399932861328,165.5800018310547,167.32000732421875,157.4569091796875,17295800,0.0,0.0
2021-09-10,171.1999969482422,171.63999938964844,167.61000061035156,168.10000610351562,158.19093322753906,15064300,0.0,0.0
2021-09-13,164.49000549316406,166.86199951171875,163.02000427246094,165.41000366210938,155.65948486328125,15458600,0.0,0.0
2021-09-14,162.86000061035156,163.06900024414062,159.47999572753906,160.14999389648438,150.7095489501953,20925900,0.0,0.0
2021-09-15,157.9499969482422,158.02999877929688,153.9199981689453,157.86000061035156,148.55453491210938,31796600,0.0,0.0
2021-09-16,154.9199981689453,157.63900756835938,153.6699981689453,156.25999450683594,147.04884338378906,24358900,0.0,0.0
2021-09-17,158.47999572753906,160.3800048828125,158.08999633789062,160.0500030517578,150.61544799804688,25489000,0.0,0.0
2021-09-20,154.39999389648438,155.13999938964844,149.08999633789062,151.49000549316406,142.56002807617188,36177500,0.0,0.0
2021-09-21,151.5800018310547,152.5800018310547,149.5709991455078,150.17999267578125,141.32725524902344,19494700,0.0,0.0
2021-09-22,151.47000122070312,154.0,151.02000427246094,151.88999938964844,142.9364471435547,19832000,0.0,0.0
2021-09-23,152.5800018310547,152.67999267578125,149.61000061035156,151.19000244140625,142.27772521972656,24707500,0.0,0.0
2021-09-24,147.7100067138672,148.0,144.57000732421875,145.0800018310547,136.52789306640625,32067400,0.0,0.0
2021-09-27,144.9199981689453,150.99000549316406,144.44000244140625,150.17999267578125,141.32725524902344,24287400,0.0,0.0
2021-09-28,152.16000366210938,153.72999572753906,148.86000061035156,152.38999938964844,143.406982421875,26299600,0.0,0.0
2021-09-29,150.4600067138672,152.10000610351562,147.47999572753906,147.5800018310547,138.88052368164062,17361300,0.0,0.0
2021-09-30,147.02999877929688,149.5800018310547,146.86399841308594,148.0500030517578,139.32281494140625,14291500,0.0,0.0
2021-10-01,147.08999633789062,148.4499969482422,143.33999633789062,144.1999969482422,135.69976806640625,20211000,0.0,0.0
2021-10-04,141.6999969482422,141.89999389648438,138.42999267578125,139.6300048828125,131.399169921875,25218500,0.0,0.0
2021-10-05,139.3800048828125,143.8300018310547,139.19000244140625,143.13999938964844,134.70223999023438,14032100,0.0,0.0
2021-10-06,140.55999755859375,144.89199829101562,139.9600067138672,144.10000610351562,135.60565185546875,14875900,0.0,0.0
2021-10-07,151.0500030517578,158.2899932861328,150.75,156.0,146.80416870117188,46035900,0.0,0.0
2021-10-08,159.86000061035156,162.77999877929688,157.91000366210938,161.52000427246094,151.99879455566406,33499200,0.0,0.0
2021-10-11,169.61000061035156,169.8000030517578,163.9499969482422,163.9499969482422,154.28553771972656,42193600,0.0,0.0
2021-10-12,163.8249969482422,165.72999572753906,162.24000549316406,163.0,153.39154052734375,24512700,0.0,0.0
2021-10-13,164.3800048828125,168.26499938964844,163.60000610351562,167.39999389648438,157.5321807861328,18595000,0.0,0.0
2021-10-14,168.25999450683594,168.99000549316406,164.4600067138672,166.77999877929688,156.94871520996094,17403700,0.0,0.0
2021-10-15,166.99000549316406,169.8000030517578,165.43499755859375,168.0,158.0968017578125,20762800,0.0,0.0
2021-10-18,166.5800018310547,169.25,166.5800018310547,166.82000732421875,156.9863739013672,18945900,0.0,0.0
2021-10-19,170.60000610351562,177.44000244140625,170.4499969482422,177.0,166.5662841796875,33538900,0.0,0.0
2021-10-20,180.9499969482422,182.08999633789062,176.1300048828125,177.17999267578125,166.73565673828125,33714400,0.0,0.0
2021-10-21,177.0,179.77999877929688,176.7100067138672,177.4199981689453,166.96151733398438,16444000,0.0,0.0
2021-10-22,179.0800018310547,182.08999633789062,175.80999755859375,177.6999969482422,167.2250213623047,20807300,0.0,0.0
2021-10-25,177.86000061035156,178.27999877929688,173.8300018310547,176.1699981689453,165.7852020263672,13119700,0.0,0.0
2021-10-26,174.47999572753906,174.89999389648438,167.47999572753906,169.99000549316406,159.96949768066406,17577000,0.0,0.0
2021-10-27,167.52999877929688,172.4499969482422,167.33999633789062,169.22999572753906,159.25430297851562,11801800,0.0,0.0
2021-10-28,168.49000549316406,170.35000610351562,166.77000427246094,169.7899932861328,159.78128051757812,12440100,0.0,0.0
2021-10-29,167.07000732421875,168.55999755859375,162.72000122070312,164.94000244140625,155.21719360351562,17155400,0.0,0.0
2021-11-01,165.83999633789062,171.89500427246094,165.8000030517578,170.1699981689453,160.1388702392578,17609500,0.0,0.0
2021-11-02,167.10000610351562,167.10000610351562,162.75999450683594,162.89999389648438,153.29742431640625,19072900,0.0,0.0
2021-11-03,165.36000061035156,166.64999389648438,163.11000061035156,166.24000549316406,156.44056701660156,13569700,0.0,0.0
2021-11-04,169.27999877929688,169.94000244140625,164.5,164.7899932861328,155.0760040283203,16669200,0.0,0.0
2021-11-05,164.7949981689453,164.7949981689453,158.3000030517578,158.72999572753906,149.3732452392578,22098200,0.0,0.0
2021-11-08,161.76499938964844,162.16000366210938,159.47999572753906,162.16000366210938,152.60105895996094,16223100,0.0,0.0
2021-11-09,162.16000366210938,164.47999572753906,159.5399932861328,160.19000244140625,150.7471923828125,14010100,0.0,0.0
2021-11-10,163.67999267578125,166.47999572753906,161.82000732421875,163.97000122070312,154.3043670654297,17216800,0.0,0.0
2021-11-11,166.55999755859375,169.6300048828125,166.55999755859375,167.85000610351562,157.95565795898438,16747500,0.0,0.0
2021-11-12,165.1739959716797,167.8000030517578,163.39999389648438,166.80999755859375,156.97695922851562,13741800,0.0,0.0
2021-11-15,167.22000122070312,168.4600067138672,165.6699981689453,166.5399932861328,156.72286987304688,9655700,0.0,0.0
2021-11-16,168.60000610351562,169.94000244140625,166.6699981689453,168.42999267578125,158.50144958496094,11887500,0.0,0.0
2021-11-17,168.02000427246094,168.3000030517578,161.13499450683594,161.5800018310547,152.0552520751953,18829500,0.0,0.0
2021-11-18,146.91000366210938,148.5,141.88999938964844,143.60000610351562,135.13514709472656,61571500,0.0,0.0
2021-11-19,143.0399932861328,145.05999755859375,140.0,140.33999633789062,132.06729125976562,28575700,0.0,0.0
2021-11-22,139.89999389648438,140.6999969482422,135.2100067138672,136.6199951171875,128.56655883789062,26390400,0.0,0.0
2021-11-23,136.03199768066406,136.85000610351562,133.30999755859375,133.66000366210938,125.78106689453125,24102900,0.0,0.0
2021-11-24,133.10000610351562,136.75999450683594,131.22000122070312,136.52000427246094,128.4724884033203,20010400,0.0,0.0
2021-11-26,132.92999267578125,133.97999572753906,131.22000122070312,133.35000610351562,125.4893569946289,14814900,0.0,0.0
2021-11-29,134.25,134.5500030517578,130.5500030517578,131.61000061035156,123.8519058227539,18648900,0.0,0.0
2021-11-30,129.9010009765625,131.32000732421875,126.12999725341797,127.52999877929688,120.01240539550781,32625400,0.0,0.0
2021-12-01,128.3699951171875,129.15499877929688,121.9000015258789,122.48999786376953,115.2695083618164,29203800,0.0,0.0
2021-12-02,123.0199966430664,125.0,119.33999633789062,122.0,114.80839538574219,34478600,0.0,0.0
2021-12-03,118.0,118.19000244140625,108.69999694824219,111.95999908447266,105.3602294921875,70266500,0.0,0.0
2021-12-06,113.63999938964844,123.81999969482422,113.43000030517578,123.5999984741211,116.31407928466797,43111400,0.0,0.0
2021-12-07,129.3000030517578,129.4499969482422,123.45999908447266,125.54000091552734,118.13972473144531,38542800,0.0,0.0
2021-12-08,123.20999908447266,126.97000122070312,121.31999969482422,125.08000183105469,117.70684051513672,22275000,0.0,0.0
2021-12-09,124.62999725341797,127.76000213623047,123.21199798583984,123.91000366210938,116.6058120727539,23499300,0.0,0.0
2021-12-10,123.22000122070312,125.20999908447266,122.77999877929688,125.05999755859375,117.68801879882812,15008300,0.0,0.0
2021-12-13,123.0,123.25,119.75,122.23999786376953,115.03424835205078,15820500,0.0,0.0
2021-12-14,120.93000030517578,127.6500015258789,120.30000305175781,126.58000183105469,119.11842346191406,17691500,0.0,0.0
2021-12-15,122.62999725341797,123.58999633789062,117.7699966430664,122.47000122070312,115.25068664550781,24893500,0.0,0.0
2021-12-16,122.31999969482422,125.69000244140625,118.9000015258789,120.25,113.16155242919922,22533400,0.0,0.0
2021-12-17,119.48999786376953,122.87000274658203,117.80999755859375,122.0999984741211,114.90250396728516,19781100,0.0,0.0
2021-12-20,118.5,118.83000183105469,113.69499969482422,115.0,108.22103118896484,23970500,0.0,0.0
2021-12-21,116.8499984741211,122.9800033569336,116.5999984741211,122.9800033569336,115.73063659667969,18036300,0.0,0.0
2021-12-22,117.08999633789062,118.66000366210938,115.1500015258789,117.80999755859375,110.86538696289062,24502000,0.0,0.0
2021-12-23,116.80000305175781,119.58999633789062,115.38999938964844,118.66000366210938,111.66527557373047,17563300,0.0,0.0
2021-12-27,117.80000305175781,121.80000305175781,116.10199737548828,116.58999633789062,109.71730041503906,17864400,0.0,0.0
2021-12-28,116.26000213623047,116.41999816894531,114.47000122070312,114.80000305175781,108.0328140258789,17052100,0.0,0.0
2021-12-29,113.80000305175781,114.19999694824219,110.37999725341797,112.08999633789062,105.4825668334961,21100500,0.0,0.0
2021-12-30,112.62999725341797,124.30000305175781,112.30000305175781,122.98999786376953,115.74003601074219,45437100,0.0,0.0
2021-12-31,121.2300033569336,122.91000366210938,118.58999633789062,118.79000091552734,111.78761291503906,24287000,0.0,0.0
2022-01-03,119.37999725341797,121.94999694824219,115.81999969482422,120.37999725341797,113.28388977050781,16775300,0.0,0.0
2022-01-04,119.52999877929688,120.87000274658203,115.7699966430664,119.55999755859375,112.5122299194336,20824000,0.0,0.0
2022-01-05,118.0,126.62000274658203,117.69999694824219,121.16000366210938,114.01791381835938,36651100,0.0,0.0
2022-01-06,124.26000213623047,128.39999389648438,123.46499633789062,126.62999725341797,119.16547393798828,32045800,0.0,0.0
2022-01-07,130.24000549316406,133.8800048828125,128.17999267578125,129.80999755859375,122.15801239013672,38113000,0.0,0.0
2022-01-10,131.99000549316406,132.60000610351562,126.2300033569336,128.3000030517578,120.73702239990234,23372200,0.0,0.0
2022-01-11,129.2100067138672,134.22999572753906,127.47000122070312,132.19000244140625,124.39771270751953,23616400,0.0,0.0
2022-01-12,136.02000427246094,138.6999969482422,135.5850067138672,137.41000366210938,129.3100128173828,25961100,0.0,0.0
2022-01-13,135.1999969482422,135.9199981689453,131.3000030517578,131.3699951171875,123.62606048583984,19887700,0.0,0.0
2022-01-14,132.80999755859375,134.36000061035156,129.35000610351562,131.57000732421875,123.81427001953125,18614900,0.0,0.0
2022-01-18,126.2699966430664,132.1300048828125,124.81999969482422,128.60000610351562,121.01935577392578,26122200,0.0,0.0
2022-01-19,128.10000610351562,130.86000061035156,127.12999725341797,127.73999786376953,120.21002960205078,14665200,0.0,0.0
2022-01-20,135.77000427246094,136.75,130.67999267578125,131.02999877929688,123.30610656738281,28966400,0.0,0.0
2022-01-21,128.22999572753906,128.9600067138672,122.52100372314453,123.2300033569336,115.96588897705078,26341400,0.0,0.0
2022-01-24,119.31999969482422,120.77999877929688,115.31999969482422,120.37000274658203,113.27448272705078,28509300,0.0,0.0
2022-01-25,119.91000366210938,122.45999908447266,118.04000091552734,119.13999938964844,112.11698150634766,22224100,0.0,0.0
2022-01-26,120.93000030517578,120.93000030517578,112.96199798583984,113.37000274658203,106.68711853027344,27513200,0.0,0.0
2022-01-27,113.11000061035156,114.54000091552734,110.2699966430664,111.79000091552734,105.20024871826172,21472700,0.0,0.0
2022-01-28,113.25,115.31999969482422,110.05999755859375,115.2300033569336,108.4374771118164,18892400,0.0,0.0
2022-01-31,118.16999816894531,125.87000274658203,117.5,125.79000091552734,118.37498474121094,20346500,0.0,0.0
2022-02-01,124.80999755859375,128.0,122.97000122070312,127.22000122070312,119.72069549560547,15036100,0.0,0.0
2022-02-02,127.62999725341797,127.62999725341797,121.16999816894531,122.87999725341797,115.63652038574219,14050100,0.0,0.0
2022-02-03,121.55000305175781,125.2699966430664,120.7300033569336,123.47000122070312,116.19174194335938,16651500,0.0,0.0
2022-02-04,121.2699966430664,123.94000244140625,119.66000366210938,122.22000122070312,115.01542663574219,13538200,0.0,0.0
2022-02-07,116.0999984741211,116.55000305175781,113.5999984741211,114.81999969482422,108.05164337158203,28589200,0.0,0.0
2022-02-08,118.16000366210938,122.23999786376953,116.80000305175781,121.9000015258789,114.71429443359375,22340500,0.0,0.0
2022-02-09,123.08999633789062,126.80000305175781,121.94000244140625,126.5,119.04313659667969,18253600,0.0,0.0
2022-02-10,124.11000061035156,128.33999633789062,123.4000015258789,123.9800033569336,116.67168426513672,16116600,0.0,0.0
2022-02-11,125.33499908447266,126.72000122070312,121.94000244140625,122.25,115.04366302490234,13889900,0.0,0.0
2022-02-14,120.55999755859375,122.38400268554688,119.37000274658203,121.91999816894531,114.73311614990234,13154900,0.0,0.0
2022-02-15,123.7699966430664,126.80500030517578,123.37799835205078,126.23999786376953,118.7984619140625,14634700,0.0,0.0
2022-02-16,125.61000061035156,127.58000183105469,124.51000213623047,125.55999755859375,118.15853881835938,17993300,0.0,0.0
2022-02-17,125.0,129.39999389648438,124.05599975585938,124.43000030517578,117.09515380859375,15906000,0.0,0.0
2022-02-18,120.87999725341797,120.87999725341797,117.19999694824219,118.98999786376953,111.975830078125,21201400,0.0,0.0
2022-02-22,114.0,114.8499984741211,112.05999755859375,112.93000030517578,106.2730484008789,21755100,0.0,0.0
2022-02-23,115.0999984741211,115.4000015258789,109.5999984741211,109.72000122070312,103.25226593017578,24489200,0.0,0.0
2022-02-24,100.0739974975586,108.94999694824219,100.0199966430664,108.93000030517578,102.50884246826172,35294700,0.0,0.0
2022-02-25,107.88999938964844,108.55000305175781,104.0,107.94000244140625,101.57720184326172,21428400,0.0,0.0
2022-02-28,105.97000122070312,107.48999786376953,103.63999938964844,105.19000244140625,98.98930358886719,23063500,0.0,0.0
2022-03-01,105.8499984741211,111.25,105.8499984741211,107.08999633789062,100.77730560302734,21218500,0.0,0.0
2022-03-02,107.38999938964844,107.38999938964844,103.23999786376953,105.41999816894531,99.20574188232422,20791800,0.0,0.0
2022-03-03,106.02999877929688,106.62999725341797,101.06999969482422,102.05000305175781,96.0344009399414,21725900,0.0,0.0
2022-03-04,100.29000091552734,104.38999938964844,99.33000183105469,100.5999984741211,94.66987609863281,24574700,0.0,0.0
2022-03-07,99.55999755859375,103.36000061035156,98.5999984741211,98.66000366210938,92.84423828125,20679400,0.0,0.0
2022-03-08,99.31999969482422,100.91000366210938,95.56999969482422,97.5,91.75260925292969,23275500,0.0,0.0
2022-03-09,100.26000213623047,100.97000122070312,98.31999969482422,100.93000030517578,94.98042297363281,20853600,0.0,0.0
2022-03-10,95.19000244140625,95.69999694824219,90.81999969482422,92.91999816894531,87.44259643554688,37671200,0.0,0.0
2022-03-11,93.26000213623047,93.94999694824219,86.68000030517578,86.70999908447266,81.5986557006836,39341800,0.0,0.0
2022-03-14,80.69999694824219,82.44999694824219,77.08000183105469,77.76000213623047,73.17623901367188,69992600,0.0,0.0
2022-03-15,75.0999984741211,80.13999938964844,73.27999877929688,76.76000213623047,72.23518371582031,86209300,0.0,0.0
2022-03-16,92.0,105.73999786376953,87.12000274658203,104.9800033569336,98.79168701171875,159834300,0.0,0.0
2022-03-17,99.13999938964844,101.88999938964844,95.7699966430664,100.37000274658203,94.45343780517578,80663200,0.0,0.0
2022-03-18,100.5,111.73999786376953,99.5999984741211,108.30000305175781,101.91597747802734,83781800,0.0,0.0
2022-03-21,102.80999755859375,105.68000030517578,98.69999694824219,103.58999633789062,97.4836196899414,58882900,0.0,0.0
2022-03-22,114.01000213623047,118.23999786376953,112.37000274658203,114.98999786376953,108.21161651611328,88193400,0.0,0.0
2022-03-23,115.69999694824219,124.11100006103516,112.68000030517578,117.23999786376953,110.32898712158203,81605700,0.0,0.0
2022-03-24,112.86000061035156,116.5,110.81999969482422,115.1500015258789,108.36219024658203,55850200,0.0,0.0
2022-03-25,110.52999877929688,113.86000061035156,109.4000015258789,112.98999786376953,106.32951354980469,42396500,0.0,0.0
2022-03-28,113.86000061035156,116.2300033569336,111.91999816894531,115.08999633789062,108.30571746826172,30168000,0.0,0.0
2022-03-29,118.36000061035156,119.5999984741211,115.73999786376953,116.70999908447266,109.8302230834961,28060900,0.0,0.0
2022-03-30,115.54000091552734,120.10199737548828,115.54000091552734,116.58000183105469,109.70789337158203,28381700,0.0,0.0
2022-03-31,115.02999877929688,115.08999633789062,108.70999908447266,108.80000305175781,102.38650512695312,31240200,0.0,0.0
2022-04-01,117.62000274658203,118.94999694824219,109.75,110.19999694824219,103.70397186279297,55873000,0.0,0.0
2022-04-04,115.69999694824219,118.22000122070312,113.375,117.5,110.57366180419922,39088500,0.0,0.0
2022-04-05,115.0,115.0,110.2300033569336,111.0,104.45681762695312,35226000,0.0,0.0
2022-04-06,109.23999786376953,109.47000122070312,106.12000274658203,107.68000030517578,101.33251953125,23739800,0.0,0.0
2022-04-07,106.68000030517578,107.52999877929688,102.61000061035156,104.2699966430664,98.12353515625,26814300,0.0,0.0
2022-04-08,104.4800033569336,106.47000122070312,103.3290023803711,103.52999877929688,97.42715454101562,20814900,0.0,0.0
2022-04-11,101.08999633789062,103.91999816894531,99.16000366210938,101.55000305175781,95.56388092041016,23504100,0.0,0.0
2022-04-12,101.18000030517578,102.33000183105469,99.38999938964844,99.75,93.86997985839844,23953600,0.0,0.0
2022-04-13,99.23999786376953,101.3499984741211,98.20999908447266,100.02999877929688,94.13346862792969,18330400,0.0,0.0
2022-04-14,97.29000091552734,99.27100372314453,95.30500030517578,95.48999786376953,89.86109161376953,20931200,0.0,0.0
2022-04-18,93.7699966430664,95.27999877929688,91.81999969482422,94.70999908447266,89.1270751953125,19159200,0.0,0.0
2022-04-19,92.29000091552734,93.94999694824219,90.94999694824219,93.5,87.9884033203125,23870000,0.0,0.0
2022-04-20,93.4800033569336,93.69999694824219,89.2699966430664,89.41000366210938,84.1395034790039,20949700,0.0,0.0
2022-04-21,89.55000305175781,90.01000213623047,85.4000015258789,85.98999786376953,80.92109680175781,25639000,0.0,0.0
2022-04-22,86.5,90.68000030517578,86.31099700927734,86.48999786376953,81.3916244506836,25130300,0.0,0.0
2022-04-25,82.69999694824219,86.16999816894531,81.80000305175781,85.83999633789062,80.77993774414062,24674000,0.0,0.0
2022-04-26,85.87000274658203,86.23999786376953,83.27999877929688,83.98999786376953,79.03898620605469,21194600,0.0,0.0
2022-04-27,85.31999969482422,89.41000366210938,84.77999877929688,88.31999969482422,83.1137466430664,29351600,0.0,0.0
2022-04-28,88.62000274658203,90.9800033569336,86.94000244140625,90.91000366210938,85.55107879638672,17707500,0.0,0.0
2022-04-29,101.52999877929688,103.5199966430664,96.66000366210938,97.08999633789062,91.36678314208984,44933400,0.0,0.0
2022-05-02,96.41000366210938,101.31999969482422,95.1500015258789,101.20999908447266,95.2439193725586,25479500,0.0,0.0
2022-05-03,100.12999725341797,102.69000244140625,99.43000030517578,100.37999725341797,94.46283721923828,15216100,0.0,0.0
2022-05-04,97.72000122070312,101.56999969482422,96.61000061035156,101.41000366210938,95.43212890625,17740600,0.0,0.0
2022-05-05,97.94000244140625,98.47000122070312,94.05000305175781,94.63999938964844,89.06119537353516,18673100,0.0,0.0
2022-05-06,93.36000061035156,93.86000061035156,88.70999908447266,90.05000305175781,84.74176788330078,18568600,0.0,0.0
2022-05-09,86.95500183105469,88.5999984741211,84.43000030517578,84.83999633789062,79.83888244628906,23338600,0.0,0.0
2022-05-10,88.63999938964844,88.63999938964844,83.51000213623047,84.56999969482422,79.58480834960938,23400900,0.0,0.0
2022-05-11,85.51000213623047,87.5199966430664,81.47000122070312,81.7300033569336,76.91221618652344,24962400,0.0,0.0
2022-05-12,80.68000030517578,83.12000274658203,78.01000213623047,81.08999633789062,76.3099365234375,23833100,0.0,0.0
2022-05-13,82.12000274658203,88.36000061035156,82.0,87.98999786376953,82.8031997680664,20078400,0.0,0.0
2022-05-16,87.69999694824219,89.08000183105469,86.33999633789062,86.4800033569336,81.38221740722656,19644800,0.0,0.0
2022-05-17,92.75,94.4800033569336,89.54000091552734,91.98999786376953,86.5674057006836,27330300,0.0,0.0
2022-05-18,90.0,91.63999938964844,87.0,87.30999755859375,82.16329193115234,18991300,0.0,0.0
2022-05-19,86.18000030517578,90.08999633789062,85.73999786376953,87.69000244140625,82.52088165283203,20776400,0.0,0.0
2022-05-20,88.69999694824219,90.16999816894531,84.7300033569336,86.79000091552734,81.67394256591797,21020800,0.0,0.0
2022-05-23,87.05999755859375,87.41500091552734,84.76000213623047,87.2300033569336,82.08800506591797,13998200,0.0,0.0
2022-05-24,84.98999786376953,85.12000274658203,81.54000091552734,82.47000122070312,77.60859680175781,15214400,0.0,0.0
2022-05-25,83.72000122070312,84.06999969482422,81.06999969482422,82.30999755859375,77.4580307006836,23093700,0.0,0.0
2022-05-26,87.30000305175781,95.08999633789062,86.7300033569336,94.4800033569336,88.91063690185547,50825000,0.0,0.0
2022-05-27,92.20999908447266,94.5,90.37000274658203,93.41000366210938,87.90371704101562,26716000,0.0,0.0
2022-05-31,98.33000183105469,99.31999969482422,95.44999694824219,96.05000305175781,90.38809204101562,33790000,0.0,0.0
2022-06-01,95.9000015258789,96.93000030517578,91.87999725341797,93.37999725341797,87.87547302246094,23730900,0.0,0.0
2022-06-02,93.66999816894531,97.62999725341797,93.4000015258789,97.5,91.75260925292969,23228100,0.0,0.0
2022-06-03,95.1500015258789,96.0,93.02300262451172,93.20999908447266,87.71549224853516,15855900,0.0,0.0
2022-06-06,99.63999938964844,102.41999816894531,97.91500091552734,99.01000213623047,93.1736068725586,37287200,0.0,0.0
2022-06-07,99.98999786376953,104.45999908447266,99.41999816894531,104.31999969482422,98.17059326171875,35958700,0.0,0.0
2022-06-08,108.26000213623047,121.05500030517578,107.80999755859375,119.62000274658203,112.56868743896484,92337000,0.0,0.0
2022-06-09,115.0,118.22000122070312,109.44000244140625,109.9000015258789,103.42166900634766,72512300,0.0,0.0
2022-06-10,113.66000366210938,114.81999969482422,108.23999786376953,109.83999633789062,103.36519622802734,49859200,0.0,0.0
2022-06-13,103.61000061035156,104.52999877929688,97.58000183105469,98.5199966430664,92.71248626708984,36396700,0.0,0.0
2022-06-14,101.98999786376953,106.07499694824219,100.83000183105469,105.2300033569336,99.0269546508789,28567500,0.0,0.0
2022-06-15,106.80999755859375,108.62999725341797,104.38200378417969,108.02999877929688,101.66189575195312,24026100,0.0,0.0
2022-06-16,102.79000091552734,104.91000366210938,100.51000213623047,101.44999694824219,95.46976470947266,22357800,0.0,0.0
2022-06-17,112.54000091552734,112.75,101.32599639892578,102.23999786376953,96.21319580078125,73019300,0.0,0.0
2022-06-21,105.95999908447266,107.06199645996094,103.87000274658203,106.38999938964844,100.11856842041016,33975000,0.0,0.0
2022-06-22,104.2300033569336,107.0999984741211,103.08000183105469,105.1500015258789,98.95166015625,24233000,0.0,0.0
2022-06-23,109.95999908447266,113.08999633789062,108.08100128173828,112.11000061035156,105.50138092041016,33228200,0.0,0.0
2022-06-24,115.30000305175781,118.08999633789062,114.30000305175781,117.62000274658203,110.68659210205078,27029900,0.0,0.0
2022-06-27,119.97000122070312,121.37999725341797,117.87999725341797,118.7300033569336,111.73116302490234,21724300,0.0,0.0
2022-06-28,118.9800033569336,120.93000030517578,116.51000213623047,116.76000213623047,109.87728118896484,18659400,0.0,0.0
2022-06-29,115.80999755859375,117.08999633789062,113.70999908447266,116.02999877929688,109.19031524658203,13793900,0.0,0.0
2022-06-30,113.7699966430664,114.5999984741211,111.37999725341797,113.68000030517578,106.97884368896484,13836200,0.0,0.0
2022-07-01,113.62999725341797,116.625,112.91999816894531,116.0,109.1620864868164,16679400,0.0,0.0
2022-07-05,114.51000213623047,120.52999877929688,112.13999938964844,120.12999725341797,113.04862976074219,20989300,0.0,0.0
2022-07-06,118.93000030517578,120.0,115.51000213623047,119.12000274658203,112.0981674194336,20222700,0.0,0.0
2022-07-07,120.62999725341797,125.0,120.62999725341797,122.38999938964844,115.17539978027344,24202000,0.0,0.0
2022-07-08,122.26000213623047,125.83999633789062,120.69999694824219,120.9000015258789,113.77323913574219,27221400,0.0,0.0
2022-07-11,115.45999908447266,115.58000183105469,109.33000183105469,109.56999969482422,103.11111450195312,31249900,0.0,0.0
2022-07-12,110.86000061035156,111.0,107.05999755859375,109.20999908447266,102.77233123779297,22318500,0.0,0.0
2022-07-13,106.83999633789062,110.63999938964844,106.75,109.0999984741211,102.66881561279297,16861400,0.0,0.0
2022-07-14,107.80000305175781,108.54000091552734,100.70999908447266,103.76000213623047,97.64359283447266,35314900,0.0,0.0
2022-07-15,103.48999786376953,103.63999938964844,97.83999633789062,102.44000244140625,96.40141296386719,33572300,0.0,0.0
2022-07-18,105.87999725341797,106.95999908447266,102.94999694824219,103.13999938964844,97.06015014648438,20503400,0.0,0.0
2022-07-19,103.97000122070312,104.81999969482422,101.52999877929688,104.75,98.57524108886719,19842500,0.0,0.0
2022-07-20,106.23999786376953,107.16000366210938,102.8499984741211,103.95999908447266,97.8318099975586,21897900,0.0,0.0
2022-07-21,104.05999755859375,106.61000061035156,103.68000030517578,105.12999725341797,98.9328384399414,17865500,0.0,0.0
2022-07-22,104.30999755859375,104.69999694824219,99.68000030517578,100.61000061035156,94.67928314208984,18819800,0.0,0.0
2022-07-25,100.5,101.2699966430664,98.73999786376953,101.05999755859375,95.1027603149414,16604300,0.0,0.0
2022-07-26,104.30999755859375,105.25,100.80999755859375,101.44000244140625,95.46036529541016,28004300,0.0,0.0
2022-07-27,102.19999694824219,102.97000122070312,99.80000305175781,102.77999877929688,96.72136688232422,19366600,0.0,0.0
2022-07-28,101.91999816894531,102.68000030517578,95.62000274658203,100.55000305175781,94.62281799316406,33875400,0.0,0.0
2022-07-29,94.22000122070312,94.22000122070312,89.11000061035156,89.37000274658203,84.10186004638672,59201800,0.0,0.0
2022-08-01,89.19000244140625,90.54000091552734,88.0,90.33999633789062,85.0146713256836,36050900,0.0,0.0
2022-08-02,88.19999694824219,94.87000274658203,88.19999694824219,92.62000274658203,87.1602783203125,34430500,0.0,0.0
2022-08-03,92.0,96.30000305175781,90.91999816894531,95.72000122070312,90.07754516601562,23921700,0.0,0.0
2022-08-04,101.06999969482422,103.0,95.05999755859375,97.43000030517578,91.6867446899414,42517800,0.0,0.0
2022-08-05,93.06999969482422,94.16999816894531,90.7300033569336,92.55999755859375,87.10380554199219,27206100,0.0,0.0
2022-08-08,91.47000122070312,92.75,90.33999633789062,90.83999633789062,85.48519897460938,16194100,0.0,0.0
2022-08-09,91.19000244140625,93.12000274658203,90.5999984741211,91.19000244140625,85.8145751953125,16744900,0.0,0.0
2022-08-10,91.16999816894531,92.94999694824219,88.55999755859375,92.43000030517578,86.98147583007812,17855400,0.0,0.0
2022-08-11,94.48999786376953,97.70999908447266,93.62999725341797,94.87000274658203,89.27764892578125,17521200,0.0,0.0
2022-08-12,91.51000213623047,94.80000305175781,91.43000030517578,94.7699966430664,89.18352508544922,17846400,0.0,0.0
2022-08-15,93.19999694824219,94.62999725341797,92.37999725341797,94.19999694824219,88.64713287353516,14425100,0.0,0.0
2022-08-16,92.69000244140625,93.56999969482422,91.4000015258789,92.6500015258789,87.18851470947266,12003200,0.0,0.0
2022-08-17,91.87000274658203,92.38999938964844,89.76000213623047,89.7699966430664,84.478271484375,14491500,0.0,0.0
2022-08-18,90.05000305175781,91.93000030517578,88.5199966430664,90.73999786376953,85.39109802246094,13418600,0.0,0.0
2022-08-19,90.41000366210938,91.6500015258789,89.18000030517578,89.62999725341797,84.34652709960938,12364300,0.0,0.0
2022-08-22,89.56999969482422,90.87999725341797,89.30000305175781,90.02999877929688,84.72294616699219,15545000,0.0,0.0
2022-08-23,89.16999816894531,90.18000030517578,86.70999908447266,89.83000183105469,84.53474426269531,17345900,0.0,0.0
2022-08-24,87.9000015258789,94.14800262451172,87.55000305175781,92.5199966430664,87.06616973876953,22808300,0.0,0.0
2022-08-25,96.05999755859375,101.02999877929688,94.94999694824219,99.88999938964844,94.00172424316406,39170600,0.0,0.0
2022-08-26,104.83999633789062,104.8499984741211,97.61000061035156,98.0,92.22314453125,45773400,0.0,0.0
2022-08-29,98.95999908447266,100.91000366210938,96.4800033569336,96.5999984741211,90.9056625366211,18323500,0.0,0.0
2022-08-30,95.86000061035156,96.97000122070312,92.62000274658203,93.83999633789062,88.30835723876953,17865800,0.0,0.0
2022-08-31,96.66000366210938,98.62000274658203,94.91999816894531,95.41000366210938,89.78582000732422,16169000,0.0,0.0
2022-09-01,92.75,94.5199966430664,91.66999816894531,93.70999908447266,88.18601989746094,11929100,0.0,0.0
2022-09-02,91.7699966430664,93.66799926757812,90.7699966430664,91.80000305175781,86.38861846923828,12378900,0.0,0.0
2022-09-06,89.31999969482422,89.47000122070312,87.80000305175781,88.44999694824219,83.236083984375,15573500,0.0,0.0
2022-09-07,88.5199966430664,90.86000061035156,87.75599670410156,90.5999984741211,85.25934600830078,12753300,0.0,0.0
2022-09-08,88.55999755859375,90.18000030517578,88.27999877929688,89.5199966430664,84.24300384521484,13291800,0.0,0.0
2022-09-09,91.05000305175781,92.9000015258789,90.72000122070312,92.13999938964844,86.70857238769531,10745500,0.0,0.0
2022-09-12,92.41999816894531,94.83999633789062,91.80999755859375,94.69000244140625,89.1082534790039,15604000,0.0,0.0
2022-09-13,90.76000213623047,92.18000030517578,89.2300033569336,89.47000122070312,84.19596099853516,21149800,0.0,0.0
2022-09-14,89.45999908447266,89.77999877929688,88.16999816894531,88.91999816894531,83.67838287353516,10843600,0.0,0.0
2022-09-15,88.62999725341797,91.09500122070312,88.19999694824219,88.83000183105469,83.59368896484375,12188800,0.0,0.0
2022-09-16,87.69999694824219,88.25,85.41999816894531,86.43000030517578,81.33515930175781,19322000,0.0,0.0
2022-09-19,85.0999984741211,87.76499938964844,85.0,87.66000366210938,82.49266815185547,12822100,0.0,0.0
2022-09-20,87.94999694824219,88.7300033569336,85.01000213623047,85.80000305175781,80.74230194091797,19129000,0.0,0.0
2022-09-21,85.12000274658203,85.16000366210938,81.5,81.5999984741211,76.78987121582031,23847300,0.0,0.0
2022-09-22,82.62999725341797,83.27999877929688,80.16999816894531,80.70999908447266,75.95234680175781,19141200,0.0,0.0
2022-09-23,79.26000213623047,79.7699966430664,77.5999984741211,78.80000305175781,74.1549301147461,20492100,0.0,0.0
2022-09-26,79.94000244140625,80.98600006103516,78.77999877929688,78.91000366210938,74.2584457397461,17880600,0.0,0.0
2022-09-27,79.43000030517578,80.41000366210938,77.0999984741211,77.87000274658203,73.27974700927734,16975100,0.0,0.0
2022-09-28,76.48500061035156,81.4800033569336,76.27999877929688,80.98999786376953,76.21582794189453,20725400,0.0,0.0
2022-09-29,78.05000305175781,79.19000244140625,76.73999786376953,79.05999755859375,74.39960479736328,17913600,0.0,0.0
2022-09-30,78.73999786376953,81.77999877929688,78.6500015258789,79.98999786376953,75.2747802734375,17116900,0.0,0.0
2022-10-03,79.76000213623047,80.92500305175781,78.05000305175781,80.44999694824219,75.7076644897461,13249600,0.0,0.0
2022-10-04,83.0,85.03299713134766,82.33999633789062,84.11000061035156,79.15192413330078,18252000,0.0,0.0
2022-10-05,84.0999984741211,86.29000091552734,83.25,84.38999938964844,79.41541290283203,13194000,0.0,0.0
2022-10-06,84.06999969482422,85.25,83.5199966430664,84.31999969482422,79.34954071044922,11583600,0.0,0.0
2022-10-07,82.3499984741211,83.70999908447266,80.75499725341797,81.23999786376953,76.45109558105469,11632400,0.0,0.0
2022-10-10,79.7699966430664,79.79000091552734,77.69999694824219,79.23999786376953,74.5689926147461,14070900,0.0,0.0
2022-10-11,77.37999725341797,77.83999633789062,74.13999938964844,75.37000274658203,70.92713165283203,18387900,0.0,0.0
2022-10-12,74.9000015258789,76.6780014038086,74.02999877929688,75.7300033569336,71.26589965820312,13247900,0.0,0.0
2022-10-13,72.23999786376953,75.77999877929688,71.4000015258789,75.01000213623047,70.58834838867188,17563400,0.0,0.0
2022-10-14,76.05000305175781,76.13999938964844,72.77999877929688,73.0199966430664,68.71564483642578,13675300,0.0,0.0
2022-10-17,75.1500015258789,77.87000274658203,75.11000061035156,76.7699966430664,72.24459075927734,14487400,0.0,0.0
2022-10-18,78.01000213623047,78.63999938964844,75.05999755859375,76.33999633789062,71.83993530273438,14970600,0.0,0.0
2022-10-19,73.27999877929688,74.33000183105469,70.5199966430664,71.2699966430664,67.06879425048828,23094500,0.0,0.0
2022-10-20,71.5999984741211,74.94000244140625,71.55000305175781,72.0199966430664,67.77459716796875,19173400,0.0,0.0
2022-10-21,71.19999694824219,72.79000091552734,69.46499633789062,72.18000030517578,67.92516326904297,19526800,0.0,0.0
2022-10-24,63.38999938964844,64.0999984741211,58.0099983215332,63.150001525878906,59.42746353149414,101023200,0.0,0.0
2022-10-25,65.08000183105469,66.17900085449219,61.2599983215332,63.220001220703125,59.49333572387695,69302400,0.0,0.0
2022-10-26,63.36000061035156,69.80000305175781,62.91999816894531,68.51000213623047,64.47149658203125,52957400,0.0,0.0
2022-10-27,65.44000244140625,67.87999725341797,65.41999816894531,65.83999633789062,61.958885192871094,25812600,0.0,0.0
2022-10-28,63.20000076293945,64.1500015258789,61.81999969482422,63.7400016784668,59.98268127441406,28638000,0.0,0.0
2022-10-31,63.4900016784668,64.8499984741211,63.220001220703125,63.58000183105469,59.832115173339844,20645300,0.0,0.0
2022-11-01,68.01000213623047,68.45099639892578,65.63999938964844,65.86000061035156,61.97771453857422,27257000,0.0,0.0
2022-11-02,66.4800033569336,67.66999816894531,64.33000183105469,64.69999694824219,60.88608932495117,28298100,0.0,0.0
2022-11-03,63.41999816894531,66.87999725341797,63.400001525878906,65.20999908447266,61.36602783203125,23360500,0.0,0.0
2022-11-04,71.16999816894531,71.63999938964844,67.44999694824219,69.80999755859375,65.69486236572266,51292200,0.0,0.0
2022-11-07,71.30000305175781,71.87999725341797,68.6719970703125,69.70999908447266,65.60076904296875,26087600,0.0,0.0
2022-11-08,67.62000274658203,68.91999816894531,66.2699966430664,68.12999725341797,64.11389923095703,23870200,0.0,0.0
2022-11-09,66.43000030517578,66.77999877929688,64.80000305175781,64.83999633789062,61.01783752441406,22099300,0.0,0.0
2022-11-10,68.02999877929688,69.98999786376953,68.0,69.7699966430664,65.6572265625,28757200,0.0,0.0
2022-11-11,72.31999969482422,72.69999694824219,69.30999755859375,70.7699966430664,66.59827423095703,38723400,0.0,0.0
2022-11-14,73.16000366210938,74.0,71.31999969482422,71.33000183105469,67.12527465820312,30310700,0.0,0.0
2022-11-15,78.93000030517578,80.37000274658203,77.80999755859375,79.30000305175781,74.62545776367188,53150500,0.0,0.0
2022-11-16,80.31999969482422,80.44999694824219,77.41000366210938,78.16000366210938,73.55265808105469,26637300,0.0,0.0
2022-11-17,76.0,85.68000030517578,75.76000213623047,84.26000213623047,79.29307556152344,62050600,0.0,0.0
2022-11-18,82.1500015258789,82.5199966430664,79.86000061035156,80.4800033569336,75.73590850830078,29528300,0.0,0.0
2022-11-21,78.69000244140625,79.05999755859375,76.47000122070312,76.93000030517578,72.39517211914062,19005100,0.0,0.0
2022-11-22,75.44000244140625,76.80000305175781,74.58000183105469,75.98999786376953,71.51056671142578,20694100,0.0,0.0
2022-11-23,78.19000244140625,78.84500122070312,76.8499984741211,78.5,73.87261962890625,19032700,0.0,0.0
2022-11-25,75.5,76.05000305175781,74.91999816894531,75.5,71.0494613647461,13036900,0.0,0.0
2022-11-28,74.73999786376953,77.41699981689453,74.68000030517578,75.87999725341797,71.40705871582031,19107400,0.0,0.0
2022-11-29,80.23999786376953,80.88999938964844,79.44999694824219,79.86000061035156,75.15245056152344,24178100,0.0,0.0
2022-11-30,82.73999786376953,89.625,82.25,87.55999755859375,82.39854431152344,60169600,0.0,0.0
2022-12-01,84.3499984741211,87.5999984741211,84.26000213623047,85.94000244140625,80.8740463256836,20243000,0.0,0.0
2022-12-02,86.05000305175781,91.8499984741211,86.05000305175781,90.05999755859375,84.75118255615234,35042600,0.0,0.0
2022-12-05,92.9000015258789,92.9000015258789,89.62999725341797,90.5199966430664,85.18406677246094,30929800,0.0,0.0
2022-12-06,91.87999725341797,92.56999969482422,89.19999694824219,91.44999694824219,86.05924224853516,26675700,0.0,0.0
2022-12-07,87.05999755859375,89.26000213623047,86.62000274658203,88.33000183105469,83.12316131591797,19507400,0.0,0.0
2022-12-08,91.97000122070312,94.33499908447266,91.08000183105469,94.16999816894531,88.61890411376953,29241500,0.0,0.0
2022-12-09,93.2699966430664,93.75,91.2249984741211,91.33999633789062,85.95572662353516,15452100,0.0,0.0
2022-12-12,90.08999633789062,90.88899993896484,87.75,89.41000366210938,84.1395034790039,15190200,0.0,0.0
2022-12-13,93.44999694824219,94.9800033569336,90.30000305175781,91.41000366210938,86.0216064453125,21150600,0.0,0.0
2022-12-14,91.05999755859375,91.26499938964844,89.5,90.91000366210938,85.55107879638672,15575500,0.0,0.0
2022-12-15,93.08999633789062,94.08000183105469,86.05000305175781,86.20999908447266,81.12812805175781,30419400,0.0,0.0
2022-12-16,88.80000305175781,90.56999969482422,86.61000061035156,86.79000091552734,81.67394256591797,25084600,0.0,0.0
2022-12-19,89.75,89.77999877929688,86.5009994506836,87.16000366210938,82.02213287353516,20737000,0.0,0.0
2022-12-20,85.04000091552734,87.19999694824219,85.04000091552734,85.91999816894531,80.85523223876953,15315400,0.0,0.0
2022-12-21,86.01000213623047,88.38700103759766,85.45999908447266,87.80999755859375,82.6338119506836,18212900,0.0,0.0
2022-12-22,89.08000183105469,89.69000244140625,86.66999816894531,87.97000122070312,82.78438568115234,16004800,0.0,0.0
2022-12-23,87.8499984741211,88.6500015258789,85.5199966430664,85.6500015258789,80.60113525390625,17949300,0.0,0.0
2022-12-27,86.55000305175781,90.68900299072266,86.20999908447266,89.86000061035156,84.56297302246094,22959900,0.0,0.0
2022-12-28,88.9800033569336,90.1500015258789,86.46499633789062,87.19999694824219,82.05976867675781,16268800,0.0,0.0
2022-12-29,87.625,89.5199966430664,87.05999755859375,89.12999725341797,83.8759994506836,12535400,0.0,0.0
2022-12-30,87.44999694824219,89.41000366210938,87.41000366210938,88.08999633789062,82.89730834960938,11926700,0.0,0.0
2023-01-03,91.11000061035156,94.44999694824219,90.75,91.9800033569336,86.5580062866211,27891000,0.0,0.0
2023-01-04,98.8499984741211,104.5199966430664,96.97000122070312,103.91999816894531,97.7941665649414,53291800,0.0,0.0
2023-01-05,101.4000015258789,105.69999694824219,100.63999938964844,104.58000183105469,98.41526794433594,30400400,0.0,0.0
2023-01-06,104.11000061035156,108.0,102.45999908447266,107.4000015258789,101.06903839111328,21072400,0.0,0.0
2023-01-09,111.98999786376953,113.11000061035156,108.12000274658203,110.83000183105469,104.29684448242188,42085300,0.0,0.0
2023-01-10,112.97000122070312,115.4800033569336,111.20999908447266,114.87999725341797,108.10810089111328,33478600,0.0,0.0
2023-01-11,114.5999984741211,115.20999908447266,112.30999755859375,115.0199966430664,108.2398452758789,22804400,0.0,0.0
2023-01-12,113.66000366210938,113.79000091552734,111.44999694824219,113.1500015258789,106.4800796508789,16590600,0.0,0.0
2023-01-13,114.5199966430664,117.9800033569336,114.08999633789062,117.01000213623047,110.11254119873047,25615100,0.0,0.0
2023-01-17,115.5199966430664,117.01000213623047,114.33999633789062,115.19000244140625,108.39982604980469,16945600,0.0,0.0
2023-01-18,116.75,116.75,113.04000091552734,113.22000122070312,106.54595184326172,15347900,0.0,0.0
2023-01-19,114.0199966430664,117.0,113.97000122070312,116.58000183105469,109.70789337158203,18489900,0.0,0.0
2023-01-20,118.302001953125,120.05999755859375,117.80000305175781,119.86000061035156,112.79454040527344,18342700,0.0,0.0
2023-01-23,120.0,120.30000305175781,118.13700103759766,119.52999877929688,112.48399353027344,13590200,0.0,0.0
2023-01-24,115.0,120.0,115.0,119.44000244140625,112.39929962158203,7807100,0.0,0.0
2023-01-25,118.51000213623047,120.31999969482422,117.5,120.25,113.16155242919922,9705000,0.0,0.0
2023-01-26,121.0,121.30000305175781,118.76200103759766,120.56999969482422,113.46269226074219,11171000,0.0,0.0
2023-01-27,119.69000244140625,119.70999908447266,116.80999755859375,118.37999725341797,111.40178680419922,18027400,0.0,0.0
2023-01-30,111.69000244140625,113.1500015258789,109.77999877929688,111.19999694824219,104.64503479003906,21918200,0.0,0.0
2023-01-31,109.41999816894531,112.08000183105469,108.80999755859375,110.19999694824219,103.70397186279297,15330000,0.0,0.0
2023-02-01,111.86000061035156,113.94999694824219,110.1500015258789,112.81999969482422,106.1695327758789,16623000,0.0,0.0
2023-02-02,112.5,112.5250015258789,107.80999755859375,109.73999786376953,103.2710952758789,23396900,0.0,0.0
2023-02-03,108.05000305175781,109.52999877929688,105.80999755859375,106.33000183105469,100.06209564208984,15982200,0.0,0.0
2023-02-06,103.81999969482422,106.27999877929688,103.22000122070312,105.44999694824219,99.23397064208984,15337500,0.0,0.0
2023-02-07,106.83999633789062,107.3499984741211,103.72000122070312,105.5,99.2810287475586,16861700,0.0,0.0
2023-02-08,107.0999984741211,107.13999938964844,103.55000305175781,105.11000061035156,98.91401672363281,14329500,0.0,0.0
2023-02-09,108.5,109.80999755859375,107.75,108.45999908447266,102.06654357910156,16281300,0.0,0.0
2023-02-10,105.80000305175781,106.63999938964844,102.79000091552734,103.6500015258789,97.54009246826172,18776000,0.0,0.0
2023-02-13,105.98999786376953,106.3499984741211,104.1500015258789,104.79000091552734,98.6128921508789,18538600,0.0,0.0
2023-02-14,103.55000305175781,104.4800033569336,101.8499984741211,104.22000122070312,98.07648468017578,12978400,0.0,0.0
2023-02-15,102.38999938964844,103.44000244140625,102.0,103.08000183105469,97.00369262695312,18230200,0.0,0.0
2023-02-16,102.70999908447266,104.5199966430664,102.02999877929688,103.11000061035156,97.03190612792969,21747100,0.0,0.0
2023-02-17,101.0,101.08999633789062,99.25,100.01000213623047,94.11465454101562,18121600,0.0,0.0
2023-02-21,96.5,97.625,94.69999694824219,95.0999984741211,89.49407958984375,27172700,0.0,0.0
2023-02-22,95.57499694824219,95.88999938964844,93.55500030517578,94.77999877929688,89.19294738769531,24484000,0.0,0.0
2023-02-23,100.0999984741211,100.47000122070312,92.12999725341797,94.16000366210938,88.6094970703125,40482900,0.0,0.0
2023-02-24,90.06999969482422,91.68000030517578,88.02999877929688,89.0,83.75366973876953,36174500,0.0,0.0
2023-02-27,90.8499984741211,91.23999786376953,88.8949966430664,89.25,83.98892211914062,25840000,0.0,0.0
2023-02-28,88.45999908447266,89.33999633789062,87.2699966430664,87.79000091552734,82.61499786376953,24597200,0.0,0.0
2023-03-01,92.91999816894531,92.91999816894531,89.7300033569336,89.94999694824219,84.64765930175781,35434900,0.0,0.0
2023-03-02,88.95999908447266,90.91899871826172,87.97000122070312,89.75,84.45945739746094,24829000,0.0,0.0
2023-03-03,90.11000061035156,90.45999908447266,88.4000015258789,89.69999694824219,84.41239929199219,25834300,0.0,0.0
2023-03-06,89.58499908447266,91.30000305175781,88.02999877929688,89.62000274658203,84.33712768554688,16983900,0.0,0.0
2023-03-07,89.5199966430664,90.05000305175781,88.19999694824219,88.7300033569336,83.49958038330078,14514700,0.0,0.0
2023-03-08,87.38999938964844,87.7699966430664,86.44999694824219,86.94999694824219,81.82450103759766,14721500,0.0,0.0
2023-03-09,85.12000274658203,85.69000244140625,82.875,83.37000274658203,78.4555435180664,24327700,0.0,0.0
2023-03-10,82.63999938964844,84.5199966430664,82.33000183105469,82.95999908447266,78.0697021484375,18123100,0.0,0.0
2023-03-13,83.01000213623047,83.75499725341797,81.97000122070312,82.9000015258789,78.01325225830078,17848300,0.0,0.0
2023-03-14,82.86000061035156,83.91000366210938,82.16000366210938,83.8499984741211,78.9072494506836,20126100,0.0,0.0
2023-03-15,81.55000305175781,82.54000091552734,80.1500015258789,81.51000213623047,76.70518493652344,21025300,0.0,0.0
2023-03-16,81.45999908447266,82.4800033569336,80.66000366210938,82.22000122070312,77.37332153320312,22877500,0.0,0.0
2023-03-17,84.0,84.16000366210938,80.62000274658203,81.66999816894531,76.85575866699219,23711100,0.0,0.0
2023-03-20,80.1500015258789,81.9000015258789,79.4800033569336,81.0,76.22525024414062,19536500,0.0,0.0
2023-03-21,82.45999908447266,84.08799743652344,82.0,83.69999694824219,78.7660903930664,16529400,0.0,0.0
2023-03-22,84.83999633789062,85.38999938964844,83.51000213623047,83.6500015258789,78.71903228759766,21204700,0.0,0.0
2023-03-23,87.68000030517578,88.37999725341797,85.26000213623047,86.5199966430664,81.41985321044922,26861400,0.0,0.0
2023-03-24,85.87000274658203,88.11000061035156,85.62999725341797,86.9000015258789,81.77745056152344,20332500,0.0,0.0
2023-03-27,87.12999725341797,88.22000122070312,85.5,86.12000274658203,81.04344177246094,18258300,0.0,0.0
2023-03-28,95.3499984741211,99.51000213623047,92.05999755859375,98.4000015258789,92.59956359863281,118875200,0.0,0.0
2023-03-29,97.58999633789062,101.33000183105469,96.27999877929688,99.91999816894531,94.02995300292969,53695000,0.0,0.0
2023-03-30,101.33999633789062,105.05000305175781,100.5,103.37999725341797,97.28599548339844,57780700,0.0,0.0
2023-03-31,102.86000061035156,103.5999984741211,101.13200378417969,102.18000030517578,96.15673828125,28382600,0.0,0.0
2023-04-03,100.88999938964844,101.75,97.61000061035156,98.38999938964844,92.59014892578125,26888100,0.0,0.0
2023-04-04,98.94000244140625,101.47000122070312,97.26000213623047,100.72000122070312,94.78280639648438,26868400,0.0,0.0
2023-04-05,99.23999786376953,100.44999694824219,97.66000366210938,98.55000305175781,92.74071502685547,20117700,0.0,0.0
2023-04-06,98.52999877929688,103.23999786376953,98.2699966430664,102.73999786376953,96.68373107910156,26849200,0.0,0.0
2023-04-10,100.62000274658203,102.83000183105469,100.58999633789062,101.54000091552734,95.55445861816406,16308300,0.0,0.0
2023-04-11,102.45999908447266,102.54000091552734,99.19999694824219,99.76000213623047,93.87939453125,19017700,0.0,0.0
2023-04-12,97.81999969482422,98.88999938964844,93.58000183105469,93.83999633789062,88.30835723876953,35516000,0.0,0.0
2023-04-13,95.875,97.19000244140625,95.09500122070312,96.16999816894531,90.50101470947266,24231700,0.0,0.0
2023-04-14,95.62999725341797,96.12000274658203,93.83999633789062,94.55000305175781,88.97650909423828,14098700,0.0,0.0
2023-04-17,96.73999786376953,97.2300033569336,95.48999786376953,96.41999816894531,90.73627471923828,15714100,0.0,0.0
2023-04-18,99.0199966430664,99.16999816894531,95.18099975585938,95.48999786376953,89.86109161376953,20672300,0.0,0.0
2023-04-19,94.5999984741211,94.81999969482422,92.94999694824219,93.48999786376953,87.97899627685547,18985200,0.0,0.0
2023-04-20,93.3499984741211,93.79000091552734,90.05000305175781,90.73999786376953,85.39109802246094,25533900,0.0,0.0
2023-04-21,89.95999908447266,90.19000244140625,88.30000305175781,89.12999725341797,83.8759994506836,23097300,0.0,0.0
2023-04-24,88.4000015258789,88.4800033569336,86.04000091552734,86.88999938964844,81.7680435180664,22757100,0.0,0.0
2023-04-25,85.31999969482422,85.69999694824219,82.21199798583984,82.91999816894531,78.03206634521484,36441300,0.0,0.0
2023-04-26,85.04000091552734,85.22000122070312,82.76000213623047,82.81999969482422,77.93795776367188,24983000,0.0,0.0
2023-04-27,83.06999969482422,84.63999938964844,82.63999938964844,84.47000122070312,79.4906997680664,24506800,0.0,0.0
2023-04-28,84.18000030517578,85.08000183105469,83.87000274658203,84.69000244140625,79.6977310180664,18109300,0.0,0.0
2023-05-01,84.1500015258789,85.27999877929688,83.77100372314453,84.16000366210938,79.19898223876953,12909200,0.0,0.0
2023-05-02,83.1500015258789,83.27999877929688,80.65399932861328,81.52999877929688,76.72400665283203,20689500,0.0,0.0
2023-05-03,81.30500030517578,82.0,80.48999786376953,81.4800033569336,76.67694854736328,17759400,0.0,0.0
2023-05-04,82.38999938964844,83.12999725341797,81.80000305175781,82.48999786376953,77.62741088867188,23773800,0.0,0.0
2023-05-05,82.75,83.37999725341797,82.02999877929688,83.22000122070312,78.31437683105469,17527600,0.0,0.0
2023-05-08,83.62999725341797,83.69999694824219,82.33999633789062,83.30999755859375,78.39907836914062,17392900,0.0,0.0
2023-05-09,80.54499816894531,82.66000366210938,80.1500015258789,82.22000122070312,77.37332153320312,13457400,0.0,0.0
2023-05-10,82.13999938964844,84.5,81.7699966430664,82.94999694824219,78.06028747558594,16868100,0.0,0.0
2023-05-11,85.43000030517578,88.4800033569336,84.81999969482422,87.88999938964844,82.7091064453125,28104200,0.0,0.0
2023-05-12,86.70999908447266,86.70999908447266,84.76000213623047,85.33999633789062,80.30941009521484,19042800,0.0,0.0
2023-05-15,87.12999725341797,88.4000015258789,85.83300018310547,88.33999633789062,83.13256072998047,23691200,0.0,0.0
2023-05-16,87.11000061035156,89.37000274658203,87.05999755859375,88.76000213623047,83.52781677246094,18177900,0.0,0.0
2023-05-17,88.45999908447266,91.43000030517578,88.01000213623047,90.68000030517578,85.33463287353516,27670700,0.0,0.0
2023-05-18,90.80999755859375,91.0,85.0,85.7699966430664,80.71405792236328,60258600,0.0,0.0
2023-05-19,83.8499984741211,85.19999694824219,83.4800033569336,83.9800033569336,79.02958679199219,21571800,0.0,0.0
2023-05-22,85.66999816894531,87.4800033569336,85.6500015258789,86.0999984741211,81.02461242675781,16951300,0.0,0.0
2023-05-23,84.16000366210938,84.9749984741211,82.69999694824219,82.87999725341797,77.99442291259766,19917800,0.0,0.0
2023-05-24,82.16500091552734,82.5999984741211,80.87999725341797,81.20999908447266,76.42286682128906,17045800,0.0,0.0
2023-05-25,80.58999633789062,80.70999908447266,78.12000274658203,78.77999877929688,74.1361083984375,21811600,0.0,0.0
2023-05-26,79.9000015258789,81.56600189208984,78.4000015258789,80.97000122070312,76.197021484375,16399200,0.0,0.0
2023-05-30,80.12000274658203,80.69999694824219,78.16999816894531,78.66999816894531,74.0325927734375,21209600,0.0,0.0
2023-05-31,79.58000183105469,79.66500091552734,77.7699966430664,79.55000305175781,74.86072540283203,16206300,0.0,0.0
2023-06-01,79.3499984741211,84.0,79.3499984741211,83.0,78.10734558105469,23217600,0.0,0.0
2023-06-02,85.08000183105469,86.02999877929688,84.13999938964844,84.2699966430664,79.30248260498047,17616100,0.0,0.0
2023-06-05,83.98999786376953,84.56999969482422,83.23999786376953,84.4000015258789,79.42481994628906,8204000,0.0,0.0
2023-06-06,83.5,87.05999755859375,83.37000274658203,86.69999694824219,81.58924865722656,18452000,0.0,0.0
2023-06-07,85.72000122070312,86.94999694824219,85.08999633789062,85.27999877929688,80.2529525756836,12886700,0.0,0.0
2023-06-08,85.16999816894531,86.94999694824219,85.16999816894531,86.13999938964844,81.062255859375,11281000,0.0,0.0
2023-06-09,86.05999755859375,86.83799743652344,85.06500244140625,85.5,80.4599838256836,12903400,0.0,0.0
2023-06-12,86.01000213623047,87.29000091552734,85.62999725341797,85.86000061035156,80.79875946044922,11559000,0.0,0.0
2023-06-13,87.95999908447266,89.22000122070312,87.25,87.51000213623047,82.35149383544922,16814100,0.0,0.0
2023-06-14,87.97000122070312,90.12000274658203,87.70999908447266,89.36000061035156,84.09244537353516,21519300,0.0,0.0
2023-06-15,91.45999908447266,92.7699966430664,90.5999984741211,92.19999694824219,86.76502227783203,26570500,0.0,0.0
2023-06-16,94.0,94.29000091552734,91.5199966430664,92.0999984741211,86.67092895507812,25087700,0.0,0.0
2023-06-20,89.83000183105469,90.19999694824219,87.31999969482422,87.93000030517578,82.74674224853516,23382900,0.0,0.0
2023-06-21,87.37999725341797,89.16000366210938,86.62000274658203,86.7699966430664,81.65511322021484,15159900,0.0,0.0
2023-06-22,86.77999877929688,87.31500244140625,85.31999969482422,86.88999938964844,81.7680435180664,10272700,0.0,0.0
2023-06-23,85.80999755859375,85.93800354003906,84.37000274658203,84.91999816894531,79.91416931152344,14907100,0.0,0.0
2023-06-26,85.31999969482422,86.70999908447266,85.20999908447266,85.47000122070312,80.43175506591797,10808700,0.0,0.0
2023-06-27,86.81999969482422,87.61499786376953,86.71499633789062,87.12999725341797,81.99388885498047,13994500,0.0,0.0
2023-06-28,85.75,85.75,84.37999725341797,84.58999633789062,79.60362243652344,14113800,0.0,0.0
2023-06-29,83.38999938964844,83.98999786376953,83.0,83.55000305175781,78.62493133544922,13362500,0.0,0.0
2023-06-30,83.2300033569336,84.2300033569336,83.01000213623047,83.3499984741211,78.43671417236328,12174300,0.0,0.0
2023-07-03,84.87000274658203,85.63500213623047,84.0,84.06999969482422,79.11427307128906,11514400,0.0,0.0
2023-07-05,83.9800033569336,84.69000244140625,82.81999969482422,84.30000305175781,79.33071899414062,11203900,0.0,0.0
2023-07-06,83.12000274658203,83.94999694824219,82.63999938964844,83.83999633789062,78.89783477783203,12930300,0.0,0.0
2023-07-07,86.76000213623047,91.56999969482422,86.62999725341797,90.55000305175781,85.21229553222656,46992100,0.0,0.0
2023-07-10,90.05000305175781,92.04000091552734,89.5999984741211,90.55999755859375,85.2217025756836,25401800,0.0,0.0
2023-07-11,91.0199966430664,92.31999969482422,89.01000213623047,91.79000091552734,86.37920379638672,20768800,0.0,0.0
2023-07-12,94.11000061035156,95.02999877929688,92.55000305175781,94.0,88.45893096923828,24161400,0.0,0.0
2023-07-13,95.02999877929688,97.00499725341797,94.5999984741211,96.61000061035156,90.91507720947266,24021400,0.0,0.0
2023-07-14,95.22000122070312,96.08999633789062,94.23999786376953,94.55999755859375,88.98591613769531,18897100,0.0,0.0
2023-07-17,92.25,93.55000305175781,91.04000091552734,93.41000366210938,87.90371704101562,17317300,0.0,0.0
2023-07-18,91.54000091552734,92.20999908447266,90.1500015258789,91.19999694824219,85.823974609375,20221900,0.0,0.0
2023-07-19,93.56999969482422,94.70999908447266,92.08999633789062,92.08999633789062,86.6615219116211,17228100,0.0,0.0
2023-07-20,91.69000244140625,93.12000274658203,91.3499984741211,91.9000015258789,86.48271942138672,14753000,0.0,0.0
2023-07-21,92.88999938964844,93.2300033569336,91.54000091552734,92.16999816894531,86.73680114746094,13899100,0.0,0.0
2023-07-24,92.06999969482422,97.46900177001953,91.30000305175781,96.3499984741211,90.67039489746094,33376100,0.0,0.0
2023-07-25,98.16999816894531,98.48999786376953,94.61000061035156,94.9800033569336,89.38116455078125,25827300,0.0,0.0
2023-07-26,94.94999694824219,97.54499816894531,94.83999633789062,97.13999938964844,91.41383361816406,15833400,0.0,0.0
2023-07-27,97.75,97.98999786376953,95.16100311279297,95.44000244140625,89.81404876708984,18685500,0.0,0.0
2023-07-28,98.06999969482422,101.22000122070312,97.95999908447266,100.55000305175781,94.62281799316406,31956500,0.0,0.0
2023-07-31,99.79000091552734,102.5,99.72000122070312,102.16000366210938,96.1379165649414,17726500,0.0,0.0
2023-08-01,99.87000274658203,101.16000366210938,99.30000305175781,100.0999984741211,94.19934844970703,14333700,0.0,0.0
2023-08-02,97.72000122070312,97.73999786376953,94.55999755859375,95.06999969482422,89.46585845947266,19452300,0.0,0.0
2023-08-03,96.70999908447266,98.48999786376953,96.58000183105469,97.58000183105469,91.82789611816406,15370900,0.0,0.0
2023-08-04,97.73500061035156,98.48999786376953,96.69000244140625,96.9000015258789,91.18798065185547,13477300,0.0,0.0
2023-08-07,97.77999877929688,97.80000305175781,95.02999877929688,96.55999755859375,90.86802673339844,13893900,0.0,0.0
2023-08-08,93.51000213623047,94.4800033569336,92.9219970703125,94.22000122070312,88.66596221923828,13504700,0.0,0.0
2023-08-09,96.0250015258789,96.30000305175781,94.08000183105469,94.8499984741211,89.25881958007812,18640100,0.0,0.0
2023-08-10,98.30999755859375,101.83999633789062,97.12000274658203,99.20999908447266,93.36181640625,53193100,0.0,0.0
2023-08-11,97.33999633789062,97.6500015258789,94.33999633789062,95.72000122070312,90.07754516601562,25222800,0.0,0.0
2023-08-14,94.23999786376953,94.44999694824219,92.52999877929688,93.45999908447266,87.95075988769531,17581000,0.0,0.0
2023-08-15,93.0,93.01000213623047,90.74500274658203,91.58999633789062,86.19098663330078,14756300,0.0,0.0
2023-08-16,89.62999725341797,90.5,88.29000091552734,89.12000274658203,83.86659240722656,23292400,0.0,0.0
2023-08-17,91.94000244140625,91.94999694824219,90.26000213623047,90.6500015258789,85.30641174316406,15732300,0.0,0.0
2023-08-18,87.77999877929688,88.36000061035156,86.86000061035156,88.02999877929688,82.8408432006836,20424800,0.0,0.0
2023-08-21,87.5999984741211,88.81999969482422,87.22000122070312,88.56999969482422,83.34901428222656,14167300,0.0,0.0
2023-08-22,89.27999877929688,89.48999786376953,87.86000061035156,88.08000183105469,82.88789367675781,11577600,0.0,0.0
2023-08-23,88.37000274658203,90.58999633789062,88.30999755859375,89.83999633789062,84.54414367675781,12185700,0.0,0.0
2023-08-24,90.48999786376953,90.91999816894531,89.04000091552734,89.11000061035156,83.85718536376953,10684500,0.0,0.0
2023-08-25,89.25,90.04000091552734,88.2699966430664,89.81999969482422,84.52532196044922,11382200,0.0,0.0
2023-08-28,91.5,92.7699966430664,91.29000091552734,92.23999786376953,86.80267333984375,14613800,0.0,0.0
2023-08-29,93.44999694824219,94.09500122070312,92.33999633789062,94.02999877929688,88.4871597290039,16928000,0.0,0.0
2023-08-30,92.55000305175781,94.25,92.47000122070312,93.6500015258789,88.12956237792969,13779900,0.0,0.0
2023-08-31,92.9800033569336,93.36000061035156,92.16000366210938,92.9000015258789,87.42376708984375,13332400,0.0,0.0
2023-09-01,94.55000305175781,96.68000030517578,94.5199966430664,95.01000213623047,89.40939331054688,17470400,0.0,0.0
2023-09-05,94.52999877929688,95.39199829101562,94.06999969482422,94.6500015258789,89.07061767578125,10097600,0.0,0.0
2023-09-06,94.1500015258789,95.80000305175781,94.12999725341797,94.44999694824219,88.88240051269531,10123600,0.0,0.0
2023-09-07,91.63999938964844,91.76000213623047,88.95500183105469,89.97000122070312,84.6664810180664,18667200,0.0,0.0
2023-09-08,89.5999984741211,90.30000305175781,88.7300033569336,90.05000305175781,84.74176788330078,10333300,0.0,0.0
2023-09-11,89.7300033569336,90.3499984741211,87.70999908447266,88.70999908447266,83.48075866699219,15773500,0.0,0.0
2023-09-12,88.19000244140625,89.95999908447266,88.18000030517578,88.30000305175781,83.09493255615234,10262500,0.0,0.0
2023-09-13,87.94000244140625,88.29000091552734,87.38200378417969,87.63999938964844,82.47383117675781,10634900,0.0,0.0
2023-09-14,88.55000305175781,88.5999984741211,87.44000244140625,88.0,82.81261444091797,8643100,0.0,0.0
2023-09-15,87.7699966430664,88.22000122070312,86.81999969482422,87.06999969482422,81.93743133544922,10147700,0.0,0.0
2023-09-18,86.1500015258789,87.16999816894531,85.3949966430664,87.0199966430664,81.89037322998047,9291600,0.0,0.0
2023-09-19,86.12000274658203,87.87999725341797,86.08000183105469,87.11000061035156,81.97508239746094,9247000,0.0,0.0
2023-09-20,86.97000122070312,87.5,85.6500015258789,85.73999786376953,80.68583679199219,9228200,0.0,0.0
2023-09-21,83.86000061035156,84.7750015258789,83.76000213623047,84.11000061035156,79.15192413330078,10638900,0.0,0.0
2023-09-22,87.36499786376953,88.875,87.11000061035156,88.30000305175781,83.09493255615234,22469600,0.0,0.0
2023-09-25,85.87999725341797,87.2699966430664,85.7699966430664,87.22000122070312,82.07859802246094,9897200,0.0,0.0
2023-09-26,86.45999908447266,87.06999969482422,85.69999694824219,85.91000366210938,80.84580993652344,9666600,0.0,0.0
2023-09-27,86.37999725341797,86.55000305175781,85.30000305175781,86.19000244140625,81.10931396484375,7233900,0.0,0.0
2023-09-28,84.88999938964844,85.88999938964844,84.30500030517578,85.54000091552734,80.49762725830078,10093600,0.0,0.0
2023-09-29,87.29000091552734,87.94999694824219,86.6050033569336,86.73999786376953,81.62689208984375,9654800,0.0,0.0
2023-10-02,86.75,87.1050033569336,85.88999938964844,86.52999877929688,81.42926788330078,8209800,0.0,0.0
2023-10-03,84.5,85.0,83.94999694824219,84.54000091552734,79.55657958984375,11448800,0.0,0.0
2023-10-04,84.2750015258789,84.54000091552734,83.6500015258789,84.08000183105469,79.12369537353516,8904700,0.0,0.0
2023-10-05,83.5199966430664,83.70999908447266,82.44999694824219,83.66999816894531,78.73785400390625,10334500,0.0,0.0
2023-10-06,84.25,86.51499938964844,84.0,86.05999755859375,80.98696899414062,13423700,0.0,0.0
2023-10-09,83.91000366210938,85.20999908447266,83.56999969482422,84.8499984741211,79.84829711914062,10880000,0.0,0.0
2023-10-10,85.66999816894531,87.73999786376953,85.56999969482422,87.16999816894531,82.03153228759766,13557800,0.0,0.0
2023-10-11,88.01000213623047,88.7959976196289,87.1449966430664,87.77999877929688,82.60557556152344,11111500,0.0,0.0
2023-10-12,87.58000183105469,87.66999816894531,84.19999694824219,84.51000213623047,79.5283432006836,16158100,0.0,0.0
2023-10-13,84.05999755859375,85.48999786376953,83.75,84.0199966430664,79.06722259521484,10325500,0.0,0.0
2023-10-16,83.69999694824219,84.96499633789062,82.62999725341797,84.30999755859375,79.34013366699219,10075300,0.0,0.0
2023-10-17,82.75,84.36000061035156,82.55999755859375,83.91000366210938,78.96370697021484,8270000,0.0,0.0
2023-10-18,82.95999908447266,83.7300033569336,82.76000213623047,83.01000213623047,78.11676788330078,9321600,0.0,0.0
2023-10-19,81.4800033569336,82.3949966430664,81.11499786376953,81.61000061035156,76.79928588867188,12624100,0.0,0.0
2023-10-20,80.2300033569336,80.86000061035156,79.78299713134766,79.94000244140625,75.22772979736328,14636200,0.0,0.0
2023-10-23,79.41999816894531,80.9260025024414,79.0199966430664,80.51000213623047,75.76412963867188,12715200,0.0,0.0
2023-10-24,80.44999694824219,83.31999969482422,80.44000244140625,82.87000274658203,77.9850082397461,17925800,0.0,0.0
2023-10-25,81.30000305175781,82.0,80.77999877929688,81.02999877929688,76.25347137451172,11390200,0.0,0.0
2023-10-26,81.26499938964844,83.08999633789062,81.19999694824219,82.51000213623047,77.646240234375,13010400,0.0,0.0
2023-10-27,83.87000274658203,84.12000274658203,82.4800033569336,82.81999969482422,77.93795776367188,10795600,0.0,0.0
2023-10-30,83.62999725341797,84.23999786376953,83.01100158691406,83.13999938964844,78.23909759521484,8980500,0.0,0.0
2023-10-31,81.94000244140625,82.54000091552734,80.87999725341797,82.54000091552734,77.67446899414062,12094300,0.0,0.0
2023-11-01,81.70500183105469,82.48999786376953,81.20999908447266,82.4800033569336,77.61799621582031,9550000,0.0,0.0
2023-11-02,83.6500015258789,83.9800033569336,83.02999877929688,83.41000366210938,78.4931869506836,10606300,0.0,0.0
2023-11-03,84.94000244140625,86.08000183105469,84.5,85.30999755859375,80.28118133544922,15148300,0.0,0.0
2023-11-06,86.55000305175781,86.72000122070312,85.2300033569336,85.36000061035156,80.32823181152344,9786400,0.0,0.0
2023-11-07,84.86000061035156,85.66000366210938,84.11000061035156,85.41000366210938,80.37528991699219,8829400,0.0,0.0
2023-11-08,84.62000274658203,85.7300033569336,84.4800033569336,84.80000305175781,79.8012466430664,8154600,0.0,0.0
2023-11-09,84.58000183105469,84.69000244140625,82.4749984741211,82.7300033569336,77.853271484375,10885100,0.0,0.0
2023-11-10,82.41000366210938,82.87000274658203,81.66000366210938,82.75,77.87208557128906,9779500,0.0,0.0
2023-11-13,82.75,83.31500244140625,82.08000183105469,82.26000213623047,77.41097259521484,11236900,0.0,0.0
2023-11-14,82.76000213623047,84.53500366210938,82.31999969482422,83.87000274658203,78.92606353759766,20897600,0.0,0.0
2023-11-15,86.95999908447266,87.83000183105469,85.88999938964844,87.06999969482422,81.93743133544922,28991000,0.0,0.0
2023-11-16,79.5199966430664,80.7699966430664,78.23100280761719,79.11000061035156,74.4466552734375,63008500,0.0,0.0
2023-11-17,77.0199966430664,78.46600341796875,76.75,77.5999984741211,73.02567291259766,35497300,0.0,0.0
2023-11-20,76.91000366210938,78.74500274658203,76.55999755859375,78.45999908447266,73.83497619628906,31506800,0.0,0.0
2023-11-21,77.8499984741211,79.2750015258789,77.5999984741211,78.94000244140625,74.28668212890625,20525500,0.0,0.0
2023-11-22,79.27999877929688,79.70999908447266,78.12999725341797,78.95999908447266,74.30549621582031,18958600,0.0,0.0
2023-11-24,78.2699966430664,79.06999969482422,78.20999908447266,78.48999786376953,73.86319732666016,12251700,0.0,0.0
2023-11-27,77.55500030517578,79.25,77.08999633789062,77.52999877929688,72.95979309082031,18248200,0.0,0.0
2023-11-28,76.55999755859375,76.83999633789062,75.26000213623047,76.73999786376953,72.21636199951172,23682200,0.0,0.0
2023-11-29,75.0,75.45600128173828,74.42500305175781,74.66999816894531,70.26838684082031,30969100,0.0,0.0
2023-11-30,74.69999694824219,74.94000244140625,74.01000213623047,74.87999725341797,70.46600341796875,17884200,0.0,0.0
2023-12-01,73.12000274658203,74.13999938964844,72.12000274658203,73.98999786376953,69.62847137451172,27998600,0.0,0.0
2023-12-04,72.66999816894531,73.58000183105469,72.4800033569336,73.02999877929688,68.72505950927734,21074900,0.0,0.0
2023-12-05,72.04000091552734,72.69999694824219,71.91999816894531,72.37999725341797,68.11336517333984,19129000,0.0,0.0
2023-12-06,72.36000061035156,72.94999694824219,71.48999786376953,71.48999786376953,67.27583312988281,30394400,0.0,0.0
2023-12-07,71.54499816894531,72.37000274658203,71.44000244140625,72.33000183105469,68.06632995605469,18966700,0.0,0.0
2023-12-08,72.0199966430664,72.44000244140625,71.83000183105469,72.13999938964844,67.88751983642578,16914800,0.0,0.0
2023-12-11,70.48999786376953,71.61000061035156,70.08000183105469,71.37000274658203,67.16291809082031,19719300,0.0,0.0
2023-12-12,71.37999725341797,71.95500183105469,70.93000030517578,71.38999938964844,67.18172454833984,14725900,0.0,0.0
2023-12-13,70.91000366210938,71.4800033569336,70.12000274658203,71.45999908447266,67.24760437011719,21721600,0.0,0.0
2023-12-14,71.47000122070312,73.23999786376953,71.41999816894531,72.51000213623047,68.23571014404297,25199300,0.0,0.0
2023-12-15,74.0,75.54499816894531,73.31999969482422,74.51000213623047,70.1178207397461,31327500,0.0,0.0
2023-12-18,74.05000305175781,74.2300033569336,73.20999908447266,73.83999633789062,69.48731231689453,17233500,0.0,0.0
2023-12-19,74.4000015258789,76.01000213623047,74.22000122070312,75.38999938964844,70.94593811035156,20939300,0.0,0.0
2023-12-20,74.58000183105469,75.29499816894531,73.33000183105469,73.3499984741211,69.95408630371094,27540200,1.0,0.0
2023-12-21,74.86000061035156,76.29000091552734,74.3499984741211,76.26000213623047,72.7293701171875,20812100,0.0,0.0
2023-12-22,74.5,75.68000030517578,74.44000244140625,75.27999877929688,71.79473876953125,20004300,0.0,0.0
2023-12-26,76.16000366210938,76.96900177001953,75.7300033569336,75.8499984741211,72.33834838867188,13121300,0.0,0.0
2023-12-27,76.27999877929688,76.44999694824219,75.41000366210938,76.11000061035156,72.58631134033203,14904500,0.0,0.0
2023-12-28,77.2300033569336,77.79000091552734,76.9800033569336,77.23999786376953,73.66399383544922,18937900,0.0,0.0
2023-12-29,77.05999755859375,77.63500213623047,76.81999969482422,77.51000213623047,73.92149353027344,14094600,0.0,0.0
2024-01-02,76.05000305175781,76.07499694824219,74.51000213623047,74.76000213623047,71.29881286621094,21739600,0.0,0.0
2024-01-03,74.33000183105469,76.69000244140625,74.06999969482422,76.58999633789062,73.04408264160156,24444600,0.0,0.0
2024-01-04,75.55999755859375,75.7249984741211,74.44000244140625,74.66000366210938,71.20344543457031,18454900,0.0,0.0
2024-01-05,74.0,74.0,72.86000061035156,73.01000213623047,69.62983703613281,21725200,0.0,0.0
2024-01-08,71.25,73.05999755859375,70.91999816894531,72.87999725341797,69.50584411621094,22000000,0.0,0.0
2024-01-09,71.25,72.12000274658203,70.95999908447266,72.0199966430664,68.68566131591797,21451800,0.0,0.0
2024-01-10,71.37999725341797,71.7750015258789,71.04499816894531,71.41000366210938,68.10391235351562,19540000,0.0,0.0
2024-01-11,72.54499816894531,73.12999725341797,71.52999877929688,72.37999725341797,69.02899932861328,18095300,0.0,0.0
2024-01-12,72.58999633789062,73.43000030517578,71.80999755859375,71.83999633789062,68.51399993896484,16147300,0.0,0.0
2024-01-16,70.12999725341797,70.53099822998047,69.30000305175781,69.45999908447266,66.24418640136719,27606900,0.0,0.0
2024-01-17,67.72000122070312,69.0,67.26000213623047,68.93000030517578,65.73872375488281,22684400,0.0,0.0
2024-01-18,68.5999984741211,69.08000183105469,68.0,68.05000305175781,64.89946746826172,19307000,0.0,0.0
2024-01-19,67.19999694824219,69.90499877929688,66.91999816894531,69.41999816894531,66.20604705810547,34547700,0.0,0.0
2024-01-22,67.27999877929688,68.73799896240234,66.62999725341797,68.62999725341797,65.4526138305664,27294200,0.0,0.0
2024-01-23,72.75499725341797,74.5,72.55000305175781,74.0199966430664,70.59307098388672,53017700,0.0,0.0
2024-01-24,75.28500366210938,75.62000274658203,74.22000122070312,75.19999694824219,71.71843719482422,36503300,0.0,0.0
2024-01-25,75.19000244140625,75.5,73.55999755859375,73.8499984741211,70.43093872070312,23268600,0.0,0.0
2024-01-26,73.0999984741211,74.72000122070312,72.91999816894531,74.01000213623047,70.58354187011719,19418200,0.0,0.0
2024-01-29,74.66999816894531,74.80999755859375,72.83000183105469,73.58000183105469,70.17344665527344,17537400,0.0,0.0
2024-01-30,72.45999908447266,73.06500244140625,72.08499908447266,72.31999969482422,68.9717788696289,17089600,0.0,0.0
2024-01-31,71.49500274658203,72.94000244140625,71.49500274658203,72.16999816894531,68.82872009277344,15743600,0.0,0.0
2024-02-01,73.15499877929688,73.47000122070312,72.12000274658203,72.45999908447266,69.10529327392578,14445800,0.0,0.0
2024-02-02,72.12999725341797,72.2300033569336,71.05000305175781,71.8499984741211,68.5235366821289,18824200,0.0,0.0
2024-02-05,72.16999816894531,75.1500015258789,71.86000061035156,74.62999725341797,71.1748275756836,27721000,0.0,0.0
2024-02-06,77.04499816894531,78.33999633789062,75.7300033569336,78.2300033569336,74.60816192626953,39069100,0.0,0.0
2024-02-07,74.55500030517578,76.16999816894531,73.1500015258789,73.63999938964844,70.23066711425781,53766300,0.0,0.0
2024-02-08,71.88500213623047,73.19999694824219,70.6500015258789,70.77999877929688,67.50306701660156,33070600,0.0,0.0
2024-02-09,70.80000305175781,72.08499908447266,70.0,72.0199966430664,68.68566131591797,18998400,0.0,0.0
2024-02-12,72.30999755859375,74.12999725341797,72.30999755859375,73.13999938964844,69.7538070678711,18151100,0.0,0.0
2024-02-13,71.95999908447266,73.02999877929688,71.41999816894531,71.5999984741211,68.28511047363281,13560600,0.0,0.0
2024-02-14,72.30999755859375,73.41000366210938,72.2300033569336,73.38999938964844,69.99224090576172,12817500,0.0,0.0
2024-02-15,73.22000122070312,74.13999938964844,73.08499908447266,73.81999969482422,70.40232849121094,12078100,0.0,0.0
2024-02-16,74.86000061035156,75.37000274658203,73.9000015258789,73.91000366210938,70.48816680908203,16393300,0.0,0.0
2024-02-20,73.45999908447266,73.66999816894531,72.18000030517578,73.13999938964844,69.7538070678711,14353300,0.0,0.0
2024-02-21,74.4800033569336,76.38999938964844,74.06999969482422,75.58000183105469,72.08084869384766,23475500,0.0,0.0
2024-02-22,75.0999984741211,76.37999725341797,75.0,76.12000274658203,72.59585571289062,14836600,0.0,0.0
2024-02-23,76.4800033569336,76.93499755859375,75.1500015258789,75.95999908447266,72.4432601928711,12301700,0.0,0.0
2024-02-26,75.62000274658203,76.56999969482422,75.33999633789062,76.51000213623047,72.9677963256836,13973100,0.0,0.0
2024-02-27,77.52999877929688,78.05000305175781,77.25,77.68000030517578,74.08362579345703,14490200,0.0,0.0
2024-02-28,76.0199966430664,76.18000030517578,74.44999694824219,74.58999633789062,71.13668823242188,16905300,0.0,0.0
2024-02-29,74.68000030517578,75.04000091552734,73.80000305175781,74.02999877929688,70.60261535644531,12549200,0.0,0.0
2024-03-01,74.4800033569336,75.08999633789062,74.37000274658203,74.62000274658203,71.16529846191406,11980100,0.0,0.0
2024-03-04,73.7300033569336,73.7300033569336,71.69999694824219,72.0,68.66659545898438,19550100,0.0,0.0
2024-03-05,71.25,72.70999908447266,71.04000091552734,72.06999969482422,68.73335266113281,15804500,0.0,0.0
2024-03-06,74.19999694824219,74.72000122070312,73.61000061035156,73.70999908447266,70.29742431640625,19785300,0.0,0.0
2024-03-07,72.5999984741211,72.75800323486328,71.76000213623047,72.54000091552734,69.18159484863281,12374700,0.0,0.0
2024-03-08,72.80999755859375,73.76000213623047,72.76000213623047,73.55000305175781,70.14483642578125,16430400,0.0,0.0
2024-03-11,74.62999725341797,76.05999755859375,74.55000305175781,74.86000061035156,71.3941879272461,13510400,0.0,0.0
2024-03-12,75.87000274658203,76.4800033569336,75.21499633789062,76.05999755859375,72.53861999511719,13314700,0.0,0.0
2024-03-13,75.94000244140625,77.44999694824219,75.94000244140625,76.38999938964844,72.85335540771484,15319800,0.0,0.0
2024-03-14,75.23500061035156,75.38999938964844,73.2300033569336,73.4000015258789,70.00177764892578,18923500,0.0,0.0
2024-03-15,73.57499694824219,74.12999725341797,73.38999938964844,73.41999816894531,70.0208511352539,10233700,0.0,0.0
2024-03-18,73.41999816894531,74.0199966430664,73.33000183105469,73.5199966430664,70.11621856689453,8542500,0.0,0.0
2024-03-19,73.08000183105469,73.73500061035156,72.8499984741211,73.41999816894531,70.0208511352539,8164200,0.0,0.0
2024-03-20,73.55000305175781,74.33000183105469,73.30000305175781,74.18000030517578,70.74566650390625,11123200,0.0,0.0
2024-03-21,74.30000305175781,74.73999786376953,73.7699966430664,73.83000183105469,70.411865234375,11860700,0.0,0.0
2024-03-22,72.4800033569336,72.62000274658203,72.04000091552734,72.12999725341797,68.79057312011719,12771500,0.0,0.0
2024-03-25,71.94000244140625,72.48999786376953,71.36000061035156,71.45999908447266,68.15159606933594,12422100,0.0,0.0
2024-03-26,71.83999633789062,71.87000274658203,71.08999633789062,71.4800033569336,68.17066192626953,10881900,0.0,0.0
2024-03-27,70.88999938964844,71.69000244140625,70.58300018310547,71.58999633789062,68.27557373046875,13281300,0.0,0.0
2024-03-28,72.08000183105469,72.58999633789062,72.05500030517578,72.36000061035156,69.00992584228516,14073400,0.0,0.0
2024-04-01,73.23999786376953,73.58200073242188,72.80999755859375,73.37000274658203,69.9731674194336,14311700,0.0,0.0
2024-04-02,72.56999969482422,73.13999938964844,72.51000213623047,72.87999725341797,69.50584411621094,17290400,0.0,0.0
2024-04-03,72.41999816894531,72.87000274658203,72.11000061035156,72.44000244140625,69.08621978759766,11777900,0.0,0.0
2024-04-04,72.9800033569336,73.2300033569336,71.9000015258789,71.94999694824219,68.61890411376953,11087100,0.0,0.0
2024-04-05,71.68000030517578,72.0250015258789,71.41000366210938,71.66000366210938,68.34233856201172,12260300,0.0,0.0
2024-04-08,71.95999908447266,72.38999938964844,71.55999755859375,71.70999908447266,68.3900146484375,10560000,0.0,0.0
2024-04-09,72.37000274658203,73.23999786376953,72.30999755859375,72.98999786376953,69.61075592041016,14060400,0.0,0.0
2024-04-10,74.44499969482422,75.16999816894531,73.73999786376953,74.58999633789062,71.13668823242188,20572200,0.0,0.0
2024-04-11,75.21499633789062,75.43000030517578,74.37000274658203,74.8499984741211,71.3846435546875,14986800,0.0,0.0
2024-04-12,72.94000244140625,72.9800033569336,71.29000091552734,71.29000091552734,67.98946380615234,18231400,0.0,0.0
2024-04-15,71.7300033569336,72.05000305175781,70.16999816894531,70.62000274658203,67.35047912597656,15903900,0.0,0.0
2024-04-16,70.0199966430664,70.30699920654297,69.29000091552734,69.61000061035156,66.38724517822266,17478900,0.0,0.0
2024-04-17,69.70999908447266,70.01000213623047,68.7249984741211,68.81999969482422,65.6338119506836,12760600,0.0,0.0
2024-04-18,69.08999633789062,69.625,68.80000305175781,68.87999725341797,65.6910400390625,9491000,0.0,0.0
2024-04-19,68.41999816894531,69.1500015258789,68.36000061035156,69.06999969482422,65.87224578857422,13084100,0.0,0.0
2024-04-22,69.69499969482422,70.9000015258789,69.12000274658203,70.68000030517578,67.40771484375,15015600,0.0,0.0
2024-04-23,71.08000183105469,72.80000305175781,70.98999786376953,72.51000213623047,69.15298461914062,15268200,0.0,0.0
2024-04-24,73.73999786376953,74.69999694824219,73.5,74.62999725341797,71.1748275756836,16375200,0.0,0.0
2024-04-25,73.80500030517578,75.19999694824219,73.80500030517578,75.11000061035156,71.63260650634766,11921900,0.0,0.0
2024-04-26,76.18499755859375,76.93000030517578,75.05999755859375,75.55000305175781,72.05223846435547,14216100,0.0,0.0
2024-04-29,75.6500015258789,76.52999877929688,75.22000122070312,76.41000366210938,72.87242126464844,13076400,0.0,0.0
2024-04-30,75.88999938964844,76.29000091552734,74.4800033569336,74.8499984741211,71.3846435546875,12856000,0.0,0.0
2024-05-01,74.98999786376953,76.25,74.87000274658203,75.51000213623047,72.01409149169922,10549100,0.0,0.0
2024-05-02,77.58999633789062,81.41500091552734,77.16000366210938,80.33000183105469,76.6109390258789,36663900,0.0,0.0
2024-05-03,81.2699966430664,81.37000274658203,79.69999694824219,81.33000183105469,77.56463623046875,19355800,0.0,0.0
2024-05-06,81.75499725341797,82.22000122070312,80.5,81.55000305175781,77.77445983886719,11826100,0.0,0.0
2024-05-07,79.93000030517578,79.93000030517578,78.81500244140625,79.37000274658203,75.69538116455078,14589100,0.0,0.0
2024-05-08,77.91999816894531,78.98999786376953,77.80999755859375,78.45999908447266,74.8275146484375,11327100,0.0,0.0
2024-05-09,79.5,79.91999816894531,78.70999908447266,79.45999908447266,75.78121185302734,9627300,0.0,0.0
2024-05-10,80.08000183105469,80.5199966430664,79.7699966430664,80.04000091552734,76.33436584472656,10819600,0.0,0.0
2024-05-13,82.70999908447266,85.0,82.5999984741211,84.5999984741211,80.6832504272461,32010700,0.0,0.0
2024-05-14,79.6500015258789,80.51000213623047,77.72000122070312,79.51000213623047,75.82890319824219,44687700,0.0,0.0
2024-05-15,80.38999938964844,81.12999725341797,79.77999877929688,80.98999786376953,77.2403793334961,17803300,0.0,0.0
2024-05-16,81.95999908447266,87.48999786376953,81.64600372314453,86.69999694824219,82.68601989746094,47259500,0.0,0.0
2024-05-17,87.5999984741211,90.45999908447266,86.83000183105469,88.54000091552734,84.44083404541016,35152900,0.0,0.0
2024-05-20,87.47000122070312,89.23999786376953,86.94999694824219,88.27999877929688,84.19286346435547,16737200,0.0,0.0
2024-05-21,86.5199966430664,87.16999816894531,85.31999969482422,86.12999725341797,82.14241027832031,16512400,0.0,0.0
2024-05-22,84.61000061035156,85.12999725341797,82.68000030517578,82.68000030517578,78.85213470458984,19717800,0.0,0.0
2024-05-23,81.43000030517578,82.94000244140625,80.05000305175781,80.80000305175781,77.05917358398438,23930300,0.0,0.0
2024-05-24,80.5,82.55999755859375,79.7300033569336,81.26000213623047,77.49787902832031,41456400,0.0,0.0
2024-05-28,80.80000305175781,81.72000122070312,80.04000091552734,80.58000183105469,76.849365234375,15211800,0.0,0.0
2024-05-29,78.76000213623047,79.36000061035156,78.2300033569336,79.05999755859375,75.39972686767578,18448500,0.0,0.0
2024-05-30,78.86499786376953,80.19999694824219,78.69999694824219,79.62999725341797,75.94334411621094,13875900,0.0,0.0
2024-05-31,77.95999908447266,78.5,77.16999816894531,78.33999633789062,74.71306610107422,20023900,0.0,0.0
2024-06-03,79.0,79.31999969482422,77.22000122070312,77.9000015258789,74.29344177246094,14244400,0.0,0.0
2024-06-04,78.18000030517578,78.85700225830078,77.7750015258789,78.44999694824219,74.8179702758789,10784400,0.0,0.0
2024-06-05,78.9800033569336,79.93499755859375,78.86000061035156,79.83000183105469,76.13408660888672,13716200,0.0,0.0
2024-06-06,79.41999816894531,80.05500030517578,78.76000213623047,80.01000213623047,76.30575561523438,11205300,0.0,0.0
2024-06-07,78.94999694824219,79.31999969482422,78.13500213623047,78.41000366210938,74.77983093261719,12190300,0.0,0.0
2024-06-10,78.56999969482422,79.73999786376953,78.23999786376953,79.30000305175781,75.62862396240234,9475200,0.0,0.0
2024-06-11,79.0,79.08000183105469,77.66999816894531,77.9000015258789,74.29344177246094,11108400,0.0,0.0
2024-06-12,78.75,78.79000091552734,77.63999938964844,78.04000091552734,74.42695617675781,12069600,0.0,0.0
2024-06-13,76.5,76.98999786376953,75.48999786376953,75.68000030517578,73.74486541748047,14026700,1.66,0.0
2024-06-14,74.20999908447266,74.29000091552734,73.26000213623047,73.3499984741211,71.47443389892578,18282700,0.0,0.0
2024-06-17,74.0250015258789,75.08000183105469,73.83000183105469,74.55000305175781,72.64375305175781,13466300,0.0,0.0
2024-06-18,74.08499908447266,75.0999984741211,73.8499984741211,74.45999908447266,72.5560531616211,10305300,0.0,0.0
2024-06-20,74.56999969482422,75.2490005493164,74.02999877929688,74.3499984741211,72.44886779785156,9709400,0.0,0.0
2024-06-21,73.79000091552734,74.6500015258789,73.66999816894531,73.66999816894531,71.7862548828125,10183400,0.0,0.0
2024-06-24,74.12000274658203,75.93499755859375,74.12000274658203,74.79000091552734,72.87761688232422,20134400,0.0,0.0
2024-06-25,74.5,74.76000213623047,73.61000061035156,73.79000091552734,71.90319061279297,16914100,0.0,0.0
2024-06-26,73.92500305175781,74.3499984741211,73.66999816894531,74.16999816894531,72.27346801757812,7010100,0.0,0.0
2024-06-27,73.45999908447266,73.55000305175781,72.3499984741211,72.37000274658203,70.51950073242188,11865100,0.0,0.0
2024-06-28,72.37000274658203,72.55500030517578,71.80000305175781,72.0,70.1589584350586,10335000,0.0,0.0
2024-07-01,72.51000213623047,73.0199966430664,72.0199966430664,72.18000030517578,70.3343505859375,9034200,0.0,0.0
2024-07-02,72.31999969482422,73.7770004272461,71.97000122070312,73.68000030517578,71.7959976196289,13419100,0.0,0.0
2024-07-03,74.18000030517578,75.80500030517578,74.18000030517578,75.56999969482422,73.6376724243164,11768500,0.0,0.0
2024-07-05,74.66999816894531,74.71499633789062,73.61000061035156,74.5199966430664,72.61451721191406,14928700,0.0,0.0
2024-07-08,73.61000061035156,73.70999908447266,72.94999694824219,73.5,71.62060546875,10919400,0.0,0.0
2024-07-09,74.01000213623047,76.05999755859375,73.97000122070312,75.69999694824219,73.76434326171875,14458100,0.0,0.0
2024-07-10,75.27999877929688,76.65499877929688,75.25,76.01000213623047,74.06642150878906,12235200,0.0,0.0
2024-07-11,77.66000366210938,78.83000183105469,77.4219970703125,78.5199966430664,76.51223754882812,18896900,0.0,0.0
2024-07-12,80.30000305175781,81.01000213623047,79.42500305175781,79.6500015258789,77.61334228515625,14857200,0.0,0.0
2024-07-15,78.08999633789062,78.5999984741211,77.44999694824219,78.01000213623047,76.0152816772461,12614900,0.0,0.0
2024-07-16,77.29000091552734,78.58000183105469,76.9800033569336,78.37999725341797,76.37581634521484,12304500,0.0,0.0
2024-07-17,77.86000061035156,77.94999694824219,76.48999786376953,77.04000091552734,75.07008361816406,10815500,0.0,0.0
2024-07-18,77.36000061035156,78.31999969482422,76.36499786376953,76.54000091552734,74.58287048339844,11108600,0.0,0.0
2024-07-19,75.66000366210938,76.04499816894531,75.18000030517578,75.2699966430664,73.34534454345703,7557300,0.0,0.0
2024-07-22,76.83000183105469,77.19000244140625,76.26000213623047,76.63999938964844,74.68030548095703,9166800,0.0,0.0
2024-07-23,75.67500305175781,76.31999969482422,75.44000244140625,76.0999984741211,74.15412139892578,7997100,0.0,0.0
2024-07-24,76.1500015258789,77.05999755859375,75.72000122070312,75.80000305175781,73.8617935180664,7924700,0.0,0.0
2024-07-25,75.37000274658203,76.21499633789062,75.12999725341797,75.4000015258789,73.4720230102539,8172600,0.0,0.0
2024-07-26,75.26000213623047,76.7699966430664,74.55000305175781,76.52999877929688,74.57312774658203,10884500,0.0,0.0
2024-07-29,78.45999908447266,79.4000015258789,78.20500183105469,78.62000274658203,76.60968780517578,17364100,0.0,0.0
2024-07-30,78.22000122070312,78.79000091552734,77.69999694824219,78.0,76.00553131103516,8431900,0.0,0.0
2024-07-31,79.33000183105469,80.01499938964844,78.33999633789062,78.8499984741211,76.83379364013672,12178600,0.0,0.0
2024-08-01,78.7699966430664,79.36000061035156,77.83999633789062,77.9800033569336,75.98605346679688,8559600,0.0,0.0
2024-08-02,76.79000091552734,77.47000122070312,75.76499938964844,77.44999694824219,75.46959686279297,10808700,0.0,0.0
2024-08-05,74.02999877929688,77.25499725341797,73.87000274658203,76.9800033569336,75.0116195678711,16143300,0.0,0.0
2024-08-06,76.51000213623047,78.8499984741211,76.51000213623047,77.9000015258789,75.90809631347656,12128900,0.0,0.0
2024-08-07,78.91999816894531,78.94000244140625,77.45999908447266,77.83000183105469,75.83988189697266,9693900,0.0,0.0
2024-08-08,78.8499984741211,80.30999755859375,78.75,80.30999755859375,78.2564697265625,14004300,0.0,0.0
2024-08-09,79.97000122070312,80.22000122070312,79.19499969482422,79.98999786376953,77.94465637207031,7755900,0.0,0.0
2024-08-12,80.58999633789062,81.5,80.2300033569336,80.91000366210938,78.84112548828125,12127700,0.0,0.0
2024-08-13,80.96499633789062,81.4000015258789,80.68000030517578,81.0999984741211,79.0262680053711,9365700,0.0,0.0
2024-08-14,80.55000305175781,80.9800033569336,78.06999969482422,79.47000122070312,77.43795013427734,18058100,0.0,0.0
2024-08-15,77.9000015258789,81.87999725341797,77.73999786376953,79.54000091552734,77.50615692138672,31619400,0.0,0.0
2024-08-16,82.05000305175781,84.16000366210938,81.9800033569336,83.18000030517578,81.05308532714844,25249200,0.0,0.0
2024-08-19,83.9800033569336,84.9000015258789,83.48999786376953,83.91000366210938,81.76441955566406,14751000,0.0,0.0
2024-08-20,82.45999908447266,82.5999984741211,80.7750015258789,81.04000091552734,78.96780395507812,17880100,0.0,0.0
2024-08-21,81.8499984741211,83.80000305175781,81.70999908447266,83.52999877929688,81.39413452148438,14690000,0.0,0.0
2024-08-22,83.5,83.79000091552734,81.83000183105469,82.95999908447266,80.83870697021484,9729000,0.0,0.0
2024-08-23,84.9000015258789,85.79000091552734,84.36000061035156,85.41000366210938,83.22606658935547,17318000,0.0,0.0
2024-08-26,81.88999938964844,82.30500030517578,80.37000274658203,81.76000213623047,79.66939544677734,29321700,0.0,0.0
2024-08-27,82.2699966430664,82.6500015258789,81.2699966430664,81.44999694824219,79.36731719970703,9026100,0.0,0.0
2024-08-28,81.125,81.27999877929688,79.20500183105469,79.62000274658203,77.58411407470703,14024400,0.0,0.0
2024-08-29,81.23999786376953,81.46499633789062,80.45999908447266,81.0199966430664,78.94831085205078,14154200,0.0,0.0
2024-08-30,84.72000122070312,84.75,82.58000183105469,83.33999633789062,81.20899200439453,20027300,0.0,0.0
2024-09-03,81.77999877929688,83.0199966430664,81.69999694824219,82.2699966430664,80.16635131835938,11638200,0.0,0.0
2024-09-04,82.87000274658203,83.4000015258789,82.30000305175781,82.47000122070312,80.36123657226562,11114100,0.0,0.0
2024-09-05,82.1050033569336,83.01000213623047,82.0,82.43000030517578,80.32225799560547,8461000,0.0,0.0
2024-09-06,82.12000274658203,82.62000274658203,81.16999816894531,81.18000030517578,79.1042251586914,11712700,0.0,0.0
2024-09-09,80.93000030517578,81.625,80.31999969482422,81.44000244140625,79.35757446289062,10434400,0.0,0.0
2024-09-10,83.80000305175781,84.30000305175781,82.71499633789062,83.80000305175781,81.65723419189453,15327800,0.0,0.0
2024-09-11,83.57499694824219,84.83999633789062,83.5,84.80999755859375,82.64140319824219,11551700,0.0,0.0
2024-09-12,85.02999877929688,85.68000030517578,84.86000061035156,85.48999786376953,83.30401611328125,10775000,0.0,0.0
2024-09-13,84.38999938964844,84.88999938964844,83.81999969482422,84.69000244140625,82.52447509765625,8985500,0.0,0.0
2024-09-16,84.03500366210938,84.37999725341797,83.26000213623047,83.5999984741211,81.46234893798828,11298200,0.0,0.0
2024-09-17,84.81999969482422,85.7699966430664,84.62999725341797,84.69999694824219,82.53421020507812,10113900,0.0,0.0
2024-09-18,84.8499984741211,85.0,84.04000091552734,84.41999816894531,82.26136779785156,7858800,0.0,0.0
2024-09-19,87.625,88.56500244140625,86.94999694824219,88.48999786376953,86.22730255126953,18618400,0.0,0.0
2024-09-20,89.22000122070312,89.5199966430664,88.05000305175781,88.29000091552734,86.03241729736328,12277000,0.0,0.0
2024-09-23,89.47000122070312,91.1500015258789,89.31999969482422,90.08999633789062,87.78639221191406,19744100,0.0,0.0
2024-09-24,96.06999969482422,97.5,94.4000015258789,97.19000244140625,94.70484924316406,47423200,0.0,0.0
2024-09-25,94.37999725341797,96.18000030517578,94.05999755859375,95.45999908447266,93.01908111572266,18816600,0.0,0.0
2024-09-26,102.69000244140625,105.97000122070312,101.76000213623047,105.06999969482422,102.38335418701172,67261600,0.0,0.0
2024-09-27,105.97000122070312,109.43000030517578,105.7300033569336,107.33000183105469,104.58556365966797,50075200,0.0,0.0
2024-09-30,111.72000122070312,112.22000122070312,106.1050033569336,106.12000274658203,103.40650939941406,58561500,0.0,0.0
2024-10-01,106.41999816894531,112.79000091552734,106.1500015258789,112.73999786376953,109.85723114013672,44505000,0.0,0.0
2024-10-02,115.30999755859375,116.56999969482422,112.22000122070312,115.25,112.30304718017578,53732800,0.0,0.0
2024-10-03,110.9000015258789,114.08999633789062,110.62999725341797,112.83999633789062,109.95467376708984,29267000,0.0,0.0
2024-10-04,115.66500091552734,115.7300033569336,113.75,114.52999877929688,111.6014633178711,25644200,0.0,0.0
2024-10-07,117.44999694824219,117.81999969482422,113.37000274658203,117.5199966430664,114.51500701904297,38404000,0.0,0.0
2024-10-08,110.0999984741211,110.76000213623047,108.04000091552734,109.68000030517578,106.87547302246094,37414400,0.0,0.0
2024-10-09,105.80000305175781,109.37999725341797,105.62000274658203,107.88999938964844,105.13124084472656,28793000,0.0,0.0
2024-10-10,108.9800033569336,110.83999633789062,107.4800033569336,109.27999877929688,106.48570251464844,19736600,0.0,0.0
2024-10-11,108.05000305175781,111.05000305175781,107.22000122070312,110.13999938964844,107.3237075805664,18042600,0.0,0.0
2024-10-14,108.30999755859375,110.08000183105469,106.91999816894531,107.80999755859375,105.05329132080078,21351600,0.0,0.0
2024-10-15,103.98999786376953,104.41000366210938,101.63999938964844,101.83999633789062,99.23594665527344,28942600,0.0,0.0
2024-10-16,102.50499725341797,103.8499984741211,101.77999877929688,102.16999816894531,99.55750274658203,16432600,0.0,0.0
2024-10-17,101.25,101.44999694824219,99.55000305175781,100.06999969482422,97.5112075805664,15808200,0.0,0.0
2024-10-18,103.36499786376953,103.36499786376953,101.66000366210938,102.43000030517578,99.81085968017578,20824600,0.0,0.0
2024-10-21,100.4749984741211,101.6500015258789,100.11499786376953,100.91000366210938,98.32972717285156,10328600,0.0,0.0
2024-10-22,100.01000213623047,101.88999938964844,99.80000305175781,100.45999908447266,97.8912353515625,20650100,0.0,0.0
2024-10-23,100.16500091552734,100.22000122070312,97.73500061035156,98.0,95.49413299560547,13638200,0.0,0.0
2024-10-24,96.79000091552734,97.41000366210938,95.5199966430664,96.36000061035156,93.89606475830078,13602900,0.0,0.0
2024-10-25,98.30000305175781,98.9000015258789,97.05000305175781,97.41999816894531,94.92896270751953,16977100,0.0,0.0
2024-10-28,99.02999877929688,101.05000305175781,98.77999877929688,99.93000030517578,97.37478637695312,16044400,0.0,0.0
2024-10-29,101.44999694824219,101.44999694824219,99.52999877929688,99.83000183105469,97.27734375,13685400,0.0,0.0
2024-10-30,98.21499633789062,99.80000305175781,97.58000183105469,98.69999694824219,96.17623138427734,10179900,0.0,0.0
2024-10-31,97.80000305175781,98.0999984741211,96.75499725341797,97.9800033569336,95.47464752197266,8379300,0.0,0.0
2024-11-01,98.22000122070312,98.30000305175781,97.41999816894531,97.58000183105469,95.08487701416016,8501000,0.0,0.0
2024-11-04,98.81999969482422,99.87999725341797,98.36000061035156,98.4000015258789,95.8839111328125,8681900,0.0,0.0
2024-11-05,99.97000122070312,101.08999633789062,98.95500183105469,99.20999908447266,96.6731948852539,10804200,0.0,0.0
2024-11-06,95.80000305175781,97.31999969482422,94.76000213623047,96.7300033569336,94.2566146850586,18162900,0.0,0.0
2024-11-07,99.26000213623047,101.0999984741211,99.18000030517578,100.13999938964844,97.57941436767578,16340400,0.0,0.0
2024-11-08,96.11000061035156,96.37999725341797,93.69000244140625,94.19000244140625,91.78156280517578,24879800,0.0,0.0
2024-11-11,96.16000366210938,96.80000305175781,95.04499816894531,95.41999816894531,92.98011016845703,12556700,0.0,0.0
2024-11-12,92.68000030517578,93.33000183105469,91.02999877929688,91.77999877929688,89.43317413330078,21641900,0.0,0.0
2024-11-13,92.55000305175781,92.87000274658203,91.27999877929688,92.0,89.64755249023438,12874500,0.0,0.0
2024-11-14,90.88999938964844,91.55500030517578,90.01000213623047,90.58000183105469,88.26387023925781,16946800,0.0,0.0
2024-11-15,90.19999694824219,90.69999694824219,87.2300033569336,88.58999633789062,86.32474517822266,31018300,0.0,0.0
2024-11-18,88.9000015258789,89.5,87.8499984741211,89.3499984741211,87.06531524658203,13482000,0.0,0.0
2024-11-19,87.16000366210938,87.94000244140625,86.81800079345703,87.11000061035156,84.8825912475586,19289000,0.0,0.0
2024-11-20,87.04000091552734,87.54000091552734,86.5,86.7699966430664,84.55127716064453,15174500,0.0,0.0
2024-11-21,86.9800033569336,87.04000091552734,85.44499969482422,85.58000183105469,83.39171600341797,15869200,0.0,0.0
2024-11-22,83.5999984741211,83.68000030517578,82.63500213623047,83.12999725341797,81.00435638427734,24999200,0.0,0.0
2024-11-25,84.25,85.875,83.75,85.58000183105469,83.39171600341797,15120100,0.0,0.0
2024-11-26,85.81500244140625,86.08000183105469,84.86000061035156,85.18000030517578,83.00194549560547,10241500,0.0,0.0
2024-11-27,86.97000122070312,87.54000091552734,86.47000122070312,86.58999633789062,84.37588500976562,13607600,0.0,0.0
2024-11-29,86.41999816894531,87.48999786376953,85.97000122070312,87.37000274658203,85.13594818115234,7553500,0.0,0.0
2024-12-02,86.94000244140625,87.0,85.2699966430664,85.94999694824219,83.75225067138672,16537200,0.0,0.0
2024-12-03,86.00499725341797,86.63999938964844,85.37999725341797,85.68000030517578,83.48915100097656,13660700,0.0,0.0
2024-12-04,85.94999694824219,85.98999786376953,84.2699966430664,84.93000030517578,82.75833129882812,13613700,0.0,0.0
2024-12-05,84.79499816894531,85.0999984741211,83.92500305175781,84.1500015258789,81.99827575683594,12979600,0.0,0.0
2024-12-06,86.01000213623047,86.69000244140625,85.9000015258789,85.93000030517578,83.7327651977539,11751500,0.0,0.0
2024-12-09,92.01000213623047,94.12000274658203,91.83000183105469,92.31999969482422,89.9593734741211,32767300,0.0,0.0
2024-12-10,89.78500366210938,90.55999755859375,89.49500274658203,89.83000183105469,87.53304290771484,13859200,0.0,0.0
2024-12-11,88.8949966430664,89.16500091552734,88.0,88.9800033569336,86.70478057861328,9866000,0.0,0.0
2024-12-12,89.03500366210938,90.0,88.48999786376953,89.2300033569336,86.9483871459961,9951200,0.0,0.0
2024-12-13,88.19000244140625,88.38999938964844,87.23999786376953,87.81999969482422,85.5744400024414,11608600,0.0,0.0
2024-12-16,85.95999908447266,86.91899871826172,85.87000274658203,86.05999755859375,83.85943603515625,13216600,0.0,0.0
2024-12-17,85.5,87.5999984741211,85.4000015258789,87.1500015258789,84.92156982421875,13288700,0.0,0.0
2024-12-18,86.39099884033203,87.22000122070312,84.8280029296875,85.0,82.82654571533203,11319500,0.0,0.0
2024-12-19,85.0,85.38999938964844,84.23999786376953,84.30999755859375,82.15419006347656,13795100,0.0,0.0
2024-12-20,82.20999908447266,83.0,81.69999694824219,82.27999877929688,80.17609405517578,21270500,0.0,0.0
2024-12-23,82.8499984741211,85.30999755859375,82.7699966430664,85.13999938964844,82.96296691894531,20055100,0.0,0.0
2024-12-24,85.69999694824219,85.88999938964844,85.0,85.5199966430664,83.33324432373047,5235400,0.0,0.0
2024-12-26,85.72000122070312,87.2699966430664,85.55999755859375,86.08000183105469,83.8789291381836,12008600,0.0,0.0
2024-12-27,84.88999938964844,85.2699966430664,84.29000091552734,85.05999755859375,82.885009765625,8629400,0.0,0.0
2024-12-30,84.16999816894531,84.94999694824219,83.52999877929688,84.12999725341797,81.9787826538086,10731000,0.0,0.0
2024-12-31,84.41999816894531,85.3499984741211,84.41999816894531,84.79000091552734,82.62191772460938,7415000,0.0,0.0
2025-01-02,84.38999938964844,85.43000030517578,84.19999694824219,84.94999694824219,82.77781677246094,10635700,0.0,0.0
2025-01-03,85.0999984741211,85.55000305175781,84.76000213623047,85.54000091552734,83.35273742675781,7689500,0.0,0.0
2025-01-06,86.55000305175781,87.36000061035156,85.08000183105469,85.5199966430664,83.33324432373047,18077100,0.0,0.0
2025-01-07,84.30500030517578,85.11000061035156,83.77999877929688,84.4800033569336,82.3198471069336,11144100,0.0,0.0
2025-01-08,83.08999633789062,83.79000091552734,82.72000122070312,83.69000244140625,81.55004119873047,9661800,0.0,0.0
2025-01-10,82.25,82.25,80.4000015258789,80.52999877929688,78.47084045410156,15393900,0.0,0.0
2025-01-13,80.1500015258789,81.08000183105469,80.05999755859375,80.54000091552734,78.4805908203125,10726600,0.0,0.0
2025-01-14,82.38999938964844,82.6500015258789,81.48999786376953,81.68000030517578,79.59143829345703,8773700,0.0,0.0
2025-01-15,82.62999725341797,82.79000091552734,82.1500015258789,82.44000244140625,80.3320083618164,11655700,0.0,0.0
2025-01-16,82.0199966430664,82.58999633789062,81.81999969482422,82.43000030517578,80.32225799560547,7566500,0.0,0.0
2025-01-17,83.19999694824219,85.58999633789062,83.02999877929688,85.12000274658203,82.94347381591797,21132400,0.0,0.0
2025-01-21,86.87000274658203,86.9000015258789,84.91999816894531,85.37999725341797,83.19682312011719,17099500,0.0,0.0
2025-01-22,85.0,86.54000091552734,84.41999816894531,86.4000015258789,84.19075012207031,10354800,0.0,0.0
2025-01-23,85.80000305175781,86.19999694824219,84.95999908447266,86.0999984741211,83.89842224121094,9225600,0.0,0.0
2025-01-24,86.70999908447266,89.19000244140625,86.4800033569336,89.13999938964844,86.86067962646484,18791000,0.0,0.0
2025-01-27,90.58999633789062,91.43000030517578,89.22000122070312,89.98999786376953,87.68894958496094,25999800,0.0,0.0
2025-01-28,90.94000244140625,96.43000030517578,89.9000015258789,96.02999877929688,93.57450866699219,31296300,0.0,0.0
2025-01-29,99.38999938964844,101.27999877929688,96.44999694824219,96.72000122070312,94.24686431884766,75053000,0.0,0.0
2025-01-30,97.30000305175781,103.66500091552734,97.13999938964844,102.73999786376953,100.11293029785156,45929000,0.0,0.0
2025-01-31,102.0,102.5,98.0,98.83999633789062,96.31265258789062,36416400,0.0,0.0
2025-02-03,96.50499725341797,101.87000274658203,96.06999969482422,98.61000061035156,96.08853912353516,29282900,0.0,0.0
2025-02-04,100.58999633789062,103.61000061035156,99.68000030517578,102.3499984741211,99.73290252685547,29877500,0.0,0.0
2025-02-05,100.16500091552734,101.81999969482422,99.02999877929688,99.27999877929688,96.74140167236328,17017900,0.0,0.0
2025-02-06,101.25,101.73999786376953,99.86499786376953,100.37999725341797,97.81327056884766,12774600,0.0,0.0
2025-02-07,104.45999908447266,107.51000213623047,103.0,103.51000213623047,100.86325073242188,39538200,0.0,0.0
2025-02-10,107.31999969482422,111.6500015258789,106.69999694824219,111.31999969482422,108.47354125976562,42429400,0.0,0.0
2025-02-11,113.95999908447266,115.54000091552734,111.0,112.77999877929688,109.89620208740234,55001300,0.0,0.0
2025-02-12,115.81999969482422,119.80999755859375,114.96499633789062,118.33000183105469,115.30429077148438,44024700,0.0,0.0
2025-02-13,115.33000183105469,119.56999969482422,114.76000213623047,119.54000091552734,116.48335266113281,34429300,0.0,0.0
2025-02-14,126.58999633789062,126.80000305175781,120.49500274658203,124.7300033569336,121.5406494140625,52729800,0.0,0.0
2025-02-18,127.73999786376953,129.02000427246094,125.61000061035156,126.9000015258789,123.65515899658203,42152800,0.0,0.0
2025-02-19,126.0,127.69999694824219,124.94999694824219,125.79000091552734,122.57353973388672,35155200,0.0,0.0
2025-02-20,137.80999755859375,144.50999450683594,131.41000366210938,135.97000122070312,132.4932403564453,118849000,0.0,0.0
2025-02-21,141.60000610351562,145.3000030517578,141.10000610351562,143.75,140.0742950439453,73892100,0.0,0.0
2025-02-24,135.8000030517578,135.8000030517578,128.44000244140625,129.0399932861328,125.74043273925781,74118300,0.0,0.0
2025-02-25,132.7899932861328,134.47000122070312,130.75,134.00999450683594,130.58334350585938,38881100,0.0,0.0
2025-02-26,140.0,141.9499969482422,138.2899932861328,139.0800018310547,135.52371215820312,40543000,0.0,0.0
2025-02-27,138.6750030517578,140.10499572753906,135.8699951171875,136.5500030517578,133.05841064453125,23859400,0.0,0.0
2025-02-28,130.9499969482422,133.9499969482422,130.13999938964844,132.50999450683594,129.1217041015625,24862600,0.0,0.0
2025-03-03,134.00999450683594,134.71499633789062,129.55999755859375,130.80999755859375,127.4651870727539,22528000,0.0,0.0
2025-03-04,129.60000610351562,132.10000610351562,126.0999984741211,129.85000610351562,126.52973175048828,25366500,0.0,0.0
2025-03-05,134.3699951171875,141.8300018310547,133.33999633789062,141.02999877929688,137.42384338378906,37284600,0.0,0.0
2025-03-06,142.1999969482422,144.75999450683594,138.08999633789062,139.9499969482422,136.3714599609375,35482100,0.0,0.0
2025-03-07,142.9199981689453,145.36000061035156,139.3800048828125,140.6199951171875,137.0243377685547,31904400,0.0,0.0
2025-03-10,135.9949951171875,137.9499969482422,131.0,132.5399932861328,129.15093994140625,33484200,0.0,0.0
2025-03-11,138.16000366210938,141.33299255371094,136.0399932861328,139.02000427246094,135.4652557373047,29094800,0.0,0.0
2025-03-12,138.40499877929688,138.9499969482422,135.27999877929688,137.13999938964844,133.63331604003906,23880900,0.0,0.0
2025-03-13,134.77000427246094,140.27999877929688,134.33999633789062,138.35000610351562,134.81239318847656,20516300,0.0,0.0
2025-03-14,141.35000610351562,141.82000732421875,139.4499969482422,141.10000610351562,137.49208068847656,17381900,0.0,0.0
2025-03-17,140.16000366210938,148.42999267578125,140.02999877929688,147.57000732421875,143.796630859375,33897000,0.0,0.0
2025-03-18,146.3800048828125,146.8699951171875,142.5,142.74000549316406,139.09014892578125,20950100,0.0,0.0
2025-03-19,145.07000732421875,145.1999969482422,141.8699951171875,143.1999969482422,139.53836059570312,16333800,0.0,0.0
2025-03-20,137.1750030517578,138.99000549316406,136.3699951171875,136.91000366210938,133.40921020507812,23646800,0.0,0.0
2025-03-21,133.99000549316406,136.47000122070312,133.3000030517578,135.13999938964844,131.68446350097656,13970300,0.0,0.0
2025-03-24,136.3300018310547,136.42999267578125,133.6300048828125,134.47999572753906,131.0413360595703,14019000,0.0,0.0
2025-03-25,132.94000244140625,136.2449951171875,132.35000610351562,132.75,129.35557556152344,17943400,0.0,0.0
2025-03-26,133.52999877929688,134.66000366210938,131.1300048828125,132.24000549316406,128.85862731933594,15933500,0.0,0.0
2025-03-27,133.4499969482422,137.78500366210938,132.8800048828125,135.6300048828125,132.1619415283203,16688300,0.0,0.0
2025-03-28,133.5,134.2100067138672,131.39999389648438,132.42999267578125,129.0437469482422,13271500,0.0,0.0
2025-03-31,130.02999877929688,132.8699951171875,128.0,132.22999572753906,128.848876953125,12183800,0.0,0.0
2025-04-01,132.75,134.10000610351562,131.52999877929688,132.6999969482422,129.3068389892578,11627500,0.0,0.0
2025-04-02,131.9600067138672,132.8300018310547,129.14999389648438,129.7899932861328,126.47126007080078,21240900,0.0,0.0
2025-04-03,125.6449966430664,130.6699981689453,125.5,129.3300018310547,126.02302551269531,30607600,0.0,0.0
2025-04-04,117.56999969482422,118.87000274658203,111.30000305175781,116.54000091552734,113.56007385253906,57154500,0.0,0.0
2025-04-07,106.62000274658203,114.12000274658203,102.63999938964844,105.9800033569336,103.27009582519531,61386600,0.0,0.0
2025-04-08,108.26000213623047,109.0,97.75,99.37000274658203,96.82910919189453,52100200,0.0,0.0
2025-04-09,100.5999984741211,107.04000091552734,95.7300033569336,104.77999877929688,102.10076904296875,74981900,0.0,0.0
2025-04-10,106.86000061035156,108.44999694824219,101.37000274658203,104.18000030517578,101.51611328125,53133400,0.0,0.0
2025-04-11,104.77999877929688,108.04399871826172,102.19000244140625,107.7300033569336,104.975341796875,40522800,0.0,0.0
2025-04-14,111.87000274658203,116.0,111.69999694824219,113.97000122070312,111.05577850341797,32926100,0.0,0.0
2025-04-15,113.77999877929688,114.0,111.47000122070312,112.27999877929688,109.40899658203125,16172300,0.0,0.0
2025-04-16,108.17500305175781,108.97000122070312,105.94999694824219,106.75,104.02039337158203,18031600,0.0,0.0
2025-04-17,110.83499908447266,111.51499938964844,108.41999816894531,108.87000274658203,106.08618927001953,17885000,0.0,0.0
2025-04-21,108.7300033569336,110.2300033569336,107.2699966430664,110.1500015258789,107.33346557617188,12145700,0.0,0.0
2025-04-22,114.36000061035156,117.43000030517578,113.01000213623047,115.87999725341797,112.91693878173828,27662400,0.0,0.0
2025-04-23,119.58999633789062,123.80999755859375,118.75,118.97000122070312,115.92793273925781,25762800,0.0,0.0
2025-04-24,117.93499755859375,119.33999633789062,117.58000183105469,119.29000091552734,116.23974609375,13696000,0.0,0.0
2025-04-25,118.58000183105469,120.48999786376953,118.2699966430664,120.27999877929688,117.20442962646484,9306400,0.0,0.0
2025-04-28,119.5,120.66999816894531,117.29000091552734,118.37000274658203,115.34327697753906,10748000,0.0,0.0
2025-04-29,117.7300033569336,119.87999725341797,117.69000244140625,118.87999725341797,115.84022521972656,8295500,0.0,0.0
2025-04-30,119.08999633789062,119.94000244140625,118.19000244140625,119.43000030517578,116.37616729736328,10144800,0.0,0.0
2025-05-01,120.19000244140625,121.44999694824219,119.36000061035156,120.52999877929688,117.44803619384766,8690200,0.0,0.0
2025-05-02,126.00499725341797,126.62000274658203,124.25,125.76000213623047,122.5443115234375,18092500,0.0,0.0
2025-05-05,125.0,127.12999725341797,124.70999908447266,126.56999969482422,123.33360290527344,9868800,0.0,0.0
2025-05-06,128.4550018310547,129.72999572753906,127.48500061035156,127.66000366210938,124.39573669433594,17919700,0.0,0.0
2025-05-07,124.91000366210938,124.96499633789062,122.91000366210938,123.2300033569336,120.07901000976562,15979200,0.0,0.0
2025-05-08,125.3499984741211,126.81500244140625,124.16999816894531,125.79000091552734,122.57353973388672,10846800,0.0,0.0
2025-05-09,126.98999786376953,127.7699966430664,125.19000244140625,125.33000183105469,122.12530517578125,11172200,0.0,0.0
2025-05-12,133.8699951171875,134.07000732421875,132.3000030517578,132.5500030517578,129.1606903076172,22631700,0.0,0.0
2025-05-13,131.0,133.031005859375,130.1999969482422,131.64999389648438,128.28370666503906,16123600,0.0,0.0
2025-05-14,134.0749969482422,134.50999450683594,132.64999389648438,134.0500030517578,130.62232971191406,18278300,0.0,0.0
2025-05-15,126.23999786376953,126.31999969482422,122.6500015258789,123.9000015258789,120.73186492919922,35442800,0.0,0.0
2025-05-16,125.77999877929688,126.0999984741211,123.30999755859375,123.45999908447266,120.30311584472656,20090000,0.0,0.0
2025-05-19,120.18000030517578,123.05999755859375,120.0,122.95999908447266,119.81591033935547,11197000,0.0,0.0
2025-05-20,124.29000091552734,125.22000122070312,124.1500015258789,125.16000366210938,121.95965576171875,11790000,0.0,0.0
2025-05-21,125.44999694824219,126.05999755859375,122.7699966430664,123.58999633789062,120.42979431152344,8521400,0.0,0.0
2025-05-22,121.48999786376953,122.16999816894531,120.91999816894531,121.4800033569336,118.37374877929688,7820900,0.0,0.0
2025-05-23,119.58000183105469,121.04199981689453,119.28399658203125,120.7300033569336,117.64293670654297,7163400,0.0,0.0
2025-05-27,119.875,120.00499725341797,118.88999938964844,119.5199966430664,116.4638671875,8544500,0.0,0.0
2025-05-28,117.44999694824219,117.91999816894531,116.51000213623047,116.73999786376953,113.75495147705078,11707700,0.0,0.0
2025-05-29,119.03500366210938,119.33999633789062,116.69999694824219,117.18000030517578,114.18370056152344,12356300,0.0,0.0
2025-05-30,115.01000213623047,115.06999969482422,111.5999984741211,113.83999633789062,110.9291000366211,17213200,0.0,0.0
2025-06-02,114.9000015258789,115.4000015258789,113.65899658203125,114.75,111.81584167480469,13147200,0.0,0.0
2025-06-03,115.37999725341797,115.80999755859375,114.41500091552734,114.97000122070312,112.03021240234375,14008900,0.0,0.0
2025-06-04,116.81500244140625,120.0,116.66000366210938,119.44999694824219,116.3956527709961,18115500,0.0,0.0
2025-06-05,120.94999694824219,121.55000305175781,119.13999938964844,119.95999908447266,116.89261627197266,15332200,0.0,0.0
2025-06-06,119.0,119.7699966430664,118.22000122070312,119.37999725341797,116.32744598388672,9753200,0.0,0.0
2025-06-09,121.08999633789062,122.15499877929688,120.12000274658203,121.4800033569336,118.37374877929688,10410600,0.0,0.0
2025-06-10,120.61499786376953,122.16000366210938,119.87999725341797,121.87999725341797,118.76351928710938,8892800,0.0,0.0
2025-06-11,122.62999725341797,123.45999908447266,120.05000305175781,120.33000183105469,117.25315856933594,10443100,0.0,0.0
2025-06-12,117.5199966430664,117.55000305175781,115.94999694824219,116.62000274658203,115.5587158203125,10204500,2.0,0.0
2025-06-13,113.66999816894531,114.77999877929688,112.26899719238281,112.87000274658203,111.84284210205078,13355100,0.0,0.0
2025-06-16,114.9800033569336,116.9000015258789,114.87000274658203,115.95999908447266,114.90471649169922,10242900,0.0,0.0
2025-06-17,115.94000244140625,116.61000061035156,115.02999877929688,115.02999877929688,113.98318481445312,10205700,0.0,0.0
2025-06-18,113.63999938964844,114.30000305175781,113.0199966430664,113.48999786376953,112.45719909667969,14002300,0.0,0.0
2025-06-20,114.11000061035156,114.427001953125,112.62200164794922,113.01000213623047,111.9815673828125,12737300,0.0,0.0
2025-06-23,112.11499786376953,113.08999633789062,111.26000213623047,113.08999633789062,112.06083679199219,12536500,0.0,0.0
2025-06-24,114.61499786376953,117.31999969482422,113.62000274658203,117.01000213623047,115.9451675415039,17125100,0.0,0.0
2025-06-25,117.19999694824219,117.44999694824219,114.16999816894531,114.55000305175781,113.50755310058594,12835500,0.0,0.0
2025-06-26,114.0999984741211,114.19999694824219,113.37999725341797,113.93000030517578,112.89319610595703,8388000,0.0,0.0
2025-06-27,114.37000274658203,115.5,113.31999969482422,114.08000183105469,113.04183197021484,12355500,0.0,0.0
2025-06-30,112.45999908447266,113.48999786376953,111.4000015258789,113.41000366210938,112.3779296875,10457300,0.0,0.0
2025-07-01,112.94999694824219,114.79000091552734,112.73999786376953,113.97000122070312,112.93283081054688,9243200,0.0,0.0
2025-07-02,111.56999969482422,111.81999969482422,110.37000274658203,110.70999908447266,109.70249938964844,13843800,0.0,0.0
2025-07-03,108.33499908447266,109.08000183105469,107.94999694824219,108.69999694824219,107.71078491210938,11847200,0.0,0.0
2025-07-07,107.43000030517578,108.19999694824219,105.94000244140625,106.2699966430664,105.30290222167969,17446200,0.0,0.0
2025-07-08,108.76499938964844,109.12999725341797,107.91000366210938,107.98999786376953,107.00724792480469,11319900,0.0,0.0
2025-07-09,105.4800033569336,105.5250015258789,103.70999908447266,103.83000183105469,102.8851089477539,24609300,0.0,0.0
2025-07-10,105.13999938964844,106.76000213623047,104.41400146484375,106.63999938964844,105.6695327758789,13554500,0.0,0.0
2025-07-11,106.91000366210938,107.41999816894531,106.30000305175781,106.72000122070312,105.74880981445312,10774600,0.0,0.0
2025-07-14,107.6449966430664,108.80000305175781,107.19000244140625,108.22000122070312,107.23516082763672,13231300,0.0,0.0
2025-07-15,114.65499877929688,117.21499633789062,113.2040023803711,116.97000122070312,115.90553283691406,34785400,0.0,0.0
2025-07-16,115.5,116.02999877929688,114.04000091552734,115.7300033569336,114.67681884765625,14439000,0.0,0.0
2025-07-17,115.04000091552734,118.19999694824219,114.86000061035156,117.30000305175781,116.23252868652344,14573600,0.0,0.0
2025-07-18,121.37999725341797,122.16000366210938,119.7699966430664,120.2300033569336,119.1358642578125,26787700,0.0,0.0
2025-07-21,119.51000213623047,122.30999755859375,118.25,120.2699966430664,119.17549133300781,17937600,0.0,0.0
2025-07-22,120.44000244140625,121.83999633789062,119.0,120.70999908447266,119.61149597167969,11551500,0.0,0.0
2025-07-23,122.79499816894531,123.86499786376953,121.4000015258789,122.58000183105469,121.4644775390625,12874200,0.0,0.0
2025-07-24,121.8499984741211,123.98999786376953,120.44999694824219,121.1500015258789,120.04749298095703,11378400,0.0,0.0
2025-07-25,120.19000244140625,120.4800033569336,119.33999633789062,120.02999877929688,118.93768310546875,7060600,0.0,0.0
2025-07-28,122.02999877929688,123.44999694824219,121.52999877929688,122.1500015258789,121.03839111328125,11207400,0.0,0.0
2025-07-29,122.48999786376953,122.87000274658203,119.05000305175781,119.36000061035156,118.2737808227539,13599700,0.0,0.0
2025-07-30,119.04499816894531,119.58999633789062,116.83999633789062,117.37999725341797,116.31179809570312,12794100,0.0,0.0
2025-07-31,117.81999969482422,121.33999633789062,117.5199966430664,120.62999725341797,119.53221893310547,13650400,0.0,0.0
2025-08-01,118.05999755859375,118.37000274658203,116.11000061035156,117.06999969482422,116.0046157836914,12424300,0.0,0.0
2025-08-04,118.3499984741211,119.48999786376953,116.86000061035156,117.5,116.43070220947266,7272100,0.0,0.0
2025-08-05,118.0999984741211,118.6500015258789,116.87000274658203,117.04000091552734,115.97489166259766,5885600,0.0,0.0
2025-08-06,118.87999725341797,121.29000091552734,117.7699966430664,120.86000061035156,119.7601318359375,12079600,0.0,0.0
2025-08-07,121.33999633789062,122.27999877929688,119.5999984741211,120.95999908447266,119.85921478271484,9480600,0.0,0.0
2025-08-08,119.31999969482422,120.69999694824219,118.65499877929688,120.36000061035156,119.26467895507812,9763600,0.0,0.0
2025-08-11,120.43000030517578,121.30000305175781,118.12000274658203,118.63999938964844,117.56033325195312,12072000,0.0,0.0
2025-08-12,118.80999755859375,122.79000091552734,118.0999984741211,122.41999816894531,121.3059310913086,11939800,0.0,0.0
2025-08-13,126.69000244140625,127.93000030517578,125.08000183105469,126.86000061035156,125.70552825927734,19362500,0.0,0.0
2025-08-14,123.7300033569336,123.93000030517578,121.33999633789062,122.27999877929688,121.16720581054688,15045600,0.0,0.0
2025-08-15,120.9800033569336,122.18900299072266,120.68000030517578,121.26000213623047,120.156494140625,11141800,0.0,0.0
2025-08-18,121.91999816894531,123.1500015258789,120.9000015258789,121.4000015258789,120.29521942138672,8550400,0.0,0.0
2025-08-19,121.58000183105469,122.58000183105469,119.98999786376953,119.98999786376953,118.89804077148438,8106100,0.0,0.0
2025-08-20,119.91999816894531,120.80999755859375,118.66999816894531,119.48999786376953,118.40259552001953,7095800,0.0,0.0
2025-08-21,117.87999725341797,119.2699966430664,117.51000213623047,118.08999633789062,117.01533508300781,8231200,0.0,0.0
2025-08-22,120.4749984741211,123.4000015258789,120.27999877929688,122.94000244140625,121.82120513916016,13855300,0.0,0.0
2025-08-25,125.18000030517578,126.7300033569336,123.5,124.3499984741211,123.21836853027344,12888400,0.0,0.0
2025-08-26,125.29499816894531,126.0,123.72000122070312,124.19000244140625,123.05982971191406,8706100,0.0,0.0
2025-08-27,121.19999694824219,122.51499938964844,120.79000091552734,122.2300033569336,121.11766052246094,13833100,0.0,0.0
2025-08-28,119.52999877929688,121.25,117.5999984741211,119.56999969482422,118.48186492919922,14501100,0.0,0.0
2025-08-29,128.8800048828125,136.64999389648438,128.50999450683594,135.0,133.77145385742188,82165100,0.0,0.0
2025-09-02,134.47000122070312,138.8300018310547,133.05999755859375,138.5500030517578,137.2891387939453,41625400,0.0,0.0
2025-09-03,136.6999969482422,137.77000427246094,135.5800018310547,136.4499969482422,135.208251953125,16470500,0.0,0.0
2025-09-04,133.16000366210938,134.25,130.05999755859375,130.9199981689453,129.72857666015625,24730900,0.0,0.0
2025-09-05,135.02999877929688,135.61000061035156,132.6999969482422,135.5800018310547,134.34617614746094,19202500,0.0,0.0
2025-09-08,139.8800048828125,141.22000122070312,138.7689971923828,141.1999969482422,139.91502380371094,20095300,0.0,0.0
2025-09-09,145.39999389648438,148.0,144.64999389648438,147.10000610351562,145.76133728027344,32792300,0.0,0.0
2025-09-10,145.4199981689453,145.9199981689453,143.22999572753906,143.92999267578125,142.62017822265625,21079900,0.0,0.0
2025-09-11,148.1199951171875,156.8489990234375,147.86000061035156,155.44000244140625,154.0254364013672,50089200,0.0,0.0
2025-09-12,154.07000732421875,155.4600067138672,152.05999755859375,155.05999755859375,153.64889526367188,20903300,0.0,0.0
2025-09-15,159.08999633789062,159.6999969482422,156.72999572753906,158.0399932861328,156.60177612304688,23567200,0.0,0.0
2025-09-16,158.36000061035156,163.0,157.58999633789062,162.2100067138672,160.7338409423828,26017700,0.0,0.0
2025-09-17,166.0,167.32000732421875,163.25999450683594,166.1699981689453,164.6577911376953,29344300,0.0,0.0
2025-09-18,162.5,164.7899932861328,161.3000030517578,162.47999572753906,161.00137329101562,19529600,0.0,0.0
2025-09-19,164.69000244140625,166.25,162.61000061035156,162.80999755859375,161.328369140625,18183200,0.0,0.0
2025-09-22,163.75999450683594,167.43499755859375,163.02999877929688,164.25,162.75526428222656,18667700,0.0,0.0
2025-09-23,165.00999450683594,167.8300018310547,162.8000030517578,163.0800018310547,161.59591674804688,18278600,0.0,0.0
2025-09-24,175.97999572753906,180.16000366210938,175.0,176.44000244140625,174.83433532714844,52642300,0.0,0.0
2025-09-25,173.39999389648438,175.77000427246094,170.43499755859375,175.47000122070312,173.87315368652344,20712200,0.0,0.0
2025-09-26,172.1699981689453,172.75999450683594,169.6999969482422,171.91000366210938,170.34555053710938,15971100,0.0,0.0
2025-09-29,178.0800018310547,181.343994140625,177.58999633789062,179.89999389648438,178.26283264160156,21576300,0.0,0.0
2025-09-30,181.66000366210938,182.14999389648438,177.10000610351562,178.72999572753906,177.10348510742188,18681500,0.0,0.0
2025-10-01,179.97999572753906,183.0800018310547,178.8699951171875,182.77999877929688,181.11663818359375,14966900,0.0,0.0
2025-10-02,188.5800018310547,192.6699981689453,188.3000030517578,189.33999633789062,187.61692810058594,23687800,0.0,0.0
2025-10-03,190.72000122070312,191.07000732421875,187.13499450683594,188.02999877929688,186.31884765625,13990900,0.0,0.0
2025-10-06,186.5,189.61000061035156,186.30999755859375,187.22000122070312,185.5162353515625,10973500,0.0,0.0
2025-10-07,187.40499877929688,188.66000366210938,180.44000244140625,181.3300018310547,179.67982482910156,16942200,0.0,0.0
2025-10-08,180.7899932861328,182.08999633789062,177.3000030517578,181.1199951171875,179.47174072265625,15883700,0.0,0.0
2025-10-09,178.52000427246094,178.77999877929688,172.3000030517578,173.67999267578125,172.0994415283203,21211600,0.0,0.0
2025-10-10,170.02999877929688,172.92999267578125,157.25,159.00999450683594,157.5629425048828,50296800,0.0,0.0
2025-10-13,167.77999877929688,168.7899932861328,165.02999877929688,166.80999755859375,165.29196166992188,25703100,0.0,0.0
2025-10-14,160.0500030517578,166.5,160.0,162.86000061035156,161.37791442871094,18583200,0.0,0.0
2025-10-15,168.07000732421875,168.10000610351562,164.60000610351562,165.91000366210938,164.40016174316406,15337400,0.0,0.0
2025-10-16,166.52000427246094,168.3000030517578,164.4600067138672,165.08999633789062,163.58761596679688,10979700,0.0,0.0
2025-10-17,161.75999450683594,169.10000610351562,161.14999389648438,167.0500030517578,165.52978515625,17765700,0.0,0.0
2025-10-20,167.2899932861328,174.97000122070312,165.7899932861328,173.47000122070312,171.891357421875,20120500,0.0,0.0
2025-10-21,170.52000427246094,170.94000244140625,166.4199981689453,166.6699981689453,165.1532440185547,15662500,0.0,0.0
2025-10-22,167.0,169.6699981689453,163.5800018310547,165.86000061035156,164.35061645507812,15016500,0.0,0.0
2025-10-23,168.97000122070312,173.24000549316406,168.31700134277344,171.89999389648438,170.33563232421875,12792100,0.0,0.0
2025-10-24,174.39999389648438,176.44000244140625,173.36199951171875,174.6999969482422,173.11016845703125,11841000,0.0,0.0
2025-10-27,179.74000549316406,180.0,177.6199951171875,179.4499969482422,177.8169403076172,12580800,0.0,0.0
2025-10-28,177.47999572753906,179.3800048828125,175.24000549316406,176.72000122070312,175.11178588867188,11906900,0.0,0.0
2025-10-29,180.2949981689453,182.5,178.08999633789062,179.97000122070312,178.3321990966797,12068900,0.0,0.0
2025-10-30,174.32000732421875,176.3800048828125,173.77999877929688,173.92999267578125,172.34716796875,10756300,0.0,0.0
2025-10-31,170.52999877929688,171.4499969482422,168.1199951171875,170.42999267578125,168.87901306152344,13181400,0.0,0.0
2025-11-03,168.30999755859375,168.94000244140625,165.5800018310547,167.69000244140625,166.16395568847656,9702300,0.0,0.0
2025-11-04,162.60000610351562,166.5,162.1999969482422,164.3000030517578,162.8048095703125,9693100,0.0,0.0
2025-11-05,164.39999389648438,166.8800048828125,163.60000610351562,164.82000732421875,163.32008361816406,8631400,0.0,0.0
2025-11-06,169.0,170.5500030517578,165.52000427246094,167.61000061035156,166.08468627929688,12438900,0.0,0.0
2025-11-07,162.9600067138672,166.3800048828125,161.21600341796875,166.33999633789062,164.82623291015625,11581200,0.0,0.0
2025-11-10,167.6199951171875,168.0,163.63999938964844,165.88999938964844,164.38034057617188,9348700,0.0,0.0
2025-11-11,164.58999633789062,165.5800018310547,160.16000366210938,160.8000030517578,159.336669921875,11354400,0.0,0.0
2025-11-12,160.97999572753906,161.19000244140625,156.1999969482422,157.91000366210938,156.47296142578125,13920800,0.0,0.0
2025-11-13,164.0,164.0,158.5,159.83999633789062,158.38539123535156,17213000,0.0,0.0
2025-11-14,156.94000244140625,162.6199951171875,151.77999877929688,153.8000030517578,152.40036010742188,33991000,0.0,0.0
2025-11-17,157.97999572753906,161.02499389648438,156.89999389648438,157.7100067138672,156.2747802734375,16911400,0.0,0.0
2025-11-18,157.30999755859375,161.27999877929688,156.6999969482422,159.72000122070312,158.26649475097656,12438900,0.0,0.0
2025-11-19,159.3249969482422,160.97000122070312,158.04100036621094,158.88999938964844,157.4440460205078,7949900,0.0,0.0
2025-11-20,159.0,161.38999938964844,153.0,153.27999877929688,151.8850860595703,13466900,0.0,0.0
2025-11-21,151.97999572753906,155.8800048828125,148.63999938964844,152.92999267578125,151.53826904296875,16240800,0.0,0.0
2025-11-24,160.0,161.5,158.6999969482422,160.72999572753906,159.2672882080078,21796600,0.0,0.0
2025-11-25,165.1999969482422,166.3699951171875,156.14999389648438,157.00999450683594,155.58114624023438,27097500,0.0,0.0
2025-11-26,159.09500122070312,161.4600067138672,150.0,157.60000610351562,156.16578674316406,21453100,0.0,0.0
2025-11-28,156.16000366210938,158.69000244140625,155.67999267578125,157.3000030517578,155.86851501464844,7185500,0.0,0.0
2025-12-01,160.5,164.85000610351562,159.41000366210938,164.25999450683594,162.76516723632812,15321200,0.0,0.0
2025-12-02,161.1999969482422,161.72999572753906,159.1199951171875,161.1300048828125,159.66366577148438,9878500,0.0,0.0
2025-12-03,157.39999389648438,158.4550018310547,156.52999877929688,158.0800018310547,156.64141845703125,6968000,0.0,0.0
2025-12-04,158.27000427246094,158.8000030517578,156.41000366210938,157.44000244140625,156.00723266601562,6666300,0.0,0.0
2025-12-05,159.14999389648438,159.49000549316406,157.67999267578125,158.32000732421875,156.87924194335938,6277100,0.0,0.0
2025-12-08,157.57000732421875,158.74000549316406,156.41299438476562,158.1300048828125,156.6909637451172,7342000,0.0,0.0
2025-12-09,154.44000244140625,156.60000610351562,154.3000030517578,155.9600067138672,154.54071044921875,6458100,0.0,0.0
2025-12-10,159.63999938964844,160.74000549316406,157.5,158.82000732421875,157.3746795654297,10928600,0.0,0.0
2025-12-11,155.14999389648438,157.0500030517578,153.36000061035156,156.89999389648438,155.47213745117188,8171200,0.0,0.0
2025-12-12,157.76499938964844,158.9499969482422,153.8000030517578,155.67999267578125,154.26324462890625,6708400,0.0,0.0
2025-12-15,153.17999267578125,153.2050018310547,149.5800018310547,150.08999633789062,148.72412109375,11233100,0.0,0.0
2025-12-16,148.9499969482422,149.97000122070312,147.50999450683594,149.2899932861328,147.931396484375,9051900,0.0,0.0
2025-12-17,150.60000610351562,151.38999938964844,146.75,147.08999633789062,145.7514190673828,8271000,0.0,0.0
2025-12-18,148.64999389648438,149.1999969482422,147.11599731445312,147.32000732421875,145.97933959960938,6597400,0.0,0.0
2025-12-19,149.00999450683594,151.47000122070312,148.8800048828125,149.7899932861328,148.42684936523438,9004200,0.0,0.0
2025-12-22,150.40499877929688,151.82000732421875,149.1199951171875,150.9600067138672,149.58621215820312,6779100,0.0,0.0
2025-12-23,150.5749969482422,151.3000030517578,149.27000427246094,151.22999572753906,149.85374450683594,5373300,0.0,0.0
2025-12-24,150.5,150.7899932861328,149.91799926757812,150.05999755859375,148.69439697265625,3274200,0.0,0.0
2025-12-26,150.2899932861328,152.97999572753906,150.05999755859375,152.24000549316406,150.8545684814453,6037200,0.0,0.0
2025-12-29,147.72000122070312,148.75,147.2100067138672,148.49000549316406,147.13868713378906,8900000,0.0,0.0
2025-12-30,148.83999633789062,149.10000610351562,147.35000610351562,147.36000061035156,146.0189666748047,6832300,0.0,0.0
2025-12-31,146.69000244140625,147.3699951171875,145.63999938964844,146.5800018310547,145.24606323242188,6116000,0.0,0.0
2026-01-02,152.6199951171875,156.64999389648438,151.80099487304688,155.74000549316406,154.3227081298828,15778300,0.0,0.0
2026-01-05,155.77499389648438,156.5500030517578,152.1699981689453,156.25999450683594,154.8379669189453,14744000,0.0,0.0
2026-01-06,155.22000122070312,155.83999633789062,150.86000061035156,150.89999389648438,149.52674865722656,12998100,0.0,0.0
2026-01-07,148.3800048828125,148.3800048828125,146.61000061035156,146.75,145.41452026367188,12613200,0.0,0.0
2026-01-08,146.09500122070312,155.2899932861328,145.27000427246094,154.47000122070312,153.06427001953125,20981700,0.0,0.0
2026-01-09,151.3300018310547,151.57000732421875,148.52000427246094,150.9600067138672,149.58621215820312,11437900,0.0,0.0
2026-01-12,157.47000122070312,167.69000244140625,157.47000122070312,166.30999755859375,164.7965087890625,35379000,0.0,0.0
2026-01-13,165.5,170.67999267578125,164.91000366210938,167.00999450683594,165.49014282226562,18850400,0.0,0.0
2026-01-14,171.57000732421875,172.8000030517578,169.84500122070312,169.89999389648438,168.3538360595703,17475100,0.0,0.0
2026-01-15,169.64500427246094,173.3000030517578,167.33999633789062,170.92999267578125,169.3744659423828,12607000,0.0,0.0
2026-01-16,169.77999877929688,169.85000610351562,163.4949951171875,165.39999389648438,163.89479064941406,18598300,0.0,0.0
2026-01-20,161.8300018310547,166.1750030517578,161.67999267578125,162.38999938964844,160.9121856689453,9885000,0.0,0.0
2026-01-21,167.5749969482422,169.86500549316406,165.66000366210938,168.6699981689453,167.13504028320312,11713700,0.0,0.0
2026-01-22,176.42999267578125,181.10000610351562,174.77000427246094,177.17999267578125,175.5675811767578,32031100,0.0,0.0
2026-01-23,175.43499755859375,175.61000061035156,171.94000244140625,173.22999572753906,171.65353393554688,13064100,0.0,0.0
2026-01-26,169.7899932861328,172.99000549316406,168.67999267578125,171.3699951171875,169.8104705810547,10166100,0.0,0.0
2026-01-27,174.0500030517578,176.4600067138672,172.2209930419922,172.72000122070312,171.14817810058594,8931300,0.0,0.0
2026-01-28,176.25,177.8699951171875,174.56300354003906,175.66000366210938,174.06143188476562,9001500,0.0,0.0
2026-01-29,178.33999633789062,180.75,171.60000610351562,174.25,172.6642608642578,12062500,0.0,0.0
2026-01-30,172.6999969482422,174.0,169.47000122070312,169.55999755859375,168.01693725585938,10846100,0.0,0.0
2026-02-02,167.97999572753906,169.55999755859375,167.33999633789062,168.38999938964844,166.8575897216797,6551800,0.0,0.0
2026-02-03,163.8800048828125,165.35000610351562,160.61000061035156,163.64999389648438,162.1607208251953,10066600,0.0,0.0
2026-02-04,162.3300018310547,162.85000610351562,156.77999877929688,159.13999938964844,157.6917724609375,11851400,0.0,0.0
2026-02-05,161.13999938964844,161.47000122070312,156.7100067138672,157.75999450683594,156.32432556152344,10936700,0.0,0.0
2026-02-06,160.4600067138672,162.86000061035156,159.5,162.50999450683594,161.03109741210938,10972100,0.0,0.0
2026-02-09,161.88999938964844,165.02999877929688,160.88999938964844,163.0,161.51663208007812,7260500,0.0,0.0
2026-02-10,163.74000549316406,168.2550048828125,162.3000030517578,166.50999450683594,164.99468994140625,10990000,0.0,0.0
2026-02-11,164.08999633789062,165.1999969482422,161.3800048828125,164.32000732421875,162.8246307373047,8756900,0.0,0.0
2026-02-12,163.1199951171875,163.3699951171875,156.9600067138672,158.72999572753906,157.28549194335938,11457800,0.0,0.0
2026-02-13,152.85499572753906,158.11000061035156,152.85499572753906,155.72999572753906,154.3127899169922,16045600,0.0,0.0
2026-02-17,156.375,158.1300048828125,153.4600067138672,155.42999267578125,154.01551818847656,6803600,0.0,0.0
2026-02-18,156.8800048828125,157.5,155.57000732421875,155.77000427246094,154.35243225097656,4506600,0.0,0.0
2026-02-19,155.22500610351562,155.5,153.14999389648438,154.27000427246094,152.8660888671875,6582500,0.0,0.0
2026-02-20,150.85000610351562,155.49000549316406,150.42999267578125,154.4499969482422,153.04444885253906,8758700,0.0,0.0
2026-02-23,155.5,156.3300018310547,152.57000732421875,152.77999877929688,151.3896484375,6751000,0.0,0.0
2026-02-24,152.10000610351562,153.72999572753906,150.89999389648438,153.11000061035156,151.71664428710938,6655200,0.0,0.0
2026-02-25,152.8000030517578,153.5500030517578,150.96099853515625,152.27999877929688,150.89419555664062,5813400,0.0,0.0
2026-02-26,148.35499572753906,149.05999755859375,145.60000610351562,148.0500030517578,146.70269775390625,10256400,0.0,0.0
2026-02-27,145.4600067138672,146.39999389648438,143.3300018310547,144.11000061035156,142.7985382080078,9780300,0.0,0.0
2026-03-02,139.19000244140625,143.0,139.05499267578125,142.55999755859375,141.2626495361328,9428300,0.0,0.0
2026-03-03,136.3800048828125,137.0800018310547,133.39999389648438,135.58999633789062,134.3560791015625,18476800,0.0,0.0
2026-03-04,134.98500061035156,135.11700439453125,132.72000122070312,133.27000427246094,132.05718994140625,14293900,0.0,0.0
2026-03-05,129.6999969482422,131.63499450683594,128.60000610351562,130.35000610351562,129.1637725830078,18612900,0.0,0.0
2026-03-06,129.3000030517578,132.42999267578125,128.8000030517578,130.7899932861328,129.59976196289062,10957000,0.0,0.0
2026-03-09,130.24000549316406,132.91000366210938,128.5500030517578,132.63999938964844,131.43292236328125,10072400,0.0,0.0
2026-03-10,135.7100067138672,139.22000122070312,134.55999755859375,136.85000610351562,135.6046142578125,15264300,0.0,0.0
2026-03-11,135.57000732421875,136.74000549316406,134.82000732421875,136.2899932861328,135.04969787597656,6685100,0.0,0.0
2026-03-12,135.3800048828125,136.0,133.4499969482422,134.1999969482422,132.97872924804688,7591800,0.0,0.0
2026-03-13,136.07000732421875,137.1999969482422,134.6999969482422,135.2100067138672,133.9795379638672,6438400,0.0,0.0
2026-03-16,138.8000030517578,138.8000030517578,136.5,136.7100067138672,135.4658966064453,9972300,0.0,0.0
2026-03-17,137.875,138.22000122070312,135.97000122070312,136.57000732421875,135.32716369628906,10005700,0.0,0.0
2026-03-18,138.44500732421875,139.16000366210938,134.3699951171875,134.42999267578125,133.20663452148438,17158600,0.0,0.0
2026-03-19,123.0199966430664,126.91999816894531,121.16000366210938,124.9000015258789,123.76336669921875,33440500,0.0,0.0
2026-03-20,125.71499633789062,126.4800033569336,122.08999633789062,122.41000366210938,121.29602813720703,15479300,0.0,0.0
2026-03-23,123.23999786376953,127.2699966430664,123.0999984741211,126.05999755859375,124.91280364990234,15583900,0.0,0.0
2026-03-24,124.36000061035156,125.75,123.91999816894531,125.4800033569336,124.33808898925781,8516200,0.0,0.0
2026-03-25,129.47999572753906,130.64999389648438,128.33999633789062,129.8699951171875,128.68812561035156,12843000,0.0,0.0
2026-03-26,126.72000122070312,127.05000305175781,124.58999633789062,125.41000366210938,124.26872253417969,9240000,0.0,0.0
2026-03-27,123.97000122070312,124.44000244140625,122.2300033569336,122.69000244140625,121.57347869873047,8105000,0.0,0.0
2026-03-30,123.27999877929688,123.77999877929688,121.55000305175781,121.9800033569336,120.86994171142578,7226700,0.0,0.0
2026-03-31,121.98999786376953,125.77999877929688,121.37999725341797,125.45999908447266,124.31826782226562,9486100,0.0,0.0
2026-04-01,125.4800033569336,126.38999938964844,123.12000274658203,123.7300033569336,122.60401153564453,10297400,0.0,0.0
2026-04-02,120.2699966430664,122.8479995727539,120.13999938964844,122.05000305175781,120.93930053710938,8830200,0.0,0.0
2026-04-06,122.05000305175781,123.6500015258789,121.69999694824219,122.30999755859375,121.19692993164062,3987600,0.0,0.0
2026-04-07,121.1500015258789,121.9800033569336,117.93000030517578,119.72000122070312,118.63050079345703,10879200,0.0,0.0
2026-04-08,128.11000061035156,129.33999633789062,124.86000061035156,125.31999969482422,124.1795425415039,17638100,0.0,0.0
2026-04-09,124.5199966430664,127.77999877929688,123.95999908447266,127.68000030517578,126.51806640625,10014600,0.0,0.0
2026-04-10,129.13499450683594,129.75999450683594,127.05000305175781,127.33000183105469,126.17124938964844,9356300,0.0,0.0
2026-04-13,125.98999786376953,128.08999633789062,125.55000305175781,128.00999450683594,126.84505462646484,5550200,0.0,0.0
2026-04-14,128.47000122070312,132.8800048828125,128.47000122070312,131.35000610351562,130.15467834472656,11718500,0.0,0.0
2026-04-15,132.6999969482422,133.60000610351562,131.3699951171875,133.27999877929688,132.0670928955078,8749500,0.0,0.0
2026-04-16,137.8000030517578,140.89999389648438,135.73500061035156,138.58999633789062,137.3287811279297,17122200,0.0,0.0
2026-04-17,141.14999389648438,143.77999877929688,139.8800048828125,141.00999450683594,139.72674560546875,12886500,0.0,0.0
2026-04-20,140.46499633789062,140.92999267578125,138.8730010986328,140.1699981689453,138.89439392089844,7823300,0.0,0.0
2026-04-21,139.25,139.25,134.4600067138672,135.3800048828125,134.1479949951172,11388200,0.0,0.0
2026-04-22,136.91000366210938,137.3300018310547,135.3800048828125,136.4199981689453,135.17852783203125,9258300,0.0,0.0
2026-04-23,133.77999877929688,133.89999389648438,129.61500549316406,131.6999969482422,130.50148010253906,10749900,0.0,0.0
2026-04-24,133.67999267578125,136.1999969482422,133.0,135.82000732421875,134.58399963378906,9046800,0.0,0.0
2026-04-27,133.0,133.40499877929688,132.08999633789062,132.52000427246094,131.31402587890625,6462100,0.0,0.0
2026-04-28,129.5,130.9199981689453,128.9499969482422,130.85000610351562,129.6592254638672,6088100,0.0,0.0
2026-04-29,131.9499969482422,132.02999877929688,129.9600067138672,130.42999267578125,129.24302673339844,6386000,0.0,0.0
2026-04-30,130.14999389648438,132.63999938964844,129.35000610351562,131.8800048828125,130.67984008789062,7416600,0.0,0.0
2026-05-01,131.7550048828125,133.14999389648438,131.36000061035156,131.5,130.3032989501953,6199300,0.0,0.0
2026-05-04,133.97999572753906,136.11500549316406,133.25999450683594,133.27000427246094,132.05718994140625,8317200,0.0,0.0
2026-05-05,134.625,134.72000122070312,132.1699981689453,132.25999450683594,131.05638122558594,6919300,0.0,0.0
2026-05-06,137.30499267578125,142.1999969482422,136.74000549316406,141.44000244140625,140.15284729003906,16958900,0.0,0.0
2026-05-07,143.76499938964844,143.9499969482422,140.44000244140625,141.0,139.7168426513672,10698800,0.0,0.0
2026-05-08,142.0500030517578,143.8000030517578,139.3699951171875,140.05999755859375,138.785400390625,10062000,0.0,0.0
2026-05-11,137.66000366210938,138.85000610351562,136.22000122070312,137.3000030517578,136.05052185058594,9859200,0.0,0.0
2026-05-12,136.49000549316406,136.97000122070312,133.82000732421875,134.77999877929688,133.55345153808594,16129000,0.0,0.0
2026-05-13,132.05999755859375,146.8699951171875,130.3300018310547,145.80999755859375,144.4830780029297,40214600,0.0,0.0
2026-05-14,140.97999572753906,143.97999572753906,138.61000061035156,141.1199951171875,139.83575439453125,19422000,0.0,0.0
2026-05-15,135.8800048828125,135.8800048828125,131.9499969482422,132.58999633789062,131.3833770751953,17985100,0.0,0.0
2026-05-18,133.94500732421875,134.8800048828125,132.57000732421875,133.25999450683594,132.04727172851562,10379400,0.0,0.0
2026-05-19,135.34500122070312,136.77999877929688,134.7899932861328,135.63999938964844,134.40562438964844,11084200,0.0,0.0
2026-05-20,135.86000061035156,135.88999938964844,132.72999572753906,134.47000122070312,133.24627685546875,7035400,0.0,0.0
2026-05-21,129.5500030517578,131.7550048828125,128.08999633789062,131.47000122070312,130.27357482910156,12621500,0.0,0.0
2026-05-22,126.92500305175781,130.75,126.92500305175781,130.0,128.81695556640625,11868400,0.0,0.0
2026-05-26,130.10000610351562,130.24000549316406,129.0749969482422,129.47000122070312,128.29177856445312,5599000,0.0,0.0
2026-05-27,126.31999969482422,129.0,126.25,127.76000213623047,126.59733581542969,8272800,0.0,0.0
2026-05-28,124.72000122070312,126.56999969482422,123.54000091552734,126.16000366210938,125.01190185546875,11541300,0.0,0.0
2026-05-29,124.38999938964844,125.04000091552734,123.43000030517578,124.22000122070312,123.08955383300781,12504300,0.0,0.0
2026-06-01,124.19999694824219,126.3499984741211,123.98999786376953,125.4000015258789,124.2588119506836,9297800,0.0,0.0
2026-06-02,132.25,134.08999633789062,130.52000427246094,130.82000732421875,129.62950134277344,15355100,0.0,0.0
2026-06-03,128.75999450683594,128.88999938964844,126.83000183105469,127.20999908447266,126.05233764648438,8646200,0.0,0.0
2026-06-04,126.62000274658203,128.1699981689453,125.94000244140625,125.94999694824219,124.80380249023438,6928100,0.0,0.0
2026-06-05,125.01000213623047,125.2300033569336,120.45999908447266,121.05999755859375,119.95830535888672,12891400,0.0,0.0
2026-06-08,121.76000213623047,122.36000061035156,119.61000061035156,120.06999969482422,118.9773178100586,9493300,0.0,0.0
2026-06-09,121.30000305175781,122.41999816894531,118.37000274658203,119.69999694824219,118.61067962646484,11871000,0.0,0.0
2026-06-10,116.0,118.18000030517578,115.37000274658203,115.37999725341797,114.32999420166016,10880900,0.0,0.0
2026-06-11,110.875,112.81999969482422,109.66000366210938,112.69000244140625,112.69000244140625,16403600,1.05,0.0
2026-06-12,112.56999969482422,112.81999969482422,110.97000122070312,112.81999969482422,112.81999969482422,8157900,0.0,0.0
2026-06-15,112.66000366210938,113.81999969482422,112.11000061035156,112.55000305175781,112.55000305175781,10426100,0.0,0.0
2026-06-16,109.33000183105469,111.25,109.05000305175781,110.97000122070312,110.97000122070312,14128100,0.0,0.0
2026-06-17,109.51000213623047,110.58000183105469,107.37999725341797,107.44000244140625,107.44000244140625,13280700,0.0,0.0
2026-06-18,106.48500061035156,107.37000274658203,105.51000213623047,107.0999984741211,107.0999984741211,14603000,0.0,0.0
2026-06-22,105.09200286865234,106.52999877929688,103.91000366210938,104.97000122070312,104.97000122070312,13220800,0.0,0.0
2026-06-23,102.37999725341797,103.54000091552734,101.83000183105469,102.5999984741211,102.5999984741211,11335700,0.0,0.0
2026-06-24,101.25,101.66999816894531,99.0999984741211,99.80000305175781,99.80000305175781,15334300,0.0,0.0
2026-06-25,97.67500305175781,98.0999984741211,94.70999908447266,95.06999969482422,95.06999969482422,20248200,0.0,0.0
2026-06-26,92.0,95.72000122070312,91.98999786376953,94.80999755859375,94.80999755859375,18307600,0.0,0.0
2026-06-29,96.13999938964844,97.47000122070312,94.4000015258789,95.51000213623047,95.51000213623047,21078900,0.0,0.0
2026-06-30,94.98999786376953,96.95999908447266,94.36000061035156,95.9800033569336,95.9800033569336,11816100,0.0,0.0
2026-07-01,95.5999984741211,99.45999908447266,95.52999877929688,97.98999786376953,97.98999786376953,11888600,0.0,0.0
2026-07-02,96.88999938964844,97.94999694824219,95.19000244140625,96.13999938964844,96.13999938964844,11744600,0.0,0.0
2026-07-06,97.41000366210938,98.02999877929688,96.37000274658203,97.91000366210938,97.91000366210938,8948100,0.0,0.0
2026-07-07,97.80000305175781,99.73999786376953,97.38999938964844,98.13999938964844,98.13999938964844,10204200,0.0,0.0
2026-07-08,107.5999984741211,109.81999969482422,105.6500015258789,108.9800033569336,108.9800033569336,38869300,0.0,0.0
2026-07-09,109.12000274658203,112.16999816894531,108.8499984741211,111.13999938964844,111.13999938964844,14110600,0.0,0.0
2026-07-10,113.23999786376953,115.58000183105469,112.01000213623047,112.33000183105469,112.33000183105469,16162200,0.0,0.0
2026-07-13,112.8550033569336,114.19999694824219,111.81999969482422,112.3499984741211,112.3499984741211,9559900,0.0,0.0
2026-07-14,112.94999694824219,113.3499984741211,111.2300033569336,112.31999969482422,112.31999969482422,8272300,0.0,0.0
2026-07-15,117.4000015258789,121.22000122070312,117.1500015258789,117.69000244140625,117.69000244140625,20233300,0.0,0.0
2026-07-16,118.4749984741211,119.93499755859375,117.41500091552734,117.48999786376953,117.48999786376953,9653500,0.0,0.0
2026-07-17,114.6500015258789,115.93000030517578,113.94000244140625,114.97000122070312,114.97000122070312,11282100,0.0,0.0
2026-07-20,118.91000366210938,121.8550033569336,117.86499786376953,120.33999633789062,120.33999633789062,14750900,0.0,0.0
2026-07-21,118.66000366210938,119.44999694824219,117.6500015258789,117.97000122070312,117.97000122070312,9338200,0.0,0.0
2026-07-22,116.2249984741211,116.83000183105469,115.13999938964844,116.55999755859375,116.55999755859375,7085800,0.0,0.0
2026-07-23,115.76000213623047,116.41000366210938,113.0999984741211,114.05999755859375,114.05999755859375,8500200,0.0,0.0
2026-07-24,112.79000091552734,113.33000183105469,111.66400146484375,112.13999938964844,112.13999938964844,6943000,0.0,0.0
2026-07-27,114.12000274658203,115.0199966430664,112.61000061035156,115.0,115.0,9232700,0.0,0.0
2026-07-28,114.70999908447266,115.98999786376953,113.55000305175781,115.19000244140625,115.19000244140625,6426700,0.0,0.0
2026-07-29,114.70999908447266,117.66000366210938,113.93499755859375,115.02999877929688,115.02999877929688,9066400,0.0,0.0
2026-07-30,114.0,116.33000183105469,112.94000244140625,116.31999969482422,116.31999969482422,7921300,0.0,0.0
2026-07-31,120.11000061035156,122.58499908447266,119.22000122070312,122.25,122.25,17030500,0.0,0.0
2026-08-03,126.5999984741211,129.5,126.04000091552734,127.30000305175781,127.30000305175781,14603700,0.0,0.0
2026-08-04,126.05999755859375,129.6199951171875,125.78500366210938,128.99000549316406,128.99000549316406,10755800,0.0,0.0
2026-08-05,130.64999389648438,130.99000549316406,128.22000122070312,128.52999877929688,128.52999877929688,9553900,0.0,0.0
2026-08-06,126.77999877929688,127.20999908447266,125.55999755859375,126.80999755859375,126.80999755859375,4900100,0.0,0.0
2026-08-07,127.61000061035156,128.6199951171875,126.06999969482422,128.41000366210938,128.41000366210938,6061700,0.0,0.0
2026-08-10,128.6199951171875,132.57000732421875,128.1199951171875,132.32000732421875,132.32000732421875,9449400,0.0,0.0
2026-08-11,129.19000244140625,129.19000244140625,127.66000366210938,127.8499984741211,127.8499984741211,6783900,0.0,0.0
2026-08-12,125.33000183105469,125.75499725341797,123.69999694824219,125.22000122070312,125.22000122070312,9231700,0.0,0.0
2026-08-13,123.51499938964844,124.27999877929688,121.44999694824219,122.16000366210938,122.16000366210938,11583600,0.0,0.0
2026-08-14,122.79000091552734,124.95999908447266,122.3499984741211,123.80999755859375,123.80999755859375,8221700,0.0,0.0
2026-08-17,126.0,126.19000244140625,123.48999786376953,124.70999908447266,124.70999908447266,8894600,0.0,0.0
2026-08-18,127.76000213623047,128.7899932861328,126.33999633789062,128.14999389648438,128.14999389648438,12809800,0.0,0.0
2026-08-19,127.7699966430664,129.5,127.54000091552734,128.89999389648438,128.89999389648438,11645900,0.0,0.0
2026-08-20,123.47000122070312,130.6199951171875,121.87999725341797,130.52999877929688,130.52999877929688,28101600,0.0,0.0
2026-08-21,125.3499984741211,125.7699966430664,119.2300033569336,119.33999633789062,119.33999633789062,32550500,0.0,0.0
2026-08-24,116.9000015258789,120.47000122070312,116.4000015258789,118.47000122070312,118.47000122070312,23933700,0.0,0.0
2026-08-25,117.94000244140625,119.4800033569336,117.30999755859375,119.44000244140625,119.44000244140625,15750900,0.0,0.0
2026-08-26,119.33999633789062,121.4000015258789,119.33999633789062,119.83000183105469,119.83000183105469,12882100,0.0,0.0
2026-08-27,117.48999786376953,117.88999938964844,115.08999633789062,116.30999755859375,116.30999755859375,14372300,0.0,0.0
2026-08-28,117.05999755859375,119.76000213623047,116.8499984741211,118.9000015258789,118.9000015258789,9671600,0.0,0.0
2026-08-31,116.66999816894531,116.8270034790039,113.93000030517578,114.0199966430664,114.0199966430664,9340100,0.0,0.0
2026-09-01,112.17500305175781,113.8550033569336,112.06600189208984,112.8499984741211,112.8499984741211,9865200,0.0,0.0
2026-09-02,112.5199966430664,113.06999969482422,111.52999877929688,111.80999755859375,111.80999755859375,6875200,0.0,0.0
2026-09-03,110.38999938964844,112.05999755859375,109.66999816894531,111.80999755859375,111.80999755859375,8605000,0.0,0.0
2026-09-04,112.37000274658203,113.41000366210938,111.97000122070312,113.23999786376953,113.23999786376953,7182500,0.0,0.0
2026-09-08,112.55999755859375,113.11499786376953,111.26799774169922,112.66000366210938,112.66000366210938,6957700,0.0,0.0
2026-09-09,111.69000244140625,111.80000305175781,109.38999938964844,109.4000015258789,109.4000015258789,9100900,0.0,0.0
2026-09-10,108.62999725341797,109.19000244140625,107.72000122070312,108.55999755859375,108.55999755859375,6611100,0.0,0.0
2026-09-11,109.56999969482422,110.69000244140625,109.0,109.30000305175781,109.30000305175781,5943700,0.0,0.0
2026-09-14,108.27999877929688,110.43499755859375,107.83000183105469,109.2300033569336,109.2300033569336,6938700,0.0,0.0
2026-09-15,109.76000213623047,111.25,109.27999877929688,109.33999633789062,109.33999633789062,7768600,0.0,0.0
2026-09-16,108.5999984741211,108.62999725341797,106.63999938964844,107.2699966430664,107.2699966430664,7345900,0.0,0.0
2026-09-17,107.96499633789062,109.13999938964844,107.30999755859375,108.54000091552734,108.54000091552734,8725600,0.0,0.0
2026-09-18,110.98999786376953,113.7699966430664,110.8499984741211,113.23999786376953,113.23999786376953,13250900,0.0,0.0
2026-09-21,115.12000274658203,116.19999694824219,113.3499984741211,115.75,115.75,9540700,0.0,0.0
2026-09-22,120.1500015258789,120.4000015258789,116.05999755859375,116.30999755859375,116.30999755859375,14786000,0.0,0.0
2026-09-23,112.0,112.27999877929688,110.59100341796875,110.80000305175781,110.80000305175781,12223700,0.0,0.0
2026-09-24,111.61000061035156,111.9800033569336,110.12000274658203,110.62999725341797,110.62999725341797,7453500,0.0,0.0
2026-09-25,111.13999938964844,111.2249984741211,109.55999755859375,109.73999786376953,109.73999786376953,5926900,0.0,0.0
2026-09-28,109.63999938964844,110.12000274658203,108.76000213623047,108.76000213623047,108.76000213623047,5876200,0.0,0.0
2026-09-29,108.12000274658203,108.7699966430664,107.4000015258789,107.73999786376953,107.73999786376953,5832900,0.0,0.0
2026-09-30,108.5999984741211,108.9000015258789,107.54000091552734,107.54000091552734,107.54000091552734,6455900,0.0,0.0
2026-10-01,108.01000213623047,109.5999984741211,106.69999694824219,107.44999694824219,107.44999694824219,7177300,0.0,0.0
2026-10-02,106.37999725341797,106.9800033569336,105.0,105.8499984741211,105.8499984741211,7873200,0.0,0.0
2026-10-05,107.44999694824219,111.4000015258789,107.44999694824219,110.80000305175781,110.80000305175781,10071300,0.0,0.0
2026-10-06,110.16000366210938,110.16000366210938,108.0510025024414,109.26000213623047,109.26000213623047,7379800,0.0,0.0
