date,open,high,low,close,adj_close,volume,dividends,splits
2019-01-01,7.831399917602539,7.832300186157227,7.828700065612793,7.831999778747559,7.831999778747559,0,0.0,0.0
2019-01-02,7.833459854125977,7.837500095367432,7.832300186157227,7.833320140838623,7.833320140838623,0,0.0,0.0
2019-01-03,7.83459997177124,7.835299968719482,7.829899787902832,7.835400104522705,7.835400104522705,0,0.0,0.0
2019-01-04,7.831099987030029,7.834569931030273,7.827360153198242,7.830900192260742,7.830900192260742,0,0.0,0.0
2019-01-07,7.832600116729736,7.837299823760986,7.832600116729736,7.832600116729736,7.832600116729736,0,0.0,0.0
2019-01-08,7.835599899291992,7.839200019836426,7.8343000411987305,7.835299968719482,7.835299968719482,0,0.0,0.0
2019-01-09,7.839000225067139,7.84060001373291,7.8365797996521,7.839099884033203,7.839099884033203,0,0.0,0.0
2019-01-10,7.837250232696533,7.839900016784668,7.8368000984191895,7.837299823760986,7.837299823760986,0,0.0,0.0
2019-01-11,7.8383002281188965,7.841899871826172,7.837739944458008,7.838200092315674,7.838200092315674,0,0.0,0.0
2019-01-14,7.839200019836426,7.843800067901611,7.839000225067139,7.83922004699707,7.83922004699707,0,0.0,0.0
2019-01-15,7.842400074005127,7.843800067901611,7.841050148010254,7.842400074005127,7.842400074005127,0,0.0,0.0
2019-01-16,7.843400001525879,7.845379829406738,7.842790126800537,7.843599796295166,7.843599796295166,0,0.0,0.0
2019-01-17,7.842710018157959,7.844900131225586,7.842289924621582,7.842700004577637,7.842700004577637,0,0.0,0.0
2019-01-18,7.843100070953369,7.844799995422363,7.842599868774414,7.8429999351501465,7.8429999351501465,0,0.0,0.0
2019-01-21,7.843800067901611,7.845699787139893,7.843210220336914,7.844200134277344,7.844200134277344,0,0.0,0.0
2019-01-22,7.845149993896484,7.846799850463867,7.844820022583008,7.845399856567383,7.845399856567383,0,0.0,0.0
2019-01-23,7.8460001945495605,7.847499847412109,7.844600200653076,7.845930099487305,7.845930099487305,0,0.0,0.0
2019-01-24,7.844799995422363,7.847099781036377,7.843999862670898,7.845149993896484,7.845149993896484,0,0.0,0.0
2019-01-25,7.84630012512207,7.846799850463867,7.8449201583862305,7.846199989318848,7.846199989318848,0,0.0,0.0
2019-01-28,7.845200061798096,7.84630012512207,7.844880104064941,7.845099925994873,7.845099925994873,0,0.0,0.0
2019-01-29,7.845779895782471,7.8470001220703125,7.84499979019165,7.845600128173828,7.845600128173828,0,0.0,0.0
2019-01-30,7.845620155334473,7.846199989318848,7.835149765014648,7.845900058746338,7.845900058746338,0,0.0,0.0
2019-01-31,7.842229843139648,7.84689998626709,7.8404998779296875,7.842599868774414,7.842599868774414,0,0.0,0.0
2019-02-01,7.846179962158203,7.8471999168396,7.843500137329102,7.846099853515625,7.846099853515625,0,0.0,0.0
2019-02-04,7.845300197601318,7.846799850463867,7.843929767608643,7.845300197601318,7.845300197601318,0,0.0,0.0
2019-02-05,7.8454999923706055,7.846499919891357,7.843800067901611,7.845439910888672,7.845439910888672,0,0.0,0.0
2019-02-06,7.845379829406738,7.84660005569458,7.844449996948242,7.845200061798096,7.845200061798096,0,0.0,0.0
2019-02-07,7.8460001945495605,7.847300052642822,7.844600200653076,7.846199989318848,7.846199989318848,0,0.0,0.0
2019-02-08,7.84689998626709,7.8471999168396,7.844799995422363,7.84689998626709,7.84689998626709,0,0.0,0.0
2019-02-11,7.846610069274902,7.848499774932861,7.845870018005371,7.84660005569458,7.84660005569458,0,0.0,0.0
2019-02-12,7.847099781036377,7.848599910736084,7.84621000289917,7.847099781036377,7.847099781036377,0,0.0,0.0
2019-02-13,7.848080158233643,7.848800182342529,7.847300052642822,7.848020076751709,7.848020076751709,0,0.0,0.0
2019-02-14,7.848199844360352,7.848249912261963,7.846499919891357,7.8491997718811035,7.8491997718811035,0,0.0,0.0
2019-02-15,7.8471999168396,7.848400115966797,7.84630012512207,7.847099781036377,7.847099781036377,0,0.0,0.0
2019-02-18,7.84768009185791,7.8491997718811035,7.846499919891357,7.847700119018555,7.847700119018555,0,0.0,0.0
2019-02-19,7.847300052642822,7.849100112915039,7.8472900390625,7.847400188446045,7.847400188446045,0,0.0,0.0
2019-02-20,7.848400115966797,7.849400043487549,7.847700119018555,7.8495001792907715,7.8495001792907715,0,0.0,0.0
2019-02-21,7.848219871520996,7.848800182342529,7.845900058746338,7.848400115966797,7.848400115966797,0,0.0,0.0
2019-02-22,7.8471999168396,7.849100112915039,7.846499919891357,7.8471999168396,7.8471999168396,0,0.0,0.0
2019-02-25,7.847799777984619,7.849100112915039,7.8471198081970215,7.847499847412109,7.847499847412109,0,0.0,0.0
2019-02-26,7.84837007522583,7.849899768829346,7.847700119018555,7.848499774932861,7.848499774932861,0,0.0,0.0
2019-02-27,7.848859786987305,7.849999904632568,7.848400115966797,7.848800182342529,7.848800182342529,0,0.0,0.0
2019-02-28,7.848899841308594,7.850100040435791,7.848380088806152,7.848899841308594,7.848899841308594,0,0.0,0.0
2019-03-01,7.849599838256836,7.850399971008301,7.847350120544434,7.849699974060059,7.849699974060059,0,0.0,0.0
2019-03-04,7.848810195922852,7.849599838256836,7.8478899002075195,7.848499774932861,7.848499774932861,0,0.0,0.0
2019-03-05,7.8491997718811035,7.849999904632568,7.848700046539307,7.849699974060059,7.849699974060059,0,0.0,0.0
2019-03-06,7.850100040435791,7.850599765777588,7.848700046539307,7.850599765777588,7.850599765777588,0,0.0,0.0
2019-03-07,7.849100112915039,7.8506999015808105,7.848680019378662,7.849400043487549,7.849400043487549,0,0.0,0.0
2019-03-08,7.849400043487549,7.8506999015808105,7.848899841308594,7.849800109863281,7.849800109863281,0,0.0,0.0
2019-03-11,7.849699974060059,7.8506999015808105,7.848899841308594,7.849699974060059,7.849699974060059,0,0.0,0.0
2019-03-12,7.8495001792907715,7.850900173187256,7.848899841308594,7.8495001792907715,7.8495001792907715,0,0.0,0.0
2019-03-13,7.849699974060059,7.8531999588012695,7.849090099334717,7.8496198654174805,7.8496198654174805,0,0.0,0.0
2019-03-14,7.8491902351379395,7.85099983215332,7.848499774932861,7.849599838256836,7.849599838256836,0,0.0,0.0
2019-03-15,7.849599838256836,7.851399898529053,7.848259925842285,7.849599838256836,7.849599838256836,0,0.0,0.0
2019-03-18,7.8495001792907715,7.850900173187256,7.848450183868408,7.8495001792907715,7.8495001792907715,0,0.0,0.0
2019-03-19,7.8495001792907715,7.8516998291015625,7.848700046539307,7.849520206451416,7.849520206451416,0,0.0,0.0
2019-03-20,7.849699974060059,7.851600170135498,7.848899841308594,7.851200103759766,7.851200103759766,0,0.0,0.0
2019-03-21,7.848700046539307,7.849400043487549,7.845250129699707,7.848899841308594,7.848899841308594,0,0.0,0.0
2019-03-22,7.847499847412109,7.848599910736084,7.844989776611328,7.847400188446045,7.847400188446045,0,0.0,0.0
2019-03-25,7.847229957580566,7.848899841308594,7.845900058746338,7.8471999168396,7.8471999168396,0,0.0,0.0
2019-03-26,7.847300052642822,7.849400043487549,7.8471999168396,7.847499847412109,7.847499847412109,0,0.0,0.0
2019-03-27,7.848999977111816,7.850299835205078,7.848100185394287,7.848899841308594,7.848899841308594,0,0.0,0.0
2019-03-28,7.849299907684326,7.851500034332275,7.848899841308594,7.8495001792907715,7.8495001792907715,0,0.0,0.0
2019-03-29,7.849699974060059,7.851099967956543,7.849100112915039,7.849599838256836,7.849599838256836,0,0.0,0.0
2019-04-01,7.849569797515869,7.8506999015808105,7.848599910736084,7.849599838256836,7.849599838256836,0,0.0,0.0
2019-04-02,7.8495001792907715,7.850900173187256,7.848700046539307,7.850200176239014,7.850200176239014,0,0.0,0.0
2019-04-03,7.849279880523682,7.850399971008301,7.848320007324219,7.848800182342529,7.848800182342529,0,0.0,0.0
2019-04-04,7.848999977111816,7.849699974060059,7.847300052642822,7.849299907684326,7.849299907684326,0,0.0,0.0
2019-04-05,7.848800182342529,7.849899768829346,7.8480000495910645,7.8495001792907715,7.8495001792907715,0,0.0,0.0
2019-04-08,7.84915018081665,7.850200176239014,7.844799995422363,7.8491997718811035,7.8491997718811035,0,0.0,0.0
2019-04-09,7.846889972686768,7.8470001220703125,7.841000080108643,7.847149848937988,7.847149848937988,0,0.0,0.0
2019-04-10,7.841300010681152,7.842299938201904,7.829999923706055,7.841509819030762,7.841509819030762,0,0.0,0.0
2019-04-11,7.8361101150512695,7.844480037689209,7.836100101470947,7.836130142211914,7.836130142211914,0,0.0,0.0
2019-04-12,7.843170166015625,7.84689998626709,7.839310169219971,7.843100070953369,7.843100070953369,0,0.0,0.0
2019-04-15,7.8420000076293945,7.844699859619141,7.83705997467041,7.841909885406494,7.841909885406494,0,0.0,0.0
2019-04-16,7.840129852294922,7.843800067901611,7.837609767913818,7.8402299880981445,7.8402299880981445,0,0.0,0.0
2019-04-17,7.843500137329102,7.845699787139893,7.841949939727783,7.843400001525879,7.843400001525879,0,0.0,0.0
2019-04-18,7.845099925994873,7.846399784088135,7.843550205230713,7.844590187072754,7.844590187072754,0,0.0,0.0
2019-04-19,7.845200061798096,7.8460001945495605,7.84345006942749,7.845200061798096,7.845200061798096,0,0.0,0.0
2019-04-22,7.843699932098389,7.846700191497803,7.843130111694336,7.843090057373047,7.843090057373047,0,0.0,0.0
2019-04-23,7.8445000648498535,7.846099853515625,7.842899799346924,7.84660005569458,7.84660005569458,0,0.0,0.0
2019-04-24,7.842040061950684,7.843200206756592,7.838399887084961,7.8425397872924805,7.8425397872924805,0,0.0,0.0
2019-04-25,7.842529773712158,7.844260215759277,7.840020179748535,7.842700004577637,7.842700004577637,0,0.0,0.0
2019-04-26,7.843699932098389,7.84499979019165,7.842599868774414,7.843599796295166,7.843599796295166,0,0.0,0.0
2019-04-29,7.843400001525879,7.8445000648498535,7.84266996383667,7.842840194702148,7.842840194702148,0,0.0,0.0
2019-04-30,7.843200206756592,7.845600128173828,7.8429999351501465,7.844099998474121,7.844099998474121,0,0.0,0.0
2019-05-01,7.844409942626953,7.846199989318848,7.844009876251221,7.8454999923706055,7.8454999923706055,0,0.0,0.0
2019-05-02,7.844610214233398,7.846099853515625,7.842929840087891,7.844799995422363,7.844799995422363,0,0.0,0.0
2019-05-03,7.843400001525879,7.845300197601318,7.843220233917236,7.842800140380859,7.842800140380859,0,0.0,0.0
2019-05-06,7.8445000648498535,7.847099781036377,7.843900203704834,7.844339847564697,7.844339847564697,0,0.0,0.0
2019-05-07,7.846099853515625,7.848440170288086,7.8454999923706055,7.846399784088135,7.846399784088135,0,0.0,0.0
2019-05-08,7.848299980163574,7.849400043487549,7.847400188446045,7.848400115966797,7.848400115966797,0,0.0,0.0
2019-05-09,7.848100185394287,7.849100112915039,7.84689998626709,7.848100185394287,7.848100185394287,0,0.0,0.0
2019-05-10,7.8480000495910645,7.848800182342529,7.8470001220703125,7.8480000495910645,7.8480000495910645,0,0.0,0.0
2019-05-13,7.847660064697266,7.8491997718811035,7.847439765930176,7.848199844360352,7.848199844360352,0,0.0,0.0
2019-05-14,7.848899841308594,7.849390029907227,7.847899913787842,7.848899841308594,7.848899841308594,0,0.0,0.0
2019-05-15,7.84922981262207,7.849800109863281,7.848199844360352,7.8491997718811035,7.8491997718811035,0,0.0,0.0
2019-05-16,7.849299907684326,7.849599838256836,7.847909927368164,7.84867000579834,7.84867000579834,0,0.0,0.0
2019-05-17,7.8491997718811035,7.849699974060059,7.848480224609375,7.8491997718811035,7.8491997718811035,0,0.0,0.0
2019-05-20,7.8491997718811035,7.849599838256836,7.847700119018555,7.8491997718811035,7.8491997718811035,0,0.0,0.0
2019-05-21,7.849390029907227,7.849599838256836,7.847700119018555,7.8493499755859375,7.8493499755859375,0,0.0,0.0
2019-05-22,,,,,,0,0.0,0.0
2019-05-23,7.848999977111816,7.8491997718811035,7.846879959106445,7.848999977111816,7.848999977111816,0,0.0,0.0
2019-05-24,7.848549842834473,7.849400043487549,7.8470001220703125,7.848569869995117,7.848569869995117,0,0.0,0.0
2019-05-27,7.848899841308594,7.849599838256836,7.847539901733398,7.848340034484863,7.848340034484863,0,0.0,0.0
2019-05-28,7.849299907684326,7.849669933319092,7.847400188446045,7.849299907684326,7.849299907684326,0,0.0,0.0
2019-05-29,7.848999977111816,7.849699974060059,7.848299980163574,7.8491997718811035,7.8491997718811035,0,0.0,0.0
2019-05-30,7.8490400314331055,7.849400043487549,7.847189903259277,7.849110126495361,7.849110126495361,0,0.0,0.0
2019-05-31,7.847899913787842,7.848199844360352,7.838099956512451,7.8480000495910645,7.8480000495910645,0,0.0,0.0
2019-06-03,7.83745002746582,7.841209888458252,7.833000183105469,7.837170124053955,7.837170124053955,0,0.0,0.0
2019-06-04,7.836100101470947,7.842100143432617,7.835999965667725,7.836100101470947,7.836100101470947,0,0.0,0.0
2019-06-05,7.84089994430542,7.842299938201904,7.8384599685668945,7.840799808502197,7.840799808502197,0,0.0,0.0
2019-06-06,7.840419769287109,7.841599941253662,7.838580131530762,7.840479850769043,7.840479850769043,0,0.0,0.0
2019-06-07,7.8414998054504395,7.8420000076293945,7.839230060577393,7.840390205383301,7.840390205383301,0,0.0,0.0
2019-06-10,7.8418498039245605,7.844200134277344,7.841129779815674,7.841670036315918,7.841670036315918,0,0.0,0.0
2019-06-11,7.842599868774414,7.842800140380859,7.833950042724609,7.842599868774414,7.842599868774414,0,0.0,0.0
2019-06-12,7.8356099128723145,7.837500095367432,7.815999984741211,7.836040019989014,7.836040019989014,0,0.0,0.0
2019-06-13,7.823929786682129,7.8292999267578125,7.818019866943359,7.824100017547607,7.824100017547607,0,0.0,0.0
2019-06-14,7.828829765319824,7.832699775695801,7.823919773101807,7.82873010635376,7.82873010635376,0,0.0,0.0
2019-06-17,7.8288397789001465,7.834099769592285,7.827479839324951,7.828800201416016,7.828800201416016,0,0.0,0.0
2019-06-18,7.833399772644043,7.834420204162598,7.83119010925293,7.833399772644043,7.833399772644043,0,0.0,0.0
2019-06-19,7.831309795379639,7.832550048828125,7.822289943695068,7.83204984664917,7.83204984664917,0,0.0,0.0
2019-06-20,7.8231000900268555,7.8231000900268555,7.8119001388549805,7.823599815368652,7.823599815368652,0,0.0,0.0
2019-06-21,7.813899993896484,7.814499855041504,7.802330017089844,7.813899993896484,7.813899993896484,0,0.0,0.0
2019-06-24,7.813119888305664,7.816289901733398,7.807400226593018,7.813199996948242,7.813199996948242,0,0.0,0.0
2019-06-25,7.808700084686279,7.810699939727783,7.804279804229736,7.808619976043701,7.808619976043701,0,0.0,0.0
2019-06-26,7.810800075531006,7.811500072479248,7.8054399490356445,7.810400009155273,7.810400009155273,0,0.0,0.0
2019-06-27,7.810800075531006,7.814499855041504,7.807980060577393,7.810699939727783,7.810699939727783,0,0.0,0.0
2019-06-28,7.815400123596191,7.815549850463867,7.8059401512146,7.815400123596191,7.815400123596191,0,0.0,0.0
2019-07-01,7.811930179595947,7.813300132751465,7.806970119476318,7.811930179595947,7.811930179595947,0,0.0,0.0
2019-07-02,7.812699794769287,7.814839839935303,7.798699855804443,7.812270164489746,7.812270164489746,0,0.0,0.0
2019-07-03,7.799880027770996,7.8003997802734375,7.794740200042725,7.799409866333008,7.799409866333008,0,0.0,0.0
2019-07-04,7.797299861907959,7.797399997711182,7.782489776611328,7.796899795532227,7.796899795532227,0,0.0,0.0
2019-07-05,7.7855000495910645,7.797100067138672,7.78495979309082,7.785130023956299,7.785130023956299,0,0.0,0.0
2019-07-08,7.795639991760254,7.801000118255615,7.795370101928711,7.79640007019043,7.79640007019043,0,0.0,0.0
2019-07-09,7.798799991607666,7.811399936676025,7.798620223999023,7.798900127410889,7.798900127410889,0,0.0,0.0
2019-07-10,7.808599948883057,7.81702995300293,7.808499813079834,7.808800220489502,7.808800220489502,0,0.0,0.0
2019-07-11,7.8161301612854,7.821800231933594,7.815000057220459,7.816199779510498,7.816199779510498,0,0.0,0.0
2019-07-12,7.821469783782959,7.824480056762695,7.820000171661377,7.821899890899658,7.821899890899658,0,0.0,0.0
2019-07-15,7.82505989074707,7.829110145568848,7.824999809265137,7.825109958648682,7.825109958648682,0,0.0,0.0
2019-07-16,7.826560020446777,7.827199935913086,7.812240123748779,7.826700210571289,7.826700210571289,0,0.0,0.0
2019-07-17,7.817220211029053,7.818299770355225,7.809370040893555,7.817019939422607,7.817019939422607,0,0.0,0.0
2019-07-18,7.813990116119385,7.816500186920166,7.809490203857422,7.813920021057129,7.813920021057129,0,0.0,0.0
2019-07-19,7.814700126647949,7.815060138702393,7.8024702072143555,7.814849853515625,7.814849853515625,0,0.0,0.0
2019-07-22,7.807640075683594,7.810400009155273,7.801199913024902,7.807700157165527,7.807700157165527,0,0.0,0.0
2019-07-23,7.810160160064697,7.812729835510254,7.807799816131592,7.809790134429932,7.809790134429932,0,0.0,0.0
2019-07-24,7.810840129852295,7.8147101402282715,7.809460163116455,7.81003999710083,7.81003999710083,0,0.0,0.0
2019-07-25,7.813899993896484,7.816999912261963,7.812699794769287,7.813350200653076,7.813350200653076,0,0.0,0.0
2019-07-26,7.816090106964111,7.819149971008301,7.812429904937744,7.816080093383789,7.816080093383789,0,0.0,0.0
2019-07-29,7.817999839782715,7.819610118865967,7.813690185546875,7.817800045013428,7.817800045013428,0,0.0,0.0
2019-07-30,7.821400165557861,7.824170112609863,7.819650173187256,7.821410179138184,7.821410179138184,0,0.0,0.0
2019-07-31,7.823400020599365,7.8278398513793945,7.8231000900268555,7.823110103607178,7.823110103607178,0,0.0,0.0
2019-08-01,7.827199935913086,7.828549861907959,7.824230194091797,7.827149868011475,7.827149868011475,0,0.0,0.0
2019-08-02,7.825300216674805,7.828999996185303,7.816699981689453,7.825300216674805,7.825300216674805,0,0.0,0.0
2019-08-05,7.831099987030029,7.841919898986816,7.825399875640869,7.831180095672607,7.831180095672607,0,0.0,0.0
2019-08-06,7.843560218811035,7.844099998474121,7.830080032348633,7.843599796295166,7.843599796295166,0,0.0,0.0
2019-08-07,7.837220191955566,7.843100070953369,7.833869934082031,7.837699890136719,7.837699890136719,0,0.0,0.0
2019-08-08,7.840000152587891,7.842100143432617,7.836430072784424,7.8394999504089355,7.8394999504089355,0,0.0,0.0
2019-08-09,7.840869903564453,7.843200206756592,7.83758020401001,7.84119987487793,7.84119987487793,0,0.0,0.0
2019-08-12,7.841700077056885,7.846799850463867,7.839379787445068,7.841800212860107,7.841800212860107,0,0.0,0.0
2019-08-13,7.844699859619141,7.84689998626709,7.84335994720459,7.844799995422363,7.844799995422363,0,0.0,0.0
2019-08-14,7.845300197601318,7.8470001220703125,7.843490123748779,7.84499979019165,7.84499979019165,0,0.0,0.0
2019-08-15,7.845310211181641,7.845600128173828,7.831960201263428,7.845160007476807,7.845160007476807,0,0.0,0.0
2019-08-16,7.842400074005127,7.843070030212402,7.839099884033203,7.84250020980835,7.84250020980835,0,0.0,0.0
2019-08-19,7.843550205230713,7.8460001945495605,7.841800212860107,7.843599796295166,7.843599796295166,0,0.0,0.0
2019-08-20,7.843490123748779,7.845799922943115,7.841720104217529,7.843900203704834,7.843900203704834,0,0.0,0.0
2019-08-21,7.842199802398682,7.844299793243408,7.840099811553955,7.841650009155273,7.841650009155273,0,0.0,0.0
2019-08-22,7.8429999351501465,7.843180179595947,7.837369918823242,7.8429999351501465,7.8429999351501465,0,0.0,0.0
2019-08-23,7.839230060577393,7.843800067901611,7.836420059204102,7.839900016784668,7.839900016784668,0,0.0,0.0
2019-08-26,7.842430114746094,7.845799922943115,7.839799880981445,7.842899799346924,7.842899799346924,0,0.0,0.0
2019-08-27,7.845099925994873,7.847829818725586,7.842899799346924,7.84499979019165,7.84499979019165,0,0.0,0.0
2019-08-28,7.846439838409424,7.846920013427734,7.843639850616455,7.84660005569458,7.84660005569458,0,0.0,0.0
2019-08-29,7.843200206756592,7.84660005569458,7.841750144958496,7.843140125274658,7.843140125274658,0,0.0,0.0
2019-08-30,7.845419883728027,7.846399784088135,7.8341898918151855,7.845799922943115,7.845799922943115,0,0.0,0.0
2019-09-02,7.842700004577637,7.843599796295166,7.839799880981445,7.842299938201904,7.842299938201904,0,0.0,0.0
2019-09-03,7.8420000076293945,7.844699859619141,7.841460227966309,7.8420000076293945,7.8420000076293945,0,0.0,0.0
2019-09-04,7.843900203704834,7.84499979019165,7.837500095367432,7.843900203704834,7.843900203704834,0,0.0,0.0
2019-09-05,7.840700149536133,7.841000080108643,7.836999893188477,7.840700149536133,7.840700149536133,0,0.0,0.0
2019-09-06,7.837800025939941,7.840799808502197,7.836709976196289,7.837699890136719,7.837699890136719,0,0.0,0.0
2019-09-09,7.840000152587891,7.843560218811035,7.837460041046143,7.840000152587891,7.840000152587891,0,0.0,0.0
2019-09-10,7.838550090789795,7.8419599533081055,7.838109970092773,7.83843994140625,7.83843994140625,0,0.0,0.0
2019-09-11,7.840099811553955,7.841660022735596,7.838479995727539,7.839879989624023,7.839879989624023,0,0.0,0.0
2019-09-12,7.837800025939941,7.8379998207092285,7.824100017547607,7.837900161743164,7.837900161743164,0,0.0,0.0
2019-09-13,7.825200080871582,7.827980041503906,7.821199893951416,7.825200080871582,7.825200080871582,0,0.0,0.0
2019-09-16,7.8231000900268555,7.827700138092041,7.8164801597595215,7.824100017547607,7.824100017547607,0,0.0,0.0
2019-09-17,7.818910121917725,7.8260297775268555,7.816500186920166,7.8190999031066895,7.8190999031066895,0,0.0,0.0
2019-09-18,7.822569847106934,7.830860137939453,7.822569847106934,7.82289981842041,7.82289981842041,0,0.0,0.0
2019-09-19,7.8288798332214355,7.832620143890381,7.823760032653809,7.829060077667236,7.829060077667236,0,0.0,0.0
2019-09-20,7.830639839172363,7.841569900512695,7.8302001953125,7.830480098724365,7.830480098724365,0,0.0,0.0
2019-09-23,7.839300155639648,7.840740203857422,7.836400032043457,7.839540004730225,7.839540004730225,0,0.0,0.0
2019-09-24,7.838500022888184,7.8414998054504395,7.835370063781738,7.838600158691406,7.838600158691406,0,0.0,0.0
2019-09-25,7.8404998779296875,7.841060161590576,7.835400104522705,7.84060001373291,7.84060001373291,0,0.0,0.0
2019-09-26,7.838600158691406,7.839529991149902,7.836629867553711,7.839099884033203,7.839099884033203,0,0.0,0.0
2019-09-27,7.838699817657471,7.8414998054504395,7.838119983673096,7.8383002281188965,7.8383002281188965,0,0.0,0.0
2019-09-30,7.84060001373291,7.84168004989624,7.838399887084961,7.8402299880981445,7.8402299880981445,0,0.0,0.0
2019-10-01,7.838399887084961,7.842850208282471,7.836359977722168,7.838369846343994,7.838369846343994,0,0.0,0.0
2019-10-02,7.842199802398682,7.843200206756592,7.8389201164245605,7.842229843139648,7.842229843139648,0,0.0,0.0
2019-10-03,7.8432297706604,7.843329906463623,7.840390205383301,7.842800140380859,7.842800140380859,0,0.0,0.0
2019-10-04,7.841599941253662,7.844200134277344,7.840799808502197,7.8420000076293945,7.8420000076293945,0,0.0,0.0
2019-10-07,7.841700077056885,7.844749927520752,7.841000080108643,7.841800212860107,7.841800212860107,0,0.0,0.0
2019-10-08,7.843050003051758,7.844639778137207,7.841700077056885,7.842700004577637,7.842700004577637,0,0.0,0.0
2019-10-09,7.844399929046631,7.8455400466918945,7.843200206756592,7.844260215759277,7.844260215759277,0,0.0,0.0
2019-10-10,7.8450798988342285,7.8450798988342285,7.840889930725098,7.844900131225586,7.844900131225586,0,0.0,0.0
2019-10-11,7.842259883880615,7.84414005279541,7.840400218963623,7.842329978942871,7.842329978942871,0,0.0,0.0
2019-10-14,7.843220233917236,7.844850063323975,7.842800140380859,7.843200206756592,7.843200206756592,0,0.0,0.0
2019-10-15,7.844699859619141,7.845699787139893,7.8434600830078125,7.844659805297852,7.844659805297852,0,0.0,0.0
2019-10-16,7.845200061798096,7.845930099487305,7.84335994720459,7.845200061798096,7.845200061798096,0,0.0,0.0
2019-10-17,7.844699859619141,7.8449201583862305,7.842800140380859,7.844799995422363,7.844799995422363,0,0.0,0.0
2019-10-18,7.843760013580322,7.844200134277344,7.8414998054504395,7.843999862670898,7.843999862670898,0,0.0,0.0
2019-10-21,7.84250020980835,7.8435797691345215,7.840030193328857,7.842700004577637,7.842700004577637,0,0.0,0.0
2019-10-22,7.841989994049072,7.843699932098389,7.841310024261475,7.842140197753906,7.842140197753906,0,0.0,0.0
2019-10-23,7.842400074005127,7.842929840087891,7.84119987487793,7.842329978942871,7.842329978942871,0,0.0,0.0
2019-10-24,7.841400146484375,7.841400146484375,7.836299896240234,7.841300010681152,7.841300010681152,0,0.0,0.0
2019-10-25,7.8383002281188965,7.839009761810303,7.8360700607299805,7.8383002281188965,7.8383002281188965,0,0.0,0.0
2019-10-28,7.837699890136719,7.840400218963623,7.837399959564209,7.837100028991699,7.837100028991699,0,0.0,0.0
2019-10-29,7.839439868927002,7.841090202331543,7.838699817657471,7.838799953460693,7.838799953460693,0,0.0,0.0
2019-10-30,7.8394999504089355,7.841430187225342,7.838600158691406,7.839640140533447,7.839640140533447,0,0.0,0.0
2019-10-31,7.839399814605713,7.839399814605713,7.833849906921387,7.839320182800293,7.839320182800293,0,0.0,0.0
2019-11-01,7.836699962615967,7.838449954986572,7.83459997177124,7.836699962615967,7.836699962615967,0,0.0,0.0
2019-11-04,7.836999893188477,7.839700222015381,7.8358001708984375,7.836999893188477,7.836999893188477,0,0.0,0.0
2019-11-05,7.836949825286865,7.838500022888184,7.831570148468018,7.836599826812744,7.836599826812744,0,0.0,0.0
2019-11-06,7.832900047302246,7.834239959716797,7.82289981842041,7.832399845123291,7.832399845123291,0,0.0,0.0
2019-11-07,7.82643985748291,7.826749801635742,7.822700023651123,7.826469898223877,7.826469898223877,0,0.0,0.0
2019-11-08,7.825399875640869,7.828700065612793,7.8225998878479,7.8256001472473145,7.8256001472473145,0,0.0,0.0
2019-11-11,7.8284101486206055,7.8344597816467285,7.825329780578613,7.828239917755127,7.828239917755127,0,0.0,0.0
2019-11-12,7.825660228729248,7.828499794006348,7.824900150299072,7.825610160827637,7.825610160827637,0,0.0,0.0
2019-11-13,7.828800201416016,7.833199977874756,7.8278398513793945,7.828700065612793,7.828700065612793,0,0.0,0.0
2019-11-14,7.828000068664551,7.831510066986084,7.825699806213379,7.828100204467773,7.828100204467773,0,0.0,0.0
2019-11-15,7.827400207519531,7.831399917602539,7.825900077819824,7.827899932861328,7.827899932861328,0,0.0,0.0
2019-11-18,7.826159954071045,7.830399990081787,7.825819969177246,7.826459884643555,7.826459884643555,0,0.0,0.0
2019-11-19,7.8277997970581055,7.829909801483154,7.826310157775879,7.826920032501221,7.826920032501221,0,0.0,0.0
2019-11-20,7.827700138092041,7.829430103302002,7.82480001449585,7.827300071716309,7.827300071716309,0,0.0,0.0
2019-11-21,7.826079845428467,7.828479766845703,7.819799900054932,7.826200008392334,7.826200008392334,0,0.0,0.0
2019-11-22,7.820010185241699,7.825799942016602,7.820010185241699,7.820199966430664,7.820199966430664,0,0.0,0.0
2019-11-25,7.825099945068359,7.828199863433838,7.824399948120117,7.825200080871582,7.825200080871582,0,0.0,0.0
2019-11-26,7.825699806213379,7.832640171051025,7.825399875640869,7.825590133666992,7.825590133666992,0,0.0,0.0
2019-11-27,7.828499794006348,7.829500198364258,7.826690196990967,7.828499794006348,7.828499794006348,0,0.0,0.0
2019-11-28,7.8277997970581055,7.8295698165893555,7.825399875640869,7.827360153198242,7.827360153198242,0,0.0,0.0
2019-11-29,7.827199935913086,7.828499794006348,7.825099945068359,7.827099800109863,7.827099800109863,0,0.0,0.0
2019-12-02,7.828380107879639,7.829599857330322,7.827199935913086,7.8282999992370605,7.8282999992370605,0,0.0,0.0
2019-12-03,7.828050136566162,7.830410003662109,7.8277997970581055,7.8282999992370605,7.8282999992370605,0,0.0,0.0
2019-12-04,7.829500198364258,7.829800128936768,7.827400207519531,7.829699993133545,7.829699993133545,0,0.0,0.0
2019-12-05,7.828909873962402,7.829390048980713,7.828100204467773,7.828800201416016,7.828800201416016,0,0.0,0.0
2019-12-06,7.828800201416016,7.83066987991333,7.828070163726807,7.828700065612793,7.828700065612793,0,0.0,0.0
2019-12-09,7.829349994659424,7.830399990081787,7.826499938964844,7.828959941864014,7.828959941864014,0,0.0,0.0
2019-12-10,7.828400135040283,7.82859992980957,7.82480001449585,7.828350067138672,7.828350067138672,0,0.0,0.0
2019-12-11,7.826700210571289,7.826700210571289,7.810299873352051,7.826700210571289,7.826700210571289,0,0.0,0.0
2019-12-12,7.808899879455566,7.809939861297607,7.797999858856201,7.80866003036499,7.80866003036499,0,0.0,0.0
2019-12-13,7.805319786071777,7.806600093841553,7.790599822998047,7.805500030517578,7.805500030517578,0,0.0,0.0
2019-12-16,7.799230098724365,7.800690174102783,7.786829948425293,7.7987799644470215,7.7987799644470215,0,0.0,0.0
2019-12-17,7.792709827423096,7.793499946594238,7.785999774932861,7.792660236358643,7.792660236358643,0,0.0,0.0
2019-12-18,7.786769866943359,7.7901201248168945,7.782750129699707,7.7870001792907715,7.7870001792907715,0,0.0,0.0
2019-12-19,7.788149833679199,7.799280166625977,7.787700176239014,7.788099765777588,7.788099765777588,0,0.0,0.0
2019-12-20,7.794519901275635,7.801109790802002,7.794340133666992,7.794400215148926,7.794400215148926,0,0.0,0.0
2019-12-23,7.79679012298584,7.7982001304626465,7.784299850463867,7.796850204467773,7.796850204467773,0,0.0,0.0
2019-12-24,7.787030220031738,7.788849830627441,7.7843098640441895,7.786900043487549,7.786900043487549,0,0.0,0.0
2019-12-25,7.7881999015808105,7.791299819946289,7.7754998207092285,7.788099765777588,7.788099765777588,0,0.0,0.0
2019-12-26,7.788899898529053,7.789899826049805,7.786419868469238,7.788599967956543,7.788599967956543,0,0.0,0.0
2019-12-27,7.787350177764893,7.7891998291015625,7.784800052642822,7.787899971008301,7.787899971008301,0,0.0,0.0
2019-12-30,7.787390232086182,7.7906999588012695,7.7855000495910645,7.787330150604248,7.787330150604248,0,0.0,0.0
2019-12-31,7.788390159606934,7.791880130767822,7.782589912414551,7.788099765777588,7.788099765777588,0,0.0,0.0
2020-01-01,7.786499977111816,7.792699813842773,7.766900062561035,7.786499977111816,7.786499977111816,0,0.0,0.0
2020-01-02,7.792230129241943,7.793300151824951,7.787879943847656,7.792500019073486,7.792500019073486,0,0.0,0.0
2020-01-03,7.788599967956543,7.789589881896973,7.775839805603027,7.788300037384033,7.788300037384033,0,0.0,0.0
2020-01-06,7.781429767608643,7.781589984893799,7.7677001953125,7.781499862670898,7.781499862670898,0,0.0,0.0
2020-01-07,7.77161979675293,7.776879787445068,7.770199775695801,7.770400047302246,7.770400047302246,0,0.0,0.0
2020-01-08,7.777160167694092,7.779300212860107,7.773449897766113,7.777299880981445,7.777299880981445,0,0.0,0.0
2020-01-09,7.77564001083374,7.777699947357178,7.765329837799072,7.776199817657471,7.776199817657471,0,0.0,0.0
2020-01-10,7.766329765319824,7.767630100250244,7.762740135192871,7.766479969024658,7.766479969024658,0,0.0,0.0
2020-01-13,7.766580104827881,7.774789810180664,7.765580177307129,7.7665300369262695,7.7665300369262695,0,0.0,0.0
2020-01-14,7.7713398933410645,7.778210163116455,7.771279811859131,7.771500110626221,7.771500110626221,0,0.0,0.0
2020-01-15,7.7769999504089355,7.779200077056885,7.769800186157227,7.776609897613525,7.776609897613525,0,0.0,0.0
2020-01-16,7.772369861602783,7.774499893188477,7.768099784851074,7.771500110626221,7.771500110626221,0,0.0,0.0
2020-01-17,7.772180080413818,7.773260116577148,7.767300128936768,7.771599769592285,7.771599769592285,0,0.0,0.0
2020-01-20,7.768310070037842,7.769599914550781,7.765900135040283,7.767829895019531,7.767829895019531,0,0.0,0.0
2020-01-21,7.769199848175049,7.774499893188477,7.768899917602539,7.769199848175049,7.769199848175049,0,0.0,0.0
2020-01-22,7.770199775695801,7.773709774017334,7.766600131988525,7.770199775695801,7.770199775695801,0,0.0,0.0
2020-01-23,7.771100044250488,7.774799823760986,7.770699977874756,7.770899772644043,7.770899772644043,0,0.0,0.0
2020-01-24,7.772299766540527,7.774139881134033,7.770899772644043,7.772299766540527,7.772299766540527,0,0.0,0.0
2020-01-27,7.774409770965576,7.777500152587891,7.7729997634887695,7.774439811706543,7.774439811706543,0,0.0,0.0
2020-01-28,7.7769999504089355,7.779220104217529,7.775300025939941,7.777100086212158,7.777100086212158,0,0.0,0.0
2020-01-29,7.7758002281188965,7.7768402099609375,7.771599769592285,7.775440216064453,7.775440216064453,0,0.0,0.0
2020-01-30,7.7729997634887695,7.77370023727417,7.765999794006348,7.7729902267456055,7.7729902267456055,0,0.0,0.0
2020-01-31,7.767300128936768,7.770400047302246,7.7636799812316895,7.767499923706055,7.767499923706055,0,0.0,0.0
2020-02-03,7.765820026397705,7.769020080566406,7.765200138092041,7.765689849853516,7.765689849853516,0,0.0,0.0
2020-02-04,7.76609992980957,7.769579887390137,7.765039920806885,7.765999794006348,7.765999794006348,0,0.0,0.0
2020-02-05,7.767330169677734,7.767439842224121,7.761899948120117,7.76639986038208,7.76639986038208,0,0.0,0.0
2020-02-06,7.763500213623047,7.7644500732421875,7.761809825897217,7.763400077819824,7.763400077819824,0,0.0,0.0
2020-02-07,7.763400077819824,7.76639986038208,7.759900093078613,7.76347017288208,7.76347017288208,0,0.0,0.0
2020-02-10,7.7657999992370605,7.766880035400391,7.764470100402832,7.7657999992370605,7.7657999992370605,0,0.0,0.0
2020-02-11,7.765900135040283,7.766200065612793,7.762499809265137,7.766200065612793,7.766200065612793,0,0.0,0.0
2020-02-12,7.765200138092041,7.770899772644043,7.764200210571289,7.765200138092041,7.765200138092041,0,0.0,0.0
2020-02-13,7.768670082092285,7.770400047302246,7.7652997970581055,7.768899917602539,7.768899917602539,0,0.0,0.0
2020-02-14,7.766570091247559,7.768499851226807,7.7657999992370605,7.766600131988525,7.766600131988525,0,0.0,0.0
2020-02-17,7.766980171203613,7.768320083618164,7.765699863433838,7.7672600746154785,7.7672600746154785,0,0.0,0.0
2020-02-18,7.7677998542785645,7.77016019821167,7.76639986038208,7.7677998542785645,7.7677998542785645,0,0.0,0.0
2020-02-19,7.768599987030029,7.7719597816467285,7.768499851226807,7.768599987030029,7.768599987030029,0,0.0,0.0
2020-02-20,7.77269983291626,7.78410005569458,7.77209997177124,7.773009777069092,7.773009777069092,0,0.0,0.0
2020-02-21,7.780700206756592,7.793220043182373,7.7806501388549805,7.780700206756592,7.780700206756592,0,0.0,0.0
2020-02-24,7.792079925537109,7.7973198890686035,7.7909698486328125,7.791940212249756,7.791940212249756,0,0.0,0.0
2020-02-25,7.792520046234131,7.793099880218506,7.787079811096191,7.7921600341796875,7.7921600341796875,0,0.0,0.0
2020-02-26,7.789700031280518,7.794809818267822,7.788559913635254,7.789649963378906,7.789649963378906,0,0.0,0.0
2020-02-27,7.792799949645996,7.797999858856201,7.791500091552734,7.792520046234131,7.792520046234131,0,0.0,0.0
2020-02-28,7.794340133666992,7.79863977432251,7.791600227355957,7.794600009918213,7.794600009918213,0,0.0,0.0
2020-03-02,7.792880058288574,7.794899940490723,7.776269912719727,7.793079853057861,7.793079853057861,0,0.0,0.0
2020-03-03,7.781300067901611,7.784130096435547,7.765850067138672,7.780900001525879,7.780900001525879,0,0.0,0.0
2020-03-04,7.77092981338501,7.77269983291626,7.764200210571289,7.770100116729736,7.770100116729736,0,0.0,0.0
2020-03-05,7.771749973297119,7.773449897766113,7.769499778747559,7.771749973297119,7.771749973297119,0,0.0,0.0
2020-03-06,7.770780086517334,7.775300025939941,7.7677998542785645,7.7707200050354,7.7707200050354,0,0.0,0.0
2020-03-09,7.769400119781494,7.773499965667725,7.765200138092041,7.7692999839782715,7.7692999839782715,0,0.0,0.0
2020-03-10,7.770999908447266,7.773079872131348,7.768239974975586,7.770999908447266,7.770999908447266,0,0.0,0.0
2020-03-11,7.768030166625977,7.769800186157227,7.76609992980957,7.768199920654297,7.768199920654297,0,0.0,0.0
2020-03-12,7.768199920654297,7.786069869995117,7.7677998542785645,7.768499851226807,7.768499851226807,0,0.0,0.0
2020-03-13,7.776400089263916,7.781000137329102,7.764699935913086,7.776599884033203,7.776599884033203,0,0.0,0.0
2020-03-16,7.763120174407959,7.7700700759887695,7.7596001625061035,7.7632598876953125,7.7632598876953125,0,0.0,0.0
2020-03-17,7.765900135040283,7.770299911499023,7.763000011444092,7.765699863433838,7.765699863433838,0,0.0,0.0
2020-03-18,7.762639999389648,7.76855993270874,7.7617998123168945,7.7621002197265625,7.7621002197265625,0,0.0,0.0
2020-03-19,7.763800144195557,7.767600059509277,7.760049819946289,7.763500213623047,7.763500213623047,0,0.0,0.0
2020-03-20,7.761760234832764,7.762599945068359,7.755199909210205,7.761730194091797,7.761730194091797,0,0.0,0.0
2020-03-23,7.758480072021484,7.758649826049805,7.753699779510498,7.758769989013672,7.758769989013672,0,0.0,0.0
2020-03-24,7.755919933319092,7.75629997253418,7.75285005569458,7.75600004196167,7.75600004196167,0,0.0,0.0
2020-03-25,7.752799987792969,7.755879878997803,7.751800060272217,7.75275993347168,7.75275993347168,0,0.0,0.0
2020-03-26,7.752860069274902,7.754660129547119,7.751890182495117,7.752600193023682,7.752600193023682,0,0.0,0.0
2020-03-27,7.752099990844727,7.753220081329346,7.750699996948242,7.752200126647949,7.752200126647949,0,0.0,0.0
2020-03-30,7.752240180969238,7.7548699378967285,7.7515997886657715,7.750999927520752,7.750999927520752,0,0.0,0.0
2020-03-31,7.7540998458862305,7.755000114440918,7.750430107116699,7.754000186920166,7.754000186920166,0,0.0,0.0
2020-04-01,7.751969814300537,7.753799915313721,7.750800132751465,7.751820087432861,7.751820087432861,0,0.0,0.0
2020-04-02,7.752009868621826,7.752999782562256,7.750929832458496,7.7519001960754395,7.7519001960754395,0,0.0,0.0
2020-04-03,7.751399993896484,7.754439830780029,7.750999927520752,7.751550197601318,7.751550197601318,0,0.0,0.0
2020-04-06,7.7529401779174805,7.754199981689453,7.750800132751465,7.752699851989746,7.752699851989746,0,0.0,0.0
2020-04-07,7.751500129699707,7.753399848937988,7.751100063323975,7.751500129699707,7.751500129699707,0,0.0,0.0
2020-04-08,7.752150058746338,7.752799987792969,7.750999927520752,7.752150058746338,7.752150058746338,0,0.0,0.0
2020-04-09,7.751589775085449,7.755280017852783,7.750999927520752,7.751609802246094,7.751609802246094,0,0.0,0.0
2020-04-10,7.752999782562256,7.753499984741211,7.751699924468994,7.752799987792969,7.752799987792969,0,0.0,0.0
2020-04-13,7.752699851989746,7.75314998626709,7.751399993896484,7.751699924468994,7.751699924468994,0,0.0,0.0
2020-04-14,7.752099990844727,7.752900123596191,7.75029993057251,7.752399921417236,7.752399921417236,0,0.0,0.0
2020-04-15,7.751500129699707,7.751999855041504,7.750199794769287,7.751399993896484,7.751399993896484,0,0.0,0.0
2020-04-16,7.7510199546813965,7.7515997886657715,7.750100135803223,7.751100063323975,7.751100063323975,0,0.0,0.0
2020-04-17,7.75078010559082,7.751949787139893,7.749959945678711,7.750810146331787,7.750810146331787,0,0.0,0.0
2020-04-20,7.750679969787598,7.751100063323975,7.749839782714844,7.7507500648498535,7.7507500648498535,0,0.0,0.0
2020-04-21,7.750199794769287,7.750430107116699,7.749000072479248,7.75029993057251,7.75029993057251,0,0.0,0.0
2020-04-22,7.749889850616455,7.75029993057251,7.749599933624268,7.749919891357422,7.749919891357422,0,0.0,0.0
2020-04-23,7.75,7.751299858093262,7.749499797821045,7.750229835510254,7.750229835510254,0,0.0,0.0
2020-04-24,7.750699996948242,7.751399993896484,7.75,7.7505998611450195,7.7505998611450195,0,0.0,0.0
2020-04-27,7.75029993057251,7.750899791717529,7.749599933624268,7.750500202178955,7.750500202178955,0,0.0,0.0
2020-04-28,7.7505998611450195,7.751299858093262,7.74970006942749,7.750470161437988,7.750470161437988,0,0.0,0.0
2020-04-29,7.750579833984375,7.750919818878174,7.749199867248535,7.75029993057251,7.75029993057251,0,0.0,0.0
2020-04-30,7.750100135803223,7.752299785614014,7.749300003051758,7.75,7.75,0,0.0,0.0
2020-05-01,7.751589775085449,7.752500057220459,7.750959873199463,7.7516398429870605,7.7516398429870605,0,0.0,0.0
2020-05-04,7.752200126647949,7.754899978637695,7.750999927520752,7.752130031585693,7.752130031585693,0,0.0,0.0
2020-05-05,7.75324010848999,7.7555999755859375,7.751699924468994,7.7530999183654785,7.7530999183654785,0,0.0,0.0
2020-05-06,7.752600193023682,7.752999782562256,7.750400066375732,7.753049850463867,7.753049850463867,0,0.0,0.0
2020-05-07,7.751989841461182,7.752220153808594,7.75,7.751999855041504,7.751999855041504,0,0.0,0.0
2020-05-08,7.750800132751465,7.751719951629639,7.750199794769287,7.750800132751465,7.750800132751465,0,0.0,0.0
2020-05-11,7.751070022583008,7.7515997886657715,7.749499797821045,7.751070022583008,7.751070022583008,0,0.0,0.0
2020-05-12,7.750319957733154,7.751100063323975,7.749499797821045,7.750510215759277,7.750510215759277,0,0.0,0.0
2020-05-13,7.750470161437988,7.751299858093262,7.749800205230713,7.750500202178955,7.750500202178955,0,0.0,0.0
2020-05-14,7.750699996948242,7.751299858093262,7.75,7.750800132751465,7.750800132751465,0,0.0,0.0
2020-05-15,7.750870227813721,7.751910209655762,7.750199794769287,7.750860214233398,7.750860214233398,0,0.0,0.0
2020-05-18,7.750800132751465,7.752110004425049,7.750500202178955,7.750699996948242,7.750699996948242,0,0.0,0.0
2020-05-19,7.750800132751465,7.751259803771973,7.75,7.751100063323975,7.751100063323975,0,0.0,0.0
2020-05-20,7.7505998611450195,7.751100063323975,7.749849796295166,7.750400066375732,7.750400066375732,0,0.0,0.0
2020-05-21,7.750100135803223,7.754899978637695,7.749100208282471,7.75,7.75,0,0.0,0.0
2020-05-22,7.754499912261963,7.757400035858154,7.75177001953125,7.754300117492676,7.754300117492676,0,0.0,0.0
2020-05-25,7.757110118865967,7.757110118865967,7.7530198097229,7.756760120391846,7.756760120391846,0,0.0,0.0
2020-05-26,7.754300117492676,7.754499912261963,7.751200199127197,7.754380226135254,7.754380226135254,0,0.0,0.0
2020-05-27,7.753399848937988,7.753399848937988,7.75108003616333,7.7532501220703125,7.7532501220703125,0,0.0,0.0
2020-05-28,7.753379821777344,7.754209995269775,7.7519001960754395,7.753379821777344,7.753379821777344,0,0.0,0.0
2020-05-29,7.752900123596191,7.754799842834473,7.750410079956055,7.752699851989746,7.752699851989746,0,0.0,0.0
2020-06-01,7.752970218658447,7.7530999183654785,7.750500202178955,7.752970218658447,7.752970218658447,0,0.0,0.0
2020-06-02,7.751070022583008,7.751220226287842,7.750100135803223,7.751399993896484,7.751399993896484,0,0.0,0.0
2020-06-03,7.75029993057251,7.750899791717529,7.749300003051758,7.750500202178955,7.750500202178955,0,0.0,0.0
2020-06-04,7.750030040740967,7.7504401206970215,7.749100208282471,7.75,7.75,0,0.0,0.0
2020-06-05,7.749889850616455,7.7505998611450195,7.749599933624268,7.750100135803223,7.750100135803223,0,0.0,0.0
2020-06-08,7.750120162963867,7.750699996948242,7.749100208282471,7.750120162963867,7.750120162963867,0,0.0,0.0
2020-06-09,7.750800132751465,7.750800132751465,7.749300003051758,7.751500129699707,7.751500129699707,0,0.0,0.0
2020-06-10,7.750199794769287,7.750699996948242,7.749599933624268,7.750999927520752,7.750999927520752,0,0.0,0.0
2020-06-11,7.749899864196777,7.750800132751465,7.7494001388549805,7.749899864196777,7.749899864196777,0,0.0,0.0
2020-06-12,7.750400066375732,7.750800132751465,7.749599933624268,7.750199794769287,7.750199794769287,0,0.0,0.0
2020-06-15,7.75,7.750460147857666,7.749100208282471,7.75,7.75,0,0.0,0.0
2020-06-16,7.75068998336792,7.75068998336792,7.749100208282471,7.750010013580322,7.750010013580322,0,0.0,0.0
2020-06-17,7.749899864196777,7.750400066375732,7.749199867248535,7.749800205230713,7.749800205230713,0,0.0,0.0
2020-06-18,7.750050067901611,7.75029993057251,7.74970006942749,7.749899864196777,7.749899864196777,0,0.0,0.0
2020-06-19,7.7501301765441895,7.750899791717529,7.74970006942749,7.75,7.75,0,0.0,0.0
2020-06-22,7.750100135803223,7.750999927520752,7.749199867248535,7.750010013580322,7.750010013580322,0,0.0,0.0
2020-06-23,7.750060081481934,7.7505998611450195,7.749199867248535,7.75,7.75,0,0.0,0.0
2020-06-24,7.75,7.7505998611450195,7.749100208282471,7.750100135803223,7.750100135803223,0,0.0,0.0
2020-06-25,7.750100135803223,7.751200199127197,7.749199867248535,7.7505998611450195,7.7505998611450195,0,0.0,0.0
2020-06-26,7.751500129699707,7.751500129699707,7.749800205230713,7.751500129699707,7.751500129699707,0,0.0,0.0
2020-06-29,7.750199794769287,7.751100063323975,7.749499797821045,7.75,7.75,0,0.0,0.0
2020-06-30,7.750199794769287,7.750699996948242,7.749790191650391,7.750199794769287,7.750199794769287,0,0.0,0.0
2020-07-01,7.750400066375732,7.751100063323975,7.749599933624268,7.7505998611450195,7.7505998611450195,0,0.0,0.0
2020-07-02,7.750400066375732,7.751200199127197,7.749889850616455,7.750500202178955,7.750500202178955,0,0.0,0.0
2020-07-03,7.750199794769287,7.750899791717529,7.74970006942749,7.750199794769287,7.750199794769287,0,0.0,0.0
2020-07-06,7.7499098777771,7.751800060272217,7.74970006942749,7.7501301765441895,7.7501301765441895,0,0.0,0.0
2020-07-07,7.750199794769287,7.751699924468994,7.74970006942749,7.750699996948242,7.750699996948242,0,0.0,0.0
2020-07-08,7.75029993057251,7.750699996948242,7.74970006942749,7.750500202178955,7.750500202178955,0,0.0,0.0
2020-07-09,7.750100135803223,7.7505998611450195,7.74970006942749,7.750120162963867,7.750120162963867,0,0.0,0.0
2020-07-10,7.749899864196777,7.751450061798096,7.749300003051758,7.750120162963867,7.750120162963867,0,0.0,0.0
2020-07-13,7.7515997886657715,7.751699924468994,7.749899864196777,7.751440048217773,7.751440048217773,0,0.0,0.0
2020-07-14,7.750820159912109,7.751399993896484,7.749599933624268,7.750800132751465,7.750800132751465,0,0.0,0.0
2020-07-15,7.750899791717529,7.753009796142578,7.750100135803223,7.750899791717529,7.750899791717529,0,0.0,0.0
2020-07-16,7.752089977264404,7.7546000480651855,7.751780033111572,7.752200126647949,7.752200126647949,0,0.0,0.0
2020-07-17,7.753799915313721,7.754799842834473,7.752200126647949,7.753699779510498,7.753699779510498,0,0.0,0.0
2020-07-20,7.753300189971924,7.754799842834473,7.751299858093262,7.752799987792969,7.752799987792969,0,0.0,0.0
2020-07-21,7.7519001960754395,7.752600193023682,7.750070095062256,7.751800060272217,7.751800060272217,0,0.0,0.0
2020-07-22,7.750800132751465,7.752200126647949,7.75,7.750790119171143,7.750790119171143,0,0.0,0.0
2020-07-23,7.752500057220459,7.752500057220459,7.75029993057251,7.752799987792969,7.752799987792969,0,0.0,0.0
2020-07-24,7.751500129699707,7.752200126647949,7.750639915466309,7.7515997886657715,7.7515997886657715,0,0.0,0.0
2020-07-27,7.751500129699707,7.753200054168701,7.750309944152832,7.750879764556885,7.750879764556885,0,0.0,0.0
2020-07-28,7.751100063323975,7.751500129699707,7.7494797706604,7.751200199127197,7.751200199127197,0,0.0,0.0
2020-07-29,7.750199794769287,7.751699924468994,7.749199867248535,7.750199794769287,7.750199794769287,0,0.0,0.0
2020-07-30,7.749899864196777,7.751699924468994,7.74931001663208,7.750120162963867,7.750120162963867,0,0.0,0.0
2020-07-31,7.75,7.750999927520752,7.749199867248535,7.749899864196777,7.749899864196777,0,0.0,0.0
2020-08-03,7.75,7.750899791717529,7.749300003051758,7.75,7.75,0,0.0,0.0
2020-08-04,7.750209808349609,7.750999927520752,7.7492899894714355,7.750699996948242,7.750699996948242,0,0.0,0.0
2020-08-05,7.75,7.750699996948242,7.749390125274658,7.750199794769287,7.750199794769287,0,0.0,0.0
2020-08-06,7.7505998611450195,7.752900123596191,7.749199867248535,7.751100063323975,7.751100063323975,0,0.0,0.0
2020-08-07,7.75,7.751100063323975,7.749370098114014,7.750400066375732,7.750400066375732,0,0.0,0.0
2020-08-10,7.75,7.750999927520752,7.749420166015625,7.749959945678711,7.749959945678711,0,0.0,0.0
2020-08-11,7.750100135803223,7.750999927520752,7.749300003051758,7.749929904937744,7.749929904937744,0,0.0,0.0
2020-08-12,7.750199794769287,7.751500129699707,7.749820232391357,7.749899864196777,7.749899864196777,0,0.0,0.0
2020-08-13,7.750239849090576,7.7515997886657715,7.7494001388549805,7.750999927520752,7.750999927520752,0,0.0,0.0
2020-08-14,7.74960994720459,7.751100063323975,7.7494001388549805,7.749579906463623,7.749579906463623,0,0.0,0.0
2020-08-17,7.750589847564697,7.751200199127197,7.7495198249816895,7.750589847564697,7.750589847564697,0,0.0,0.0
2020-08-18,7.750199794769287,7.750999927520752,7.7494401931762695,7.750199794769287,7.750199794769287,0,0.0,0.0
2020-08-19,7.749929904937744,7.750800132751465,7.749199867248535,7.750199794769287,7.750199794769287,0,0.0,0.0
2020-08-20,7.7500901222229,7.753300189971924,7.749340057373047,7.750800132751465,7.750800132751465,0,0.0,0.0
2020-08-21,7.75,7.750800132751465,7.749380111694336,7.7505998611450195,7.7505998611450195,0,0.0,0.0
2020-08-24,7.75,7.752299785614014,7.7494401931762695,7.749989986419678,7.749989986419678,0,0.0,0.0
2020-08-25,7.750100135803223,7.750800132751465,7.7494001388549805,7.750500202178955,7.750500202178955,0,0.0,0.0
2020-08-26,7.750400066375732,7.751200199127197,7.749300003051758,7.75029993057251,7.75029993057251,0,0.0,0.0
2020-08-27,7.750259876251221,7.751500129699707,7.749100208282471,7.750699996948242,7.750699996948242,0,0.0,0.0
2020-08-28,7.750100135803223,7.751100063323975,7.749100208282471,7.750100135803223,7.750100135803223,0,0.0,0.0
2020-08-31,7.75029993057251,7.750699996948242,7.749100208282471,7.750349998474121,7.750349998474121,0,0.0,0.0
2020-09-01,7.749899864196777,7.752999782562256,7.749100208282471,7.749969959259033,7.749969959259033,0,0.0,0.0
2020-09-02,7.749800205230713,7.751100063323975,7.749000072479248,7.75029993057251,7.75029993057251,0,0.0,0.0
2020-09-03,7.750100135803223,7.7505998611450195,7.749199867248535,7.750100135803223,7.750100135803223,0,0.0,0.0
2020-09-04,7.749899864196777,7.7505998611450195,7.749199867248535,7.75,7.75,0,0.0,0.0
2020-09-07,7.75029993057251,7.750800132751465,7.75,7.750189781188965,7.750189781188965,0,0.0,0.0
2020-09-08,7.750070095062256,7.750699996948242,7.749959945678711,7.750100135803223,7.750100135803223,0,0.0,0.0
2020-09-09,7.750080108642578,7.750800132751465,7.749989986419678,7.750199794769287,7.750199794769287,0,0.0,0.0
2020-09-10,7.750450134277344,7.7505998611450195,7.7494001388549805,7.7505998611450195,7.7505998611450195,0,0.0,0.0
2020-09-11,7.750329971313477,7.750699996948242,7.749969959259033,7.750199794769287,7.750199794769287,0,0.0,0.0
2020-09-14,7.750329971313477,7.752299785614014,7.749300003051758,7.750120162963867,7.750120162963867,0,0.0,0.0
2020-09-15,7.75,7.751100063323975,7.74970006942749,7.750199794769287,7.750199794769287,0,0.0,0.0
2020-09-16,7.749810218811035,7.751200199127197,7.74970006942749,7.749810218811035,7.749810218811035,0,0.0,0.0
2020-09-17,7.75029993057251,7.750999927520752,7.74970006942749,7.750699996948242,7.750699996948242,0,0.0,0.0
2020-09-18,7.750050067901611,7.751399993896484,7.749100208282471,7.749899864196777,7.749899864196777,0,0.0,0.0
2020-09-21,7.749800205230713,7.752299785614014,7.749599933624268,7.749800205230713,7.749800205230713,0,0.0,0.0
2020-09-22,7.749899864196777,7.75029993057251,7.749199867248535,7.749899864196777,7.749899864196777,0,0.0,0.0
2020-09-23,7.75,7.75029993057251,7.749100208282471,7.749899864196777,7.749899864196777,0,0.0,0.0
2020-09-24,7.7498297691345215,7.750400066375732,7.749800205230713,7.749899864196777,7.749899864196777,0,0.0,0.0
2020-09-25,7.750100135803223,7.750800132751465,7.749100208282471,7.75,7.75,0,0.0,0.0
2020-09-28,7.75,7.751299858093262,7.749000072479248,7.749889850616455,7.749889850616455,0,0.0,0.0
2020-09-29,7.75,7.752999782562256,7.749199867248535,7.750100135803223,7.750100135803223,0,0.0,0.0
2020-09-30,7.749800205230713,7.75029993057251,7.749000072479248,7.749800205230713,7.749800205230713,0,0.0,0.0
2020-10-01,7.749929904937744,7.751200199127197,7.749780178070068,7.749899864196777,7.749899864196777,0,0.0,0.0
2020-10-02,7.749899864196777,7.7505998611450195,7.749199867248535,7.75,7.75,0,0.0,0.0
2020-10-05,7.75,7.751399993896484,7.74970006942749,7.75,7.75,0,0.0,0.0
2020-10-06,7.750100135803223,7.7505998611450195,7.749199867248535,7.750060081481934,7.750060081481934,0,0.0,0.0
2020-10-07,7.750100135803223,7.751800060272217,7.749100208282471,7.749899864196777,7.749899864196777,0,0.0,0.0
2020-10-08,7.749810218811035,7.751699924468994,7.749199867248535,7.749820232391357,7.749820232391357,0,0.0,0.0
2020-10-09,7.749899864196777,7.751200199127197,7.74970006942749,7.749839782714844,7.749839782714844,0,0.0,0.0
2020-10-12,7.749899864196777,7.752299785614014,7.749100208282471,7.7499799728393555,7.7499799728393555,0,0.0,0.0
2020-10-13,7.749800205230713,7.757199764251709,7.74970006942749,7.749800205230713,7.749800205230713,0,0.0,0.0
2020-10-14,7.753200054168701,7.754499912261963,7.749639987945557,7.753200054168701,7.753200054168701,0,0.0,0.0
2020-10-15,7.749780178070068,7.751699924468994,7.74970006942749,7.749790191650391,7.749790191650391,0,0.0,0.0
2020-10-16,7.749899864196777,7.751200199127197,7.749599933624268,7.749969959259033,7.749969959259033,0,0.0,0.0
2020-10-19,7.7501702308654785,7.751800060272217,7.74970006942749,7.7501702308654785,7.7501702308654785,0,0.0,0.0
2020-10-20,7.749770164489746,7.751800060272217,7.74970006942749,7.749969959259033,7.749969959259033,0,0.0,0.0
2020-10-21,7.751500129699707,7.752099990844727,7.749690055847168,7.751200199127197,7.751200199127197,0,0.0,0.0
2020-10-22,7.749899864196777,7.752699851989746,7.74970006942749,7.749800205230713,7.749800205230713,0,0.0,0.0
2020-10-23,7.753399848937988,7.757999897003174,7.749650001525879,7.753499984741211,7.753499984741211,0,0.0,0.0
2020-10-26,7.749800205230713,7.752200126647949,7.74970006942749,7.749780178070068,7.749780178070068,0,0.0,0.0
2020-10-27,7.753900051116943,7.755799770355225,7.74970006942749,7.754199981689453,7.754199981689453,0,0.0,0.0
2020-10-28,7.7505998611450195,7.751100063323975,7.74970006942749,7.7505998611450195,7.7505998611450195,0,0.0,0.0
2020-10-29,7.750100135803223,7.754199981689453,7.75,7.750100135803223,7.750100135803223,0,0.0,0.0
2020-10-30,7.7515997886657715,7.755300045013428,7.750999927520752,7.751430034637451,7.751430034637451,0,0.0,0.0
2020-11-02,7.752600193023682,7.755499839782715,7.750339984893799,7.752590179443359,7.752590179443359,0,0.0,0.0
2020-11-03,7.751269817352295,7.751999855041504,7.749859809875488,7.750999927520752,7.750999927520752,0,0.0,0.0
2020-11-04,7.752900123596191,7.756100177764893,7.751200199127197,7.7530999183654785,7.7530999183654785,0,0.0,0.0
2020-11-05,7.75439977645874,7.755959987640381,7.752900123596191,7.754380226135254,7.754380226135254,0,0.0,0.0
2020-11-06,7.753920078277588,7.7540998458862305,7.751910209655762,7.7540202140808105,7.7540202140808105,0,0.0,0.0
2020-11-09,7.753220081329346,7.754370212554932,7.751699924468994,7.753330230712891,7.753330230712891,0,0.0,0.0
2020-11-10,7.752240180969238,7.755099773406982,7.751979827880859,7.752270221710205,7.752270221710205,0,0.0,0.0
2020-11-11,7.753699779510498,7.755199909210205,7.752399921417236,7.753600120544434,7.753600120544434,0,0.0,0.0
2020-11-12,7.754220008850098,7.754799842834473,7.753270149230957,7.753960132598877,7.753960132598877,0,0.0,0.0
2020-11-13,7.753769874572754,7.754499912261963,7.752799987792969,7.753789901733398,7.753789901733398,0,0.0,0.0
2020-11-16,7.753220081329346,7.753799915313721,7.751800060272217,7.753339767456055,7.753339767456055,0,0.0,0.0
2020-11-17,7.753600120544434,7.753699779510498,7.751100063323975,7.753349781036377,7.753349781036377,0,0.0,0.0
2020-11-18,7.752500057220459,7.753300189971924,7.751200199127197,7.752289772033691,7.752289772033691,0,0.0,0.0
2020-11-19,7.752079963684082,7.754300117492676,7.751399993896484,7.752280235290527,7.752280235290527,0,0.0,0.0
2020-11-20,7.752399921417236,7.753809928894043,7.751870155334473,7.752600193023682,7.752600193023682,0,0.0,0.0
2020-11-23,7.752099990844727,7.753399848937988,7.751100063323975,7.752200126647949,7.752200126647949,0,0.0,0.0
2020-11-24,7.751930236816406,7.752799987792969,7.750800132751465,7.752200126647949,7.752200126647949,0,0.0,0.0
2020-11-25,7.751399993896484,7.752099990844727,7.75029993057251,7.751399993896484,7.751399993896484,0,0.0,0.0
2020-11-26,7.751150131225586,7.7515997886657715,7.749899864196777,7.751160144805908,7.751160144805908,0,0.0,0.0
2020-11-27,7.750699996948242,7.751399993896484,7.749800205230713,7.750699996948242,7.750699996948242,0,0.0,0.0
2020-11-30,7.750490188598633,7.752810001373291,7.750100135803223,7.750470161437988,7.750470161437988,0,0.0,0.0
2020-12-01,7.751500129699707,7.752910137176514,7.750899791717529,7.7512102127075195,7.7512102127075195,0,0.0,0.0
2020-12-02,7.751930236816406,7.753200054168701,7.750899791717529,7.7519001960754395,7.7519001960754395,0,0.0,0.0
2020-12-03,7.7515997886657715,7.752200126647949,7.750770092010498,7.751999855041504,7.751999855041504,0,0.0,0.0
2020-12-04,7.751110076904297,7.751699924468994,7.74970006942749,7.751200199127197,7.751200199127197,0,0.0,0.0
2020-12-07,7.750470161437988,7.751200199127197,7.750279903411865,7.750470161437988,7.750470161437988,0,0.0,0.0
2020-12-08,7.750899791717529,7.751399993896484,7.75029993057251,7.750800132751465,7.750800132751465,0,0.0,0.0
2020-12-09,7.751100063323975,7.752399921417236,7.75029993057251,7.75137996673584,7.75137996673584,0,0.0,0.0
2020-12-10,7.751410007476807,7.752900123596191,7.750400066375732,7.751410007476807,7.751410007476807,0,0.0,0.0
2020-12-11,7.751399993896484,7.751800060272217,7.749800205230713,7.751369953155518,7.751369953155518,0,0.0,0.0
2020-12-14,7.751200199127197,7.752399921417236,7.750999927520752,7.7512102127075195,7.7512102127075195,0,0.0,0.0
2020-12-15,7.751589775085449,7.752540111541748,7.750800132751465,7.7515997886657715,7.7515997886657715,0,0.0,0.0
2020-12-16,7.7511701583862305,7.752749919891357,7.7511701583862305,7.751200199127197,7.751200199127197,0,0.0,0.0
2020-12-17,7.752299785614014,7.753499984741211,7.750899791717529,7.751399993896484,7.751399993896484,0,0.0,0.0
2020-12-18,7.75206995010376,7.753600120544434,7.751699924468994,7.752089977264404,7.752089977264404,0,0.0,0.0
2020-12-21,7.752170085906982,7.7539801597595215,7.751699924468994,7.752140045166016,7.752140045166016,0,0.0,0.0
2020-12-22,7.752799987792969,7.753600120544434,7.751800060272217,7.752630233764648,7.752630233764648,0,0.0,0.0
2020-12-23,7.752699851989746,7.753119945526123,7.751399993896484,7.752600193023682,7.752600193023682,0,0.0,0.0
2020-12-24,7.752699851989746,7.753399848937988,7.7517900466918945,7.752359867095947,7.752359867095947,0,0.0,0.0
2020-12-25,7.753200054168701,7.7546000480651855,7.75255012512207,7.753300189971924,7.753300189971924,0,0.0,0.0
2020-12-28,7.753459930419922,7.753900051116943,7.751699924468994,7.753469944000244,7.753469944000244,0,0.0,0.0
2020-12-29,7.753809928894043,7.754300117492676,7.7519001960754395,7.7546000480651855,7.7546000480651855,0,0.0,0.0
2020-12-30,7.753699779510498,7.753819942474365,7.7515997886657715,7.753769874572754,7.753769874572754,0,0.0,0.0
2020-12-31,7.752019882202148,7.753890037536621,7.751039981842041,7.752180099487305,7.752180099487305,0,0.0,0.0
2021-01-01,7.753200054168701,7.755799770355225,7.750699996948242,7.753200054168701,7.753200054168701,0,0.0,0.0
2021-01-04,7.752910137176514,7.753799915313721,7.751800060272217,7.753009796142578,7.753009796142578,0,0.0,0.0
2021-01-05,7.75275993347168,7.753499984741211,7.752200126647949,7.7530198097229,7.7530198097229,0,0.0,0.0
2021-01-06,7.752799987792969,7.753499984741211,7.751699924468994,7.752749919891357,7.752749919891357,0,0.0,0.0
2021-01-07,7.753009796142578,7.754000186920166,7.751800060272217,7.752900123596191,7.752900123596191,0,0.0,0.0
2021-01-08,7.7530999183654785,7.757180213928223,7.752299785614014,7.752999782562256,7.752999782562256,0,0.0,0.0
2021-01-11,7.754310131072998,7.75600004196167,7.753399848937988,7.754350185394287,7.754350185394287,0,0.0,0.0
2021-01-12,7.754680156707764,7.7555999755859375,7.753399848937988,7.755099773406982,7.755099773406982,0,0.0,0.0
2021-01-13,7.754079818725586,7.754499912261963,7.7530999183654785,7.754089832305908,7.754089832305908,0,0.0,0.0
2021-01-14,7.753349781036377,7.754300117492676,7.7526397705078125,7.753399848937988,7.753399848937988,0,0.0,0.0
2021-01-15,7.752999782562256,7.75452995300293,7.752799987792969,7.753200054168701,7.753200054168701,0,0.0,0.0
2021-01-18,7.7532501220703125,7.754199981689453,7.752500057220459,7.7532501220703125,7.7532501220703125,0,0.0,0.0
2021-01-19,7.753049850463867,7.753499984741211,7.751299858093262,7.7530999183654785,7.7530999183654785,0,0.0,0.0
2021-01-20,7.751979827880859,7.752799987792969,7.750800132751465,7.751979827880859,7.751979827880859,0,0.0,0.0
2021-01-21,7.751450061798096,7.752399921417236,7.750699996948242,7.751800060272217,7.751800060272217,0,0.0,0.0
2021-01-22,7.7515997886657715,7.752799987792969,7.751299858093262,7.7515997886657715,7.7515997886657715,0,0.0,0.0
2021-01-25,7.75167989730835,7.752429962158203,7.75029993057251,7.751709938049316,7.751709938049316,0,0.0,0.0
2021-01-26,7.751550197601318,7.752810001373291,7.750199794769287,7.751399993896484,7.751399993896484,0,0.0,0.0
2021-01-27,7.751699924468994,7.752500057220459,7.750699996948242,7.751699924468994,7.751699924468994,0,0.0,0.0
2021-01-28,7.751800060272217,7.753300189971924,7.751100063323975,7.751659870147705,7.751659870147705,0,0.0,0.0
2021-01-29,7.7525200843811035,7.7538299560546875,7.7519001960754395,7.7525200843811035,7.7525200843811035,0,0.0,0.0
2021-02-01,7.752900123596191,7.7546000480651855,7.751800060272217,7.75285005569458,7.75285005569458,0,0.0,0.0
2021-02-02,7.752820014953613,7.753600120544434,7.751090049743652,7.752620220184326,7.752620220184326,0,0.0,0.0
2021-02-03,7.751399993896484,7.752500057220459,7.75029993057251,7.751299858093262,7.751299858093262,0,0.0,0.0
2021-02-04,7.751420021057129,7.7530999183654785,7.751100063323975,7.751259803771973,7.751259803771973,0,0.0,0.0
2021-02-05,7.752339839935303,7.7530999183654785,7.751299858093262,7.752500057220459,7.752500057220459,0,0.0,0.0
2021-02-08,7.752470016479492,7.753300189971924,7.751699924468994,7.75246000289917,7.75246000289917,0,0.0,0.0
2021-02-09,7.752190113067627,7.752399921417236,7.750800132751465,7.752190113067627,7.752190113067627,0,0.0,0.0
2021-02-10,7.751649856567383,7.752799987792969,7.751399993896484,7.751629829406738,7.751629829406738,0,0.0,0.0
2021-02-11,7.752200126647949,7.753200054168701,7.751920223236084,7.752200126647949,7.752200126647949,0,0.0,0.0
2021-02-12,7.752500057220459,7.7546000480651855,7.752099990844727,7.752699851989746,7.752699851989746,0,0.0,0.0
2021-02-15,7.752570152282715,7.753499984741211,7.751699924468994,7.752289772033691,7.752289772033691,0,0.0,0.0
2021-02-16,7.752439975738525,7.753200054168701,7.7515997886657715,7.752429962158203,7.752429962158203,0,0.0,0.0
2021-02-17,7.752079963684082,7.752920150756836,7.751399993896484,7.752079963684082,7.752079963684082,0,0.0,0.0
2021-02-18,7.752299785614014,7.753300189971924,7.7515997886657715,7.752500057220459,7.752500057220459,0,0.0,0.0
2021-02-19,7.752379894256592,7.753640174865723,7.7515997886657715,7.752799987792969,7.752799987792969,0,0.0,0.0
2021-02-22,7.752920150756836,7.754000186920166,7.752540111541748,7.752749919891357,7.752749919891357,0,0.0,0.0
2021-02-23,7.753429889678955,7.753900051116943,7.752200126647949,7.753699779510498,7.753699779510498,0,0.0,0.0
2021-02-24,7.753469944000244,7.755430221557617,7.752299785614014,7.753600120544434,7.753600120544434,0,0.0,0.0
2021-02-25,7.7546000480651855,7.754899978637695,7.752799987792969,7.754499912261963,7.754499912261963,0,0.0,0.0
2021-02-26,7.753799915313721,7.757440090179443,7.753499984741211,7.753900051116943,7.753900051116943,0,0.0,0.0
2021-03-01,7.75639009475708,7.758600234985352,7.755340099334717,7.7564802169799805,7.7564802169799805,0,0.0,0.0
2021-03-02,7.7555999755859375,7.758800029754639,7.75540018081665,7.75570011138916,7.75570011138916,0,0.0,0.0
2021-03-03,7.756849765777588,7.75832986831665,7.7555999755859375,7.757299900054932,7.757299900054932,0,0.0,0.0
2021-03-04,7.75629997253418,7.758920192718506,7.75629997253418,7.75600004196167,7.75600004196167,0,0.0,0.0
2021-03-05,7.759099960327148,7.764939785003662,7.758900165557861,7.759300231933594,7.759300231933594,0,0.0,0.0
2021-03-08,7.763629913330078,7.769999980926514,7.761990070343018,7.763850212097168,7.763850212097168,0,0.0,0.0
2021-03-09,7.768899917602539,7.769700050354004,7.76140022277832,7.76855993270874,7.76855993270874,0,0.0,0.0
2021-03-10,7.761000156402588,7.764699935913086,7.760509967803955,7.7616400718688965,7.7616400718688965,0,0.0,0.0
2021-03-11,7.761199951171875,7.762050151824951,7.757589817047119,7.761099815368652,7.761099815368652,0,0.0,0.0
2021-03-12,7.7582597732543945,7.766499996185303,7.757299900054932,7.7582597732543945,7.7582597732543945,0,0.0,0.0
2021-03-15,7.762569904327393,7.765810012817383,7.761149883270264,7.762650012969971,7.762650012969971,0,0.0,0.0
2021-03-16,7.764080047607422,7.766900062561035,7.763370037078857,7.7642598152160645,7.7642598152160645,0,0.0,0.0
2021-03-17,7.764999866485596,7.7670698165893555,7.764579772949219,7.765200138092041,7.765200138092041,0,0.0,0.0
2021-03-18,7.765160083770752,7.765669822692871,7.763199806213379,7.764999866485596,7.764999866485596,0,0.0,0.0
2021-03-19,7.764599800109863,7.767300128936768,7.7642998695373535,7.764750003814697,7.764750003814697,0,0.0,0.0
2021-03-22,7.765369892120361,7.767690181732178,7.764699935913086,7.765250205993652,7.765250205993652,0,0.0,0.0
2021-03-23,7.765810012817383,7.767899990081787,7.764880180358887,7.765900135040283,7.765900135040283,0,0.0,0.0
2021-03-24,7.766870021820068,7.769690036773682,7.766870021820068,7.766930103302002,7.766930103302002,0,0.0,0.0
2021-03-25,7.768340110778809,7.76993989944458,7.767600059509277,7.768499851226807,7.768499851226807,0,0.0,0.0
2021-03-26,7.768519878387451,7.769899845123291,7.768219947814941,7.768380165100098,7.768380165100098,0,0.0,0.0
2021-03-29,7.768899917602539,7.775100231170654,7.768889904022217,7.768849849700928,7.768849849700928,0,0.0,0.0
2021-03-30,7.77269983291626,7.776199817657471,7.77269983291626,7.772729873657227,7.772729873657227,0,0.0,0.0
2021-03-31,7.775100231170654,7.7758002281188965,7.772900104522705,7.775199890136719,7.775199890136719,0,0.0,0.0
2021-04-01,7.774539947509766,7.777500152587891,7.7733001708984375,7.77455997467041,7.77455997467041,0,0.0,0.0
2021-04-02,7.7754998207092285,7.776639938354492,7.774700164794922,7.7754998207092285,7.7754998207092285,0,0.0,0.0
2021-04-05,7.776360034942627,7.777299880981445,7.775300025939941,7.776249885559082,7.776249885559082,0,0.0,0.0
2021-04-06,7.775599956512451,7.7778000831604,7.775199890136719,7.775489807128906,7.775489807128906,0,0.0,0.0
2021-04-07,7.776020050048828,7.786399841308594,7.7758002281188965,7.776000022888184,7.776000022888184,0,0.0,0.0
2021-04-08,7.784599781036377,7.7848801612854,7.775899887084961,7.784480094909668,7.784480094909668,0,0.0,0.0
2021-04-09,7.776860237121582,7.779660224914551,7.776599884033203,7.776860237121582,7.776860237121582,0,0.0,0.0
2021-04-12,7.777599811553955,7.7799601554870605,7.772779941558838,7.777659893035889,7.777659893035889,0,0.0,0.0
2021-04-13,7.7740302085876465,7.777900218963623,7.771299839019775,7.773839950561523,7.773839950561523,0,0.0,0.0
2021-04-14,7.77269983291626,7.773509979248047,7.765389919281006,7.772459983825684,7.772459983825684,0,0.0,0.0
2021-04-15,7.7654900550842285,7.7683000564575195,7.764540195465088,7.765900135040283,7.765900135040283,0,0.0,0.0
2021-04-16,7.766930103302002,7.772900104522705,7.765699863433838,7.767099857330322,7.767099857330322,0,0.0,0.0
2021-04-19,7.771200180053711,7.7733001708984375,7.764800071716309,7.771160125732422,7.771160125732422,0,0.0,0.0
2021-04-20,7.765590190887451,7.7677001953125,7.760700225830078,7.765699863433838,7.765699863433838,0,0.0,0.0
2021-04-21,7.76140022277832,7.764470100402832,7.759880065917969,7.761350154876709,7.761350154876709,0,0.0,0.0
2021-04-22,7.76269006729126,7.763480186462402,7.758699893951416,7.762700080871582,7.762700080871582,0,0.0,0.0
2021-04-23,7.759520053863525,7.762800216674805,7.758800029754639,7.75984001159668,7.75984001159668,0,0.0,0.0
2021-04-26,7.760690212249756,7.761099815368652,7.758880138397217,7.760900020599365,7.760900020599365,0,0.0,0.0
2021-04-27,7.760499954223633,7.76230001449585,7.759799957275391,7.760900020599365,7.760900020599365,0,0.0,0.0
2021-04-28,7.76216983795166,7.763700008392334,7.761199951171875,7.76230001449585,7.76230001449585,0,0.0,0.0
2021-04-29,7.762599945068359,7.763899803161621,7.761579990386963,7.762400150299072,7.762400150299072,0,0.0,0.0
2021-04-30,7.763500213623047,7.767280101776123,7.762499809265137,7.763329982757568,7.763329982757568,0,0.0,0.0
2021-05-03,7.766709804534912,7.768249988555908,7.765699863433838,7.7667999267578125,7.7667999267578125,0,0.0,0.0
2021-05-04,7.766300201416016,7.767809867858887,7.765830039978027,7.76609992980957,7.76609992980957,0,0.0,0.0
2021-05-05,7.767809867858887,7.769730091094971,7.766900062561035,7.768179893493652,7.768179893493652,0,0.0,0.0
2021-05-06,7.769430160522461,7.769720077514648,7.767399787902832,7.769390106201172,7.769390106201172,0,0.0,0.0
2021-05-07,7.768209934234619,7.769130229949951,7.765999794006348,7.768199920654297,7.768199920654297,0,0.0,0.0
2021-05-10,7.765500068664551,7.766849994659424,7.764790058135986,7.765600204467773,7.765600204467773,0,0.0,0.0
2021-05-11,7.765480041503906,7.7677001953125,7.765289783477783,7.765359878540039,7.765359878540039,0,0.0,0.0
2021-05-12,7.768199920654297,7.768700122833252,7.7652997970581055,7.768430233001709,7.768430233001709,0,0.0,0.0
2021-05-13,7.766200065612793,7.768670082092285,7.766089916229248,7.766240119934082,7.766240119934082,0,0.0,0.0
2021-05-14,7.767809867858887,7.76800012588501,7.765590190887451,7.767899990081787,7.767899990081787,0,0.0,0.0
2021-05-17,7.767099857330322,7.7677001953125,7.765900135040283,7.767199993133545,7.767199993133545,0,0.0,0.0
2021-05-18,7.7660298347473145,7.76669979095459,7.763979911804199,7.766280174255371,7.766280174255371,0,0.0,0.0
2021-05-19,7.765059947967529,7.767199993133545,7.763999938964844,7.765309810638428,7.765309810638428,0,0.0,0.0
2021-05-20,7.764999866485596,7.765600204467773,7.761670112609863,7.764900207519531,7.764900207519531,0,0.0,0.0
2021-05-21,7.762499809265137,7.765100002288818,7.761300086975098,7.76230001449585,7.76230001449585,0,0.0,0.0
2021-05-24,7.763969898223877,7.766499996185303,7.762899875640869,7.764080047607422,7.764080047607422,0,0.0,0.0
2021-05-25,7.7642998695373535,7.764599800109863,7.76140022277832,7.764349937438965,7.764349937438965,0,0.0,0.0
2021-05-26,7.762499809265137,7.762899875640869,7.7610602378845215,7.762499809265137,7.762499809265137,0,0.0,0.0
2021-05-27,7.7628397941589355,7.7631402015686035,7.758609771728516,7.762800216674805,7.762800216674805,0,0.0,0.0
2021-05-28,7.760300159454346,7.762400150299072,7.757800102233887,7.760300159454346,7.760300159454346,0,0.0,0.0
2021-05-31,7.761809825897217,7.76230001449585,7.75970983505249,7.761849880218506,7.761849880218506,0,0.0,0.0
2021-06-01,7.7606000900268555,7.761439800262451,7.758399963378906,7.761000156402588,7.761000156402588,0,0.0,0.0
2021-06-02,7.759210109710693,7.7600998878479,7.757870197296143,7.759200096130371,7.759200096130371,0,0.0,0.0
2021-06-03,7.758600234985352,7.759160041809082,7.756899833679199,7.75846004486084,7.75846004486084,0,0.0,0.0
2021-06-04,7.757699966430664,7.758699893951416,7.756259918212891,7.757999897003174,7.757999897003174,0,0.0,0.0
2021-06-07,7.756999969482422,7.759389877319336,7.755899906158447,7.757130146026611,7.757130146026611,0,0.0,0.0
2021-06-08,7.759349822998047,7.760000228881836,7.757989883422852,7.759200096130371,7.759200096130371,0,0.0,0.0
2021-06-09,7.7596001625061035,7.76039981842041,7.758090019226074,7.760000228881836,7.760000228881836,0,0.0,0.0
2021-06-10,7.7599101066589355,7.760690212249756,7.759089946746826,7.760000228881836,7.760000228881836,0,0.0,0.0
2021-06-11,7.760359764099121,7.760900020599365,7.758399963378906,7.760499954223633,7.760499954223633,0,0.0,0.0
2021-06-14,7.761600017547607,7.762499809265137,7.760540008544922,7.761519908905029,7.761519908905029,0,0.0,0.0
2021-06-15,7.76200008392334,7.763400077819824,7.760900020599365,7.76200008392334,7.76200008392334,0,0.0,0.0
2021-06-16,7.763000011444092,7.763209819793701,7.760200023651123,7.76308012008667,7.76308012008667,0,0.0,0.0
2021-06-17,7.7631001472473145,7.765419960021973,7.762499809265137,7.762939929962158,7.762939929962158,0,0.0,0.0
2021-06-18,7.7642998695373535,7.764830112457275,7.7617998123168945,7.764220237731934,7.764220237731934,0,0.0,0.0
2021-06-21,7.764220237731934,7.7648701667785645,7.762320041656494,7.764400005340576,7.764400005340576,0,0.0,0.0
2021-06-22,7.764699935913086,7.766630172729492,7.763400077819824,7.764619827270508,7.764619827270508,0,0.0,0.0
2021-06-23,7.766200065612793,7.766369819641113,7.7642998695373535,7.76609992980957,7.76609992980957,0,0.0,0.0
2021-06-24,7.765200138092041,7.7657999992370605,7.762619972229004,7.764750003814697,7.764750003814697,0,0.0,0.0
2021-06-25,7.7631001472473145,7.7631001472473145,7.760799884796143,7.763000011444092,7.763000011444092,0,0.0,0.0
2021-06-28,7.7606000900268555,7.7631001472473145,7.7606000900268555,7.761529922485352,7.761529922485352,0,0.0,0.0
2021-06-29,7.762700080871582,7.764500141143799,7.76147985458374,7.76278018951416,7.76278018951416,0,0.0,0.0
2021-06-30,7.763299942016602,7.766650199890137,7.762599945068359,7.763299942016602,7.763299942016602,0,0.0,0.0
2021-07-01,7.764400005340576,7.7657999992370605,7.763999938964844,7.764359951019287,7.764359951019287,0,0.0,0.0
2021-07-02,7.765739917755127,7.768700122833252,7.764739990234375,7.765789985656738,7.765789985656738,0,0.0,0.0
2021-07-05,7.765500068664551,7.768829822540283,7.765379905700684,7.7653398513793945,7.7653398513793945,0,0.0,0.0
2021-07-06,7.767340183258057,7.768700122833252,7.765699863433838,7.767399787902832,7.767399787902832,0,0.0,0.0
2021-07-07,7.766930103302002,7.768700122833252,7.766759872436523,7.766849994659424,7.766849994659424,0,0.0,0.0
2021-07-08,7.7677001953125,7.769820213317871,7.767399787902832,7.7677998542785645,7.7677998542785645,0,0.0,0.0
2021-07-09,7.7677001953125,7.768670082092285,7.765900135040283,7.7677001953125,7.7677001953125,0,0.0,0.0
2021-07-12,7.7671799659729,7.7677998542785645,7.765890121459961,7.7671799659729,7.7671799659729,0,0.0,0.0
2021-07-13,7.765989780426025,7.766819953918457,7.764780044555664,7.766300201416016,7.766300201416016,0,0.0,0.0
2021-07-14,7.766049861907959,7.767899990081787,7.765850067138672,7.765999794006348,7.765999794006348,0,0.0,0.0
2021-07-15,7.7660698890686035,7.768599987030029,7.765970230102539,7.76600980758667,7.76600980758667,0,0.0,0.0
2021-07-16,7.7677998542785645,7.76894998550415,7.7667999267578125,7.767899990081787,7.767899990081787,0,0.0,0.0
2021-07-19,7.768099784851074,7.771309852600098,7.767899990081787,7.7679901123046875,7.7679901123046875,0,0.0,0.0
2021-07-20,7.770899772644043,7.773399829864502,7.769899845123291,7.770699977874756,7.770699977874756,0,0.0,0.0
2021-07-21,7.772500038146973,7.774899959564209,7.771480083465576,7.772299766540527,7.772299766540527,0,0.0,0.0
2021-07-22,7.772649765014648,7.773399829864502,7.769780158996582,7.772659778594971,7.772659778594971,0,0.0,0.0
2021-07-23,7.770890235900879,7.77131986618042,7.767499923706055,7.770899772644043,7.770899772644043,0,0.0,0.0
2021-07-26,7.769050121307373,7.778639793395996,7.7688798904418945,7.768970012664795,7.768970012664795,0,0.0,0.0
2021-07-27,7.778800010681152,7.784850120544434,7.775269985198975,7.778800010681152,7.778800010681152,0,0.0,0.0
2021-07-28,7.7820000648498535,7.784019947052002,7.7778401374816895,7.782509803771973,7.782509803771973,0,0.0,0.0
2021-07-29,7.780449867248535,7.780700206756592,7.770400047302246,7.7804999351501465,7.7804999351501465,0,0.0,0.0
2021-07-30,7.770100116729736,7.776100158691406,7.769999980926514,7.770040035247803,7.770040035247803,0,0.0,0.0
2021-08-02,7.771900177001953,7.776730060577393,7.771599769592285,7.77209997177124,7.77209997177124,0,0.0,0.0
2021-08-03,7.773600101470947,7.778800010681152,7.773499965667725,7.773749828338623,7.773749828338623,0,0.0,0.0
2021-08-04,7.777400016784668,7.77839994430542,7.773399829864502,7.777100086212158,7.777100086212158,0,0.0,0.0
2021-08-05,7.775539875030518,7.777530193328857,7.7746500968933105,7.77554988861084,7.77554988861084,0,0.0,0.0
2021-08-06,7.776400089263916,7.780749797821045,7.775100231170654,7.776370048522949,7.776370048522949,0,0.0,0.0
2021-08-09,7.780099868774414,7.7835001945495605,7.779900074005127,7.780200004577637,7.780200004577637,0,0.0,0.0
2021-08-10,7.7828898429870605,7.783699989318848,7.780399799346924,7.783100128173828,7.783100128173828,0,0.0,0.0
2021-08-11,7.7807698249816895,7.782700061798096,7.777900218963623,7.780900001525879,7.780900001525879,0,0.0,0.0
2021-08-12,7.778429985046387,7.781499862670898,7.778069972991943,7.778369903564453,7.778369903564453,0,0.0,0.0
2021-08-13,7.78164005279541,7.783899784088135,7.780600070953369,7.781660079956055,7.781660079956055,0,0.0,0.0
2021-08-16,7.782199859619141,7.785900115966797,7.78193998336792,7.782199859619141,7.782199859619141,0,0.0,0.0
2021-08-17,7.784369945526123,7.794099807739258,7.7840399742126465,7.78400993347168,7.78400993347168,0,0.0,0.0
2021-08-18,7.791830062866211,7.794400215148926,7.785600185394287,7.791800022125244,7.791800022125244,0,0.0,0.0
2021-08-19,7.787799835205078,7.792699813842773,7.787700176239014,7.787899971008301,7.787899971008301,0,0.0,0.0
2021-08-20,7.789289951324463,7.792200088500977,7.788050174713135,7.789599895477295,7.789599895477295,0,0.0,0.0
2021-08-23,7.790800094604492,7.792870044708252,7.78754997253418,7.790709972381592,7.790709972381592,0,0.0,0.0
2021-08-24,7.791600227355957,7.792459964752197,7.7878098487854,7.791600227355957,7.791600227355957,0,0.0,0.0
2021-08-25,7.788000106811523,7.788990020751953,7.782400131225586,7.787799835205078,7.787799835205078,0,0.0,0.0
2021-08-26,7.78371000289917,7.788700103759766,7.78249979019165,7.7835001945495605,7.7835001945495605,0,0.0,0.0
2021-08-27,7.787220001220703,7.791319847106934,7.786640167236328,7.787179946899414,7.787179946899414,0,0.0,0.0
2021-08-30,7.787690162658691,7.789669990539551,7.785399913787842,7.787399768829346,7.787399768829346,0,0.0,0.0
2021-08-31,7.787079811096191,7.787099838256836,7.776730060577393,7.787089824676514,7.787089824676514,0,0.0,0.0
2021-09-01,7.777900218963623,7.779399871826172,7.775000095367432,7.777900218963623,7.777900218963623,0,0.0,0.0
2021-09-02,7.776800155639648,7.778200149536133,7.770599842071533,7.776700019836426,7.776700019836426,0,0.0,0.0
2021-09-03,7.770969867706299,7.773399829864502,7.769790172576904,7.771200180053711,7.771200180053711,0,0.0,0.0
2021-09-06,7.770959854125977,7.774700164794922,7.770959854125977,7.770899772644043,7.770899772644043,0,0.0,0.0
2021-09-07,7.77377986907959,7.775300025939941,7.772019863128662,7.77370023727417,7.77370023727417,0,0.0,0.0
2021-09-08,7.774630069732666,7.777550220489502,7.7736101150512695,7.774479866027832,7.774479866027832,0,0.0,0.0
2021-09-09,7.775400161743164,7.778669834136963,7.775390148162842,7.775489807128906,7.775489807128906,0,0.0,0.0
2021-09-10,7.777379989624023,7.778800010681152,7.774099826812744,7.777239799499512,7.777239799499512,0,0.0,0.0
2021-09-13,7.7779998779296875,7.780700206756592,7.776939868927002,7.777910232543945,7.777910232543945,0,0.0,0.0
2021-09-14,7.779339790344238,7.780010223388672,7.777599811553955,7.779339790344238,7.779339790344238,0,0.0,0.0
2021-09-15,7.779049873352051,7.782660007476807,7.777500152587891,7.779600143432617,7.779600143432617,0,0.0,0.0
2021-09-16,7.782189846038818,7.785319805145264,7.780370235443115,7.781199932098389,7.781199932098389,0,0.0,0.0
2021-09-17,7.782770156860352,7.783999919891357,7.779829978942871,7.782820224761963,7.782820224761963,0,0.0,0.0
2021-09-20,7.7820000648498535,7.787950038909912,7.781839847564697,7.781929969787598,7.781929969787598,0,0.0,0.0
2021-09-21,7.786829948425293,7.788099765777588,7.783400058746338,7.78685998916626,7.78685998916626,0,0.0,0.0
2021-09-22,7.786399841308594,7.787600040435791,7.7836198806762695,7.786320209503174,7.786320209503174,0,0.0,0.0
2021-09-23,7.785699844360352,7.786300182342529,7.782939910888672,7.785600185394287,7.785600185394287,0,0.0,0.0
2021-09-24,7.7848801612854,7.7864298820495605,7.782760143280029,7.784969806671143,7.784969806671143,0,0.0,0.0
2021-09-27,7.785250186920166,7.785799980163574,7.782299995422363,7.785299777984619,7.785299777984619,0,0.0,0.0
2021-09-28,7.782519817352295,7.783699989318848,7.780370235443115,7.782700061798096,7.782700061798096,0,0.0,0.0
2021-09-29,7.782969951629639,7.7846598625183105,7.781459808349609,7.7829999923706055,7.7829999923706055,0,0.0,0.0
2021-09-30,7.784900188446045,7.7891998291015625,7.783979892730713,7.784890174865723,7.784890174865723,0,0.0,0.0
2021-10-01,7.7860798835754395,7.7870001792907715,7.784200191497803,7.786139965057373,7.786139965057373,0,0.0,0.0
2021-10-04,7.785099983215332,7.788099765777588,7.784689903259277,7.785299777984619,7.785299777984619,0,0.0,0.0
2021-10-05,7.787240028381348,7.787670135498047,7.782800197601318,7.787399768829346,7.787399768829346,0,0.0,0.0
2021-10-06,7.785299777984619,7.787799835205078,7.783899784088135,7.78508996963501,7.78508996963501,0,0.0,0.0
2021-10-07,7.786230087280273,7.786769866943359,7.783899784088135,7.786280155181885,7.786280155181885,0,0.0,0.0
2021-10-08,7.784649848937988,7.786230087280273,7.783299922943115,7.784860134124756,7.784860134124756,0,0.0,0.0
2021-10-11,7.784299850463867,7.7846999168396,7.777740001678467,7.784299850463867,7.784299850463867,0,0.0,0.0
2021-10-12,7.77869987487793,7.782450199127197,7.778299808502197,7.7786102294921875,7.7786102294921875,0,0.0,0.0
2021-10-13,7.7813401222229,7.782350063323975,7.77869987487793,7.780980110168457,7.780980110168457,0,0.0,0.0
2021-10-14,7.778679847717285,7.779600143432617,7.777890205383301,7.778900146484375,7.778900146484375,0,0.0,0.0
2021-10-15,7.779399871826172,7.781599998474121,7.777440071105957,7.7793498039245605,7.7793498039245605,0,0.0,0.0
2021-10-18,7.77810001373291,7.780340194702148,7.776730060577393,7.77810001373291,7.77810001373291,0,0.0,0.0
2021-10-19,7.777560234069824,7.778900146484375,7.774499893188477,7.7771501541137695,7.7771501541137695,0,0.0,0.0
2021-10-20,7.775100231170654,7.777009963989258,7.7742600440979,7.7749199867248535,7.7749199867248535,0,0.0,0.0
2021-10-21,7.773600101470947,7.776770114898682,7.7729997634887695,7.77370023727417,7.77370023727417,0,0.0,0.0
2021-10-22,7.775300025939941,7.7758002281188965,7.772270202636719,7.775109767913818,7.775109767913818,0,0.0,0.0
2021-10-25,7.772600173950195,7.774129867553711,7.77209997177124,7.7725701332092285,7.7725701332092285,0,0.0,0.0
2021-10-26,7.774400234222412,7.776400089263916,7.773499965667725,7.774250030517578,7.774250030517578,0,0.0,0.0
2021-10-27,7.776040077209473,7.778900146484375,7.7758002281188965,7.776000022888184,7.776000022888184,0,0.0,0.0
2021-10-28,7.77839994430542,7.77839994430542,7.775909900665283,7.778299808502197,7.778299808502197,0,0.0,0.0
2021-10-29,7.7778000831604,7.779329776763916,7.774799823760986,7.7779998779296875,7.7779998779296875,0,0.0,0.0
2021-11-01,7.779449939727783,7.782939910888672,7.778090000152588,7.7802300453186035,7.7802300453186035,0,0.0,0.0
2021-11-02,7.7825798988342285,7.783299922943115,7.779699802398682,7.7823100090026855,7.7823100090026855,0,0.0,0.0
2021-11-03,7.781290054321289,7.785749912261963,7.780700206756592,7.781280040740967,7.781280040740967,0,0.0,0.0
2021-11-04,7.783209800720215,7.7846999168396,7.781670093536377,7.783199787139893,7.783199787139893,0,0.0,0.0
2021-11-05,7.782949924468994,7.785709857940674,7.781400203704834,7.7829999923706055,7.7829999923706055,0,0.0,0.0
2021-11-08,7.7837300300598145,7.78879976272583,7.7827301025390625,7.783740043640137,7.783740043640137,0,0.0,0.0
2021-11-09,7.788599967956543,7.790999889373779,7.787779808044434,7.788380146026611,7.788380146026611,0,0.0,0.0
2021-11-10,7.790040016174316,7.790299892425537,7.7880401611328125,7.789999961853027,7.789999961853027,0,0.0,0.0
2021-11-11,7.790999889373779,7.7932000160217285,7.788780212402344,7.790890216827393,7.790890216827393,0,0.0,0.0
2021-11-12,7.791600227355957,7.793580055236816,7.790249824523926,7.7916998863220215,7.7916998863220215,0,0.0,0.0
2021-11-15,7.791880130767822,7.792819976806641,7.788280010223389,7.791749954223633,7.791749954223633,0,0.0,0.0
2021-11-16,7.789070129394531,7.78980016708374,7.785709857940674,7.788859844207764,7.788859844207764,0,0.0,0.0
2021-11-17,7.787390232086182,7.789680004119873,7.7866997718811035,7.787300109863281,7.787300109863281,0,0.0,0.0
2021-11-18,7.789000034332275,7.789740085601807,7.787399768829346,7.788899898529053,7.788899898529053,0,0.0,0.0
2021-11-19,7.788899898529053,7.792799949645996,7.788859844207764,7.788909912109375,7.788909912109375,0,0.0,0.0
2021-11-22,7.79109001159668,7.792200088500977,7.7881999015808105,7.790939807891846,7.790939807891846,0,0.0,0.0
2021-11-23,7.79040002822876,7.793819904327393,7.79000997543335,7.79040002822876,7.79040002822876,0,0.0,0.0
2021-11-24,7.793600082397461,7.798399925231934,7.791399955749512,7.793700218200684,7.793700218200684,0,0.0,0.0
2021-11-25,7.798299789428711,7.799200057983398,7.795370101928711,7.798389911651611,7.798389911651611,0,0.0,0.0
2021-11-26,7.796239852905273,7.799300193786621,7.794990062713623,7.796299934387207,7.796299934387207,0,0.0,0.0
2021-11-29,7.797639846801758,7.799900054931641,7.797399997711182,7.797920227050781,7.797920227050781,0,0.0,0.0
2021-11-30,7.799499988555908,7.8018598556518555,7.795000076293945,7.799530029296875,7.799530029296875,0,0.0,0.0
2021-12-01,7.79718017578125,7.797800064086914,7.790649890899658,7.797399997711182,7.797399997711182,0,0.0,0.0
2021-12-02,7.793409824371338,7.794099807739258,7.788099765777588,7.793489933013916,7.793489933013916,0,0.0,0.0
2021-12-03,7.791600227355957,7.794400215148926,7.789239883422852,7.7916998863220215,7.7916998863220215,0,0.0,0.0
2021-12-06,7.7954301834106445,7.801609992980957,7.795400142669678,7.795400142669678,7.795400142669678,0,0.0,0.0
2021-12-07,7.801700115203857,7.801799774169922,7.795499801635742,7.801539897918701,7.801539897918701,0,0.0,0.0
2021-12-08,7.798799991607666,7.799280166625977,7.795199871063232,7.798500061035156,7.798500061035156,0,0.0,0.0
2021-12-09,7.797900199890137,7.798600196838379,7.795400142669678,7.797800064086914,7.797800064086914,0,0.0,0.0
2021-12-10,7.796899795532227,7.800310134887695,7.79665994644165,7.796750068664551,7.796750068664551,0,0.0,0.0
2021-12-13,7.79872989654541,7.803999900817871,7.79734992980957,7.79863977432251,7.79863977432251,0,0.0,0.0
2021-12-14,7.801599979400635,7.804059982299805,7.800710201263428,7.801499843597412,7.801499843597412,0,0.0,0.0
2021-12-15,7.801000118255615,7.803199768066406,7.80019998550415,7.800899982452393,7.800899982452393,0,0.0,0.0
2021-12-16,7.802700042724609,7.8043999671936035,7.800000190734863,7.802800178527832,7.802800178527832,0,0.0,0.0
2021-12-17,7.803279876708984,7.803899765014648,7.799799919128418,7.803249835968018,7.803249835968018,0,0.0,0.0
2021-12-20,7.802330017089844,7.803719997406006,7.798099994659424,7.8021697998046875,7.8021697998046875,0,0.0,0.0
2021-12-21,7.800620079040527,7.801549911499023,7.797900199890137,7.800899982452393,7.800899982452393,0,0.0,0.0
2021-12-22,7.800879955291748,7.801400184631348,7.798399925231934,7.801080226898193,7.801080226898193,0,0.0,0.0
2021-12-23,7.7993998527526855,7.80049991607666,7.7972002029418945,7.799689769744873,7.799689769744873,0,0.0,0.0
2021-12-24,7.798449993133545,7.799499988555908,7.797959804534912,7.798500061035156,7.798500061035156,0,0.0,0.0
2021-12-27,7.799349784851074,7.801700115203857,7.798160076141357,7.799349784851074,7.799349784851074,0,0.0,0.0
2021-12-28,7.798500061035156,7.800270080566406,7.797800064086914,7.798500061035156,7.798500061035156,0,0.0,0.0
2021-12-29,7.797999858856201,7.798999786376953,7.795400142669678,7.797999858856201,7.797999858856201,0,0.0,0.0
2021-12-30,7.796579837799072,7.800340175628662,7.79640007019043,7.7965497970581055,7.7965497970581055,0,0.0,0.0
2021-12-31,7.797560214996338,7.7993998527526855,7.7947998046875,7.797560214996338,7.797560214996338,0,0.0,0.0
2022-01-03,7.795889854431152,7.7996602058410645,7.79587984085083,7.795919895172119,7.795919895172119,0,0.0,0.0
2022-01-04,7.797500133514404,7.7982001304626465,7.793459892272949,7.797699928283691,7.797699928283691,0,0.0,0.0
2022-01-05,7.793499946594238,7.79571008682251,7.792099952697754,7.793499946594238,7.793499946594238,0,0.0,0.0
2022-01-06,7.795100212097168,7.802000045776367,7.794829845428467,7.795199871063232,7.795199871063232,0,0.0,0.0
2022-01-07,7.8007001876831055,7.801499843597412,7.797500133514404,7.800620079040527,7.800620079040527,0,0.0,0.0
2022-01-10,7.79757022857666,7.798419952392578,7.794559955596924,7.79817008972168,7.79817008972168,0,0.0,0.0
2022-01-11,7.795000076293945,7.797689914703369,7.795000076293945,7.795499801635742,7.795499801635742,0,0.0,0.0
2022-01-12,7.796000003814697,7.797269821166992,7.791940212249756,7.796000003814697,7.796000003814697,0,0.0,0.0
2022-01-13,7.7917799949646,7.792540073394775,7.787350177764893,7.791790008544922,7.791790008544922,0,0.0,0.0
2022-01-14,7.7876200675964355,7.788700103759766,7.782299995422363,7.7878899574279785,7.7878899574279785,0,0.0,0.0
2022-01-17,7.784049987792969,7.791830062866211,7.784029960632324,7.784180164337158,7.784180164337158,0,0.0,0.0
2022-01-18,7.789979934692383,7.794600009918213,7.789000034332275,7.789899826049805,7.789899826049805,0,0.0,0.0
2022-01-19,7.792500019073486,7.793000221252441,7.789899826049805,7.792449951171875,7.792449951171875,0,0.0,0.0
2022-01-20,7.791200160980225,7.792069911956787,7.783909797668457,7.791319847106934,7.791319847106934,0,0.0,0.0
2022-01-21,7.785999774932861,7.789440155029297,7.784900188446045,7.786019802093506,7.786019802093506,0,0.0,0.0
2022-01-24,7.787109851837158,7.788179874420166,7.78410005569458,7.787059783935547,7.787059783935547,0,0.0,0.0
2022-01-25,7.786200046539307,7.787799835205078,7.784409999847412,7.786190032958984,7.786190032958984,0,0.0,0.0
2022-01-26,7.785550117492676,7.787290096282959,7.784029960632324,7.785369873046875,7.785369873046875,0,0.0,0.0
2022-01-27,7.7865800857543945,7.7916998863220215,7.786359786987305,7.786489963531494,7.786489963531494,0,0.0,0.0
2022-01-28,7.789539813995361,7.794400215148926,7.788700103759766,7.789400100708008,7.789400100708008,0,0.0,0.0
2022-01-31,7.79355001449585,7.800459861755371,7.793270111083984,7.79355001449585,7.79355001449585,0,0.0,0.0
2022-02-01,7.796909809112549,7.797609806060791,7.793499946594238,7.797289848327637,7.797289848327637,0,0.0,0.0
2022-02-02,7.793950080871582,7.7967000007629395,7.792799949645996,7.794139862060547,7.794139862060547,0,0.0,0.0
2022-02-03,7.795300006866455,7.796579837799072,7.792530059814453,7.795499801635742,7.795499801635742,0,0.0,0.0
2022-02-04,7.79302978515625,7.793300151824951,7.787499904632568,7.7930498123168945,7.7930498123168945,0,0.0,0.0
2022-02-07,7.788070201873779,7.7941999435424805,7.7878098487854,7.787899971008301,7.787899971008301,0,0.0,0.0
2022-02-08,7.791910171508789,7.796619892120361,7.791590213775635,7.791989803314209,7.791989803314209,0,0.0,0.0
2022-02-09,7.793300151824951,7.794459819793701,7.7906999588012695,7.793300151824951,7.793300151824951,0,0.0,0.0
2022-02-10,7.791200160980225,7.794769763946533,7.790999889373779,7.791130065917969,7.791130065917969,0,0.0,0.0
2022-02-11,7.796679973602295,7.804490089416504,7.796679973602295,7.79656982421875,7.79656982421875,0,0.0,0.0
2022-02-14,7.800960063934326,7.803699970245361,7.799600124359131,7.800829887390137,7.800829887390137,0,0.0,0.0
2022-02-15,7.802810192108154,7.804299831390381,7.801000118255615,7.802599906921387,7.802599906921387,0,0.0,0.0
2022-02-16,7.801300048828125,7.802430152893066,7.80019998550415,7.801259994506836,7.801259994506836,0,0.0,0.0
2022-02-17,7.80019998550415,7.802120208740234,7.798530101776123,7.799499988555908,7.799499988555908,0,0.0,0.0
2022-02-18,7.798999786376953,7.801119804382324,7.798630237579346,7.799099922180176,7.799099922180176,0,0.0,0.0
2022-02-21,7.799960136413574,7.802509784698486,7.799379825592041,7.799739837646484,7.799739837646484,0,0.0,0.0
2022-02-22,7.801060199737549,7.803599834442139,7.800600051879883,7.800899982452393,7.800899982452393,0,0.0,0.0
2022-02-23,7.801539897918701,7.805600166320801,7.801400184631348,7.801599979400635,7.801599979400635,0,0.0,0.0
2022-02-24,7.805099964141846,7.809899806976318,7.804180145263672,7.805069923400879,7.805069923400879,0,0.0,0.0
2022-02-25,7.807660102844238,7.8094000816345215,7.806000232696533,7.807499885559082,7.807499885559082,0,0.0,0.0
2022-02-28,7.807439804077148,7.814899921417236,7.806839942932129,7.8074798583984375,7.8074798583984375,0,0.0,0.0
2022-03-01,7.813230037689209,7.817299842834473,7.8125,7.813260078430176,7.813260078430176,0,0.0,0.0
2022-03-02,7.815700054168701,7.816400051116943,7.811359882354736,7.815899848937988,7.815899848937988,0,0.0,0.0
2022-03-03,7.813700199127197,7.816009998321533,7.81220006942749,7.813720226287842,7.813720226287842,0,0.0,0.0
2022-03-04,7.815219879150391,7.818299770355225,7.811580181121826,7.8155999183654785,7.8155999183654785,0,0.0,0.0
2022-03-07,7.814640045166016,7.817729949951172,7.813350200653076,7.814599990844727,7.814599990844727,0,0.0,0.0
2022-03-08,7.818299770355225,7.822490215301514,7.817299842834473,7.818299770355225,7.818299770355225,0,0.0,0.0
2022-03-09,7.818809986114502,7.821239948272705,7.81712007522583,7.818600177764893,7.818600177764893,0,0.0,0.0
2022-03-10,7.818299770355225,7.822669982910156,7.818299770355225,7.819069862365723,7.819069862365723,0,0.0,0.0
2022-03-11,7.822700023651123,7.829219818115234,7.822299957275391,7.822770118713379,7.822770118713379,0,0.0,0.0
2022-03-14,7.828829765319824,7.830599784851074,7.827159881591797,7.828020095825195,7.828020095825195,0,0.0,0.0
2022-03-15,7.8285698890686035,7.830599784851074,7.822609901428223,7.828949928283691,7.828949928283691,0,0.0,0.0
2022-03-16,7.826620101928711,7.826700210571289,7.819699764251709,7.826700210571289,7.826700210571289,0,0.0,0.0
2022-03-17,7.820300102233887,7.821730136871338,7.8160200119018555,7.820419788360596,7.820419788360596,0,0.0,0.0
2022-03-18,7.817709922790527,7.823659896850586,7.816090106964111,7.818270206451416,7.818270206451416,0,0.0,0.0
2022-03-21,7.823890209197998,7.826900005340576,7.823040008544922,7.823939800262451,7.823939800262451,0,0.0,0.0
2022-03-22,7.825109958648682,7.829040050506592,7.824699878692627,7.8250298500061035,7.8250298500061035,0,0.0,0.0
2022-03-23,7.826499938964844,7.827899932861328,7.822869777679443,7.826670169830322,7.826670169830322,0,0.0,0.0
2022-03-24,7.823530197143555,7.825019836425781,7.822519779205322,7.823659896850586,7.823659896850586,0,0.0,0.0
2022-03-25,7.823319911956787,7.828360080718994,7.822519779205322,7.823400020599365,7.823400020599365,0,0.0,0.0
2022-03-28,7.8284101486206055,7.829740047454834,7.827000141143799,7.8284101486206055,7.8284101486206055,0,0.0,0.0
2022-03-29,7.828800201416016,7.829689979553223,7.825900077819824,7.828800201416016,7.828800201416016,0,0.0,0.0
2022-03-30,7.827199935913086,7.82774019241333,7.824900150299072,7.827199935913086,7.827199935913086,0,0.0,0.0
2022-03-31,7.82705020904541,7.832469940185547,7.827079772949219,7.82705020904541,7.82705020904541,0,0.0,0.0
2022-04-01,7.833479881286621,7.835899829864502,7.831689834594727,7.833479881286621,7.833479881286621,0,0.0,0.0
2022-04-04,7.83459997177124,7.836219787597656,7.833380222320557,7.83459997177124,7.83459997177124,0,0.0,0.0
2022-04-05,7.8344597816467285,7.83558988571167,7.831299781799316,7.8344597816467285,7.8344597816467285,0,0.0,0.0
2022-04-06,7.833759784698486,7.839379787445068,7.833409786224365,7.833759784698486,7.833759784698486,0,0.0,0.0
2022-04-07,7.8371100425720215,7.839119911193848,7.835899829864502,7.8371100425720215,7.8371100425720215,0,0.0,0.0
2022-04-08,7.836470127105713,7.8393402099609375,7.835899829864502,7.836470127105713,7.836470127105713,0,0.0,0.0
2022-04-11,7.838860034942627,7.839900016784668,7.837329864501953,7.838860034942627,7.838860034942627,0,0.0,0.0
2022-04-12,7.837800025939941,7.838789939880371,7.834849834442139,7.837800025939941,7.837800025939941,0,0.0,0.0
2022-04-13,7.837430000305176,7.839680194854736,7.836599826812744,7.837430000305176,7.837430000305176,0,0.0,0.0
2022-04-14,7.838759899139404,7.842790126800537,7.838379859924316,7.838759899139404,7.838759899139404,0,0.0,0.0
2022-04-15,7.842619895935059,7.844399929046631,7.842400074005127,7.842619895935059,7.842619895935059,0,0.0,0.0
2022-04-18,7.843599796295166,7.844399929046631,7.842400074005127,7.843599796295166,7.843599796295166,0,0.0,0.0
2022-04-19,7.8414998054504395,7.8442301750183105,7.840000152587891,7.8414998054504395,7.8414998054504395,0,0.0,0.0
2022-04-20,7.841899871826172,7.8440399169921875,7.841300010681152,7.841899871826172,7.841899871826172,0,0.0,0.0
2022-04-21,7.843900203704834,7.844900131225586,7.842899799346924,7.843900203704834,7.843900203704834,0,0.0,0.0
2022-04-22,7.844600200653076,7.8467302322387695,7.843699932098389,7.844600200653076,7.844600200653076,0,0.0,0.0
2022-04-25,7.846290111541748,7.847700119018555,7.845099925994873,7.846290111541748,7.846290111541748,0,0.0,0.0
2022-04-26,7.847109794616699,7.847799777984619,7.844399929046631,7.847109794616699,7.847109794616699,0,0.0,0.0
2022-04-27,7.845600128173828,7.847700119018555,7.845009803771973,7.845600128173828,7.845600128173828,0,0.0,0.0
2022-04-28,7.84630012512207,7.847599983215332,7.844799995422363,7.84630012512207,7.84630012512207,0,0.0,0.0
2022-04-29,7.846700191497803,7.848259925842285,7.845860004425049,7.846700191497803,7.846700191497803,0,0.0,0.0
2022-05-02,7.8470001220703125,7.847899913787842,7.84630012512207,7.8470001220703125,7.8470001220703125,0,0.0,0.0
2022-05-03,7.847499847412109,7.848849773406982,7.8470001220703125,7.847499847412109,7.847499847412109,0,0.0,0.0
2022-05-04,7.847259998321533,7.848909854888916,7.847360134124756,7.847259998321533,7.847259998321533,0,0.0,0.0
2022-05-05,7.8480000495910645,7.849400043487549,7.847899913787842,7.8480000495910645,7.8480000495910645,0,0.0,0.0
2022-05-06,7.8491997718811035,7.849999904632568,7.848899841308594,7.8491997718811035,7.8491997718811035,0,0.0,0.0
2022-05-09,7.849649906158447,7.849999904632568,7.848899841308594,7.849649906158447,7.849649906158447,0,0.0,0.0
2022-05-10,7.849400043487549,7.849999904632568,7.848800182342529,7.849400043487549,7.849400043487549,0,0.0,0.0
2022-05-11,7.849649906158447,7.849999904632568,7.849319934844971,7.849649906158447,7.849649906158447,0,0.0,0.0
2022-05-12,7.849760055541992,7.849999904632568,7.849599838256836,7.849760055541992,7.849760055541992,0,0.0,0.0
2022-05-13,7.84984016418457,7.849999904632568,7.8495001792907715,7.84984016418457,7.84984016418457,0,0.0,0.0
2022-05-16,7.849730014801025,7.849999904632568,7.849520206451416,7.849730014801025,7.849730014801025,0,0.0,0.0
2022-05-17,7.849999904632568,7.849999904632568,7.848700046539307,7.849999904632568,7.849999904632568,0,0.0,0.0
2022-05-18,7.849380016326904,7.849649906158447,7.847099781036377,7.849380016326904,7.849380016326904,0,0.0,0.0
2022-05-19,7.848800182342529,7.849100112915039,7.846399784088135,7.848800182342529,7.848800182342529,0,0.0,0.0
2022-05-20,7.847899913787842,7.848700046539307,7.84630012512207,7.847899913787842,7.847899913787842,0,0.0,0.0
2022-05-23,7.84827995300293,7.8498101234436035,7.847529888153076,7.84827995300293,7.84827995300293,0,0.0,0.0
2022-05-24,7.849100112915039,7.8496599197387695,7.848599910736084,7.849100112915039,7.849100112915039,0,0.0,0.0
2022-05-25,7.84906005859375,7.849800109863281,7.848700046539307,7.84906005859375,7.84906005859375,0,0.0,0.0
2022-05-26,7.8495001792907715,7.849999904632568,7.848700046539307,7.8495001792907715,7.8495001792907715,0,0.0,0.0
2022-05-27,7.8491997718811035,7.849909782409668,7.848899841308594,7.8491997718811035,7.8491997718811035,0,0.0,0.0
2022-05-30,7.84906005859375,7.849470138549805,7.847400188446045,7.84906005859375,7.84906005859375,0,0.0,0.0
2022-05-31,7.848189830780029,7.849299907684326,7.845099925994873,7.848189830780029,7.848189830780029,0,0.0,0.0
2022-06-01,7.847219944000244,7.847449779510498,7.843679904937744,7.847219944000244,7.847219944000244,0,0.0,0.0
2022-06-02,7.847430229187012,7.847300052642822,7.84499979019165,7.847430229187012,7.847430229187012,0,0.0,0.0
2022-06-03,7.844759941101074,7.846159934997559,7.843100070953369,7.844759941101074,7.844759941101074,0,0.0,0.0
2022-06-06,7.845729827880859,7.84660005569458,7.843870162963867,7.845729827880859,7.845729827880859,0,0.0,0.0
2022-06-07,7.845600128173828,7.84689998626709,7.844600200653076,7.845600128173828,7.845600128173828,0,0.0,0.0
2022-06-08,7.845359802246094,7.8483099937438965,7.845200061798096,7.845359802246094,7.845359802246094,0,0.0,0.0
2022-06-09,7.847839832305908,7.849209785461426,7.846700191497803,7.847839832305908,7.847839832305908,0,0.0,0.0
2022-06-10,7.848800182342529,7.849689960479736,7.848100185394287,7.848800182342529,7.848800182342529,0,0.0,0.0
2022-06-13,7.849309921264648,7.849999904632568,7.849299907684326,7.849309921264648,7.849309921264648,0,0.0,0.0
2022-06-14,7.849800109863281,7.849999904632568,7.849599838256836,7.849800109863281,7.849800109863281,0,0.0,0.0
2022-06-15,7.849899768829346,7.849999904632568,7.849599838256836,7.849899768829346,7.849899768829346,0,0.0,0.0
2022-06-16,7.848599910736084,7.849999904632568,7.848199844360352,7.848599910736084,7.848599910736084,0,0.0,0.0
2022-06-17,7.8491997718811035,7.849999904632568,7.848899841308594,7.8491997718811035,7.8491997718811035,0,0.0,0.0
2022-06-20,7.849679946899414,7.850800037384033,7.8495001792907715,7.849679946899414,7.849679946899414,0,0.0,0.0
2022-06-21,7.849699974060059,7.849999904632568,7.849599838256836,7.849699974060059,7.849699974060059,0,0.0,0.0
2022-06-22,7.849730014801025,7.849999904632568,7.8495001792907715,7.849730014801025,7.849730014801025,0,0.0,0.0
2022-06-23,7.8495001792907715,7.849699974060059,7.848299980163574,7.8495001792907715,7.8495001792907715,0,0.0,0.0
2022-06-24,7.849400043487549,7.849800109863281,7.848199844360352,7.849400043487549,7.849400043487549,0,0.0,0.0
2022-06-27,7.849090099334717,7.8495001792907715,7.844200134277344,7.849090099334717,7.849090099334717,0,0.0,0.0
2022-06-28,7.84660005569458,7.848199844360352,7.8454999923706055,7.84660005569458,7.84660005569458,0,0.0,0.0
2022-06-29,7.845799922943115,7.847809791564941,7.845099925994873,7.845799922943115,7.845799922943115,0,0.0,0.0
2022-06-30,7.845990180969238,7.848410129547119,7.844799995422363,7.845990180969238,7.845990180969238,0,0.0,0.0
2022-07-01,7.847099781036377,7.848599910736084,7.845600128173828,7.847099781036377,7.847099781036377,0,0.0,0.0
2022-07-04,7.846799850463867,7.847899913787842,7.845119953155518,7.846799850463867,7.846799850463867,0,0.0,0.0
2022-07-05,7.8460001945495605,7.847750186920166,7.845699787139893,7.8460001945495605,7.8460001945495605,0,0.0,0.0
2022-07-06,7.846620082855225,7.847760200500488,7.846399784088135,7.846620082855225,7.846620082855225,0,0.0,0.0
2022-07-07,7.84689998626709,7.848899841308594,7.846799850463867,7.84689998626709,7.84689998626709,0,0.0,0.0
2022-07-08,7.847489833831787,7.8495001792907715,7.84689998626709,7.847489833831787,7.847489833831787,0,0.0,0.0
2022-07-11,7.848810195922852,7.849999904632568,7.848330020904541,7.848810195922852,7.848810195922852,0,0.0,0.0
2022-07-12,7.849699974060059,7.849999904632568,7.848700046539307,7.849699974060059,7.849699974060059,0,0.0,0.0
2022-07-13,7.849699974060059,7.849999904632568,7.848700046539307,7.849699974060059,7.849699974060059,0,0.0,0.0
2022-07-14,7.849299907684326,7.849999904632568,7.848800182342529,7.849299907684326,7.849299907684326,0,0.0,0.0
2022-07-15,7.8496599197387695,7.849999904632568,7.8495001792907715,7.8496599197387695,7.8496599197387695,0,0.0,0.0
2022-07-18,7.849599838256836,7.849999904632568,7.8495001792907715,7.849599838256836,7.849599838256836,0,0.0,0.0
2022-07-19,7.849800109863281,7.849999904632568,7.8495001792907715,7.849800109863281,7.849800109863281,0,0.0,0.0
2022-07-20,7.850500106811523,7.850900173187256,7.8495001792907715,7.850500106811523,7.850500106811523,0,0.0,0.0
2022-07-21,7.849589824676514,7.849999904632568,7.847899913787842,7.849589824676514,7.849589824676514,0,0.0,0.0
2022-07-22,7.848599910736084,7.849800109863281,7.847609996795654,7.848599910736084,7.848599910736084,0,0.0,0.0
2022-07-25,7.849440097808838,7.8495001792907715,7.8480000495910645,7.849440097808838,7.849440097808838,0,0.0,0.0
2022-07-26,7.849130153656006,7.8496599197387695,7.848299980163574,7.849130153656006,7.849130153656006,0,0.0,0.0
2022-07-27,7.849259853363037,7.850500106811523,7.848299980163574,7.849259853363037,7.849259853363037,0,0.0,0.0
2022-07-28,7.849100112915039,7.849999904632568,7.848100185394287,7.849100112915039,7.849100112915039,0,0.0,0.0
2022-07-29,7.8495001792907715,7.850900173187256,7.848899841308594,7.8495001792907715,7.8495001792907715,0,0.0,0.0
2022-08-01,7.849440097808838,7.850599765777588,7.849160194396973,7.849440097808838,7.849440097808838,0,0.0,0.0
2022-08-02,7.849800109863281,7.849999904632568,7.848800182342529,7.849800109863281,7.849800109863281,0,0.0,0.0
2022-08-03,7.849699974060059,7.849999904632568,7.848800182342529,7.849699974060059,7.849699974060059,0,0.0,0.0
2022-08-04,7.849400043487549,7.849999904632568,7.848199844360352,7.849400043487549,7.849400043487549,0,0.0,0.0
2022-08-05,7.8495001792907715,7.849999904632568,7.849400043487549,7.8495001792907715,7.8495001792907715,0,0.0,0.0
2022-08-08,7.849800109863281,7.8506999015808105,7.8491997718811035,7.849800109863281,7.849800109863281,0,0.0,0.0
2022-08-09,7.8497700691223145,7.849999904632568,7.848800182342529,7.8497700691223145,7.8497700691223145,0,0.0,0.0
2022-08-10,7.849699974060059,7.849899768829346,7.84512996673584,7.849699974060059,7.849699974060059,0,0.0,0.0
2022-08-11,7.84660005569458,7.847660064697266,7.842899799346924,7.84660005569458,7.84660005569458,0,0.0,0.0
2022-08-12,7.842800140380859,7.843400001525879,7.827700138092041,7.842800140380859,7.842800140380859,0,0.0,0.0
2022-08-15,7.838600158691406,7.839869976043701,7.8326897621154785,7.838600158691406,7.838600158691406,0,0.0,0.0
2022-08-16,7.837900161743164,7.843200206756592,7.835149765014648,7.837900161743164,7.837900161743164,0,0.0,0.0
2022-08-17,7.84089994430542,7.843530178070068,7.835400104522705,7.84089994430542,7.84089994430542,0,0.0,0.0
2022-08-18,7.84250020980835,7.845320224761963,7.841400146484375,7.84250020980835,7.84250020980835,0,0.0,0.0
2022-08-19,7.843500137329102,7.84660005569458,7.843500137329102,7.843500137329102,7.843500137329102,0,0.0,0.0
2022-08-22,7.846199989318848,7.84689998626709,7.844979763031006,7.846199989318848,7.846199989318848,0,0.0,0.0
2022-08-23,7.846199989318848,7.847549915313721,7.8460001945495605,7.846199989318848,7.846199989318848,0,0.0,0.0
2022-08-24,7.846399784088135,7.847109794616699,7.84119987487793,7.846399784088135,7.846399784088135,0,0.0,0.0
2022-08-25,7.845799922943115,7.8470001220703125,7.843800067901611,7.845799922943115,7.845799922943115,0,0.0,0.0
2022-08-26,7.84630012512207,7.84689998626709,7.844880104064941,7.84630012512207,7.84630012512207,0,0.0,0.0
2022-08-29,7.847700119018555,7.848700046539307,7.84660005569458,7.847700119018555,7.847700119018555,0,0.0,0.0
2022-08-30,7.8471999168396,7.8489298820495605,7.8460001945495605,7.8471999168396,7.8471999168396,0,0.0,0.0
2022-08-31,7.848899841308594,7.849299907684326,7.846399784088135,7.848899841308594,7.848899841308594,0,0.0,0.0
2022-09-01,7.848060131072998,7.848899841308594,7.84689998626709,7.848060131072998,7.848060131072998,0,0.0,0.0
2022-09-02,7.8480000495910645,7.849579811096191,7.847599983215332,7.8480000495910645,7.8480000495910645,0,0.0,0.0
2022-09-05,7.84867000579834,7.849510192871094,7.848199844360352,7.84867000579834,7.84867000579834,0,0.0,0.0
2022-09-06,7.848800182342529,7.849999904632568,7.848100185394287,7.848800182342529,7.848800182342529,0,0.0,0.0
2022-09-07,7.8495001792907715,7.849999904632568,7.848599910736084,7.8495001792907715,7.8495001792907715,0,0.0,0.0
2022-09-08,7.849279880523682,7.849899768829346,7.848199844360352,7.849279880523682,7.849279880523682,0,0.0,0.0
2022-09-09,7.848999977111816,7.8496198654174805,7.847700119018555,7.848999977111816,7.848999977111816,0,0.0,0.0
2022-09-12,7.848800182342529,7.8495001792907715,7.848299980163574,7.848800182342529,7.848800182342529,0,0.0,0.0
2022-09-13,7.848659992218018,7.849400043487549,7.847599983215332,7.848659992218018,7.848659992218018,0,0.0,0.0
2022-09-14,7.8495001792907715,7.849599838256836,7.847899913787842,7.8495001792907715,7.8495001792907715,0,0.0,0.0
2022-09-15,7.84876012802124,7.8490400314331055,7.845699787139893,7.84876012802124,7.84876012802124,0,0.0,0.0
2022-09-16,7.848999977111816,7.849599838256836,7.848199844360352,7.848999977111816,7.848999977111816,0,0.0,0.0
2022-09-19,7.849160194396973,7.849579811096191,7.848229885101318,7.849160194396973,7.849160194396973,0,0.0,0.0
2022-09-20,7.848899841308594,7.849669933319092,7.848169803619385,7.848899841308594,7.848899841308594,0,0.0,0.0
2022-09-21,7.849279880523682,7.849890232086182,7.848599910736084,7.849279880523682,7.849279880523682,0,0.0,0.0
2022-09-22,7.849679946899414,7.849899768829346,7.848390102386475,7.849679946899414,7.849679946899414,0,0.0,0.0
2022-09-23,7.848899841308594,7.849820137023926,7.848199844360352,7.848899841308594,7.848899841308594,0,0.0,0.0
2022-09-26,7.849579811096191,7.849999904632568,7.8491997718811035,7.849579811096191,7.849579811096191,0,0.0,0.0
2022-09-27,7.849279880523682,7.849999904632568,7.8491997718811035,7.849279880523682,7.849279880523682,0,0.0,0.0
2022-09-28,7.849599838256836,7.849999904632568,7.848700046539307,7.849599838256836,7.849599838256836,0,0.0,0.0
2022-09-29,7.848800182342529,7.849999904632568,7.848899841308594,7.848800182342529,7.848800182342529,0,0.0,0.0
2022-09-30,7.849599838256836,7.849999904632568,7.8493499755859375,7.849599838256836,7.849599838256836,0,0.0,0.0
2022-10-03,7.8496599197387695,7.849999904632568,7.849400043487549,7.8496599197387695,7.8496599197387695,0,0.0,0.0
2022-10-04,7.85099983215332,7.851200103759766,7.849400043487549,7.85099983215332,7.85099983215332,0,0.0,0.0
2022-10-05,7.849629878997803,7.849999904632568,7.849400043487549,7.849629878997803,7.849629878997803,0,0.0,0.0
2022-10-06,7.849440097808838,7.849999904632568,7.849299907684326,7.849440097808838,7.849440097808838,0,0.0,0.0
2022-10-07,7.849899768829346,7.849999904632568,7.849400043487549,7.849899768829346,7.849899768829346,0,0.0,0.0
2022-10-10,7.849629878997803,7.849999904632568,7.848800182342529,7.849629878997803,7.849629878997803,0,0.0,0.0
2022-10-11,7.849689960479736,7.849999904632568,7.8495001792907715,7.849689960479736,7.849689960479736,0,0.0,0.0
2022-10-12,7.849800109863281,7.849999904632568,7.848999977111816,7.849800109863281,7.849800109863281,0,0.0,0.0
2022-10-13,7.849480152130127,7.849899768829346,7.847720146179199,7.849480152130127,7.849480152130127,0,0.0,0.0
2022-10-14,7.849579811096191,7.8500800132751465,7.849400043487549,7.849579811096191,7.849579811096191,0,0.0,0.0
2022-10-17,7.849400043487549,7.849999904632568,7.848400115966797,7.849400043487549,7.849400043487549,0,0.0,0.0
2022-10-18,7.8491997718811035,7.849999904632568,7.848599910736084,7.8491997718811035,7.8491997718811035,0,0.0,0.0
2022-10-19,7.849490165710449,7.849999904632568,7.849299907684326,7.849490165710449,7.849490165710449,0,0.0,0.0
2022-10-20,7.8491997718811035,7.849669933319092,7.847899913787842,7.8491997718811035,7.8491997718811035,0,0.0,0.0
2022-10-21,7.848569869995117,7.849899768829346,7.848400115966797,7.848569869995117,7.848569869995117,0,0.0,0.0
2022-10-24,7.849400043487549,7.849999904632568,7.848259925842285,7.849400043487549,7.849400043487549,0,0.0,0.0
2022-10-25,7.849629878997803,7.849999904632568,7.848700046539307,7.849629878997803,7.849629878997803,0,0.0,0.0
2022-10-26,7.849299907684326,7.849999904632568,7.84896993637085,7.849299907684326,7.849299907684326,0,0.0,0.0
2022-10-27,7.849299907684326,7.849649906158447,7.847300052642822,7.849299907684326,7.849299907684326,0,0.0,0.0
2022-10-28,7.849299907684326,7.849699974060059,7.84689998626709,7.849299907684326,7.849299907684326,0,0.0,0.0
2022-10-31,7.848740100860596,7.849999904632568,7.848299980163574,7.848740100860596,7.848740100860596,0,0.0,0.0
2022-11-01,7.849480152130127,7.849800109863281,7.848700046539307,7.849480152130127,7.849480152130127,0,0.0,0.0
2022-11-02,7.849629878997803,7.849999904632568,7.848899841308594,7.849629878997803,7.849629878997803,0,0.0,0.0
2022-11-03,7.8496599197387695,7.849999904632568,7.848700046539307,7.8496599197387695,7.8496599197387695,0,0.0,0.0
2022-11-04,7.849760055541992,7.8506999015808105,7.848899841308594,7.849760055541992,7.849760055541992,0,0.0,0.0
2022-11-07,7.849510192871094,7.849999904632568,7.848989963531494,7.849510192871094,7.849510192871094,0,0.0,0.0
2022-11-08,7.849999904632568,7.850500106811523,7.8495001792907715,7.849999904632568,7.849999904632568,0,0.0,0.0
2022-11-09,7.849100112915039,7.849899768829346,7.848800182342529,7.849100112915039,7.849100112915039,0,0.0,0.0
2022-11-10,7.849370002746582,7.849999904632568,7.845059871673584,7.849370002746582,7.849370002746582,0,0.0,0.0
2022-11-11,7.845399856567383,7.845200061798096,7.834050178527832,7.845399856567383,7.845399856567383,0,0.0,0.0
2022-11-14,7.835639953613281,7.8412699699401855,7.834449768066406,7.835639953613281,7.835639953613281,0,0.0,0.0
2022-11-15,7.835999965667725,7.836900234222412,7.819990158081055,7.835999965667725,7.835999965667725,0,0.0,0.0
2022-11-16,7.819900035858154,7.827030181884766,7.817599773406982,7.819900035858154,7.819900035858154,0,0.0,0.0
2022-11-17,7.82420015335083,7.829599857330322,7.8221001625061035,7.82420015335083,7.82420015335083,0,0.0,0.0
2022-11-18,7.826469898223877,7.828139781951904,7.821070194244385,7.826469898223877,7.826469898223877,0,0.0,0.0
2022-11-21,7.8191399574279785,7.823639869689941,7.799799919128418,7.8191399574279785,7.8191399574279785,0,0.0,0.0
2022-11-22,7.804299831390381,7.819799900054932,7.800869941711426,7.804299831390381,7.804299831390381,0,0.0,0.0
2022-11-23,7.817399978637695,7.821159839630127,7.813759803771973,7.817399978637695,7.817399978637695,0,0.0,0.0
2022-11-24,7.8180999755859375,7.818900108337402,7.804699897766113,7.8180999755859375,7.8180999755859375,0,0.0,0.0
2022-11-25,7.8084001541137695,7.817959785461426,7.807040214538574,7.8084001541137695,7.8084001541137695,0,0.0,0.0
2022-11-28,7.8080902099609375,7.821269989013672,7.808320045471191,7.8080902099609375,7.8080902099609375,0,0.0,0.0
2022-11-29,7.813419818878174,7.815499782562256,7.8080902099609375,7.813419818878174,7.813419818878174,0,0.0,0.0
2022-11-30,7.8107500076293945,7.812849998474121,7.797669887542725,7.8107500076293945,7.8107500076293945,0,0.0,0.0
2022-12-01,7.80472993850708,7.804699897766113,7.77672004699707,7.80472993850708,7.80472993850708,0,0.0,0.0
2022-12-02,7.7795000076293945,7.7895002365112305,7.777400016784668,7.7795000076293945,7.7795000076293945,0,0.0,0.0
2022-12-05,7.785140037536621,7.785799980163574,7.76200008392334,7.785140037536621,7.785140037536621,0,0.0,0.0
2022-12-06,7.768899917602539,7.782599925994873,7.767000198364258,7.768899917602539,7.768899917602539,0,0.0,0.0
2022-12-07,7.775259971618652,7.7947001457214355,7.774419784545898,7.775259971618652,7.775259971618652,0,0.0,0.0
2022-12-08,7.791500091552734,7.79341983795166,7.781610012054443,7.791500091552734,7.791500091552734,0,0.0,0.0
2022-12-09,7.783840179443359,7.790999889373779,7.779260158538818,7.783840179443359,7.783840179443359,0,0.0,0.0
2022-12-12,7.7868499755859375,7.788300037384033,7.767789840698242,7.7868499755859375,7.7868499755859375,0,0.0,0.0
2022-12-13,7.774799823760986,7.781199932098389,7.767749786376953,7.774799823760986,7.774799823760986,0,0.0,0.0
2022-12-14,7.774799823760986,7.780200004577637,7.7701897621154785,7.774799823760986,7.774799823760986,0,0.0,0.0
2022-12-15,7.775599956512451,7.779640197753906,7.770619869232178,7.775599956512451,7.775599956512451,0,0.0,0.0
2022-12-16,7.775760173797607,7.784200191497803,7.772250175476074,7.775760173797607,7.775760173797607,0,0.0,0.0
2022-12-19,7.778550148010254,7.787899971008301,7.775899887084961,7.778550148010254,7.778550148010254,0,0.0,0.0
2022-12-20,7.780300140380859,7.788410186767578,7.777900218963623,7.780300140380859,7.780300140380859,0,0.0,0.0
2022-12-21,7.787899971008301,7.794829845428467,7.787199974060059,7.787899971008301,7.787899971008301,0,0.0,0.0
2022-12-22,7.79610013961792,7.7993998527526855,7.786900043487549,7.79610013961792,7.79610013961792,0,0.0,0.0
2022-12-23,7.795300006866455,7.804800033569336,7.794099807739258,7.795300006866455,7.795300006866455,0,0.0,0.0
2022-12-26,7.8035101890563965,7.809599876403809,7.8017401695251465,7.8035101890563965,7.8035101890563965,0,0.0,0.0
2022-12-27,7.805099964141846,7.80620002746582,7.795229911804199,7.805099964141846,7.805099964141846,0,0.0,0.0
2022-12-28,7.8003997802734375,7.801599979400635,7.78508996963501,7.8003997802734375,7.8003997802734375,0,0.0,0.0
2022-12-29,7.79380989074707,7.798230171203613,7.787399768829346,7.79380989074707,7.79380989074707,0,0.0,0.0
2022-12-30,7.794400215148926,7.805459976196289,7.791100025177002,7.794400215148926,7.794400215148926,0,0.0,0.0
2023-01-02,7.79925012588501,7.8078999519348145,7.794600009918213,7.79925012588501,7.79925012588501,0,0.0,0.0
2023-01-03,7.805500030517578,7.815859794616699,7.804379940032959,7.805500030517578,7.805500030517578,0,0.0,0.0
2023-01-04,7.813199996948242,7.820209980010986,7.8109002113342285,7.813199996948242,7.813199996948242,0,0.0,0.0
2023-01-05,7.815710067749023,7.820779800415039,7.807429790496826,7.815710067749023,7.815710067749023,0,0.0,0.0
2023-01-06,7.811500072479248,7.815120220184326,7.804759979248047,7.811500072479248,7.811500072479248,0,0.0,0.0
2023-01-09,7.807819843292236,7.8084797859191895,7.8029398918151855,7.807819843292236,7.807819843292236,0,0.0,0.0
2023-01-10,7.804800033569336,7.8096699714660645,7.804900169372559,7.804800033569336,7.804800033569336,0,0.0,0.0
2023-01-11,7.808499813079834,7.814300060272217,7.807889938354492,7.808499813079834,7.808499813079834,0,0.0,0.0
2023-01-12,7.811100006103516,7.814020156860352,7.807390213012695,7.811100006103516,7.811100006103516,0,0.0,0.0
2023-01-13,7.8082499504089355,7.812419891357422,7.80771017074585,7.8082499504089355,7.8082499504089355,0,0.0,0.0
2023-01-16,7.810210227966309,7.812039852142334,7.805570125579834,7.810210227966309,7.810210227966309,0,0.0,0.0
2023-01-17,7.810420036315918,7.822569847106934,7.810029983520508,7.810420036315918,7.810420036315918,0,0.0,0.0
2023-01-18,7.818160057067871,7.828380107879639,7.817599773406982,7.818160057067871,7.818160057067871,0,0.0,0.0
2023-01-19,7.823440074920654,7.833799839019775,7.822380065917969,7.823440074920654,7.823440074920654,0,0.0,0.0
2023-01-20,7.829800128936768,7.83411979675293,7.824860095977783,7.829800128936768,7.829800128936768,0,0.0,0.0
2023-01-23,7.827280044555664,7.830999851226807,7.825379848480225,7.827439785003662,7.827439785003662,0,0.0,0.0
2023-01-24,7.830999851226807,7.832699775695801,7.826350212097168,7.830999851226807,7.830999851226807,0,0.0,0.0
2023-01-25,7.831500053405762,7.833899974822998,7.82919979095459,7.831500053405762,7.831500053405762,0,0.0,0.0
2023-01-26,7.829500198364258,7.832719802856445,7.826379776000977,7.829500198364258,7.829500198364258,0,0.0,0.0
2023-01-27,7.828080177307129,7.831679821014404,7.827089786529541,7.828080177307129,7.828080177307129,0,0.0,0.0
2023-01-30,7.828519821166992,7.837230205535889,7.8277997970581055,7.828519821166992,7.828519821166992,0,0.0,0.0
2023-01-31,7.835130214691162,7.839600086212158,7.834020137786865,7.835130214691162,7.835130214691162,0,0.0,0.0
2023-02-01,7.839660167694092,7.843200206756592,7.838900089263916,7.839660167694092,7.839660167694092,0,0.0,0.0
2023-02-02,7.839000225067139,7.844699859619141,7.838200092315674,7.839000225067139,7.839000225067139,0,0.0,0.0
2023-02-03,7.844399929046631,7.846519947052002,7.843009948730469,7.844399929046631,7.844399929046631,0,0.0,0.0
2023-02-06,7.846330165863037,7.848899841308594,7.844629764556885,7.846330165863037,7.846330165863037,0,0.0,0.0
2023-02-07,7.846759796142578,7.848899841308594,7.846320152282715,7.846759796142578,7.846759796142578,0,0.0,0.0
2023-02-08,7.848499774932861,7.849740028381348,7.848010063171387,7.848499774932861,7.848499774932861,0,0.0,0.0
2023-02-09,7.848700046539307,7.849999904632568,7.848259925842285,7.848700046539307,7.848700046539307,0,0.0,0.0
2023-02-10,7.849699974060059,7.850059986114502,7.848700046539307,7.849699974060059,7.849699974060059,0,0.0,0.0
2023-02-13,7.849289894104004,7.850299835205078,7.848430156707764,7.849289894104004,7.849289894104004,0,0.0,0.0
2023-02-14,7.849740028381348,7.849899768829346,7.848959922790527,7.849740028381348,7.849740028381348,0,0.0,0.0
2023-02-15,7.848800182342529,7.849400043487549,7.844299793243408,7.848800182342529,7.848800182342529,0,0.0,0.0
2023-02-16,7.846409797668457,7.849899768829346,7.84591007232666,7.846409797668457,7.846409797668457,0,0.0,0.0
2023-02-17,7.84896993637085,7.8495001792907715,7.843170166015625,7.84896993637085,7.84896993637085,0,0.0,0.0
2023-02-20,7.84453010559082,7.844900131225586,7.822999954223633,7.84453010559082,7.84453010559082,0,0.0,0.0
2023-02-21,7.833899974822998,7.845570087432861,7.833509922027588,7.833899974822998,7.833899974822998,0,0.0,0.0
2023-02-22,7.844799995422363,7.847499847412109,7.841430187225342,7.844799995422363,7.844799995422363,0,0.0,0.0
2023-02-23,7.845160007476807,7.847060203552246,7.841639995574951,7.845160007476807,7.845160007476807,0,0.0,0.0
2023-02-24,7.846839904785156,7.8491997718811035,7.845900058746338,7.846839904785156,7.846839904785156,0,0.0,0.0
2023-02-27,7.847780227661133,7.848499774932861,7.844369888305664,7.847780227661133,7.847780227661133,0,0.0,0.0
2023-02-28,7.844900131225586,7.849800109863281,7.844200134277344,7.844900131225586,7.844900131225586,0,0.0,0.0
2023-03-01,7.849020004272461,7.849899768829346,7.848289966583252,7.849020004272461,7.849020004272461,0,0.0,0.0
2023-03-02,7.848100185394287,7.849899768829346,7.848229885101318,7.848100185394287,7.848100185394287,0,0.0,0.0
2023-03-03,7.849400043487549,7.849909782409668,7.848599910736084,7.849400043487549,7.849400043487549,0,0.0,0.0
2023-03-06,7.84945011138916,7.849899768829346,7.849209785461426,7.84945011138916,7.84945011138916,0,0.0,0.0
2023-03-07,7.849420070648193,7.849909782409668,7.848700046539307,7.849420070648193,7.849420070648193,0,0.0,0.0
2023-03-08,7.849689960479736,7.849949836730957,7.848999977111816,7.849689960479736,7.849689960479736,0,0.0,0.0
2023-03-09,7.849460124969482,7.849949836730957,7.848909854888916,7.849460124969482,7.849460124969482,0,0.0,0.0
2023-03-10,7.849579811096191,7.84991979598999,7.848100185394287,7.849579811096191,7.849579811096191,0,0.0,0.0
2023-03-13,7.847519874572754,7.849100112915039,7.838009834289551,7.847519874572754,7.847519874572754,0,0.0,0.0
2023-03-14,7.844600200653076,7.848169803619385,7.837940216064453,7.844600200653076,7.844600200653076,0,0.0,0.0
2023-03-15,7.8480000495910645,7.849899768829346,7.846720218658447,7.8480000495910645,7.8480000495910645,0,0.0,0.0
2023-03-16,7.848050117492676,7.849899768829346,7.847139835357666,7.848050117492676,7.848050117492676,0,0.0,0.0
2023-03-17,7.849219799041748,7.849899768829346,7.848659992218018,7.849219799041748,7.849219799041748,0,0.0,0.0
2023-03-20,7.848849773406982,7.849699974060059,7.840849876403809,7.848849773406982,7.848849773406982,0,0.0,0.0
2023-03-21,7.842800140380859,7.846700191497803,7.835430145263672,7.842800140380859,7.842800140380859,0,0.0,0.0
2023-03-22,7.845620155334473,7.848899841308594,7.844180107116699,7.845620155334473,7.845620155334473,0,0.0,0.0
2023-03-23,7.847030162811279,7.849899768829346,7.8467302322387695,7.847030162811279,7.847030162811279,0,0.0,0.0
2023-03-24,7.849400043487549,7.849899768829346,7.848979949951172,7.849400043487549,7.849400043487549,0,0.0,0.0
2023-03-27,7.849530220031738,7.849899768829346,7.848899841308594,7.849530220031738,7.849530220031738,0,0.0,0.0
2023-03-28,7.849699974060059,7.8499298095703125,7.848700046539307,7.849699974060059,7.849699974060059,0,0.0,0.0
2023-03-29,7.849699974060059,7.84991979598999,7.848629951477051,7.849699974060059,7.849699974060059,0,0.0,0.0
2023-03-30,7.849899768829346,7.849949836730957,7.847539901733398,7.849899768829346,7.849899768829346,0,0.0,0.0
2023-03-31,7.849569797515869,7.849939823150635,7.848800182342529,7.849569797515869,7.849569797515869,0,0.0,0.0
2023-04-03,7.849599838256836,7.849949836730957,7.848999977111816,7.849599838256836,7.849599838256836,0,0.0,0.0
2023-04-04,7.8468098640441895,7.849899768829346,7.8465399742126465,7.8468098640441895,7.8468098640441895,0,0.0,0.0
2023-04-05,7.849299907684326,7.8499298095703125,7.848609924316406,7.849299907684326,7.849299907684326,0,0.0,0.0
2023-04-06,7.849800109863281,7.8499298095703125,7.849030017852783,7.849800109863281,7.849800109863281,0,0.0,0.0
2023-04-07,7.849740028381348,7.849989891052246,7.849370002746582,7.849740028381348,7.849740028381348,0,0.0,0.0
2023-04-10,7.849699974060059,7.849949836730957,7.849549770355225,7.849699974060059,7.849699974060059,0,0.0,0.0
2023-04-11,7.849400043487549,7.849939823150635,7.848899841308594,7.849400043487549,7.849400043487549,0,0.0,0.0
2023-04-12,7.849800109863281,7.849949836730957,7.849589824676514,7.849800109863281,7.849800109863281,0,0.0,0.0
2023-04-13,7.847209930419922,7.849939823150635,7.8471598625183105,7.847209930419922,7.847209930419922,0,0.0,0.0
2023-04-14,7.849699974060059,7.84991979598999,7.848899841308594,7.849699974060059,7.849699974060059,0,0.0,0.0
2023-04-17,7.849279880523682,7.849939823150635,7.847529888153076,7.849279880523682,7.849279880523682,0,0.0,0.0
2023-04-18,7.849279880523682,7.849939823150635,7.849110126495361,7.849279880523682,7.849279880523682,0,0.0,0.0
2023-04-19,7.849170207977295,7.849899768829346,7.847060203552246,7.849170207977295,7.849170207977295,0,0.0,0.0
2023-04-20,7.84896993637085,7.849899768829346,7.847599983215332,7.84896993637085,7.84896993637085,0,0.0,0.0
2023-04-21,7.848790168762207,7.849699974060059,7.844019889831543,7.848790168762207,7.848790168762207,0,0.0,0.0
2023-04-24,7.847899913787842,7.849299907684326,7.846459865570068,7.847899913787842,7.847899913787842,0,0.0,0.0
2023-04-25,7.849100112915039,7.849899768829346,7.848060131072998,7.849100112915039,7.849100112915039,0,0.0,0.0
2023-04-26,7.849599838256836,7.849949836730957,7.848899841308594,7.849599838256836,7.849599838256836,0,0.0,0.0
2023-04-27,7.849699974060059,7.849939823150635,7.849100112915039,7.849699974060059,7.849699974060059,0,0.0,0.0
2023-04-28,7.849899768829346,7.84991979598999,7.848750114440918,7.849899768829346,7.849899768829346,0,0.0,0.0
2023-05-01,7.849899768829346,7.851099967956543,7.8491902351379395,7.849899768829346,7.849899768829346,0,0.0,0.0
2023-05-02,7.849629878997803,7.849949836730957,7.848899841308594,7.849629878997803,7.849629878997803,0,0.0,0.0
2023-05-03,7.849760055541992,7.849949836730957,7.849110126495361,7.849760055541992,7.849760055541992,0,0.0,0.0
2023-05-04,7.848790168762207,7.849899768829346,7.84689998626709,7.848790168762207,7.848790168762207,0,0.0,0.0
2023-05-05,7.847099781036377,7.849400043487549,7.8470001220703125,7.847099781036377,7.847099781036377,0,0.0,0.0
2023-05-08,7.847179889678955,7.848840236663818,7.8470001220703125,7.847179889678955,7.847179889678955,0,0.0,0.0
2023-05-09,7.84867000579834,7.849299907684326,7.84119987487793,7.84867000579834,7.84867000579834,0,0.0,0.0
2023-05-10,7.841700077056885,7.8414998054504395,7.828279972076416,7.841700077056885,7.841700077056885,0,0.0,0.0
2023-05-11,7.832149982452393,7.839169979095459,7.825540065765381,7.832149982452393,7.832149982452393,0,0.0,0.0
2023-05-12,7.8368000984191895,7.843200206756592,7.837200164794922,7.8368000984191895,7.8368000984191895,0,0.0,0.0
2023-05-15,7.842400074005127,7.844950199127197,7.837830066680908,7.842400074005127,7.842400074005127,0,0.0,0.0
2023-05-16,7.838319778442383,7.83935022354126,7.832910060882568,7.838319778442383,7.838319778442383,0,0.0,0.0
2023-05-17,7.8383002281188965,7.838600158691406,7.828189849853516,7.8383002281188965,7.8383002281188965,0,0.0,0.0
2023-05-18,7.829699993133545,7.83089017868042,7.82436990737915,7.829699993133545,7.829699993133545,0,0.0,0.0
2023-05-19,7.827300071716309,7.827199935913086,7.806529998779297,7.827300071716309,7.827300071716309,0,0.0,0.0
2023-05-22,7.816800117492676,7.828800201416016,7.813300132751465,7.816800117492676,7.816800117492676,0,0.0,0.0
2023-05-23,7.828499794006348,7.837500095367432,7.825069904327393,7.828499794006348,7.828499794006348,0,0.0,0.0
2023-05-24,7.836820125579834,7.838399887084961,7.827600002288818,7.836820125579834,7.836820125579834,0,0.0,0.0
2023-05-25,7.829899787902832,7.835010051727295,7.827459812164307,7.829899787902832,7.829899787902832,0,0.0,0.0
2023-05-26,7.835000038146973,7.835599899291992,7.832099914550781,7.835000038146973,7.835000038146973,0,0.0,0.0
2023-05-29,7.834549903869629,7.835269927978516,7.825920104980469,7.834549903869629,7.834549903869629,0,0.0,0.0
2023-05-30,7.828000068664551,7.83489990234375,7.823629856109619,7.828000068664551,7.828000068664551,0,0.0,0.0
2023-05-31,7.834070205688477,7.837709903717041,7.825839996337891,7.834070205688477,7.834070205688477,0,0.0,0.0
2023-06-01,7.831210136413574,7.833680152893066,7.830190181732178,7.831210136413574,7.831210136413574,0,0.0,0.0
2023-06-02,7.831500053405762,7.837699890136719,7.8288798332214355,7.831500053405762,7.831500053405762,0,0.0,0.0
2023-06-05,7.837470054626465,7.8394999504089355,7.835599899291992,7.837470054626465,7.837470054626465,0,0.0,0.0
2023-06-06,7.837860107421875,7.843500137329102,7.837170124053955,7.837860107421875,7.837860107421875,0,0.0,0.0
2023-06-07,7.8429999351501465,7.844200134277344,7.837180137634277,7.8429999351501465,7.8429999351501465,0,0.0,0.0
2023-06-08,7.839739799499512,7.841670036315918,7.832789897918701,7.839739799499512,7.839739799499512,0,0.0,0.0
2023-06-09,7.836780071258545,7.839980125427246,7.833499908447266,7.836780071258545,7.836780071258545,0,0.0,0.0
2023-06-12,7.838799953460693,7.840700149536133,7.832220077514648,7.838799953460693,7.838799953460693,0,0.0,0.0
2023-06-13,7.834420204162598,7.835830211639404,7.832699775695801,7.834420204162598,7.834420204162598,0,0.0,0.0
2023-06-14,7.833310127258301,7.833700180053711,7.829699993133545,7.833310127258301,7.833310127258301,0,0.0,0.0
2023-06-15,7.830900192260742,7.830999851226807,7.821800231933594,7.830900192260742,7.830900192260742,0,0.0,0.0
2023-06-16,7.822569847106934,7.8265299797058105,7.818260192871094,7.822569847106934,7.822569847106934,0,0.0,0.0
2023-06-19,7.8211798667907715,7.82390022277832,7.81289005279541,7.8211798667907715,7.8211798667907715,0,0.0,0.0
2023-06-20,7.8171000480651855,7.826399803161621,7.814119815826416,7.8171000480651855,7.8171000480651855,0,0.0,0.0
2023-06-21,7.825799942016602,7.8292999267578125,7.822959899902344,7.825799942016602,7.825799942016602,0,0.0,0.0
2023-06-22,7.8282999992370605,7.831099987030029,7.824810028076172,7.8282999992370605,7.8282999992370605,0,0.0,0.0
2023-06-23,7.830100059509277,7.831500053405762,7.827390193939209,7.830100059509277,7.830100059509277,0,0.0,0.0
2023-06-26,7.829730033874512,7.831999778747559,7.826429843902588,7.829730033874512,7.829730033874512,0,0.0,0.0
2023-06-27,7.8302001953125,7.834199905395508,7.82843017578125,7.8302001953125,7.8302001953125,0,0.0,0.0
2023-06-28,7.8331098556518555,7.834400177001953,7.82889986038208,7.8331098556518555,7.8331098556518555,0,0.0,0.0
2023-06-29,7.832940101623535,7.838699817657471,7.831250190734863,7.832940101623535,7.832940101623535,0,0.0,0.0
2023-06-30,7.838799953460693,7.838799953460693,7.834219932556152,7.838799953460693,7.838799953460693,0,0.0,0.0
2023-07-03,7.837299823760986,7.838200092315674,7.83135986328125,7.837299823760986,7.837299823760986,0,0.0,0.0
2023-07-04,7.834099769592285,7.834099769592285,7.828269958496094,7.834099769592285,7.834099769592285,0,0.0,0.0
2023-07-05,7.831399917602539,7.831719875335693,7.820199966430664,7.831399917602539,7.831399917602539,0,0.0,0.0
2023-07-06,7.8221001625061035,7.8231201171875,7.812640190124512,7.8221001625061035,7.8221001625061035,0,0.0,0.0
2023-07-07,7.820400238037109,7.829239845275879,7.821450233459473,7.820400238037109,7.820400238037109,0,0.0,0.0
2023-07-10,7.827300071716309,7.831600189208984,7.827320098876953,7.827300071716309,7.827300071716309,0,0.0,0.0
2023-07-11,7.828199863433838,7.83050012588501,7.824079990386963,7.828199863433838,7.828199863433838,0,0.0,0.0
2023-07-12,7.8267998695373535,7.829599857330322,7.826169967651367,7.8267998695373535,7.8267998695373535,0,0.0,0.0
2023-07-13,7.8254899978637695,7.826700210571289,7.819220066070557,7.8254899978637695,7.8254899978637695,0,0.0,0.0
2023-07-14,7.821400165557861,7.822299957275391,7.8138298988342285,7.821400165557861,7.821400165557861,0,0.0,0.0
2023-07-17,7.814700126647949,7.814899921417236,7.809410095214844,7.814700126647949,7.814700126647949,0,0.0,0.0
2023-07-18,7.81397008895874,7.818299770355225,7.810699939727783,7.81397008895874,7.81397008895874,0,0.0,0.0
2023-07-19,7.813899993896484,7.8140997886657715,7.803909778594971,7.813899993896484,7.813899993896484,0,0.0,0.0
2023-07-20,7.8084001541137695,7.8140997886657715,7.80633020401001,7.8084001541137695,7.8084001541137695,0,0.0,0.0
2023-07-21,7.813700199127197,7.817699909210205,7.812900066375732,7.813700199127197,7.813700199127197,0,0.0,0.0
2023-07-24,7.817070007324219,7.818399906158447,7.8109002113342285,7.817070007324219,7.817070007324219,0,0.0,0.0
2023-07-25,7.813469886779785,7.814410209655762,7.81003999710083,7.813469886779785,7.813469886779785,0,0.0,0.0
2023-07-26,7.811200141906738,7.811800003051758,7.799079895019531,7.811200141906738,7.811200141906738,0,0.0,0.0
2023-07-27,7.802000045776367,7.803800106048584,7.79394006729126,7.802000045776367,7.802000045776367,0,0.0,0.0
2023-07-28,7.8029398918151855,7.805530071258545,7.795680046081543,7.8029398918151855,7.8029398918151855,0,0.0,0.0
2023-07-31,7.7964701652526855,7.802700042724609,7.79571008682251,7.7964701652526855,7.7964701652526855,0,0.0,0.0
2023-08-01,7.797920227050781,7.799839973449707,7.792490005493164,7.797920227050781,7.797920227050781,0,0.0,0.0
2023-08-02,7.7941999435424805,7.802299976348877,7.79341983795166,7.7941999435424805,7.7941999435424805,0,0.0,0.0
2023-08-03,7.8018798828125,7.807700157165527,7.801949977874756,7.8018798828125,7.8018798828125,0,0.0,0.0
2023-08-04,7.808199882507324,7.810400009155273,7.8052802085876465,7.808199882507324,7.808199882507324,0,0.0,0.0
2023-08-07,7.811500072479248,7.811600208282471,7.8053998947143555,7.811500072479248,7.811500072479248,0,0.0,0.0
2023-08-08,7.807400226593018,7.8140997886657715,7.806230068206787,7.807400226593018,7.807400226593018,0,0.0,0.0
2023-08-09,7.8140997886657715,7.821199893951416,7.811729907989502,7.8140997886657715,7.8140997886657715,0,0.0,0.0
2023-08-10,7.820419788360596,7.820899963378906,7.815539836883545,7.820419788360596,7.820419788360596,0,0.0,0.0
2023-08-11,7.8196001052856445,7.820000171661377,7.812429904937744,7.8196001052856445,7.8196001052856445,0,0.0,0.0
2023-08-14,7.817599773406982,7.820650100708008,7.81466007232666,7.817599773406982,7.817599773406982,0,0.0,0.0
2023-08-15,7.819300174713135,7.824399948120117,7.818850040435791,7.819300174713135,7.819300174713135,0,0.0,0.0
2023-08-16,7.824100017547607,7.830699920654297,7.8228302001953125,7.824100017547607,7.824100017547607,0,0.0,0.0
2023-08-17,7.831299781799316,7.833399772644043,7.826479911804199,7.831299781799316,7.831299781799316,0,0.0,0.0
2023-08-18,7.829699993133545,7.832499980926514,7.825049877166748,7.829699993133545,7.829699993133545,0,0.0,0.0
2023-08-21,7.832640171051025,7.8394999504089355,7.83188009262085,7.832640171051025,7.832640171051025,0,0.0,0.0
2023-08-22,7.839000225067139,7.839099884033203,7.832520008087158,7.839000225067139,7.839000225067139,0,0.0,0.0
2023-08-23,7.8378801345825195,7.841899871826172,7.836359977722168,7.8378801345825195,7.8378801345825195,0,0.0,0.0
2023-08-24,7.840799808502197,7.8429999351501465,7.838220119476318,7.840799808502197,7.840799808502197,0,0.0,0.0
2023-08-25,7.841300010681152,7.845200061798096,7.840839862823486,7.841300010681152,7.841300010681152,0,0.0,0.0
2023-08-28,7.843339920043945,7.84630012512207,7.8425397872924805,7.843339920043945,7.843339920043945,0,0.0,0.0
2023-08-29,7.84591007232666,7.847300052642822,7.843100070953369,7.84591007232666,7.84591007232666,0,0.0,0.0
2023-08-30,7.846199989318848,7.847700119018555,7.84345006942749,7.846199989318848,7.846199989318848,0,0.0,0.0
2023-08-31,7.845860004425049,7.846759796142578,7.841400146484375,7.845860004425049,7.845860004425049,0,0.0,0.0
2023-09-01,7.842400074005127,7.845900058746338,7.840400218963623,7.842400074005127,7.842400074005127,0,0.0,0.0
2023-09-04,7.845590114593506,7.84630012512207,7.83188009262085,7.845590114593506,7.845590114593506,0,0.0,0.0
2023-09-05,7.835700035095215,7.841400146484375,7.8353400230407715,7.835700035095215,7.835700035095215,0,0.0,0.0
2023-09-06,7.841599941253662,7.843400001525879,7.8403000831604,7.841599941253662,7.841599941253662,0,0.0,0.0
2023-09-07,7.842599868774414,7.8429999351501465,7.837120056152344,7.842599868774414,7.842599868774414,0,0.0,0.0
2023-09-08,7.836880207061768,7.840000152587891,7.835899829864502,7.836880207061768,7.836880207061768,0,0.0,0.0
2023-09-11,7.840419769287109,7.842100143432617,7.831140041351318,7.840419769287109,7.840419769287109,0,0.0,0.0
2023-09-12,7.831860065460205,7.83351993560791,7.827859878540039,7.831860065460205,7.831860065460205,0,0.0,0.0
2023-09-13,7.827400207519531,7.82889986038208,7.8231000900268555,7.827400207519531,7.827400207519531,0,0.0,0.0
2023-09-14,7.826300144195557,7.829400062561035,7.824470043182373,7.826300144195557,7.826300144195557,0,0.0,0.0
2023-09-15,7.82919979095459,7.829699993133545,7.825210094451904,7.82919979095459,7.82919979095459,0,0.0,0.0
2023-09-18,7.8254499435424805,7.826700210571289,7.818089962005615,7.8254499435424805,7.8254499435424805,0,0.0,0.0
2023-09-19,7.81820011138916,7.820459842681885,7.814209938049316,7.81820011138916,7.81820011138916,0,0.0,0.0
2023-09-20,7.820899963378906,7.823699951171875,7.820010185241699,7.820899963378906,7.820899963378906,0,0.0,0.0
2023-09-21,7.823800086975098,7.826300144195557,7.81919002532959,7.823800086975098,7.823800086975098,0,0.0,0.0
2023-09-22,7.821000099182129,7.821300029754639,7.817299842834473,7.821000099182129,7.821000099182129,0,0.0,0.0
2023-09-25,7.820409774780273,7.820899963378906,7.813549995422363,7.820409774780273,7.820409774780273,0,0.0,0.0
2023-09-26,7.816359996795654,7.822999954223633,7.815690040588379,7.816359996795654,7.816359996795654,0,0.0,0.0
2023-09-27,7.821300029754639,7.823400020599365,7.819499969482422,7.821300029754639,7.821300029754639,0,0.0,0.0
2023-09-28,7.821080207824707,7.8282999992370605,7.820990085601807,7.821080207824707,7.821080207824707,0,0.0,0.0
2023-09-29,7.829349994659424,7.832600116729736,7.825200080871582,7.829349994659424,7.829349994659424,0,0.0,0.0
2023-10-02,7.831600189208984,7.832900047302246,7.830389976501465,7.831600189208984,7.831600189208984,0,0.0,0.0
2023-10-03,7.831900119781494,7.834139823913574,7.828609943389893,7.831900119781494,7.831900119781494,0,0.0,0.0
2023-10-04,7.832600116729736,7.832699775695801,7.828060150146484,7.832600116729736,7.832600116729736,0,0.0,0.0
2023-10-05,7.828800201416016,7.83158016204834,7.827859878540039,7.828800201416016,7.828800201416016,0,0.0,0.0
2023-10-06,7.831099987030029,7.832699775695801,7.829669952392578,7.831099987030029,7.831099987030029,0,0.0,0.0
2023-10-09,7.831459999084473,7.832600116729736,7.828390121459961,7.831459999084473,7.831459999084473,0,0.0,0.0
2023-10-10,7.828700065612793,7.830599784851074,7.817800045013428,7.828700065612793,7.828700065612793,0,0.0,0.0
2023-10-11,7.819240093231201,7.821899890899658,7.815830230712891,7.819240093231201,7.819240093231201,0,0.0,0.0
2023-10-12,7.819699764251709,7.823400020599365,7.818210124969482,7.819699764251709,7.819699764251709,0,0.0,0.0
2023-10-13,7.823800086975098,7.825399875640869,7.820980072021484,7.823800086975098,7.823800086975098,0,0.0,0.0
2023-10-16,7.823309898376465,7.82358980178833,7.816740036010742,7.823309898376465,7.823309898376465,0,0.0,0.0
2023-10-17,7.817500114440918,7.824100017547607,7.816140174865723,7.817500114440918,7.817500114440918,0,0.0,0.0
2023-10-18,7.8242998123168945,7.828800201416016,7.822420120239258,7.8242998123168945,7.8242998123168945,0,0.0,0.0
2023-10-19,7.828589916229248,7.829800128936768,7.823130130767822,7.828589916229248,7.828589916229248,0,0.0,0.0
2023-10-20,7.8236799240112305,7.824530124664307,7.819069862365723,7.8236799240112305,7.8236799240112305,0,0.0,0.0
2023-10-23,7.825240135192871,7.8265700340271,7.823699951171875,7.825240135192871,7.825240135192871,0,0.0,0.0
2023-10-24,7.8238701820373535,7.824999809265137,7.821119785308838,7.8238701820373535,7.8238701820373535,0,0.0,0.0
2023-10-25,7.823550224304199,7.8246002197265625,7.821169853210449,7.823550224304199,7.823550224304199,0,0.0,0.0
2023-10-26,7.821899890899658,7.824220180511475,7.819849967956543,7.821899890899658,7.821899890899658,0,0.0,0.0
2023-10-27,7.820400238037109,7.822509765625,7.818319797515869,7.820400238037109,7.820400238037109,0,0.0,0.0
2023-10-30,7.821569919586182,7.822299957275391,7.820209980010986,7.821569919586182,7.821569919586182,0,0.0,0.0
2023-10-31,7.820700168609619,7.825500011444092,7.819859981536865,7.820700168609619,7.820700168609619,0,0.0,0.0
2023-11-01,7.82436990737915,7.825500011444092,7.821809768676758,7.82436990737915,7.82436990737915,0,0.0,0.0
2023-11-02,7.822189807891846,7.825699806213379,7.821750164031982,7.822189807891846,7.822189807891846,0,0.0,0.0
2023-11-03,7.824520111083984,7.827199935913086,7.823709964752197,7.824520111083984,7.824520111083984,0,0.0,0.0
2023-11-06,7.824120044708252,7.824260234832764,7.81928014755249,7.824120044708252,7.824120044708252,0,0.0,0.0
2023-11-07,7.820899963378906,7.821929931640625,7.817780017852783,7.820899963378906,7.820899963378906,0,0.0,0.0
2023-11-08,7.819699764251709,7.820400238037109,7.815060138702393,7.819699764251709,7.819699764251709,0,0.0,0.0
2023-11-09,7.81466007232666,7.815800189971924,7.8069000244140625,7.81466007232666,7.81466007232666,0,0.0,0.0
2023-11-10,7.808899879455566,7.812300205230713,7.803430080413818,7.808899879455566,7.808899879455566,0,0.0,0.0
2023-11-13,7.811180114746094,7.811560153961182,7.806719779968262,7.811180114746094,7.811180114746094,0,0.0,0.0
2023-11-14,7.808599948883057,7.810800075531006,7.805570125579834,7.808599948883057,7.808599948883057,0,0.0,0.0
2023-11-15,7.805319786071777,7.807660102844238,7.8029398918151855,7.805319786071777,7.805319786071777,0,0.0,0.0
2023-11-16,7.807069778442383,7.81043004989624,7.801199913024902,7.807069778442383,7.807069778442383,0,0.0,0.0
2023-11-17,7.8023600578308105,7.8024001121521,7.794600009918213,7.8023600578308105,7.8023600578308105,0,0.0,0.0
2023-11-20,7.7954301834106445,7.797599792480469,7.790410041809082,7.7954301834106445,7.7954301834106445,0,0.0,0.0
2023-11-21,7.792290210723877,7.796800136566162,7.789309978485107,7.792290210723877,7.792290210723877,0,0.0,0.0
2023-11-22,7.795599937438965,7.801000118255615,7.79472017288208,7.795599937438965,7.795599937438965,0,0.0,0.0
2023-11-23,7.796500205993652,7.799069881439209,7.794290065765381,7.796500205993652,7.796500205993652,0,0.0,0.0
2023-11-24,7.798299789428711,7.799699783325195,7.7923102378845215,7.798299789428711,7.798299789428711,0,0.0,0.0
2023-11-27,7.7916998863220215,7.792349815368652,7.786019802093506,7.7916998863220215,7.7916998863220215,0,0.0,0.0
2023-11-28,7.788690090179443,7.797800064086914,7.788290023803711,7.788690090179443,7.788690090179443,0,0.0,0.0
2023-11-29,7.7945098876953125,7.8059000968933105,7.793700218200684,7.7945098876953125,7.7945098876953125,0,0.0,0.0
2023-11-30,7.804100036621094,7.811699867248535,7.802289962768555,7.804100036621094,7.804100036621094,0,0.0,0.0
2023-12-01,7.810259819030762,7.815199851989746,7.809619903564453,7.810259819030762,7.810259819030762,0,0.0,0.0
2023-12-04,7.814080238342285,7.817299842834473,7.812689781188965,7.814080238342285,7.814080238342285,0,0.0,0.0
2023-12-05,7.815529823303223,7.819799900054932,7.814020156860352,7.815529823303223,7.815529823303223,0,0.0,0.0
2023-12-06,7.8190999031066895,7.819200038909912,7.808229923248291,7.8190999031066895,7.8190999031066895,0,0.0,0.0
2023-12-07,7.810770034790039,7.815199851989746,7.807439804077148,7.810770034790039,7.810770034790039,0,0.0,0.0
2023-12-08,7.811500072479248,7.815430164337158,7.807590007781982,7.811500072479248,7.811500072479248,0,0.0,0.0
2023-12-11,7.809460163116455,7.8119001388549805,7.80403995513916,7.809460163116455,7.809460163116455,0,0.0,0.0
2023-12-12,7.80620002746582,7.811100006103516,7.801990032196045,7.80620002746582,7.80620002746582,0,0.0,0.0
2023-12-13,7.809500217437744,7.815000057220459,7.807250022888184,7.809500217437744,7.809500217437744,0,0.0,0.0
2023-12-14,7.811399936676025,7.811299800872803,7.8049798011779785,7.811399936676025,7.811399936676025,0,0.0,0.0
2023-12-15,7.8069000244140625,7.808499813079834,7.802800178527832,7.8069000244140625,7.8069000244140625,0,0.0,0.0
2023-12-18,7.802299976348877,7.803100109100342,7.7955098152160645,7.802299976348877,7.802299976348877,0,0.0,0.0
2023-12-19,7.795100212097168,7.801770210266113,7.793529987335205,7.795100212097168,7.795100212097168,0,0.0,0.0
2023-12-20,7.799600124359131,7.80797004699707,7.797989845275879,7.799600124359131,7.799600124359131,0,0.0,0.0
2023-12-21,7.806859970092773,7.8113298416137695,7.803440093994141,7.806859970092773,7.806859970092773,0,0.0,0.0
2023-12-22,7.8095598220825195,7.816500186920166,7.808080196380615,7.8095598220825195,7.8095598220825195,0,0.0,0.0
2023-12-25,7.809879779815674,7.8165998458862305,7.80649995803833,7.809879779815674,7.809879779815674,0,0.0,0.0
2023-12-26,7.809899806976318,7.8144001960754395,7.808640003204346,7.809899806976318,7.809899806976318,0,0.0,0.0
2023-12-27,7.80679988861084,7.817609786987305,7.806970119476318,7.80679988861084,7.80679988861084,0,0.0,0.0
2023-12-28,7.809899806976318,7.817800045013428,7.809110164642334,7.809899806976318,7.809899806976318,0,0.0,0.0
2023-12-29,7.811800003051758,7.817619800567627,7.807869911193848,7.811800003051758,7.811800003051758,0,0.0,0.0
2024-01-01,7.808000087738037,7.820099830627441,7.808000087738037,7.808000087738037,7.808000087738037,0,0.0,0.0
2024-01-02,7.809659957885742,7.8155999183654785,7.809169769287109,7.809659957885742,7.809659957885742,0,0.0,0.0
2024-01-03,7.814929962158203,7.815299987792969,7.803800106048584,7.814929962158203,7.814929962158203,0,0.0,0.0
2024-01-04,7.807499885559082,7.809899806976318,7.805970191955566,7.807499885559082,7.807499885559082,0,0.0,0.0
2024-01-05,7.809100151062012,7.811890125274658,7.8078999519348145,7.809100151062012,7.809100151062012,0,0.0,0.0
2024-01-08,7.811240196228027,7.811800003051758,7.805300235748291,7.811240196228027,7.811240196228027,0,0.0,0.0
2024-01-09,7.806000232696533,7.815830230712891,7.806310176849365,7.806000232696533,7.806000232696533,0,0.0,0.0
2024-01-10,7.815820217132568,7.821300029754639,7.814949989318848,7.815820217132568,7.815820217132568,0,0.0,0.0
2024-01-11,7.819900035858154,7.819799900054932,7.815420150756836,7.819900035858154,7.819900035858154,0,0.0,0.0
2024-01-12,7.817800045013428,7.823299884796143,7.816199779510498,7.817800045013428,7.817800045013428,0,0.0,0.0
2024-01-15,7.81997013092041,7.822199821472168,7.8189802169799805,7.81997013092041,7.81997013092041,0,0.0,0.0
2024-01-16,7.822720050811768,7.828149795532227,7.8203301429748535,7.822720050811768,7.822720050811768,0,0.0,0.0
2024-01-17,7.826300144195557,7.826399803161621,7.8213701248168945,7.826300144195557,7.826300144195557,0,0.0,0.0
2024-01-18,7.822490215301514,7.822690010070801,7.817500114440918,7.822490215301514,7.822490215301514,0,0.0,0.0
2024-01-19,7.821310043334961,7.822659969329834,7.818329811096191,7.821310043334961,7.821310043334961,0,0.0,0.0
2024-01-22,7.8170599937438965,7.819300174713135,7.815830230712891,7.8170599937438965,7.8170599937438965,0,0.0,0.0
2024-01-23,7.817440032958984,7.823800086975098,7.816740036010742,7.817440032958984,7.817440032958984,0,0.0,0.0
2024-01-24,7.822000026702881,7.823699951171875,7.817279815673828,7.822000026702881,7.822000026702881,0,0.0,0.0
2024-01-25,7.817699909210205,7.819499969482422,7.815340042114258,7.817699909210205,7.817699909210205,0,0.0,0.0
2024-01-26,7.818399906158447,7.818900108337402,7.812469959259033,7.818399906158447,7.818399906158447,0,0.0,0.0
2024-01-29,7.813119888305664,7.81689977645874,7.8109002113342285,7.813119888305664,7.813119888305664,0,0.0,0.0
2024-01-30,7.813799858093262,7.817800045013428,7.811349868774414,7.813799858093262,7.813799858093262,0,0.0,0.0
2024-01-31,7.816999912261963,7.819729804992676,7.816649913787842,7.816999912261963,7.816999912261963,0,0.0,0.0
2024-02-01,7.817500114440918,7.821199893951416,7.815999984741211,7.817500114440918,7.817500114440918,0,0.0,0.0
2024-02-02,7.820099830627441,7.820899963378906,7.817319869995117,7.820099830627441,7.820099830627441,0,0.0,0.0
2024-02-05,7.821340084075928,7.8231000900268555,7.820839881896973,7.821340084075928,7.821340084075928,0,0.0,0.0
2024-02-06,7.821599960327148,7.823699951171875,7.820590019226074,7.821599960327148,7.821599960327148,0,0.0,0.0
2024-02-07,7.822229862213135,7.822800159454346,7.818280220031738,7.822229862213135,7.822229862213135,0,0.0,0.0
2024-02-08,7.8190999031066895,7.821400165557861,7.818359851837158,7.8190999031066895,7.8190999031066895,0,0.0,0.0
2024-02-09,7.821300029754639,7.822299957275391,7.819149971008301,7.821300029754639,7.821300029754639,0,0.0,0.0
2024-02-12,7.819580078125,7.821400165557861,7.819260120391846,7.819580078125,7.819580078125,0,0.0,0.0
2024-02-13,7.8176798820495605,7.819699764251709,7.816440105438232,7.8176798820495605,7.8176798820495605,0,0.0,0.0
2024-02-14,7.81935977935791,7.820099830627441,7.816800117492676,7.81935977935791,7.81935977935791,0,0.0,0.0
2024-02-15,7.81810998916626,7.821100234985352,7.817230224609375,7.81810998916626,7.81810998916626,0,0.0,0.0
2024-02-16,7.820030212402344,7.82289981842041,7.819910049438477,7.820030212402344,7.820030212402344,0,0.0,0.0
2024-02-19,7.8206000328063965,7.821750164031982,7.819890022277832,7.8206000328063965,7.8206000328063965,0,0.0,0.0
2024-02-20,7.820899963378906,7.822380065917969,7.819980144500732,7.820899963378906,7.820899963378906,0,0.0,0.0
2024-02-21,7.8209099769592285,7.822199821472168,7.818689823150635,7.8209099769592285,7.8209099769592285,0,0.0,0.0
2024-02-22,7.820650100708008,7.822700023651123,7.819640159606934,7.820650100708008,7.820650100708008,0,0.0,0.0
2024-02-23,7.822500228881836,7.824699878692627,7.821869850158691,7.822500228881836,7.822500228881836,0,0.0,0.0
2024-02-26,7.823939800262451,7.825099945068359,7.822480201721191,7.823939800262451,7.823939800262451,0,0.0,0.0
2024-02-27,7.824220180511475,7.825099945068359,7.8219499588012695,7.824220180511475,7.824220180511475,0,0.0,0.0
2024-02-28,7.82450008392334,7.827970027923584,7.82420015335083,7.82450008392334,7.82450008392334,0,0.0,0.0
2024-02-29,7.8277997970581055,7.829150199890137,7.825870037078857,7.8277997970581055,7.8277997970581055,0,0.0,0.0
2024-03-01,7.828390121459961,7.829500198364258,7.827270030975342,7.828390121459961,7.828390121459961,0,0.0,0.0
2024-03-04,7.8282999992370605,7.829100131988525,7.823430061340332,7.8282999992370605,7.8282999992370605,0,0.0,0.0
2024-03-05,7.824900150299072,7.825900077819824,7.821979999542236,7.824900150299072,7.824900150299072,0,0.0,0.0
2024-03-06,7.824379920959473,7.824900150299072,7.822279930114746,7.824379920959473,7.824379920959473,0,0.0,0.0
2024-03-07,7.823999881744385,7.8246002197265625,7.818999767303467,7.823999881744385,7.823999881744385,0,0.0,0.0
2024-03-08,7.820400238037109,7.821899890899658,7.818999767303467,7.820400238037109,7.820400238037109,0,0.0,0.0
2024-03-11,7.82036018371582,7.821149826049805,7.818960189819336,7.82036018371582,7.82036018371582,0,0.0,0.0
2024-03-12,7.821400165557861,7.824709892272949,7.819699764251709,7.821400165557861,7.821400165557861,0,0.0,0.0
2024-03-13,7.824039936065674,7.824699878692627,7.82234001159668,7.824039936065674,7.824039936065674,0,0.0,0.0
2024-03-14,7.823080062866211,7.823800086975098,7.820730209350586,7.823080062866211,7.823080062866211,0,0.0,0.0
2024-03-15,7.82204008102417,7.823130130767822,7.820620059967041,7.82204008102417,7.82204008102417,0,0.0,0.0
2024-03-18,7.82181978225708,7.822800159454346,7.817759990692139,7.82181978225708,7.82181978225708,0,0.0,0.0
2024-03-19,7.819429874420166,7.823090076446533,7.81889009475708,7.819429874420166,7.819429874420166,0,0.0,0.0
2024-03-20,7.822700023651123,7.8239898681640625,7.821969985961914,7.822700023651123,7.822700023651123,0,0.0,0.0
2024-03-21,7.822999954223633,7.82289981842041,7.8196001052856445,7.822999954223633,7.822999954223633,0,0.0,0.0
2024-03-22,7.820799827575684,7.823200225830078,7.817279815673828,7.820799827575684,7.820799827575684,0,0.0,0.0
2024-03-25,7.82144021987915,7.821899890899658,7.818550109863281,7.82144021987915,7.82144021987915,0,0.0,0.0
2024-03-26,7.821420192718506,7.823599815368652,7.820809841156006,7.821420192718506,7.821420192718506,0,0.0,0.0
2024-03-27,7.822969913482666,7.82420015335083,7.822020053863525,7.822969913482666,7.822969913482666,0,0.0,0.0
2024-03-28,7.823500156402588,7.826469898223877,7.822979927062988,7.823500156402588,7.823500156402588,0,0.0,0.0
2024-03-29,7.825699806213379,7.827700138092041,7.82358980178833,7.825699806213379,7.825699806213379,0,0.0,0.0
2024-04-01,7.825510025024414,7.827099800109863,7.824059963226318,7.825510025024414,7.825510025024414,0,0.0,0.0
2024-04-02,7.825200080871582,7.82919979095459,7.824230194091797,7.825200080871582,7.825200080871582,0,0.0,0.0
2024-04-03,7.828400135040283,7.829400062561035,7.827539920806885,7.828400135040283,7.828400135040283,0,0.0,0.0
2024-04-04,7.828479766845703,7.828999996185303,7.827400207519531,7.828479766845703,7.828479766845703,0,0.0,0.0
2024-04-05,7.82919979095459,7.829100131988525,7.826330184936523,7.82919979095459,7.82919979095459,0,0.0,0.0
2024-04-08,7.828579902648926,7.832099914550781,7.828370094299316,7.828579902648926,7.828579902648926,0,0.0,0.0
2024-04-09,7.831699848175049,7.8317999839782715,7.829400062561035,7.831699848175049,7.831699848175049,0,0.0,0.0
2024-04-10,7.8304901123046875,7.834799766540527,7.830379962921143,7.8304901123046875,7.8304901123046875,0,0.0,0.0
2024-04-11,7.835299968719482,7.8371500968933105,7.83342981338501,7.835299968719482,7.835299968719482,0,0.0,0.0
2024-04-12,7.837800025939941,7.837900161743164,7.835669994354248,7.837800025939941,7.837800025939941,0,0.0,0.0
2024-04-15,7.837279796600342,7.837900161743164,7.8271098136901855,7.837279796600342,7.837279796600342,0,0.0,0.0
2024-04-16,7.82889986038208,7.832499980926514,7.826399803161621,7.82889986038208,7.82889986038208,0,0.0,0.0
2024-04-17,7.831920146942139,7.832399845123291,7.8302001953125,7.831920146942139,7.831920146942139,0,0.0,0.0
2024-04-18,7.830090045928955,7.832200050354004,7.829239845275879,7.830090045928955,7.830090045928955,0,0.0,0.0
2024-04-19,7.831500053405762,7.833600044250488,7.8272600173950195,7.831500053405762,7.831500053405762,0,0.0,0.0
2024-04-22,7.831630229949951,7.8368000984191895,7.831630229949951,7.831709861755371,7.831709861755371,0,0.0,0.0
2024-04-23,7.83558988571167,7.837600231170654,7.835229873657227,7.83558988571167,7.83558988571167,0,0.0,0.0
2024-04-24,7.834199905395508,7.835949897766113,7.831349849700928,7.834199905395508,7.834199905395508,0,0.0,0.0
2024-04-25,7.830699920654297,7.830699920654297,7.827489852905273,7.830699920654297,7.830699920654297,0,0.0,0.0
2024-04-26,7.827700138092041,7.830900192260742,7.8267998695373535,7.827700138092041,7.827700138092041,0,0.0,0.0
2024-04-29,7.828869819641113,7.829549789428711,7.823639869689941,7.828869819641113,7.828869819641113,0,0.0,0.0
2024-04-30,7.825500011444092,7.827300071716309,7.817550182342529,7.825500011444092,7.825500011444092,0,0.0,0.0
2024-05-01,7.823599815368652,7.824399948120117,7.819159984588623,7.823599815368652,7.823599815368652,0,0.0,0.0
2024-05-02,7.821770191192627,7.822800159454346,7.815000057220459,7.821770191192627,7.821770191192627,0,0.0,0.0
2024-05-03,7.81387996673584,7.817399978637695,7.808929920196533,7.81387996673584,7.81387996673584,0,0.0,0.0
2024-05-06,7.809969902038574,7.81790018081665,7.810540199279785,7.809969902038574,7.809969902038574,0,0.0,0.0
2024-05-07,7.818260192871094,7.822700023651123,7.816699981689453,7.818260192871094,7.818260192871094,0,0.0,0.0
2024-05-08,7.820610046386719,7.822299957275391,7.815820217132568,7.820610046386719,7.820610046386719,0,0.0,0.0
2024-05-09,7.8165998458862305,7.81810998916626,7.813139915466309,7.8165998458862305,7.8165998458862305,0,0.0,0.0
2024-05-10,7.8140997886657715,7.816720008850098,7.812349796295166,7.8140997886657715,7.8140997886657715,0,0.0,0.0
2024-05-13,7.815000057220459,7.8155999183654785,7.811110019683838,7.815000057220459,7.815000057220459,0,0.0,0.0
2024-05-14,7.812399864196777,7.8125200271606445,7.809269905090332,7.812399864196777,7.812399864196777,0,0.0,0.0
2024-05-15,7.811600208282471,7.8119001388549805,7.805699825286865,7.811600208282471,7.811600208282471,0,0.0,0.0
2024-05-16,7.807549953460693,7.8078999519348145,7.801370143890381,7.807549953460693,7.807549953460693,0,0.0,0.0
2024-05-17,7.801270008087158,7.8028998374938965,7.799369812011719,7.801270008087158,7.801270008087158,0,0.0,0.0
2024-05-20,7.802249908447266,7.80387020111084,7.797379970550537,7.802249908447266,7.802249908447266,0,0.0,0.0
2024-05-21,7.798699855804443,7.804699897766113,7.796319961547852,7.798699855804443,7.798699855804443,0,0.0,0.0
2024-05-22,7.804520130157471,7.80709981918335,7.803699970245361,7.804520130157471,7.804520130157471,0,0.0,0.0
2024-05-23,7.8038201332092285,7.80935001373291,7.803790092468262,7.8038201332092285,7.8038201332092285,0,0.0,0.0
2024-05-24,7.808509826660156,7.813680171966553,7.808060169219971,7.808509826660156,7.808509826660156,0,0.0,0.0
2024-05-27,7.81220006942749,7.8142900466918945,7.806550025939941,7.81220006942749,7.81220006942749,0,0.0,0.0
2024-05-28,7.806819915771484,7.811399936676025,7.805960178375244,7.806819915771484,7.806819915771484,0,0.0,0.0
2024-05-29,7.811110019683838,7.814839839935303,7.811110019683838,7.811110019683838,7.811110019683838,0,0.0,0.0
2024-05-30,7.813570022583008,7.8189802169799805,7.812079906463623,7.813570022583008,7.813570022583008,0,0.0,0.0
2024-05-31,7.817200183868408,7.823490142822266,7.813290119171143,7.817200183868408,7.817200183868408,0,0.0,0.0
2024-06-03,7.819699764251709,7.821499824523926,7.818089962005615,7.819699764251709,7.819699764251709,0,0.0,0.0
2024-06-04,7.819900035858154,7.820000171661377,7.8124098777771,7.819900035858154,7.819900035858154,0,0.0,0.0
2024-06-05,7.813899993896484,7.813799858093262,7.807950019836426,7.813899993896484,7.813899993896484,0,0.0,0.0
2024-06-06,7.809999942779541,7.810800075531006,7.808010101318359,7.809999942779541,7.809999942779541,0,0.0,0.0
2024-06-07,7.809319972991943,7.811960220336914,7.807700157165527,7.809319972991943,7.809319972991943,0,0.0,0.0
2024-06-10,7.811600208282471,7.8140997886657715,7.808300018310547,7.811600208282471,7.811600208282471,0,0.0,0.0
2024-06-11,7.8119001388549805,7.812170028686523,7.807779788970947,7.8119001388549805,7.8119001388549805,0,0.0,0.0
2024-06-12,7.811920166015625,7.812300205230713,7.807700157165527,7.811920166015625,7.811920166015625,0,0.0,0.0
2024-06-13,7.808300018310547,7.810999870300293,7.80748987197876,7.808300018310547,7.808300018310547,0,0.0,0.0
2024-06-14,7.810359954833984,7.812220096588135,7.808899879455566,7.810359954833984,7.810359954833984,0,0.0,0.0
2024-06-17,7.811950206756592,7.81210994720459,7.80866003036499,7.811950206756592,7.811950206756592,0,0.0,0.0
2024-06-18,7.810500144958496,7.8109002113342285,7.806180000305176,7.810500144958496,7.810500144958496,0,0.0,0.0
2024-06-19,7.8073601722717285,7.808800220489502,7.805170059204102,7.8073601722717285,7.8073601722717285,0,0.0,0.0
2024-06-20,7.8061299324035645,7.80649995803833,7.80286979675293,7.8061299324035645,7.8061299324035645,0,0.0,0.0
2024-06-21,7.804810047149658,7.805970191955566,7.80148983001709,7.804810047149658,7.804810047149658,0,0.0,0.0
2024-06-24,7.803299903869629,7.808300018310547,7.80295991897583,7.803299903869629,7.803299903869629,0,0.0,0.0
2024-06-25,7.808000087738037,7.8094000816345215,7.806099891662598,7.808000087738037,7.808000087738037,0,0.0,0.0
2024-06-26,7.808899879455566,7.8105998039245605,7.807300090789795,7.808899879455566,7.808899879455566,0,0.0,0.0
2024-06-27,7.808700084686279,7.809299945831299,7.806399822235107,7.808700084686279,7.808700084686279,0,0.0,0.0
2024-06-28,7.809000015258789,7.809500217437744,7.806250095367432,7.809000015258789,7.809000015258789,0,0.0,0.0
2024-07-01,7.808629989624023,7.813109874725342,7.808460235595703,7.808629989624023,7.808629989624023,0,0.0,0.0
2024-07-02,7.812260150909424,7.814799785614014,7.810800075531006,7.812260150909424,7.812260150909424,0,0.0,0.0
2024-07-03,7.813499927520752,7.814119815826416,7.809209823608398,7.813499927520752,7.813499927520752,0,0.0,0.0
2024-07-04,7.8084001541137695,7.811299800872803,7.807700157165527,7.8084001541137695,7.8084001541137695,0,0.0,0.0
2024-07-05,7.809100151062012,7.8125,7.807980060577393,7.809100151062012,7.809100151062012,0,0.0,0.0
2024-07-08,7.8126301765441895,7.813010215759277,7.8100199699401855,7.8126301765441895,7.8126301765441895,0,0.0,0.0
2024-07-09,7.809830188751221,7.8125,7.809529781341553,7.809830188751221,7.809830188751221,0,0.0,0.0
2024-07-10,7.811800003051758,7.8125,7.809899806976318,7.811800003051758,7.811800003051758,0,0.0,0.0
2024-07-11,7.810800075531006,7.810999870300293,7.806700229644775,7.810800075531006,7.810800075531006,0,0.0,0.0
2024-07-12,7.807459831237793,7.808119773864746,7.805600166320801,7.807459831237793,7.807459831237793,0,0.0,0.0
2024-07-15,7.807350158691406,7.808499813079834,7.8042497634887695,7.807350158691406,7.807350158691406,0,0.0,0.0
2024-07-16,7.8069000244140625,7.807950019836426,7.803440093994141,7.8069000244140625,7.8069000244140625,0,0.0,0.0
2024-07-17,7.807469844818115,7.808800220489502,7.805200099945068,7.807469844818115,7.807469844818115,0,0.0,0.0
2024-07-18,7.806700229644775,7.810200214385986,7.805970191955566,7.806700229644775,7.806700229644775,0,0.0,0.0
2024-07-19,7.809999942779541,7.811800003051758,7.808199882507324,7.809999942779541,7.809999942779541,0,0.0,0.0
2024-07-22,7.809450149536133,7.810999870300293,7.806399822235107,7.809450149536133,7.809450149536133,0,0.0,0.0
2024-07-23,7.806700229644775,7.808599948883057,7.80564022064209,7.806700229644775,7.806700229644775,0,0.0,0.0
2024-07-24,7.807700157165527,7.809790134429932,7.807449817657471,7.807700157165527,7.807700157165527,0,0.0,0.0
2024-07-25,7.808800220489502,7.809199810028076,7.803329944610596,7.808800220489502,7.808800220489502,0,0.0,0.0
2024-07-26,7.806700229644775,7.807499885559082,7.805290222167969,7.806700229644775,7.806700229644775,0,0.0,0.0
2024-07-29,7.806700229644775,7.811800003051758,7.806300163269043,7.806700229644775,7.806700229644775,0,0.0,0.0
2024-07-30,7.810299873352051,7.813899993896484,7.810160160064697,7.810299873352051,7.810299873352051,0,0.0,0.0
2024-07-31,7.8125901222229,7.813499927520752,7.810669898986816,7.8125901222229,7.8125901222229,0,0.0,0.0
2024-08-01,7.81279993057251,7.815700054168701,7.811910152435303,7.81279993057251,7.81279993057251,0,0.0,0.0
2024-08-02,7.814199924468994,7.815700054168701,7.806489944458008,7.814199924468994,7.814199924468994,0,0.0,0.0
2024-08-05,7.804969787597656,7.8053998947143555,7.718480110168457,7.804969787597656,7.804969787597656,0,0.0,0.0
2024-08-06,7.792900085449219,7.796060085296631,7.789030075073242,7.792900085449219,7.792900085449219,0,0.0,0.0
2024-08-07,7.7947001457214355,7.799699783325195,7.793389797210693,7.7947001457214355,7.7947001457214355,0,0.0,0.0
2024-08-08,7.792200088500977,7.796500205993652,7.785880088806152,7.792200088500977,7.792200088500977,0,0.0,0.0
2024-08-09,7.793839931488037,7.798999786376953,7.793580055236816,7.793839931488037,7.793839931488037,0,0.0,0.0
2024-08-12,7.798399925231934,7.799600124359131,7.788949966430664,7.798399925231934,7.798399925231934,0,0.0,0.0
2024-08-13,7.791540145874023,7.7924699783325195,7.786990165710449,7.791540145874023,7.791540145874023,0,0.0,0.0
2024-08-14,7.788700103759766,7.792799949645996,7.785729885101318,7.788700103759766,7.788700103759766,0,0.0,0.0
2024-08-15,7.791600227355957,7.797399997711182,7.788939952850342,7.791600227355957,7.791600227355957,0,0.0,0.0
2024-08-16,7.796899795532227,7.7972002029418945,7.793139934539795,7.796899795532227,7.796899795532227,0,0.0,0.0
2024-08-19,7.7941999435424805,7.795000076293945,7.7884202003479,7.7941999435424805,7.7941999435424805,0,0.0,0.0
2024-08-20,7.7889299392700195,7.790900230407715,7.785580158233643,7.7889299392700195,7.7889299392700195,0,0.0,0.0
2024-08-21,7.788300037384033,7.794400215148926,7.78754997253418,7.788300037384033,7.788300037384033,0,0.0,0.0
2024-08-22,7.792640209197998,7.797900199890137,7.79049015045166,7.792640209197998,7.792640209197998,0,0.0,0.0
2024-08-23,7.796800136566162,7.80049991607666,7.794899940490723,7.796800136566162,7.796800136566162,0,0.0,0.0
2024-08-26,7.796899795532227,7.797130107879639,7.79355001449585,7.796899795532227,7.796899795532227,0,0.0,0.0
2024-08-27,7.796800136566162,7.802800178527832,7.796609878540039,7.796800136566162,7.796800136566162,0,0.0,0.0
2024-08-28,7.801799774169922,7.802499771118164,7.797959804534912,7.801799774169922,7.801799774169922,0,0.0,0.0
2024-08-29,7.800020217895508,7.80019998550415,7.791659832000732,7.800020217895508,7.800020217895508,0,0.0,0.0
2024-08-30,7.796860218048096,7.8010101318359375,7.793499946594238,7.796860218048096,7.796860218048096,0,0.0,0.0
2024-09-02,7.797689914703369,7.798699855804443,7.795949935913086,7.797689914703369,7.797689914703369,0,0.0,0.0
2024-09-03,7.796370029449463,7.798999786376953,7.7955498695373535,7.796370029449463,7.796370029449463,0,0.0,0.0
2024-09-04,7.798299789428711,7.798799991607666,7.795599937438965,7.798299789428711,7.798299789428711,0,0.0,0.0
2024-09-05,7.7957000732421875,7.79610013961792,7.792870044708252,7.7957000732421875,7.7957000732421875,0,0.0,0.0
2024-09-06,7.793580055236816,7.7962799072265625,7.789120197296143,7.793580055236816,7.793580055236816,0,0.0,0.0
2024-09-09,7.7953901290893555,7.797800064086914,7.794750213623047,7.7953901290893555,7.7953901290893555,0,0.0,0.0
2024-09-10,7.796500205993652,7.7982001304626465,7.794990062713623,7.796500205993652,7.796500205993652,0,0.0,0.0
2024-09-11,7.7972002029418945,7.799339771270752,7.795670032501221,7.7972002029418945,7.7972002029418945,0,0.0,0.0
2024-09-12,7.797510147094727,7.803199768066406,7.797150135040283,7.797510147094727,7.797510147094727,0,0.0,0.0
2024-09-13,7.802519798278809,7.8020501136779785,7.796999931335449,7.802519798278809,7.802519798278809,0,0.0,0.0
2024-09-16,7.7982001304626465,7.798699855804443,7.792900085449219,7.7982001304626465,7.7982001304626465,0,0.0,0.0
2024-09-17,7.792300224304199,7.793270111083984,7.788790225982666,7.792300224304199,7.792300224304199,0,0.0,0.0
2024-09-18,7.793700218200684,7.794400215148926,7.791500091552734,7.793700218200684,7.793700218200684,0,0.0,0.0
2024-09-19,7.793700218200684,7.79640007019043,7.791039943695068,7.793700218200684,7.793700218200684,0,0.0,0.0
2024-09-20,7.79394006729126,7.794620037078857,7.78879976272583,7.79394006729126,7.79394006729126,0,0.0,0.0
2024-09-23,7.790900230407715,7.791999816894531,7.783510208129883,7.790900230407715,7.790900230407715,0,0.0,0.0
2024-09-24,7.786499977111816,7.78941011428833,7.781400203704834,7.786499977111816,7.786499977111816,0,0.0,0.0
2024-09-25,7.7825398445129395,7.788400173187256,7.782179832458496,7.7825398445129395,7.7825398445129395,0,0.0,0.0
2024-09-26,7.786300182342529,7.785950183868408,7.778200149536133,7.786300182342529,7.786300182342529,0,0.0,0.0
2024-09-27,7.779379844665527,7.782899856567383,7.769979953765869,7.779379844665527,7.779379844665527,0,0.0,0.0
2024-09-30,7.773280143737793,7.774099826812744,7.763090133666992,7.773280143737793,7.773280143737793,0,0.0,0.0
2024-10-01,7.774099826812744,7.776209831237793,7.772089958190918,7.774099826812744,7.774099826812744,0,0.0,0.0
2024-10-02,7.771679878234863,7.774159908294678,7.761280059814453,7.771679878234863,7.771679878234863,0,0.0,0.0
2024-10-03,7.762670040130615,7.771830081939697,7.7624101638793945,7.762670040130615,7.762670040130615,0,0.0,0.0
2024-10-04,7.765379905700684,7.769489765167236,7.762129783630371,7.765379905700684,7.765379905700684,0,0.0,0.0
2024-10-07,7.766600131988525,7.767600059509277,7.7634100914001465,7.766600131988525,7.766600131988525,0,0.0,0.0
2024-10-08,7.766089916229248,7.774930000305176,7.765739917755127,7.766089916229248,7.766089916229248,0,0.0,0.0
2024-10-09,7.774700164794922,7.777090072631836,7.767920017242432,7.774700164794922,7.774700164794922,0,0.0,0.0
2024-10-10,7.772600173950195,7.773499965667725,7.769209861755371,7.772600173950195,7.772600173950195,0,0.0,0.0
2024-10-11,7.769559860229492,7.771900177001953,7.768700122833252,7.769559860229492,7.769559860229492,0,0.0,0.0
2024-10-14,7.772240161895752,7.773099899291992,7.761099815368652,7.772240161895752,7.772240161895752,0,0.0,0.0
2024-10-15,7.7626800537109375,7.768539905548096,7.762340068817139,7.7626800537109375,7.7626800537109375,0,0.0,0.0
2024-10-16,7.7677998542785645,7.771979808807373,7.766910076141357,7.7677998542785645,7.7677998542785645,0,0.0,0.0
2024-10-17,7.770470142364502,7.77554988861084,7.770380020141602,7.770470142364502,7.770470142364502,0,0.0,0.0
2024-10-18,7.773600101470947,7.77400016784668,7.767499923706055,7.773600101470947,7.773600101470947,0,0.0,0.0
2024-10-21,7.76993989944458,7.77400016784668,7.768119812011719,7.76993989944458,7.76993989944458,0,0.0,0.0
2024-10-22,7.77370023727417,7.774600028991699,7.771669864654541,7.77370023727417,7.77370023727417,0,0.0,0.0
2024-10-23,7.77209997177124,7.773799896240234,7.769000053405762,7.77209997177124,7.77209997177124,0,0.0,0.0
2024-10-24,7.769400119781494,7.7712202072143555,7.767300128936768,7.769400119781494,7.769400119781494,0,0.0,0.0
2024-10-25,7.77016019821167,7.771599769592285,7.7685699462890625,7.77016019821167,7.77016019821167,0,0.0,0.0
2024-10-28,7.770730018615723,7.773399829864502,7.769499778747559,7.770730018615723,7.770730018615723,0,0.0,0.0
2024-10-29,7.771900177001953,7.772190093994141,7.769489765167236,7.771900177001953,7.771900177001953,0,0.0,0.0
2024-10-30,7.771100044250488,7.773630142211914,7.76954984664917,7.771100044250488,7.771100044250488,0,0.0,0.0
2024-10-31,7.77131986618042,7.774680137634277,7.77101993560791,7.77131986618042,7.77131986618042,0,0.0,0.0
2024-11-01,7.77377986907959,7.778500080108643,7.7733001708984375,7.77377986907959,7.77377986907959,0,0.0,0.0
2024-11-04,7.776189804077148,7.776500225067139,7.771580219268799,7.776189804077148,7.776189804077148,0,0.0,0.0
2024-11-05,7.77269983291626,7.7748799324035645,7.77023983001709,7.77269983291626,7.77269983291626,0,0.0,0.0
2024-11-06,7.771420001983643,7.7782697677612305,7.771679878234863,7.771420001983643,7.771420001983643,0,0.0,0.0
2024-11-07,7.77603006362915,7.776299953460693,7.770770072937012,7.77603006362915,7.77603006362915,0,0.0,0.0
2024-11-08,7.770999908447266,7.775700092315674,7.768489837646484,7.770999908447266,7.770999908447266,0,0.0,0.0
2024-11-11,7.774839878082275,7.776800155639648,7.772500038146973,7.774839878082275,7.774839878082275,0,0.0,0.0
2024-11-12,7.775899887084961,7.779699802398682,7.774499893188477,7.775899887084961,7.775899887084961,0,0.0,0.0
2024-11-13,7.778200149536133,7.781310081481934,7.77623987197876,7.778200149536133,7.778200149536133,0,0.0,0.0
2024-11-14,7.781139850616455,7.784200191497803,7.779240131378174,7.781139850616455,7.781139850616455,0,0.0,0.0
2024-11-15,7.7814202308654785,7.786340236663818,7.781300067901611,7.7814202308654785,7.7814202308654785,0,0.0,0.0
2024-11-18,7.786349773406982,7.786489963531494,7.782800197601318,7.786349773406982,7.786349773406982,0,0.0,0.0
2024-11-19,7.783520221710205,7.78410005569458,7.780519962310791,7.783520221710205,7.783520221710205,0,0.0,0.0
2024-11-20,7.7833099365234375,7.783999919891357,7.781000137329102,7.7833099365234375,7.7833099365234375,0,0.0,0.0
2024-11-21,7.7829999923706055,7.783699989318848,7.781400203704834,7.7829999923706055,7.7829999923706055,0,0.0,0.0
2024-11-22,7.782800197601318,7.784999847412109,7.781149864196777,7.782800197601318,7.782800197601318,0,0.0,0.0
2024-11-25,7.783160209655762,7.783400058746338,7.779799938201904,7.783160209655762,7.783160209655762,0,0.0,0.0
2024-11-26,7.782320022583008,7.783840179443359,7.779799938201904,7.782320022583008,7.782320022583008,0,0.0,0.0
2024-11-27,7.782700061798096,7.782700061798096,7.7804999351501465,7.782700061798096,7.782700061798096,0,0.0,0.0
2024-11-28,7.781030178070068,7.7842302322387695,7.779900074005127,7.781030178070068,7.781030178070068,0,0.0,0.0
2024-11-29,7.783599853515625,7.7845001220703125,7.780379772186279,7.783599853515625,7.783599853515625,0,0.0,0.0
2024-12-02,7.781799793243408,7.783659934997559,7.780680179595947,7.781519889831543,7.781519889831543,0,0.0,0.0
2024-12-03,7.781370162963867,7.78439998626709,7.780799865722656,7.781370162963867,7.781370162963867,0,0.0,0.0
2024-12-04,7.7829999923706055,7.785039901733398,7.781899929046631,7.7829999923706055,7.7829999923706055,0,0.0,0.0
2024-12-05,7.784299850463867,7.78439998626709,7.781360149383545,7.784299850463867,7.784299850463867,0,0.0,0.0
2024-12-06,7.781589984893799,7.782700061798096,7.778590202331543,7.781589984893799,7.781589984893799,0,0.0,0.0
2024-12-09,7.77977991104126,7.781300067901611,7.772600173950195,7.77977991104126,7.77977991104126,0,0.0,0.0
2024-12-10,7.774240016937256,7.77701997756958,7.770909786224365,7.774240016937256,7.774240016937256,0,0.0,0.0
2024-12-11,7.774069786071777,7.777900218963623,7.771780014038086,7.774069786071777,7.774069786071777,0,0.0,0.0
2024-12-12,7.774750232696533,7.776199817657471,7.774059772491455,7.774750232696533,7.774750232696533,0,0.0,0.0
2024-12-13,7.775100231170654,7.776400089263916,7.773119926452637,7.775100231170654,7.775100231170654,0,0.0,0.0
2024-12-16,7.775320053100586,7.776509761810303,7.773519992828369,7.775320053100586,7.775320053100586,0,0.0,0.0
2024-12-17,7.774219989776611,7.774799823760986,7.7677001953125,7.774219989776611,7.774219989776611,0,0.0,0.0
2024-12-18,7.770299911499023,7.771910190582275,7.7677998542785645,7.770299911499023,7.770299911499023,0,0.0,0.0
2024-12-19,7.771599769592285,7.773799896240234,7.7685699462890625,7.771599769592285,7.771599769592285,0,0.0,0.0
2024-12-20,7.769999980926514,7.773920059204102,7.768700122833252,7.769999980926514,7.769999980926514,0,0.0,0.0
2024-12-23,7.772759914398193,7.772799968719482,7.768499851226807,7.772759914398193,7.772759914398193,0,0.0,0.0
2024-12-24,7.769800186157227,7.770299911499023,7.7652997970581055,7.769800186157227,7.769800186157227,0,0.0,0.0
2024-12-25,7.767399787902832,7.787199974060059,7.762030124664307,7.767399787902832,7.767399787902832,0,0.0,0.0
2024-12-26,7.765999794006348,7.768239974975586,7.765989780426025,7.765999794006348,7.765999794006348,0,0.0,0.0
2024-12-27,7.768199920654297,7.768199920654297,7.760799884796143,7.768199920654297,7.768199920654297,0,0.0,0.0
2024-12-30,7.763319969177246,7.767960071563721,7.758999824523926,7.763319969177246,7.763319969177246,0,0.0,0.0
2024-12-31,7.763500213623047,7.768199920654297,7.761340141296387,7.763500213623047,7.763500213623047,0,0.0,0.0
2025-01-01,,,,,,0,0.0,0.0
2025-01-02,7.767960071563721,7.778709888458252,7.767960071563721,7.767930030822754,7.767930030822754,0,0.0,0.0
2025-01-03,7.776800155639648,7.78000020980835,7.775700092315674,7.776800155639648,7.776800155639648,0,0.0,0.0
2025-01-06,7.777550220489502,7.778530120849609,7.772019863128662,7.777550220489502,7.777550220489502,0,0.0,0.0
2025-01-07,7.775310039520264,7.777400016784668,7.770820140838623,7.775310039520264,7.775310039520264,0,0.0,0.0
2025-01-08,7.77646017074585,7.781070232391357,7.77377986907959,7.77646017074585,7.77646017074585,0,0.0,0.0
2025-01-09,7.77918004989624,7.782649993896484,7.778110027313232,7.77918004989624,7.77918004989624,0,0.0,0.0
2025-01-10,7.782110214233398,7.787469863891602,7.779799938201904,7.782110214233398,7.782110214233398,0,0.0,0.0
2025-01-13,7.786099910736084,7.787600040435791,7.784470081329346,7.786099910736084,7.786099910736084,0,0.0,0.0
2025-01-14,7.785029888153076,7.786900043487549,7.781799793243408,7.785029888153076,7.785029888153076,0,0.0,0.0
2025-01-15,7.7870001792907715,7.789770126342773,7.784679889678955,7.7870001792907715,7.7870001792907715,0,0.0,0.0
2025-01-16,7.785039901733398,7.789060115814209,7.783899784088135,7.785039901733398,7.785039901733398,0,0.0,0.0
2025-01-17,7.787700176239014,7.788780212402344,7.782360076904297,7.787700176239014,7.787700176239014,0,0.0,0.0
2025-01-20,7.7842698097229,7.786250114440918,7.778600215911865,7.7842698097229,7.7842698097229,0,0.0,0.0
2025-01-21,7.780489921569824,7.786499977111816,7.778389930725098,7.780489921569824,7.780489921569824,0,0.0,0.0
2025-01-22,7.785699844360352,7.790289878845215,7.785200119018555,7.785699844360352,7.785699844360352,0,0.0,0.0
2025-01-23,7.787650108337402,7.791440010070801,7.785970211029053,7.787650108337402,7.787650108337402,0,0.0,0.0
2025-01-24,7.789209842681885,7.790259838104248,7.784430027008057,7.789209842681885,7.789209842681885,0,0.0,0.0
2025-01-27,7.787749767303467,7.791900157928467,7.785250186920166,7.787749767303467,7.787749767303467,0,0.0,0.0
2025-01-28,7.788219928741455,7.792069911956787,7.787209987640381,7.788219928741455,7.788219928741455,0,0.0,0.0
2025-01-29,7.79010009765625,7.7916998863220215,7.7888898849487305,7.79010009765625,7.79010009765625,0,0.0,0.0
2025-01-30,7.792300224304199,7.793449878692627,7.789899826049805,7.792300224304199,7.792300224304199,0,0.0,0.0
2025-01-31,7.7916998863220215,7.793700218200684,7.790939807891846,7.7916998863220215,7.7916998863220215,0,0.0,0.0
2025-02-03,7.794960021972656,7.795400142669678,7.791609764099121,7.794960021972656,7.794960021972656,0,0.0,0.0
2025-02-04,7.7932000160217285,7.793099880218506,7.786099910736084,7.7932000160217285,7.7932000160217285,0,0.0,0.0
2025-02-05,7.786900043487549,7.790070056915283,7.785059928894043,7.786900043487549,7.786900043487549,0,0.0,0.0
2025-02-06,7.786099910736084,7.788229942321777,7.783599853515625,7.786099910736084,7.786099910736084,0,0.0,0.0
2025-02-07,7.786499977111816,7.790900230407715,7.784570217132568,7.786499977111816,7.786499977111816,0,0.0,0.0
2025-02-10,7.790339946746826,7.791399955749512,7.78734016418457,7.790339946746826,7.790339946746826,0,0.0,0.0
2025-02-11,7.789100170135498,7.793320178985596,7.788249969482422,7.789100170135498,7.789100170135498,0,0.0,0.0
2025-02-12,7.791729927062988,7.793499946594238,7.788060188293457,7.791729927062988,7.791729927062988,0,0.0,0.0
2025-02-13,7.789430141448975,7.789899826049805,7.78548002243042,7.789430141448975,7.789430141448975,0,0.0,0.0
2025-02-14,7.788000106811523,7.788400173187256,7.781879901885986,7.788000106811523,7.788000106811523,0,0.0,0.0
2025-02-17,7.78272008895874,7.784580230712891,7.77869987487793,7.78272008895874,7.78272008895874,0,0.0,0.0
2025-02-18,7.780119895935059,7.782700061798096,7.774159908294678,7.780119895935059,7.780119895935059,0,0.0,0.0
2025-02-19,7.774400234222412,7.777760028839111,7.77223014831543,7.774400234222412,7.774400234222412,0,0.0,0.0
2025-02-20,7.777820110321045,7.7806901931762695,7.774710178375244,7.777820110321045,7.777820110321045,0,0.0,0.0
2025-02-21,7.775619983673096,7.776400089263916,7.76869010925293,7.775619983673096,7.775619983673096,0,0.0,0.0
2025-02-24,7.769529819488525,7.774720191955566,7.768579959869385,7.769529819488525,7.769529819488525,0,0.0,0.0
2025-02-25,7.773890018463135,7.7778000831604,7.772799968719482,7.773890018463135,7.773890018463135,0,0.0,0.0
2025-02-26,7.773220062255859,7.773900032043457,7.770170211791992,7.773220062255859,7.773220062255859,0,0.0,0.0
2025-02-27,7.773019790649414,7.776100158691406,7.771999835968018,7.773019790649414,7.773019790649414,0,0.0,0.0
2025-02-28,7.776810169219971,7.779399871826172,7.775370121002197,7.776810169219971,7.776810169219971,0,0.0,0.0
2025-03-03,7.7777299880981445,7.778220176696777,7.775199890136719,7.7777299880981445,7.7777299880981445,0,0.0,0.0
2025-03-04,7.777170181274414,7.777900218963623,7.772150039672852,7.777170181274414,7.777170181274414,0,0.0,0.0
2025-03-05,7.7724199295043945,7.774179935455322,7.770299911499023,7.7724199295043945,7.7724199295043945,0,0.0,0.0
2025-03-06,7.770400047302246,7.7743000984191895,7.768799781799316,7.770400047302246,7.770400047302246,0,0.0,0.0
2025-03-07,7.77239990234375,7.774700164794922,7.769229888916016,7.77239990234375,7.77239990234375,0,0.0,0.0
2025-03-10,7.771200180053711,7.772409915924072,7.7665300369262695,7.771200180053711,7.771200180053711,0,0.0,0.0
2025-03-11,7.769199848175049,7.770500183105469,7.766719818115234,7.769199848175049,7.769199848175049,0,0.0,0.0
2025-03-12,7.770500183105469,7.771900177001953,7.768199920654297,7.770500183105469,7.770500183105469,0,0.0,0.0
2025-03-13,7.7692999839782715,7.77239990234375,7.7683000564575195,7.7692999839782715,7.7692999839782715,0,0.0,0.0
2025-03-14,7.771609783172607,7.773690223693848,7.770669937133789,7.771609783172607,7.771609783172607,0,0.0,0.0
2025-03-17,7.772719860076904,7.7729997634887695,7.769279956817627,7.772719860076904,7.772719860076904,0,0.0,0.0
2025-03-18,7.770299911499023,7.770500183105469,7.768610000610352,7.770299911499023,7.770299911499023,0,0.0,0.0
2025-03-19,7.769700050354004,7.771500110626221,7.768499851226807,7.769700050354004,7.769700050354004,0,0.0,0.0
2025-03-20,7.769909858703613,7.772799968719482,7.769100189208984,7.769909858703613,7.769909858703613,0,0.0,0.0
2025-03-21,7.772600173950195,7.773900032043457,7.770899772644043,7.772600173950195,7.772600173950195,0,0.0,0.0
2025-03-24,7.773039817810059,7.7744598388671875,7.77249002456665,7.773039817810059,7.773039817810059,0,0.0,0.0
2025-03-25,7.77400016784668,7.776400089263916,7.773399829864502,7.77400016784668,7.77400016784668,0,0.0,0.0
2025-03-26,7.7758002281188965,7.776360034942627,7.773799896240234,7.7758002281188965,7.7758002281188965,0,0.0,0.0
2025-03-27,7.7758002281188965,7.777100086212158,7.774519920349121,7.7758002281188965,7.7758002281188965,0,0.0,0.0
2025-03-28,7.776199817657471,7.779300212860107,7.775169849395752,7.776199817657471,7.776199817657471,0,0.0,0.0
2025-03-31,7.77869987487793,7.780300140380859,7.777589797973633,7.77869987487793,7.77869987487793,0,0.0,0.0
2025-04-01,7.7795000076293945,7.782120227813721,7.778800010681152,7.7795000076293945,7.7795000076293945,0,0.0,0.0
2025-04-02,7.781499862670898,7.782430171966553,7.780089855194092,7.781499862670898,7.781499862670898,0,0.0,0.0
2025-04-03,7.78380012512207,7.784599781036377,7.775199890136719,7.78380012512207,7.78380012512207,0,0.0,0.0
2025-04-04,7.7779998779296875,7.77839994430542,7.770639896392822,7.7779998779296875,7.7779998779296875,0,0.0,0.0
2025-04-07,7.771890163421631,7.7734599113464355,7.766459941864014,7.771890163421631,7.771890163421631,0,0.0,0.0
2025-04-08,7.768489837646484,7.771399974822998,7.767809867858887,7.768489837646484,7.768489837646484,0,0.0,0.0
2025-04-09,7.769700050354004,7.769999980926514,7.753039836883545,7.769700050354004,7.769700050354004,0,0.0,0.0
2025-04-10,7.761099815368652,7.764739990234375,7.756619930267334,7.761099815368652,7.761099815368652,0,0.0,0.0
2025-04-11,7.757530212402344,7.758600234985352,7.753940105438232,7.757530212402344,7.757530212402344,0,0.0,0.0
2025-04-14,7.754940032958984,7.758780002593994,7.7540998458862305,7.754940032958984,7.754940032958984,0,0.0,0.0
2025-04-15,7.7559099197387695,7.759699821472168,7.755539894104004,7.7559099197387695,7.7559099197387695,0,0.0,0.0
2025-04-16,7.756899833679199,7.763299942016602,7.756149768829346,7.756899833679199,7.756899833679199,0,0.0,0.0
2025-04-17,7.761750221252441,7.7642998695373535,7.75984001159668,7.761750221252441,7.761750221252441,0,0.0,0.0
2025-04-18,,,,,,0,0.0,0.0
2025-04-21,,,,,,0,0.0,0.0
2025-04-22,7.759399890899658,7.761590003967285,7.756030082702637,7.759399890899658,7.759399890899658,0,0.0,0.0
2025-04-23,7.758399963378906,7.760439872741699,7.757140159606934,7.758399963378906,7.758399963378906,0,0.0,0.0
2025-04-24,7.759399890899658,7.759900093078613,7.757719993591309,7.759399890899658,7.759399890899658,0,0.0,0.0
2025-04-25,7.758309841156006,7.759099960327148,7.756189823150635,7.758309841156006,7.758309841156006,0,0.0,0.0
2025-04-28,7.756919860839844,7.758440017700195,7.756340026855469,7.756919860839844,7.756919860839844,0,0.0,0.0
2025-04-29,7.7565999031066895,7.758999824523926,7.756259918212891,7.7565999031066895,7.7565999031066895,0,0.0,0.0
2025-04-30,7.758800029754639,7.7596001625061035,7.754199981689453,7.758800029754639,7.758800029754639,0,0.0,0.0
2025-05-01,7.755149841308594,7.757299900054932,7.754950046539307,7.755149841308594,7.755149841308594,0,0.0,0.0
2025-05-02,7.7571001052856445,7.7571001052856445,7.749000072479248,7.7571001052856445,7.7571001052856445,0,0.0,0.0
2025-05-05,7.750400066375732,7.750800132751465,7.749100208282471,7.750400066375732,7.750400066375732,0,0.0,0.0
2025-05-06,7.750400066375732,7.751699924468994,7.749899864196777,7.750400066375732,7.750400066375732,0,0.0,0.0
2025-05-07,7.7515997886657715,7.761199951171875,7.750959873199463,7.7515997886657715,7.7515997886657715,0,0.0,0.0
2025-05-08,7.758689880371094,7.775420188903809,7.758510112762451,7.758689880371094,7.758689880371094,0,0.0,0.0
2025-05-09,7.774970054626465,7.778900146484375,7.76885986328125,7.774970054626465,7.774970054626465,0,0.0,0.0
2025-05-12,7.777140140533447,7.795639991760254,7.777120113372803,7.777140140533447,7.777140140533447,0,0.0,0.0
2025-05-13,7.790989875793457,7.7971601486206055,7.787559986114502,7.790989875793457,7.790989875793457,0,0.0,0.0
2025-05-14,7.796840190887451,7.810919761657715,7.79617977142334,7.796840190887451,7.796840190887451,0,0.0,0.0
2025-05-15,7.803380012512207,7.810299873352051,7.803009986877441,7.803380012512207,7.803380012512207,0,0.0,0.0
2025-05-16,7.8053998947143555,7.814899921417236,7.805099964141846,7.8053998947143555,7.8053998947143555,0,0.0,0.0
2025-05-19,7.8138298988342285,7.822000026702881,7.813839912414551,7.8138298988342285,7.8138298988342285,0,0.0,0.0
2025-05-20,7.821199893951416,7.82951021194458,7.820789813995361,7.821199893951416,7.821199893951416,0,0.0,0.0
2025-05-21,7.828400135040283,7.833059787750244,7.827400207519531,7.828400135040283,7.828400135040283,0,0.0,0.0
2025-05-22,7.82843017578125,7.828800201416016,7.819759845733643,7.82843017578125,7.82843017578125,0,0.0,0.0
2025-05-23,7.828179836273193,7.83273983001709,7.827700138092041,7.828179836273193,7.828179836273193,0,0.0,0.0
2025-05-26,7.830580234527588,7.8379597663879395,7.830560207366943,7.830580234527588,7.830580234527588,0,0.0,0.0
2025-05-27,7.836900234222412,7.839290142059326,7.835000038146973,7.836900234222412,7.836900234222412,0,0.0,0.0
2025-05-28,7.838399887084961,7.8400797843933105,7.836470127105713,7.838399887084961,7.838399887084961,0,0.0,0.0
2025-05-29,7.834489822387695,7.840400218963623,7.834350109100342,7.834489822387695,7.834489822387695,0,0.0,0.0
2025-05-30,7.841100215911865,7.844339847564697,7.839210033416748,7.841100215911865,7.841100215911865,0,0.0,0.0
2025-06-02,7.842100143432617,7.844600200653076,7.8409600257873535,7.842100143432617,7.842100143432617,0,0.0,0.0
2025-06-03,7.844600200653076,7.8454999923706055,7.842899799346924,7.844600200653076,7.844600200653076,0,0.0,0.0
2025-06-04,7.845160007476807,7.847599983215332,7.8444600105285645,7.845160007476807,7.845160007476807,0,0.0,0.0
2025-06-05,7.843739986419678,7.8471999168396,7.8438401222229,7.843739986419678,7.843739986419678,0,0.0,0.0
2025-06-06,7.846199989318848,7.847400188446045,7.845489978790283,7.846199989318848,7.846199989318848,0,0.0,0.0
2025-06-09,7.84689998626709,7.848400115966797,7.846330165863037,7.84689998626709,7.84689998626709,0,0.0,0.0
2025-06-10,7.847519874572754,7.848999977111816,7.847330093383789,7.847519874572754,7.847519874572754,0,0.0,0.0
2025-06-11,7.847789764404297,7.8495001792907715,7.848010063171387,7.847789764404297,7.847789764404297,0,0.0,0.0
2025-06-12,7.848599910736084,7.849599838256836,7.847620010375977,7.848599910736084,7.848599910736084,0,0.0,0.0
2025-06-13,7.848939895629883,7.849800109863281,7.848360061645508,7.848939895629883,7.848939895629883,0,0.0,0.0
2025-06-16,7.8491997718811035,7.849899768829346,7.849120140075684,7.8491997718811035,7.8491997718811035,0,0.0,0.0
2025-06-17,7.849599838256836,7.849899768829346,7.849130153656006,7.849599838256836,7.849599838256836,0,0.0,0.0
2025-06-18,7.849599838256836,7.84991979598999,7.848899841308594,7.849599838256836,7.849599838256836,0,0.0,0.0
2025-06-19,7.849689960479736,7.8499298095703125,7.849180221557617,7.849689960479736,7.849689960479736,0,0.0,0.0
2025-06-20,7.8495001792907715,7.8499298095703125,7.848999977111816,7.8495001792907715,7.8495001792907715,0,0.0,0.0
2025-06-23,7.849629878997803,7.849959850311279,7.8495001792907715,7.849629878997803,7.849629878997803,0,0.0,0.0
2025-06-24,7.849669933319092,7.849989891052246,7.849639892578125,7.849669933319092,7.849669933319092,0,0.0,0.0
2025-06-25,7.849850177764893,7.849989891052246,7.8496599197387695,7.849850177764893,7.849850177764893,0,0.0,0.0
2025-06-26,7.848700046539307,7.849899768829346,7.846879959106445,7.848700046539307,7.848700046539307,0,0.0,0.0
2025-06-27,7.849160194396973,7.849959850311279,7.849030017852783,7.849160194396973,7.849160194396973,0,0.0,0.0
2025-06-30,7.8495001792907715,7.849969863891602,7.8495001792907715,7.8495001792907715,7.8495001792907715,0,0.0,0.0
2025-07-01,7.849899768829346,7.850039958953857,7.849639892578125,7.849899768829346,7.849899768829346,0,0.0,0.0
2025-07-02,7.847760200500488,7.849939823150635,7.847750186920166,7.847760200500488,7.847760200500488,0,0.0,0.0
2025-07-03,7.849800109863281,7.850019931793213,7.849629878997803,7.849800109863281,7.849800109863281,0,0.0,0.0
2025-07-04,7.847700119018555,7.849899768829346,7.84660005569458,7.847700119018555,7.847700119018555,0,0.0,0.0
2025-07-07,7.849800109863281,7.849949836730957,7.849599838256836,7.849800109863281,7.849800109863281,0,0.0,0.0
2025-07-08,7.849800109863281,7.849979877471924,7.849649906158447,7.849800109863281,7.849800109863281,0,0.0,0.0
2025-07-09,7.849639892578125,7.849999904632568,7.849639892578125,7.849639892578125,7.849639892578125,0,0.0,0.0
2025-07-10,7.849800109863281,7.850039958953857,7.8496198654174805,7.849800109863281,7.849800109863281,0,0.0,0.0
2025-07-11,7.849599838256836,7.849999904632568,7.849400043487549,7.849599838256836,7.849599838256836,0,0.0,0.0
2025-07-14,7.849629878997803,7.849989891052246,7.849589824676514,7.849629878997803,7.849629878997803,0,0.0,0.0
2025-07-15,7.8498101234436035,7.849999904632568,7.849709987640381,7.8498101234436035,7.8498101234436035,0,0.0,0.0
2025-07-16,7.849699974060059,7.849979877471924,7.849160194396973,7.849699974060059,7.849699974060059,0,0.0,0.0
2025-07-17,7.849800109863281,7.84991979598999,7.843929767608643,7.849800109863281,7.849800109863281,0,0.0,0.0
2025-07-18,7.848499774932861,7.849339962005615,7.846260070800781,7.848499774932861,7.848499774932861,0,0.0,0.0
2025-07-21,7.848299980163574,7.849909782409668,7.847620010375977,7.848299980163574,7.848299980163574,0,0.0,0.0
2025-07-22,7.84935998916626,7.8499298095703125,7.848480224609375,7.84935998916626,7.84935998916626,0,0.0,0.0
2025-07-23,7.849689960479736,7.849969863891602,7.849649906158447,7.849689960479736,7.849689960479736,0,0.0,0.0
2025-07-24,7.849430084228516,7.849939823150635,7.848750114440918,7.849430084228516,7.849430084228516,0,0.0,0.0
2025-07-25,7.849899768829346,7.849899768829346,7.846109867095947,7.849899768829346,7.849899768829346,0,0.0,0.0
2025-07-28,7.8495001792907715,7.84991979598999,7.847499847412109,7.8495001792907715,7.8495001792907715,0,0.0,0.0
2025-07-29,7.849180221557617,7.849949836730957,7.849160194396973,7.849180221557617,7.849180221557617,0,0.0,0.0
2025-07-30,7.849599838256836,7.849949836730957,7.849430084228516,7.849599838256836,7.849599838256836,0,0.0,0.0
2025-07-31,7.849289894104004,7.849979877471924,7.849319934844971,7.849289894104004,7.849289894104004,0,0.0,0.0
2025-08-01,7.849899768829346,7.849979877471924,7.849470138549805,7.849899768829346,7.849899768829346,0,0.0,0.0
2025-08-04,7.849410057067871,7.849989891052246,7.849410057067871,7.849410057067871,7.849410057067871,0,0.0,0.0
2025-08-05,7.849239826202393,7.849899768829346,7.848800182342529,7.849239826202393,7.849239826202393,0,0.0,0.0
2025-08-06,7.849800109863281,7.8499298095703125,7.848800182342529,7.849800109863281,7.849800109863281,0,0.0,0.0
2025-08-07,7.849400043487549,7.849899768829346,7.848229885101318,7.849400043487549,7.849400043487549,0,0.0,0.0
2025-08-08,7.849319934844971,7.84991979598999,7.848599910736084,7.849319934844971,7.849319934844971,0,0.0,0.0
2025-08-11,7.849599838256836,7.849939823150635,7.849599838256836,7.849599838256836,7.849599838256836,0,0.0,0.0
2025-08-12,7.849679946899414,7.849959850311279,7.849559783935547,7.849679946899414,7.849679946899414,0,0.0,0.0
2025-08-13,7.848380088806152,7.8499298095703125,7.848490238189697,7.848380088806152,7.848380088806152,0,0.0,0.0
2025-08-14,7.8491997718811035,7.849599838256836,7.8317999839782715,7.8491997718811035,7.8491997718811035,0,0.0,0.0
2025-08-15,7.83459997177124,7.843900203704834,7.811880111694336,7.83459997177124,7.83459997177124,0,0.0,0.0
2025-08-18,7.824709892272949,7.83165979385376,7.815489768981934,7.824709892272949,7.824709892272949,0,0.0,0.0
2025-08-19,7.819920063018799,7.821549892425537,7.792669773101807,7.819920063018799,7.819920063018799,0,0.0,0.0
2025-08-20,7.799499988555908,7.816100120544434,7.798480033874512,7.799499988555908,7.799499988555908,0,0.0,0.0
2025-08-21,7.81220006942749,7.814000129699707,7.80633020401001,7.81220006942749,7.81220006942749,0,0.0,0.0
2025-08-22,7.813899993896484,7.819210052490234,7.809659957885742,7.813899993896484,7.813899993896484,0,0.0,0.0
2025-08-25,7.8155999183654785,7.815999984741211,7.803969860076904,7.8155999183654785,7.8155999183654785,0,0.0,0.0
2025-08-26,7.812699794769287,7.8125901222229,7.79272985458374,7.812699794769287,7.812699794769287,0,0.0,0.0
2025-08-27,7.793580055236816,7.79502010345459,7.7754597663879395,7.793580055236816,7.793580055236816,0,0.0,0.0
2025-08-28,7.784210205078125,7.7975897789001465,7.783299922943115,7.784210205078125,7.784210205078125,0,0.0,0.0
2025-08-29,7.794129848480225,7.79617977142334,7.7853498458862305,7.794129848480225,7.794129848480225,0,0.0,0.0
2025-09-01,7.795499801635742,7.797399997711182,7.790170192718506,7.795499801635742,7.795499801635742,0,0.0,0.0
2025-09-02,7.796510219573975,7.807730197906494,7.796040058135986,7.796510219573975,7.796510219573975,0,0.0,0.0
2025-09-03,7.807499885559082,7.81220006942749,7.79911994934082,7.807499885559082,7.807499885559082,0,0.0,0.0
2025-09-04,7.800389766693115,7.801819801330566,7.796199798583984,7.800389766693115,7.800389766693115,0,0.0,0.0
2025-09-05,7.800220012664795,7.803709983825684,7.795720100402832,7.800220012664795,7.800220012664795,0,0.0,0.0
2025-09-08,7.798399925231934,7.799200057983398,7.790589809417725,7.798399925231934,7.798399925231934,0,0.0,0.0
2025-09-09,7.793300151824951,7.793379783630371,7.786200046539307,7.793300151824951,7.793300151824951,0,0.0,0.0
2025-09-10,7.787390232086182,7.791299819946289,7.786019802093506,7.787390232086182,7.787390232086182,0,0.0,0.0
2025-09-11,7.789599895477295,7.791230201721191,7.786399841308594,7.789599895477295,7.789599895477295,0,0.0,0.0
2025-09-12,7.788599967956543,7.788899898529053,7.778979778289795,7.788599967956543,7.788599967956543,0,0.0,0.0
2025-09-15,7.780200004577637,7.780300140380859,7.773190021514893,7.780200004577637,7.780200004577637,0,0.0,0.0
2025-09-16,7.779990196228027,7.782899856567383,7.777140140533447,7.779990196228027,7.779990196228027,0,0.0,0.0
2025-09-17,7.78046989440918,7.781400203704834,7.773359775543213,7.78046989440918,7.78046989440918,0,0.0,0.0
2025-09-18,7.776989936828613,7.778200149536133,7.77331018447876,7.776989936828613,7.776989936828613,0,0.0,0.0
2025-09-19,7.7771100997924805,7.779099941253662,7.774280071258545,7.7771100997924805,7.7771100997924805,0,0.0,0.0
2025-09-22,7.774439811706543,7.775000095367432,7.7657999992370605,7.774439811706543,7.774439811706543,0,0.0,0.0
2025-09-23,7.769320011138916,7.7769999504089355,7.7691497802734375,7.769320011138916,7.769320011138916,0,0.0,0.0
2025-09-24,7.7754597663879395,7.778600215911865,7.773290157318115,7.7754597663879395,7.7754597663879395,0,0.0,0.0
2025-09-25,7.7778401374816895,7.780700206756592,7.773069858551025,7.7778401374816895,7.7778401374816895,0,0.0,0.0
2025-09-26,7.782700061798096,7.784520149230957,7.778039932250977,7.782700061798096,7.782700061798096,0,0.0,0.0
2025-09-29,7.780399799346924,7.782969951629639,7.778260231018066,7.780399799346924,7.780399799346924,0,0.0,0.0
2025-09-30,7.7829999923706055,7.784739971160889,7.779049873352051,7.7829999923706055,7.7829999923706055,0,0.0,0.0
2025-10-01,7.7819600105285645,7.782800197601318,7.780200004577637,7.7819600105285645,7.7819600105285645,0,0.0,0.0
2025-10-02,7.780990123748779,7.783390045166016,7.779359817504883,7.780990123748779,7.780990123748779,0,0.0,0.0
2025-10-03,7.782470226287842,7.7829999923706055,7.780200004577637,7.782470226287842,7.782470226287842,0,0.0,0.0
2025-10-06,7.781099796295166,7.78380012512207,7.780129909515381,7.781099796295166,7.781099796295166,0,0.0,0.0
2025-10-07,7.782649993896484,7.78380012512207,7.781499862670898,7.782649993896484,7.782649993896484,0,0.0,0.0
2025-10-08,7.78318977355957,7.7846999168396,7.7812299728393555,7.78318977355957,7.78318977355957,0,0.0,0.0
2025-10-09,7.781599998474121,7.781700134277344,7.778439998626709,7.781599998474121,7.781599998474121,0,0.0,0.0
2025-10-10,7.782299995422363,7.782529830932617,7.780340194702148,7.782299995422363,7.782299995422363,0,0.0,0.0
2025-10-13,7.782299995422363,7.782800197601318,7.775690078735352,7.782299995422363,7.782299995422363,0,0.0,0.0
2025-10-14,7.779139995574951,7.7795000076293945,7.7735700607299805,7.779139995574951,7.779139995574951,0,0.0,0.0
2025-10-15,7.77370023727417,7.777639865875244,7.772130012512207,7.77370023727417,7.77370023727417,0,0.0,0.0
2025-10-16,7.775000095367432,7.775000095367432,7.770299911499023,7.775000095367432,7.775000095367432,0,0.0,0.0
2025-10-17,7.770790100097656,7.770899772644043,7.765989780426025,7.770790100097656,7.770790100097656,0,0.0,0.0
2025-10-20,7.767099857330322,7.7710700035095215,7.766260147094727,7.767099857330322,7.767099857330322,0,0.0,0.0
2025-10-21,7.7678399085998535,7.7718000411987305,7.766190052032471,7.7678399085998535,7.7678399085998535,0,0.0,0.0
2025-10-22,7.771200180053711,7.773469924926758,7.7683000564575195,7.771200180053711,7.771200180053711,0,0.0,0.0
2025-10-23,7.770400047302246,7.773709774017334,7.769209861755371,7.770400047302246,7.770400047302246,0,0.0,0.0
2025-10-24,7.7718000411987305,7.7733001708984375,7.768439769744873,7.7718000411987305,7.7718000411987305,0,0.0,0.0
2025-10-27,7.769390106201172,7.769400119781494,7.76678991317749,7.769390106201172,7.769390106201172,0,0.0,0.0
2025-10-28,7.767489910125732,7.770199775695801,7.7664899826049805,7.767489910125732,7.767489910125732,0,0.0,0.0
2025-10-29,7.767879962921143,7.771259784698486,7.767650127410889,7.767879962921143,7.767879962921143,0,0.0,0.0
2025-10-30,7.771100044250488,7.771100044250488,7.767099857330322,7.771100044250488,7.771100044250488,0,0.0,0.0
2025-10-31,7.769139766693115,7.772059917449951,7.767000198364258,7.769139766693115,7.769139766693115,0,0.0,0.0
2025-11-03,7.770770072937012,7.77400016784668,7.770579814910889,7.770770072937012,7.770770072937012,0,0.0,0.0
2025-11-04,7.771900177001953,7.774799823760986,7.771790027618408,7.771900177001953,7.771900177001953,0,0.0,0.0
2025-11-05,7.773890018463135,7.776299953460693,7.773129940032959,7.773890018463135,7.773890018463135,0,0.0,0.0
2025-11-06,7.774799823760986,7.7758002281188965,7.773499965667725,7.774799823760986,7.774799823760986,0,0.0,0.0
2025-11-07,7.775599956512451,7.7779998779296875,7.77370023727417,7.775599956512451,7.775599956512451,0,0.0,0.0
2025-11-10,7.776770114898682,7.777200222015381,7.7725300788879395,7.776509761810303,7.776509761810303,0,0.0,0.0
2025-11-11,7.773340225219727,7.774099826812744,7.770880222320557,7.7731099128723145,7.7731099128723145,0,0.0,0.0
2025-11-12,7.771900177001953,7.772459983825684,7.769370079040527,7.771470069885254,7.771470069885254,0,0.0,0.0
2025-11-13,7.770420074462891,7.771500110626221,7.768549919128418,7.770420074462891,7.770420074462891,0,0.0,0.0
2025-11-14,7.770289897918701,7.773600101470947,7.768420219421387,7.770999908447266,7.770999908447266,0,0.0,0.0
2025-11-17,7.771790027618408,7.773900032043457,7.771269798278809,7.771510124206543,7.771510124206543,0,0.0,0.0
2025-11-18,7.77400016784668,7.78626012802124,7.773650169372559,7.773900032043457,7.773900032043457,0,0.0,0.0
2025-11-19,7.783999919891357,7.792699813842773,7.783899784088135,7.78410005569458,7.78410005569458,0,0.0,0.0
2025-11-20,7.787479877471924,7.787879943847656,7.780700206756592,7.786280155181885,7.786280155181885,0,0.0,0.0
2025-11-21,7.783599853515625,7.788099765777588,7.7829999923706055,7.7835001945495605,7.7835001945495605,0,0.0,0.0
2025-11-24,7.7825398445129395,7.784249782562256,7.780640125274658,7.7823100090026855,7.7823100090026855,0,0.0,0.0
2025-11-25,7.781869888305664,7.782700061798096,7.773079872131348,7.781630039215088,7.781630039215088,0,0.0,0.0
2025-11-26,7.7758002281188965,7.778500080108643,7.774050235748291,7.7753400802612305,7.7753400802612305,0,0.0,0.0
2025-11-27,7.777699947357178,7.78000020980835,7.775489807128906,7.7778000831604,7.7778000831604,0,0.0,0.0
2025-11-28,7.77839994430542,7.785799980163574,7.777969837188721,7.77869987487793,7.77869987487793,0,0.0,0.0
2025-12-01,7.785830020904541,7.789400100708008,7.78439998626709,7.784780025482178,7.784780025482178,0,0.0,0.0
2025-12-02,7.7881999015808105,7.791299819946289,7.7835001945495605,7.7881999015808105,7.7881999015808105,0,0.0,0.0
2025-12-03,7.784160137176514,7.786099910736084,7.781720161437988,7.78439998626709,7.78439998626709,0,0.0,0.0
2025-12-04,7.783229827880859,7.784999847412109,7.78095006942749,7.783269882202148,7.783269882202148,0,0.0,0.0
2025-12-05,7.782199859619141,7.785699844360352,7.781710147857666,7.7817702293396,7.7817702293396,0,0.0,0.0
2025-12-08,7.783969879150391,7.784599781036377,7.77947998046875,7.783959865570068,7.783959865570068,0,0.0,0.0
2025-12-09,7.779860019683838,7.78249979019165,7.7781901359558105,7.780399799346924,7.780399799346924,0,0.0,0.0
2025-12-10,7.782800197601318,7.782800197601318,7.779799938201904,7.782320022583008,7.782320022583008,0,0.0,0.0
2025-12-11,7.779099941253662,7.783239841461182,7.778319835662842,7.7790398597717285,7.7790398597717285,0,0.0,0.0
2025-12-12,7.7820000648498535,7.786499977111816,7.780700206756592,7.7820000648498535,7.7820000648498535,0,0.0,0.0
2025-12-15,7.784249782562256,7.7846598625183105,7.780779838562012,7.784249782562256,7.784249782562256,0,0.0,0.0
2025-12-16,7.781599998474121,7.782299995422363,7.776500225067139,7.7820000648498535,7.7820000648498535,0,0.0,0.0
2025-12-17,7.779319763183594,7.781000137329102,7.776390075683594,7.779900074005127,7.779900074005127,0,0.0,0.0
2025-12-18,7.779300212860107,7.782010078430176,7.777900218963623,7.779240131378174,7.779240131378174,0,0.0,0.0
2025-12-19,7.780310153961182,7.782839775085449,7.779630184173584,7.781000137329102,7.781000137329102,0,0.0,0.0
2025-12-22,7.780529975891113,7.781300067901611,7.77810001373291,7.781109809875488,7.781109809875488,0,0.0,0.0
2025-12-23,7.779139995574951,7.780300140380859,7.776549816131592,7.78000020980835,7.78000020980835,0,0.0,0.0
2025-12-24,7.776899814605713,7.777599811553955,7.7741899490356445,7.776899814605713,7.776899814605713,0,0.0,0.0
2025-12-25,,,,,,0,0.0,0.0
2025-12-26,7.77515983581543,7.776000022888184,7.770699977874756,7.776100158691406,7.776100158691406,0,0.0,0.0
2025-12-29,7.77092981338501,7.774799823760986,7.77085018157959,7.770880222320557,7.770880222320557,0,0.0,0.0
2025-12-30,7.7731099128723145,7.784120082855225,7.773079872131348,7.773029804229736,7.773029804229736,0,0.0,0.0
2025-12-31,7.780759811401367,7.784999847412109,7.780700206756592,7.780660152435303,7.780660152435303,0,0.0,0.0
2026-01-01,,,,,,0,0.0,0.0
2026-01-02,7.785999774932861,7.792900085449219,7.785999774932861,7.785339832305908,7.785339832305908,0,0.0,0.0
2026-01-05,7.790460109710693,7.793449878692627,7.784409999847412,7.790559768676758,7.790559768676758,0,0.0,0.0
2026-01-06,7.785200119018555,7.78863000869751,7.781280040740967,7.785600185394287,7.785600185394287,0,0.0,0.0
2026-01-07,7.786870002746582,7.790599822998047,7.785099983215332,7.786900043487549,7.786900043487549,0,0.0,0.0
2026-01-08,7.7866997718811035,7.7930498123168945,7.785289764404297,7.785999774932861,7.785999774932861,0,0.0,0.0
2026-01-09,7.791900157928467,7.796750068664551,7.791289806365967,7.791999816894531,7.791999816894531,0,0.0,0.0
2026-01-12,7.794260025024414,7.797999858856201,7.792819976806641,7.794149875640869,7.794149875640869,0,0.0,0.0
2026-01-13,7.795690059661865,7.802800178527832,7.795529842376709,7.79640007019043,7.79640007019043,0,0.0,0.0
2026-01-14,7.801199913024902,7.802299976348877,7.79541015625,7.800779819488525,7.800779819488525,0,0.0,0.0
2026-01-15,7.797800064086914,7.801799774169922,7.793540000915527,7.797699928283691,7.797699928283691,0,0.0,0.0
2026-01-16,7.796919822692871,7.800600051879883,7.796500205993652,7.797399997711182,7.797399997711182,0,0.0,0.0
2026-01-19,7.797389984130859,7.798900127410889,7.794730186462402,7.797239780426025,7.797239780426025,0,0.0,0.0
2026-01-20,7.7967000007629395,7.798900127410889,7.796319961547852,7.7967000007629395,7.7967000007629395,0,0.0,0.0
2026-01-21,7.7993998527526855,7.799699783325195,7.796000003814697,7.799200057983398,7.799200057983398,0,0.0,0.0
2026-01-22,7.796999931335449,7.798900127410889,7.7946600914001465,7.797100067138672,7.797100067138672,0,0.0,0.0
2026-01-23,7.796830177307129,7.798600196838379,7.796480178833008,7.7967400550842285,7.7967400550842285,0,0.0,0.0
2026-01-26,7.794899940490723,7.798500061035156,7.792709827423096,7.79472017288208,7.79472017288208,0,0.0,0.0
2026-01-27,7.797019958496094,7.802380084991455,7.796750068664551,7.7971601486206055,7.7971601486206055,0,0.0,0.0
2026-01-28,7.800159931182861,7.802999973297119,7.798059940338135,7.80010986328125,7.80010986328125,0,0.0,0.0
2026-01-29,7.800960063934326,7.806519985198975,7.800250053405762,7.801799774169922,7.801799774169922,0,0.0,0.0
2026-01-30,7.805540084838867,7.809999942779541,7.805230140686035,7.805530071258545,7.805530071258545,0,0.0,0.0
2026-02-02,7.809659957885742,7.811550140380859,7.806920051574707,7.80974006652832,7.80974006652832,0,0.0,0.0
2026-02-03,7.810679912567139,7.8141398429870605,7.809840202331543,7.810090065002441,7.810090065002441,0,0.0,0.0
2026-02-04,7.813000202178955,7.815899848937988,7.810490131378174,7.813399791717529,7.813399791717529,0,0.0,0.0
2026-02-05,7.811540126800537,7.814199924468994,7.807069778442383,7.81220006942749,7.81220006942749,0,0.0,0.0
2026-02-06,7.813799858093262,7.814799785614014,7.810219764709473,7.813700199127197,7.813700199127197,0,0.0,0.0
2026-02-09,7.812530040740967,7.816720008850098,7.812270164489746,7.812469959259033,7.812469959259033,0,0.0,0.0
2026-02-10,7.8149800300598145,7.818640232086182,7.813600063323975,7.814640045166016,7.814640045166016,0,0.0,0.0
2026-02-11,7.81790018081665,7.818170070648193,7.814390182495117,7.817800045013428,7.817800045013428,0,0.0,0.0
2026-02-12,7.8154802322387695,7.818089962005615,7.814129829406738,7.815999984741211,7.815999984741211,0,0.0,0.0
2026-02-13,7.81620979309082,7.818009853363037,7.814620018005371,7.816500186920166,7.816500186920166,0,0.0,0.0
2026-02-16,7.815839767456055,7.816400051116943,7.813950061798096,7.815899848937988,7.815899848937988,0,0.0,0.0
2026-02-17,7.815499782562256,7.815999984741211,7.814020156860352,7.815899848937988,7.815899848937988,0,0.0,0.0
2026-02-18,7.815040111541748,7.815899848937988,7.813600063323975,7.815499782562256,7.815499782562256,0,0.0,0.0
2026-02-19,7.814799785614014,7.815299987792969,7.8137102127075195,7.815700054168701,7.815700054168701,0,0.0,0.0
2026-02-20,7.814080238342285,7.815800189971924,7.813169956207275,7.814899921417236,7.814899921417236,0,0.0,0.0
2026-02-23,7.8135199546813965,7.819499969482422,7.813389778137207,7.813469886779785,7.813469886779785,0,0.0,0.0
2026-02-24,7.8184099197387695,7.82420015335083,7.817440032958984,7.818900108337402,7.818900108337402,0,0.0,0.0
2026-02-25,7.822519779205322,7.823200225830078,7.818719863891602,7.822519779205322,7.822519779205322,0,0.0,0.0
2026-02-26,7.819310188293457,7.823699951171875,7.816470146179199,7.8196001052856445,7.8196001052856445,0,0.0,0.0
2026-02-27,7.823299884796143,7.825399875640869,7.821569919586182,7.823279857635498,7.823279857635498,0,0.0,0.0
2026-03-02,7.822750091552734,7.823500156402588,7.820670127868652,7.8225998878479,7.8225998878479,0,0.0,0.0
2026-03-03,7.821010112762451,7.822000026702881,7.799160003662109,7.82105016708374,7.82105016708374,0,0.0,0.0
2026-03-04,7.804999828338623,7.819320201873779,7.8017401695251465,7.8047099113464355,7.8047099113464355,0,0.0,0.0
2026-03-05,7.816689968109131,7.822299957275391,7.81387996673584,7.817200183868408,7.817200183868408,0,0.0,0.0
2026-03-06,7.818840026855469,7.82450008392334,7.818120002746582,7.819210052490234,7.819210052490234,0,0.0,0.0
2026-03-09,7.8167500495910645,7.819699764251709,7.8119401931762695,7.816470146179199,7.816470146179199,0,0.0,0.0
2026-03-10,7.82043981552124,7.825839996337891,7.818349838256836,7.820509910583496,7.820509910583496,0,0.0,0.0
2026-03-11,7.823699951171875,7.828460216522217,7.8225297927856445,7.823800086975098,7.823800086975098,0,0.0,0.0
2026-03-12,7.825170040130615,7.827579975128174,7.823339939117432,7.825399875640869,7.825399875640869,0,0.0,0.0
2026-03-13,7.826590061187744,7.829209804534912,7.825429916381836,7.827300071716309,7.827300071716309,0,0.0,0.0
2026-03-16,7.827439785003662,7.831699848175049,7.82673978805542,7.827079772949219,7.827079772949219,0,0.0,0.0
2026-03-17,7.830100059509277,7.837739944458008,7.829329967498779,7.829840183258057,7.829840183258057,0,0.0,0.0
2026-03-18,7.836919784545898,7.839079856872559,7.835020065307617,7.83650016784668,7.83650016784668,0,0.0,0.0
2026-03-19,7.835569858551025,7.839200019836426,7.829649925231934,7.836100101470947,7.836100101470947,0,0.0,0.0
2026-03-20,7.833700180053711,7.838200092315674,7.831930160522461,7.833600044250488,7.833600044250488,0,0.0,0.0
2026-03-23,7.833620071411133,7.835700035095215,7.825520038604736,7.833640098571777,7.833640098571777,0,0.0,0.0
2026-03-24,7.8343000411987305,7.837200164794922,7.823639869689941,7.834799766540527,7.834799766540527,0,0.0,0.0
2026-03-25,7.8274102210998535,7.829460144042969,7.8160200119018555,7.827610015869141,7.827610015869141,0,0.0,0.0
2026-03-26,7.818240165710449,7.8256001472473145,7.8126702308654785,7.818059921264648,7.818059921264648,0,0.0,0.0
2026-03-27,7.825799942016602,7.83459997177124,7.823999881744385,7.825699806213379,7.825699806213379,0,0.0,0.0
2026-03-30,7.832699775695801,7.836599826812744,7.830420017242432,7.83213996887207,7.83213996887207,0,0.0,0.0
2026-03-31,7.83542013168335,7.840250015258789,7.835209846496582,7.835700035095215,7.835700035095215,0,0.0,0.0
2026-04-01,7.837719917297363,7.8394999504089355,7.8344597816467285,7.838399887084961,7.838399887084961,0,0.0,0.0
2026-04-02,7.837090015411377,7.838500022888184,7.8351898193359375,7.837100028991699,7.837100028991699,0,0.0,0.0
2026-04-03,7.837100028991699,7.838799953460693,7.835999965667725,7.836900234222412,7.836900234222412,0,0.0,0.0
2026-04-06,7.837200164794922,7.8379998207092285,7.835909843444824,7.837200164794922,7.837200164794922,0,0.0,0.0
2026-04-07,7.837200164794922,7.8379998207092285,7.834849834442139,7.836730003356934,7.836730003356934,0,0.0,0.0
2026-04-08,7.833759784698486,7.8354997634887695,7.827420234680176,7.8337202072143555,7.8337202072143555,0,0.0,0.0
2026-04-09,7.832330226898193,7.836140155792236,7.829160213470459,7.832250118255615,7.832250118255615,0,0.0,0.0
2026-04-10,7.83381986618042,7.835999965667725,7.831480026245117,7.833199977874756,7.833199977874756,0,0.0,0.0
2026-04-13,7.832509994506836,7.833449840545654,7.827869892120361,7.8322601318359375,7.8322601318359375,0,0.0,0.0
2026-04-14,7.829999923706055,7.83459997177124,7.828949928283691,7.829800128936768,7.829800128936768,0,0.0,0.0
2026-04-15,7.833700180053711,7.837940216064453,7.833139896392822,7.833580017089844,7.833580017089844,0,0.0,0.0
2026-04-16,7.832469940185547,7.832799911499023,7.823500156402588,7.832429885864258,7.832429885864258,0,0.0,0.0
2026-04-17,7.822569847106934,7.831560134887695,7.822400093078613,7.822559833526611,7.822559833526611,0,0.0,0.0
2026-04-20,7.8312201499938965,7.834000110626221,7.829249858856201,7.831180095672607,7.831180095672607,0,0.0,0.0
2026-04-21,7.83050012588501,7.832900047302246,7.828310012817383,7.829929828643799,7.829929828643799,0,0.0,0.0
2026-04-22,7.8301801681518555,7.833000183105469,7.8296098709106445,7.830349922180176,7.830349922180176,0,0.0,0.0
2026-04-23,7.832119941711426,7.833399772644043,7.831029891967773,7.8319501876831055,7.8319501876831055,0,0.0,0.0
2026-04-24,7.832330226898193,7.836480140686035,7.831890106201172,7.832339763641357,7.832339763641357,0,0.0,0.0
2026-04-27,7.834569931030273,7.837900161743164,7.834070205688477,7.83489990234375,7.83489990234375,0,0.0,0.0
2026-04-28,7.836619853973389,7.837769985198975,7.83450984954834,7.836699962615967,7.836699962615967,0,0.0,0.0
2026-04-29,7.83519983291626,7.837699890136719,7.834690093994141,7.835599899291992,7.835599899291992,0,0.0,0.0
2026-04-30,7.836699962615967,7.837100028991699,7.831789970397949,7.836900234222412,7.836900234222412,0,0.0,0.0
2026-05-01,7.832749843597412,7.835440158843994,7.832230091094971,7.832670211791992,7.832670211791992,0,0.0,0.0
2026-05-04,7.834630012512207,7.83519983291626,7.832230091094971,7.83489990234375,7.83489990234375,0,0.0,0.0
2026-05-05,7.8333001136779785,7.836619853973389,7.8330302238464355,7.833049774169922,7.833049774169922,0,0.0,0.0
2026-05-06,7.835629940032959,7.836790084838867,7.834199905395508,7.8356499671936035,7.8356499671936035,0,0.0,0.0
2026-05-07,7.833849906921387,7.83489990234375,7.829689979553223,7.834080219268799,7.834080219268799,0,0.0,0.0
2026-05-08,7.832550048828125,7.833099842071533,7.826399803161621,7.833779811859131,7.833779811859131,0,0.0,0.0
2026-05-11,7.8287200927734375,7.830420017242432,7.827380180358887,7.828690052032471,7.828690052032471,0,0.0,0.0
2026-05-12,7.828149795532227,7.829669952392578,7.827179908752441,7.828199863433838,7.828199863433838,0,0.0,0.0
2026-05-13,7.828519821166992,7.832099914550781,7.827499866485596,7.828179836273193,7.828179836273193,0,0.0,0.0
2026-05-14,7.82912015914917,7.8333001136779785,7.829050064086914,7.82919979095459,7.82919979095459,0,0.0,0.0
2026-05-15,7.832600116729736,7.833899974822998,7.828380107879639,7.8322601318359375,7.8322601318359375,0,0.0,0.0
2026-05-18,7.830140113830566,7.831399917602539,7.82843017578125,7.830140113830566,7.830140113830566,0,0.0,0.0
2026-05-19,7.830599784851074,7.833499908447266,7.8297600746154785,7.830289840698242,7.830289840698242,0,0.0,0.0
2026-05-20,7.83227014541626,7.834099769592285,7.831779956817627,7.832699775695801,7.832699775695801,0,0.0,0.0
2026-05-21,7.8312201499938965,7.8354997634887695,7.830709934234619,7.831399917602539,7.831399917602539,0,0.0,0.0
2026-05-22,7.834050178527832,7.836699962615967,7.833670139312744,7.83390998840332,7.83390998840332,0,0.0,0.0
2026-05-25,7.835010051727295,7.835599899291992,7.832809925079346,7.834670066833496,7.834670066833496,0,0.0,0.0
2026-05-26,7.83404016494751,7.836599826812744,7.83404016494751,7.834270000457764,7.834270000457764,0,0.0,0.0
2026-05-27,7.8359599113464355,7.836599826812744,7.833360195159912,7.83581018447876,7.83581018447876,0,0.0,0.0
2026-05-28,7.8336501121521,7.835299968719482,7.830450057983398,7.833680152893066,7.833680152893066,0,0.0,0.0
2026-05-29,7.833799839019775,7.837600231170654,7.832610130310059,7.8333001136779785,7.8333001136779785,0,0.0,0.0
2026-06-01,7.835999965667725,7.837930202484131,7.835480213165283,7.83581018447876,7.83581018447876,0,0.0,0.0
2026-06-02,7.836770057678223,7.838799953460693,7.836659908294678,7.836999893188477,7.836999893188477,0,0.0,0.0
2026-06-03,7.836400032043457,7.837600231170654,7.835000038146973,7.836900234222412,7.836900234222412,0,0.0,0.0
2026-06-04,7.836239814758301,7.836730003356934,7.832950115203857,7.835740089416504,7.835740089416504,0,0.0,0.0
2026-06-05,7.834020137786865,7.83519983291626,7.8317999839782715,7.8343000411987305,7.8343000411987305,0,0.0,0.0
2026-06-08,7.834080219268799,7.836999893188477,7.833670139312744,7.834129810333252,7.834129810333252,0,0.0,0.0
2026-06-09,7.836100101470947,7.837500095367432,7.835249900817871,7.836120128631592,7.836120128631592,0,0.0,0.0
2026-06-10,7.83696985244751,7.837500095367432,7.835440158843994,7.837299823760986,7.837299823760986,0,0.0,0.0
2026-06-11,7.835639953613281,7.837100028991699,7.83459997177124,7.835549831390381,7.835549831390381,0,0.0,0.0
2026-06-12,7.8358001708984375,7.836599826812744,7.834380149841309,7.8356099128723145,7.8356099128723145,0,0.0,0.0
2026-06-15,7.834700107574463,7.835999965667725,7.833740234375,7.834630012512207,7.834630012512207,0,0.0,0.0
2026-06-16,7.833779811859131,7.835299968719482,7.831719875335693,7.834499835968018,7.834499835968018,0,0.0,0.0
2026-06-17,7.8326802253723145,7.835700035095215,7.831250190734863,7.832590103149414,7.832590103149414,0,0.0,0.0
2026-06-18,7.835279941558838,7.837800025939941,7.835100173950195,7.834959983825684,7.834959983825684,0,0.0,0.0
2026-06-19,7.8368000984191895,7.839000225067139,7.836009979248047,7.836810111999512,7.836810111999512,0,0.0,0.0
2026-06-22,7.836480140686035,7.840479850769043,7.836219787597656,7.836450099945068,7.836450099945068,0,0.0,0.0
2026-06-23,7.839399814605713,7.841000080108643,7.838699817657471,7.839300155639648,7.839300155639648,0,0.0,0.0
2026-06-24,7.84089994430542,7.8414998054504395,7.839000225067139,7.840400218963623,7.840400218963623,0,0.0,0.0
2026-06-25,7.838840007781982,7.841000080108643,7.837639808654785,7.8389201164245605,7.8389201164245605,0,0.0,0.0
2026-06-26,7.840199947357178,7.8429999351501465,7.8397297859191895,7.839550018310547,7.839550018310547,0,0.0,0.0
2026-06-29,7.842199802398682,7.843480110168457,7.841519832611084,7.84181022644043,7.84181022644043,0,0.0,0.0
2026-06-30,7.8403000831604,7.8433098793029785,7.840109825134277,7.8403000831604,7.8403000831604,0,0.0,0.0
2026-07-01,7.842209815979004,7.844399929046631,7.842209815979004,7.842450141906738,7.842450141906738,0,0.0,0.0
2026-07-02,7.843420028686523,7.844399929046631,7.842030048370361,7.843800067901611,7.843800067901611,0,0.0,0.0
2026-07-03,7.8429999351501465,7.843699932098389,7.841670036315918,7.842810153961182,7.842810153961182,0,0.0,0.0
2026-07-06,7.843200206756592,7.843500137329102,7.841609954833984,7.842820167541504,7.842820167541504,0,0.0,0.0
2026-07-07,7.842609882354736,7.843500137329102,7.841650009155273,7.842299938201904,7.842299938201904,0,0.0,0.0
2026-07-08,7.841599941253662,7.8429999351501465,7.8383002281188965,7.841599941253662,7.841599941253662,0,0.0,0.0
2026-07-09,7.838699817657471,7.839600086212158,7.835000038146973,7.838799953460693,7.838799953460693,0,0.0,0.0
2026-07-10,7.835899829864502,7.84060001373291,7.834569931030273,7.8358001708984375,7.8358001708984375,0,0.0,0.0
2026-07-13,7.839489936828613,7.840360164642334,7.837019920349121,7.8394598960876465,7.8394598960876465,0,0.0,0.0
2026-07-14,7.837279796600342,7.839000225067139,7.835869789123535,7.837500095367432,7.837500095367432,0,0.0,0.0
2026-07-15,7.837800025939941,7.839310169219971,7.836299896240234,7.837490081787109,7.837490081787109,0,0.0,0.0
2026-07-16,7.838260173797607,7.840099811553955,7.837200164794922,7.838260173797607,7.838260173797607,0,0.0,0.0
2026-07-17,7.83981990814209,7.84119987487793,7.839379787445068,7.8404998779296875,7.8404998779296875,0,0.0,0.0
2026-07-20,7.839749813079834,7.841300010681152,7.839210033416748,7.839719772338867,7.839719772338867,0,0.0,0.0
2026-07-21,7.840610027313232,7.842199802398682,7.8397698402404785,7.8406500816345215,7.8406500816345215,0,0.0,0.0
2026-07-22,7.841460227966309,7.841700077056885,7.838409900665283,7.841370105743408,7.841370105743408,0,0.0,0.0
2026-07-23,7.840199947357178,7.841700077056885,7.839029788970947,7.839900016784668,7.839900016784668,0,0.0,0.0
2026-07-24,7.840799808502197,7.842700004577637,7.840390205383301,7.841100215911865,7.841100215911865,0,0.0,0.0
2026-07-27,7.841929912567139,7.842599868774414,7.84119987487793,7.841780185699463,7.841780185699463,0,0.0,0.0
2026-07-28,7.841740131378174,7.842400074005127,7.8403401374816895,7.841660022735596,7.841660022735596,0,0.0,0.0
2026-07-29,7.841100215911865,7.843699932098389,7.840740203857422,7.8407301902771,7.8407301902771,0,0.0,0.0
2026-07-30,7.842189788818359,7.844900131225586,7.841989994049072,7.84197998046875,7.84197998046875,0,0.0,0.0
2026-07-31,7.842929840087891,7.843760013580322,7.840250015258789,7.842800140380859,7.842800140380859,0,0.0,0.0
2026-08-03,7.841929912567139,7.8429999351501465,7.84089994430542,7.84181022644043,7.84181022644043,0,0.0,0.0
2026-08-04,7.8420000076293945,7.843599796295166,7.841639995574951,7.841710090637207,7.841710090637207,0,0.0,0.0
2026-08-05,7.842309951782227,7.843999862670898,7.842309951782227,7.842199802398682,7.842199802398682,0,0.0,0.0
2026-08-06,7.843599796295166,7.845099925994873,7.842100143432617,7.843299865722656,7.843299865722656,0,0.0,0.0
2026-08-07,7.844409942626953,7.84581995010376,7.843999862670898,7.844299793243408,7.844299793243408,0,0.0,0.0
2026-08-10,7.845190048217773,7.845900058746338,7.84443998336792,7.845190048217773,7.845190048217773,0,0.0,0.0
2026-08-11,7.84522008895874,7.846710205078125,7.844900131225586,7.845119953155518,7.845119953155518,0,0.0,0.0
2026-08-12,7.846290111541748,7.847599983215332,7.845990180969238,7.846409797668457,7.846409797668457,0,0.0,0.0
2026-08-13,7.846280097961426,7.847499847412109,7.845369815826416,7.84630012512207,7.84630012512207,0,0.0,0.0
2026-08-14,7.8468499183654785,7.847599983215332,7.846360206604004,7.8471999168396,7.8471999168396,0,0.0,0.0
2026-08-17,7.846650123596191,7.847400188446045,7.84414005279541,7.846560001373291,7.846560001373291,0,0.0,0.0
2026-08-18,7.844120025634766,7.84499979019165,7.842800140380859,7.84404993057251,7.84404993057251,0,0.0,0.0
2026-08-19,7.843760013580322,7.844299793243408,7.838640213012695,7.843709945678711,7.843709945678711,0,0.0,0.0
2026-08-20,7.840000152587891,7.844099998474121,7.840000152587891,7.840030193328857,7.840030193328857,0,0.0,0.0
2026-08-21,7.843349933624268,7.843699932098389,7.839260101318359,7.843470096588135,7.843470096588135,0,0.0,0.0
2026-08-24,7.8394999504089355,7.839700222015381,7.835879802703857,7.839200019836426,7.839200019836426,0,0.0,0.0
2026-08-25,7.836400032043457,7.839799880981445,7.835299968719482,7.836009979248047,7.836009979248047,0,0.0,0.0
2026-08-26,7.837940216064453,7.841410160064697,7.837940216064453,7.838039875030518,7.838039875030518,0,0.0,0.0
2026-08-27,7.839000225067139,7.8404998779296875,7.837460041046143,7.838799953460693,7.838799953460693,0,0.0,0.0
2026-08-28,7.8387298583984375,7.8406500816345215,7.838500022888184,7.83853006362915,7.83853006362915,0,0.0,0.0
2026-08-31,7.8403000831604,7.840700149536133,7.837210178375244,7.839749813079834,7.839749813079834,0,0.0,0.0
2026-09-01,7.838900089263916,7.84119987487793,7.838099956512451,7.838900089263916,7.838900089263916,0,0.0,0.0
2026-09-02,7.840660095214844,7.843200206756592,7.840519905090332,7.8406901359558105,7.8406901359558105,0,0.0,0.0
2026-09-03,7.841599941253662,7.842599868774414,7.839449882507324,7.841599941253662,7.841599941253662,0,0.0,0.0
2026-09-04,7.839869976043701,7.84119987487793,7.839099884033203,7.840000152587891,7.840000152587891,0,0.0,0.0
2026-09-07,7.840410232543945,7.841000080108643,7.838200092315674,7.84060001373291,7.84060001373291,0,0.0,0.0
2026-09-08,7.839799880981445,7.8420000076293945,7.838600158691406,7.839900016784668,7.839900016784668,0,0.0,0.0
2026-09-09,7.841400146484375,7.8429999351501465,7.840199947357178,7.841400146484375,7.841400146484375,0,0.0,0.0
2026-09-10,7.841969966888428,7.842199802398682,7.8403000831604,7.842199802398682,7.842199802398682,0,0.0,0.0
2026-09-11,7.841209888458252,7.843100070953369,7.841030120849609,7.841189861297607,7.841189861297607,0,0.0,0.0
2026-09-14,7.842259883880615,7.843870162963867,7.841879844665527,7.842010021209717,7.842010021209717,0,0.0,0.0
2026-09-15,7.84296989440918,7.844799995422363,7.842939853668213,7.843100070953369,7.843100070953369,0,0.0,0.0
2026-09-16,7.8442702293396,7.84499979019165,7.843820095062256,7.8445000648498535,7.8445000648498535,0,0.0,0.0
2026-09-17,7.844130039215088,7.846199989318848,7.8438801765441895,7.844079971313477,7.844079971313477,0,0.0,0.0
2026-09-18,7.845930099487305,7.846499919891357,7.844319820404053,7.845900058746338,7.845900058746338,0,0.0,0.0
2026-09-21,7.844900131225586,7.8460001945495605,7.844419956207275,7.844729900360107,7.844729900360107,0,0.0,0.0
2026-09-22,7.844989776611328,7.8463897705078125,7.8425798416137695,7.844840049743652,7.844840049743652,0,0.0,0.0
2026-09-23,7.843019962310791,7.844099998474121,7.842470169067383,7.842599868774414,7.842599868774414,0,0.0,0.0
2026-09-24,7.8425798416137695,7.843800067901611,7.841869831085205,7.842480182647705,7.842480182647705,0,0.0,0.0
2026-09-25,7.84250020980835,7.844399929046631,7.842249870300293,7.842700004577637,7.842700004577637,0,0.0,0.0
2026-09-28,7.843830108642578,7.845200061798096,7.84296989440918,7.844099998474121,7.844099998474121,0,0.0,0.0
2026-09-29,7.844789981842041,7.846799850463867,7.8442702293396,7.844669818878174,7.844669818878174,0,0.0,0.0
2026-09-30,7.846159934997559,7.8470001220703125,7.843900203704834,7.846099853515625,7.846099853515625,0,0.0,0.0
2026-10-01,7.846199989318848,7.847499847412109,7.845459938049316,7.846199989318848,7.846199989318848,0,0.0,0.0
2026-10-02,7.846250057220459,7.847499847412109,7.845200061798096,7.846399784088135,7.846399784088135,0,0.0,0.0
2026-10-05,7.8470001220703125,7.847599983215332,7.8461198806762695,7.8470001220703125,7.8470001220703125,0,0.0,0.0
2026-10-06,7.847300052642822,7.848199844360352,7.84699010848999,7.846640110015869,7.846640110015869,0,0.0,0.0
2026-10-07,7.8471999168396,7.8480000495910645,7.84630012512207,7.847780227661133,7.847780227661133,0,0.0,0.0
