date,open,high,low,close,adj_close,volume,dividends,splits
2019-01-02,20.309999465942383,21.479999542236328,20.18000030517578,21.270000457763672,18.636112213134766,15840000,0.0,0.0
2019-01-03,20.889999389648438,21.139999389648438,20.25,20.350000381469727,17.830034255981445,18608000,0.0,0.0
2019-01-04,20.979999542236328,22.68000030517578,20.75,22.270000457763672,19.512279510498047,25156900,0.0,0.0
2019-01-07,22.43000030517578,22.850000381469727,22.260000228881836,22.760000228881836,19.94160270690918,18889800,0.0,0.0
2019-01-08,22.989999771118164,23.18000030517578,22.434999465942383,22.950000762939453,20.108074188232422,15180400,0.0,0.0
2019-01-09,23.239999771118164,24.1200008392334,23.219999313354492,23.690000534057617,20.756441116333008,21656200,0.0,0.0
2019-01-10,23.0,23.549999237060547,22.829999923706055,23.399999618530273,20.502351760864258,12368400,0.0,0.0
2019-01-11,23.190000534057617,23.75,22.690000534057617,22.8799991607666,20.046741485595703,10034400,0.0,0.0
2019-01-14,22.25,22.299999237060547,21.530000686645508,22.040000915527344,19.310762405395508,14129900,0.0,0.0
2019-01-15,22.25,22.739999771118164,22.1200008392334,22.25,19.4947566986084,11862900,0.0,0.0
2019-01-16,22.3700008392334,22.68000030517578,22.280000686645508,22.329999923706055,19.564849853515625,9761000,0.0,0.0
2019-01-17,22.049999237060547,22.485000610351562,22.020000457763672,22.139999389648438,19.398378372192383,12013700,0.0,0.0
2019-01-18,22.450000762939453,23.850000381469727,22.299999237060547,23.260000228881836,20.37968635559082,23275200,0.0,0.0
2019-01-22,22.8799991607666,22.90999984741211,21.5,21.68000030517578,18.995342254638672,19538300,0.0,0.0
2019-01-23,22.049999237060547,22.600000381469727,21.7549991607666,21.969999313354492,19.249427795410156,11262200,0.0,0.0
2019-01-24,21.979999542236328,22.260000228881836,21.5,22.100000381469727,19.363332748413086,13846300,0.0,0.0
2019-01-25,22.479999542236328,23.93000030517578,22.469999313354492,23.6299991607666,20.703868865966797,28024800,0.0,0.0
2019-01-28,23.43000030517578,24.139999389648438,23.059999465942383,23.719999313354492,20.782724380493164,13925800,0.0,0.0
2019-01-29,23.739999771118164,23.8700008392334,23.309999465942383,23.520000457763672,20.607492446899414,11310400,0.0,0.0
2019-01-30,24.010000228881836,24.719999313354492,23.760000228881836,24.639999389648438,21.58880043029785,19832300,0.0,0.0
2019-01-31,24.5,25.450000762939453,24.469999313354492,24.850000381469727,21.772794723510742,19318400,0.0,0.0
2019-02-01,24.739999771118164,25.309999465942383,24.309999465942383,24.6299991607666,21.58003807067871,11938200,0.0,0.0
2019-02-04,24.5,24.540000915527344,24.15999984741211,24.290000915527344,21.282142639160156,9054300,0.0,0.0
2019-02-05,24.450000762939453,25.979999542236328,24.40999984741211,25.420000076293945,22.2722110748291,19165600,0.0,0.0
2019-02-06,25.469999313354492,25.71500015258789,24.959999084472656,25.110000610351562,22.000598907470703,11083100,0.0,0.0
2019-02-07,24.770000457763672,24.93000030517578,23.520000457763672,23.979999542236328,21.010526657104492,15836100,0.0,0.0
2019-02-08,23.649999618530273,24.280000686645508,23.600000381469727,23.989999771118164,21.019290924072266,8246200,0.0,0.0
2019-02-11,24.350000381469727,24.729999542236328,24.149999618530273,24.280000686645508,21.273380279541016,9035100,0.0,0.0
2019-02-12,24.670000076293945,25.350000381469727,24.56999969482422,24.68000030517578,21.62384605407715,10932800,0.0,0.0
2019-02-13,25.0,25.559999465942383,24.489999771118164,24.610000610351562,21.562515258789062,12449900,0.0,0.0
2019-02-14,24.540000915527344,24.6200008392334,23.885000228881836,24.329999923706055,21.31718635559082,10126800,0.0,0.0
2019-02-15,24.510000228881836,24.56999969482422,23.90999984741211,23.959999084472656,20.993005752563477,11489400,0.0,0.0
2019-02-19,23.65999984741211,24.770000457763672,23.649999618530273,24.639999389648438,21.58880043029785,12430900,0.0,0.0
2019-02-20,24.809999465942383,25.420000076293945,24.510000228881836,24.68000030517578,21.62384605407715,13209200,0.0,0.0
2019-02-21,24.81999969482422,24.8799991607666,24.010000228881836,24.270000457763672,21.264619827270508,13542600,0.0,0.0
2019-02-22,24.549999237060547,25.959999084472656,24.479999542236328,25.950000762939453,22.736581802368164,27113300,0.0,0.0
2019-02-25,27.110000610351562,27.3799991607666,26.040000915527344,26.190000534057617,22.946863174438477,29338500,0.0,0.0
2019-02-26,25.979999542236328,26.81999969482422,25.65999984741211,26.59000015258789,23.29732894897461,20278800,0.0,0.0
2019-02-27,26.420000076293945,26.899999618530273,25.8700008392334,25.969999313354492,22.754106521606445,22994200,0.0,0.0
2019-02-28,28.579999923706055,28.6200008392334,26.579999923706055,27.709999084472656,24.278636932373047,66593100,0.0,0.0
2019-03-01,28.030000686645508,29.389999389648438,27.969999313354492,28.729999542236328,25.172330856323242,37083600,0.0,0.0
2019-03-04,29.040000915527344,29.200000762939453,28.139999389648438,28.889999389648438,25.312517166137695,23454400,0.0,0.0
2019-03-05,28.8799991607666,29.700000762939453,28.700000762939453,29.350000381469727,25.715557098388672,19982900,0.0,0.0
2019-03-06,29.25,29.65999984741211,28.719999313354492,29.030000686645508,25.435182571411133,21316900,0.0,0.0
2019-03-07,28.5,28.645000457763672,27.600000381469727,27.84000015258789,24.392539978027344,20959500,0.0,0.0
2019-03-08,26.709999084472656,27.25,26.3700008392334,27.049999237060547,23.700368881225586,28554000,0.0,0.0
2019-03-11,27.459999084472656,27.889999389648438,27.15999984741211,27.6200008392334,24.199783325195312,21410800,0.0,0.0
2019-03-12,27.950000762939453,28.43000030517578,27.530000686645508,28.110000610351562,24.629106521606445,18551100,0.0,0.0
2019-03-13,28.270000457763672,28.420000076293945,27.860000610351562,28.1299991607666,24.64662742614746,13941500,0.0,0.0
2019-03-14,27.75,27.9689998626709,27.385000228881836,27.889999389648438,24.43634796142578,17280900,0.0,0.0
2019-03-15,28.15999984741211,28.709999084472656,27.780000686645508,27.93000030517578,24.47139549255371,16304000,0.0,0.0
2019-03-18,28.25,28.690000534057617,27.920000076293945,28.139999389648438,24.655391693115234,12513800,0.0,0.0
2019-03-19,28.299999237060547,28.670000076293945,28.010000228881836,28.309999465942383,24.804338455200195,12356500,0.0,0.0
2019-03-20,28.15999984741211,28.290000915527344,27.670000076293945,28.079999923706055,24.60282325744629,12752400,0.0,0.0
2019-03-21,27.969999313354492,28.81999969482422,27.8700008392334,28.760000228881836,25.19861602783203,14343000,0.0,0.0
2019-03-22,28.40999984741211,28.760000228881836,27.84000015258789,28.0,24.532726287841797,13944200,0.0,0.0
2019-03-25,27.690000534057617,28.549999237060547,27.469999313354492,28.389999389648438,24.874431610107422,14183100,0.0,0.0
2019-03-26,28.5,29.049999237060547,28.31999969482422,28.809999465942383,25.24242401123047,17986900,0.0,0.0
2019-03-27,28.809999465942383,29.709999084472656,28.809999465942383,29.15999984741211,25.549083709716797,20596600,0.0,0.0
2019-03-28,29.229999542236328,29.450000762939453,28.860000610351562,29.40999984741211,25.768125534057617,9726700,0.0,0.0
2019-03-29,29.770000457763672,30.530000686645508,29.690000534057617,30.149999618530273,26.41649055480957,22128200,0.0,0.0
2019-04-01,30.93000030517578,31.625,30.780000686645508,31.260000228881836,27.3890380859375,25515800,0.0,0.0
2019-04-02,31.139999389648438,31.200000762939453,30.100000381469727,30.290000915527344,26.539154052734375,20620300,0.0,0.0
2019-04-03,30.709999084472656,30.929000854492188,30.229999542236328,30.309999465942383,26.556676864624023,15446000,0.0,0.0
2019-04-04,29.729999542236328,30.65999984741211,29.68000030517578,30.25,26.504108428955078,14536900,0.0,0.0
2019-04-05,30.5,31.56999969482422,30.3700008392334,31.239999771118164,27.37151527404785,17824300,0.0,0.0
2019-04-08,30.920000076293945,31.18000030517578,30.670000076293945,30.790000915527344,26.977237701416016,11378700,0.0,0.0
2019-04-09,30.75,31.31999969482422,30.389999389648438,30.899999618530273,27.073617935180664,13887300,0.0,0.0
2019-04-10,30.6299991607666,30.84000015258789,29.809999465942383,30.170000076293945,26.43401336669922,20472700,0.0,0.0
2019-04-11,29.809999465942383,30.350000381469727,29.549999237060547,30.200000762939453,26.460298538208008,10818900,0.0,0.0
2019-04-12,30.6299991607666,31.190000534057617,30.31999969482422,30.56999969482422,26.784482955932617,11289300,0.0,0.0
2019-04-15,30.399999618530273,30.663000106811523,29.1200008392334,29.65999984741211,25.987167358398438,16600400,0.0,0.0
2019-04-16,30.079999923706055,30.530000686645508,29.399999618530273,29.90999984741211,26.20621109008789,15046300,0.0,0.0
2019-04-17,29.969999313354492,30.639999389648438,29.209999084472656,29.850000381469727,26.153640747070312,17614900,0.0,0.0
2019-04-18,29.84000015258789,30.020000457763672,29.479999542236328,30.010000228881836,26.293827056884766,9563700,0.0,0.0
2019-04-22,29.65999984741211,29.739999771118164,29.079999923706055,29.649999618530273,25.978404998779297,11174100,0.0,0.0
2019-04-23,29.5,30.139999389648438,29.350000381469727,29.780000686645508,26.092309951782227,12297100,0.0,0.0
2019-04-24,29.700000762939453,29.899999618530273,29.34000015258789,29.65999984741211,25.987167358398438,7644500,0.0,0.0
2019-04-25,29.420000076293945,29.5,28.420000076293945,29.229999542236328,25.610414505004883,14814000,0.0,0.0
2019-04-26,29.030000686645508,29.280000686645508,28.2549991607666,29.1299991607666,25.522796630859375,17751700,0.0,0.0
2019-04-29,29.239999771118164,29.979999542236328,29.139999389648438,29.864999771118164,26.166784286499023,10643700,0.0,0.0
2019-04-30,30.530000686645508,30.889999389648438,30.010000228881836,30.270000457763672,26.521631240844727,18458600,0.0,0.0
2019-05-01,30.34000015258789,31.0,30.18000030517578,30.200000762939453,26.460298538208008,12204100,0.0,0.0
2019-05-02,30.1299991607666,30.889999389648438,29.875,29.989999771118164,26.276302337646484,11682500,0.0,0.0
2019-05-03,30.260000228881836,30.8799991607666,30.049999237060547,30.049999237060547,26.328872680664062,14887100,0.0,0.0
2019-05-06,28.239999771118164,28.93000030517578,27.0,28.700000762939453,25.14604377746582,27358700,0.0,0.0
2019-05-07,28.295000076293945,28.5,26.780000686645508,27.1299991607666,23.77046012878418,28758600,0.0,0.0
2019-05-08,26.950000762939453,27.440000534057617,26.700000762939453,26.889999389648438,23.560178756713867,18499900,0.0,0.0
2019-05-09,26.389999389648438,27.770000457763672,25.809999465942383,27.510000228881836,24.103404998779297,33001300,0.0,0.0
2019-05-10,30.190000534057617,30.469999313354492,27.90999984741211,28.170000076293945,24.681678771972656,57736600,0.0,0.0
2019-05-13,26.93000030517578,28.450000762939453,26.81999969482422,28.18000030517578,24.69043731689453,30821700,0.0,0.0
2019-05-14,28.6299991607666,29.799999237060547,28.260000228881836,29.670000076293945,25.995929718017578,22847900,0.0,0.0
2019-05-15,29.6200008392334,30.760000228881836,29.450000762939453,30.440000534057617,26.670578002929688,21663100,0.0,0.0
2019-05-16,30.25,30.889999389648438,29.875,30.459999084472656,26.68810272216797,14903200,0.0,0.0
2019-05-17,29.579999923706055,30.014999389648438,29.149999618530273,29.309999465942383,25.680509567260742,18158400,0.0,0.0
2019-05-20,28.75,28.969999313354492,28.079999923706055,28.360000610351562,24.848148345947266,17371500,0.0,0.0
2019-05-21,28.670000076293945,29.274999618530273,28.489999771118164,29.049999237060547,25.45270347595215,10069400,0.0,0.0
2019-05-22,28.760000228881836,29.040000915527344,28.190000534057617,28.229999542236328,24.73424530029297,12794500,0.0,0.0
2019-05-23,27.5,27.6299991607666,26.239999771118164,26.700000762939453,23.39371109008789,27158100,0.0,0.0
2019-05-24,27.079999923706055,27.219999313354492,26.170000076293945,26.31999969482422,23.06076431274414,17438200,0.0,0.0
2019-05-28,26.450000762939453,26.770000457763672,26.219999313354492,26.290000915527344,23.03447723388672,14073800,0.0,0.0
2019-05-29,25.969999313354492,26.1299991607666,25.479999542236328,26.010000228881836,22.789152145385742,12530100,0.0,0.0
2019-05-30,26.030000686645508,26.6299991607666,26.030000686645508,26.350000381469727,23.08704948425293,8466600,0.0,0.0
2019-05-31,25.809999465942383,25.899999618530273,25.524999618530273,25.760000228881836,22.570112228393555,11156200,0.0,0.0
2019-06-03,25.809999465942383,26.5,25.5,25.760000228881836,22.570112228393555,11859000,0.0,0.0
2019-06-04,26.18000030517578,26.899999618530273,26.084999084472656,26.799999237060547,23.4813232421875,11199000,0.0,0.0
2019-06-05,26.950000762939453,26.989999771118164,25.670000076293945,26.190000534057617,22.946863174438477,11011600,0.0,0.0
2019-06-06,26.18000030517578,26.3799991607666,25.809999465942383,26.239999771118164,22.990671157836914,7660500,0.0,0.0
2019-06-07,26.360000610351562,27.15999984741211,26.350000381469727,26.799999237060547,23.4813232421875,9518300,0.0,0.0
2019-06-10,27.440000534057617,27.760000228881836,27.135000228881836,27.260000228881836,23.88436508178711,14453000,0.0,0.0
2019-06-11,27.8700008392334,28.459999084472656,27.610000610351562,28.0,24.532726287841797,15134700,0.0,0.0
2019-06-12,27.469999313354492,27.489999771118164,27.010000228881836,27.239999771118164,23.866838455200195,8873700,0.0,0.0
2019-06-13,27.329999923706055,27.8700008392334,27.260000228881836,27.540000915527344,24.12969207763672,6933500,0.0,0.0
2019-06-14,27.110000610351562,27.1200008392334,26.639999389648438,27.049999237060547,23.700368881225586,9140100,0.0,0.0
2019-06-17,27.100000381469727,27.4950008392334,26.81999969482422,27.329999923706055,23.945693969726562,6570200,0.0,0.0
2019-06-18,27.600000381469727,28.8799991607666,27.469999313354492,28.260000228881836,24.760530471801758,19526200,0.0,0.0
2019-06-19,28.260000228881836,28.8799991607666,27.889999389648438,28.65999984741211,25.110998153686523,10938200,0.0,0.0
2019-06-20,29.25,29.799999237060547,28.81999969482422,29.1200008392334,25.514036178588867,14674400,0.0,0.0
2019-06-21,28.969999313354492,29.549999237060547,28.850000381469727,29.059999465942383,25.46146583557129,13397500,0.0,0.0
2019-06-24,29.190000534057617,29.270000457763672,28.889999389648438,28.90999984741211,25.330039978027344,6070800,0.0,0.0
2019-06-25,28.690000534057617,28.71500015258789,28.06999969482422,28.5,24.970813751220703,11002600,0.0,0.0
2019-06-26,28.90999984741211,30.325000762939453,28.844999313354492,30.139999389648438,26.40772819519043,23418800,0.0,0.0
2019-06-27,30.25,30.68000030517578,30.170000076293945,30.290000915527344,26.539154052734375,12985300,0.0,0.0
2019-06-28,30.290000915527344,30.489999771118164,30.030000686645508,30.290000915527344,26.539154052734375,10410100,0.0,0.0
2019-07-01,31.360000610351562,31.9950008392334,30.895000457763672,31.190000534057617,27.32770538330078,17308200,0.0,0.0
2019-07-02,31.059999465942383,31.959999084472656,31.040000915527344,31.450000762939453,27.555509567260742,13148700,0.0,0.0
2019-07-03,31.399999618530273,31.540000915527344,30.81999969482422,31.5,27.599319458007812,6008800,0.0,0.0
2019-07-05,30.969999313354492,31.200000762939453,30.719999313354492,31.030000686645508,27.187519073486328,7070800,0.0,0.0
2019-07-08,30.399999618530273,30.665000915527344,30.229999542236328,30.56999969482422,26.784482955932617,8808800,0.0,0.0
2019-07-09,30.3799991607666,30.809999465942383,30.290000915527344,30.75,26.94219207763672,7317700,0.0,0.0
2019-07-10,30.989999771118164,31.100000381469727,30.165000915527344,30.709999084472656,26.907142639160156,13297300,0.0,0.0
2019-07-11,30.790000915527344,30.972999572753906,30.31999969482422,30.510000228881836,26.731910705566406,7386200,0.0,0.0
2019-07-12,30.690000534057617,31.415000915527344,30.600000381469727,31.079999923706055,27.2313289642334,11766900,0.0,0.0
2019-07-15,31.360000610351562,31.670000076293945,31.0,31.030000686645508,27.187519073486328,7110200,0.0,0.0
2019-07-16,31.0,31.100000381469727,30.520000457763672,30.719999313354492,26.91590690612793,9375500,0.0,0.0
2019-07-17,30.84000015258789,31.079999923706055,30.600000381469727,30.709999084472656,26.907142639160156,5349000,0.0,0.0
2019-07-18,30.5,30.600000381469727,30.163999557495117,30.579999923706055,26.793243408203125,5782900,0.0,0.0
2019-07-19,30.809999465942383,31.290000915527344,30.809999465942383,30.989999771118164,27.15247344970703,8153800,0.0,0.0
2019-07-22,30.90999984741211,30.950000762939453,30.479999542236328,30.65999984741211,26.863338470458984,6676900,0.0,0.0
2019-07-23,30.899999618530273,31.920000076293945,30.84000015258789,31.850000381469727,27.905977249145508,11159500,0.0,0.0
2019-07-24,31.739999771118164,32.33000183105469,31.600000381469727,32.20000076293945,28.212636947631836,11972600,0.0,0.0
2019-07-25,32.040000915527344,32.380001068115234,31.68000030517578,31.829999923706055,27.88845443725586,7397700,0.0,0.0
2019-07-26,31.93000030517578,32.005001068115234,31.520000457763672,31.549999237060547,27.643125534057617,5592000,0.0,0.0
2019-07-29,31.450000762939453,31.45400047302246,30.780000686645508,31.389999389648438,27.502939224243164,10329200,0.0,0.0
2019-07-30,30.850000381469727,30.989999771118164,30.375,30.420000076293945,26.653057098388672,8441200,0.0,0.0
2019-07-31,30.489999771118164,30.5,29.350000381469727,29.90999984741211,26.20621109008789,11912800,0.0,0.0
2019-08-01,29.90999984741211,30.594999313354492,27.639999389648438,28.610000610351562,25.067190170288086,23027100,0.0,0.0
2019-08-02,28.18000030517578,28.34000015258789,27.649999618530273,28.010000228881836,24.541488647460938,14058700,0.0,0.0
2019-08-05,26.649999618530273,26.905000686645508,25.770000457763672,26.170000076293945,22.929338455200195,23682900,0.0,0.0
2019-08-06,26.90999984741211,27.010000228881836,26.28499984741211,26.479999542236328,23.200950622558594,11748900,0.0,0.0
2019-08-07,26.1200008392334,26.770000457763672,25.84000015258789,26.56999969482422,23.27980613708496,12524000,0.0,0.0
2019-08-08,27.040000915527344,27.635000228881836,26.84000015258789,27.540000915527344,24.12969207763672,11652800,0.0,0.0
2019-08-09,27.309999465942383,27.409000396728516,26.825000762939453,27.100000381469727,23.74417495727539,8960100,0.0,0.0
2019-08-12,26.799999237060547,27.360000610351562,26.530000686645508,27.15999984741211,23.796743392944336,20604600,0.0,0.0
2019-08-13,28.639999389648438,30.979999542236328,28.149999618530273,30.65999984741211,26.863338470458984,46127300,0.0,0.0
2019-08-14,29.700000762939453,30.70199966430664,29.549999237060547,29.6299991607666,25.96088218688965,30022900,0.0,0.0
2019-08-15,30.15999984741211,30.790000915527344,30.079999923706055,30.15999984741211,26.425249099731445,18020000,0.0,0.0
2019-08-16,30.5,31.450000762939453,30.079999923706055,31.290000915527344,27.415325164794922,18852100,0.0,0.0
2019-08-19,31.920000076293945,32.279998779296875,31.40999984741211,31.579999923706055,27.66941261291504,15392900,0.0,0.0
2019-08-20,31.489999771118164,31.81999969482422,31.3700008392334,31.420000076293945,27.529224395751953,11921900,0.0,0.0
2019-08-21,31.670000076293945,31.799999237060547,30.704999923706055,30.739999771118164,26.933429718017578,16911200,0.0,0.0
2019-08-22,30.56999969482422,30.709999084472656,29.209999084472656,29.489999771118164,25.838218688964844,19832800,0.0,0.0
2019-08-23,28.899999618530273,29.670000076293945,28.549999237060547,28.770000457763672,25.207378387451172,22029600,0.0,0.0
2019-08-26,29.18000030517578,29.81999969482422,29.079999923706055,29.739999771118164,26.057260513305664,12498500,0.0,0.0
2019-08-27,30.0,30.299999237060547,29.732999801635742,29.920000076293945,26.2149715423584,7958500,0.0,0.0
2019-08-28,29.700000762939453,30.489999771118164,29.6299991607666,30.299999237060547,26.547916412353516,6625500,0.0,0.0
2019-08-29,30.690000534057617,31.239999771118164,30.635000228881836,30.739999771118164,26.933429718017578,9602700,0.0,0.0
2019-08-30,30.90999984741211,31.43000030517578,30.360000610351562,30.5,26.723148345947266,10090400,0.0,0.0
2019-09-03,30.100000381469727,30.200000762939453,29.399999618530273,29.450000762939453,25.803173065185547,7633900,0.0,0.0
2019-09-04,30.270000457763672,30.290000915527344,29.84000015258789,29.8799991607666,26.17992401123047,6567800,0.0,0.0
2019-09-05,30.31999969482422,31.079999923706055,30.25,30.84000015258789,27.021045684814453,11757700,0.0,0.0
2019-09-06,30.889999389648438,31.39699935913086,30.760000228881836,31.079999923706055,27.2313289642334,6435400,0.0,0.0
2019-09-09,31.1200008392334,31.56999969482422,30.889999389648438,31.479999542236328,27.58179473876953,7537600,0.0,0.0
2019-09-10,31.200000762939453,31.239999771118164,30.1299991607666,30.8700008392334,27.047332763671875,11056000,0.0,0.0
2019-09-11,31.200000762939453,31.719999313354492,30.639999389648438,31.06999969482422,27.222564697265625,12261800,0.0,0.0
2019-09-12,31.540000915527344,31.989999771118164,31.200000762939453,31.520000457763672,27.61684226989746,11849000,0.0,0.0
2019-09-13,31.65999984741211,31.790000915527344,31.1299991607666,31.229999542236328,27.36275291442871,7025800,0.0,0.0
2019-09-16,30.739999771118164,31.030000686645508,30.735000610351562,30.850000381469727,27.029809951782227,5453800,0.0,0.0
2019-09-17,30.739999771118164,31.299999237060547,30.520000457763672,31.170000076293945,27.310184478759766,5930900,0.0,0.0
2019-09-18,31.100000381469727,31.18000030517578,30.65999984741211,31.040000915527344,27.19628143310547,5066100,0.0,0.0
2019-09-19,31.0,32.0,30.90999984741211,31.049999237060547,27.205041885375977,12645000,0.0,0.0
2019-09-20,31.450000762939453,31.690000534057617,30.5,30.940000534057617,27.10866355895996,13990300,0.0,0.0
2019-09-23,31.360000610351562,31.469999313354492,30.28499984741211,30.329999923706055,26.574199676513672,9589800,0.0,0.0
2019-09-24,30.479999542236328,30.479999542236328,29.290000915527344,29.40999984741211,25.768125534057617,16286800,0.0,0.0
2019-09-25,29.149999618530273,30.059999465942383,29.0,29.989999771118164,26.276302337646484,12936200,0.0,0.0
2019-09-26,29.979999542236328,30.25,29.104999542236328,29.579999923706055,25.91707420349121,11001200,0.0,0.0
2019-09-27,29.709999084472656,30.010000228881836,27.469999313354492,27.81999969482422,24.375019073486328,28116900,0.0,0.0
2019-09-30,28.469999313354492,28.636999130249023,27.950000762939453,28.209999084472656,24.71672248840332,12958900,0.0,0.0
2019-10-01,28.219999313354492,28.56999969482422,27.969999313354492,28.190000534057617,24.69919776916504,10584300,0.0,0.0
2019-10-02,28.0,28.219999313354492,27.530000686645508,28.059999465942383,24.585296630859375,9215100,0.0,0.0
2019-10-03,28.110000610351562,28.969999313354492,27.81999969482422,28.799999237060547,25.23366355895996,8604200,0.0,0.0
2019-10-04,28.8799991607666,29.190000534057617,28.649999618530273,28.989999771118164,25.400135040283203,7369100,0.0,0.0
2019-10-07,28.84000015258789,29.399999618530273,28.600000381469727,28.850000381469727,25.2774715423584,9052900,0.0,0.0
2019-10-08,28.190000534057617,28.610000610351562,27.719999313354492,27.729999542236328,24.29616355895996,11603000,0.0,0.0
2019-10-09,28.280000686645508,28.600000381469727,27.959999084472656,28.3799991607666,24.865671157836914,8313000,0.0,0.0
2019-10-10,28.31999969482422,28.950000762939453,28.200000762939453,28.579999923706055,25.040904998779297,8143300,0.0,0.0
2019-10-11,29.450000762939453,30.31999969482422,29.450000762939453,29.709999084472656,26.030977249145508,17372000,0.0,0.0
2019-10-14,29.5,29.90999984741211,29.5,29.829999923706055,26.136117935180664,5981400,0.0,0.0
2019-10-15,29.989999771118164,31.075000762939453,29.959999084472656,31.0,27.16123390197754,10273500,0.0,0.0
2019-10-16,30.829999923706055,31.450000762939453,30.829999923706055,31.239999771118164,27.37151527404785,9756800,0.0,0.0
2019-10-17,31.290000915527344,31.440000534057617,30.611000061035156,30.739999771118164,26.933429718017578,6506600,0.0,0.0
2019-10-18,30.770000457763672,30.84000015258789,29.739999771118164,29.93000030517578,26.223731994628906,9014500,0.0,0.0
2019-10-21,30.309999465942383,31.079999923706055,30.260000228881836,31.030000686645508,27.187519073486328,8876700,0.0,0.0
2019-10-22,31.0,31.239999771118164,30.1200008392334,30.270000457763672,26.521631240844727,8883300,0.0,0.0
2019-10-23,30.309999465942383,30.89900016784668,30.25,30.760000228881836,26.950952529907227,5633200,0.0,0.0
2019-10-24,31.0,31.170000076293945,30.59000015258789,30.719999313354492,26.91590690612793,9459400,0.0,0.0
2019-10-25,30.579999923706055,31.25,30.25,31.15999984741211,27.301422119140625,16642400,0.0,0.0
2019-10-28,31.450000762939453,31.950000762939453,31.1200008392334,31.729999542236328,27.80083465576172,12037600,0.0,0.0
2019-10-29,31.40999984741211,31.799999237060547,31.1299991607666,31.780000686645508,27.844646453857422,8676100,0.0,0.0
2019-10-30,31.600000381469727,31.889999389648438,31.399999618530273,31.690000534057617,27.765790939331055,6421900,0.0,0.0
2019-10-31,31.799999237060547,31.799999237060547,30.899999618530273,31.149999618530273,27.292659759521484,7731900,0.0,0.0
2019-11-01,31.639999389648438,31.829999923706055,31.170000076293945,31.489999771118164,27.590557098388672,10472000,0.0,0.0
2019-11-04,32.040000915527344,33.290000915527344,32.02000045776367,33.119998931884766,29.01871109008789,18576700,0.0,0.0
2019-11-05,33.2599983215332,33.790000915527344,32.7400016784668,32.97999954223633,28.896047592163086,12870300,0.0,0.0
2019-11-06,33.13999938964844,33.150001525878906,32.61000061035156,32.869998931884766,28.799667358398438,6789700,0.0,0.0
2019-11-07,33.63999938964844,33.76100158691406,33.060001373291016,33.279998779296875,29.158899307250977,9687500,0.0,0.0
2019-11-08,33.22999954223633,33.45000076293945,32.959999084472656,33.22999954223633,29.115089416503906,6366600,0.0,0.0
2019-11-11,32.77000045776367,33.54999923706055,32.41999816894531,33.209999084472656,29.09756851196289,10763600,0.0,0.0
2019-11-12,33.47999954223633,34.09000015258789,33.25,33.56999969482422,29.412988662719727,13923500,0.0,0.0
2019-11-13,33.400001525878906,33.599998474121094,33.0,33.369998931884766,29.23775291442871,9055500,0.0,0.0
2019-11-14,33.36000061035156,33.59000015258789,32.869998931884766,33.56999969482422,29.412988662719727,15277700,0.0,0.0
2019-11-15,35.04999923706055,35.43000030517578,32.93000030517578,33.54999923706055,29.395463943481445,39396100,0.0,0.0
2019-11-18,33.95000076293945,34.2599983215332,32.72999954223633,32.79999923706055,28.73833656311035,18089000,0.0,0.0
2019-11-19,33.09000015258789,33.439998626708984,32.15999984741211,32.439998626708984,28.422916412353516,12442100,0.0,0.0
2019-11-20,31.989999771118164,32.31999969482422,31.424999237060547,31.68000030517578,27.757030487060547,14064500,0.0,0.0
2019-11-21,31.639999389648438,32.16999816894531,31.510000228881836,32.16999816894531,28.18634796142578,7905800,0.0,0.0
2019-11-22,32.22999954223633,32.29999923706055,31.780000686645508,31.950000762939453,27.99359703063965,6055100,0.0,0.0
2019-11-25,32.709999084472656,32.755001068115234,32.2599983215332,32.63999938964844,28.5981502532959,9617000,0.0,0.0
2019-11-26,32.58000183105469,32.95000076293945,32.29999923706055,32.86000061035156,28.790908813476562,11898700,0.0,0.0
2019-11-27,32.93000030517578,33.18000030517578,32.61000061035156,33.150001525878906,29.04499626159668,7136000,0.0,0.0
2019-11-29,32.720001220703125,32.959999084472656,32.5,32.650001525878906,28.606914520263672,5964000,0.0,0.0
2019-12-02,32.689998626708984,32.689998626708984,31.719999313354492,32.290000915527344,28.291492462158203,11134800,0.0,0.0
2019-12-03,31.540000915527344,32.099998474121094,30.84000015258789,32.029998779296875,28.06368637084961,12029000,0.0,0.0
2019-12-04,32.16999816894531,32.48500061035156,31.530000686645508,31.559999465942383,27.65188980102539,12520000,0.0,0.0
2019-12-05,31.799999237060547,32.650001525878906,31.709999084472656,32.540000915527344,28.510536193847656,11692000,0.0,0.0
2019-12-06,32.970001220703125,33.18000030517578,32.779998779296875,32.93000030517578,28.85224151611328,8517900,0.0,0.0
2019-12-09,33.0,33.654998779296875,32.95000076293945,33.25,29.13261604309082,9341100,0.0,0.0
2019-12-10,33.27000045776367,33.720001220703125,33.165000915527344,33.2599983215332,29.141376495361328,7732800,0.0,0.0
2019-12-11,33.310001373291016,33.349998474121094,32.73099899291992,33.2400016784668,29.123855590820312,8134900,0.0,0.0
2019-12-12,33.189998626708984,34.19499969482422,33.08000183105469,33.81999969482422,29.632028579711914,12597300,0.0,0.0
2019-12-13,34.0,34.7400016784668,33.93000030517578,34.0,29.78973960876465,12288900,0.0,0.0
2019-12-16,34.459999084472656,34.91999816894531,34.40999984741211,34.63999938964844,30.350488662719727,11770800,0.0,0.0
2019-12-17,34.7599983215332,34.84000015258789,34.5099983215332,34.689998626708984,30.3942928314209,6384100,0.0,0.0
2019-12-18,34.70000076293945,34.75,34.33000183105469,34.439998626708984,30.175254821777344,7197200,0.0,0.0
2019-12-19,34.45000076293945,34.880001068115234,34.3849983215332,34.779998779296875,30.4731502532959,8116500,0.0,0.0
2019-12-20,34.939998626708984,35.52000045776367,34.869998931884766,35.310001373291016,30.937524795532227,14968000,0.0,0.0
2019-12-23,36.02000045776367,36.79999923706055,35.959999084472656,36.2599983215332,31.76988410949707,14699200,0.0,0.0
2019-12-24,36.560001373291016,36.560001373291016,36.060001373291016,36.279998779296875,31.78740119934082,3206300,0.0,0.0
2019-12-26,36.16999816894531,36.369998931884766,36.0,36.2400016784668,31.752357482910156,4385200,0.0,0.0
2019-12-27,36.36000061035156,36.41999816894531,35.83000183105469,35.93000030517578,31.480745315551758,5158400,0.0,0.0
2019-12-30,36.0,36.0,35.345001220703125,35.400001525878906,31.01637840270996,6830700,0.0,0.0
2019-12-31,35.29999923706055,35.5099983215332,35.20000076293945,35.22999954223633,30.8674259185791,4815600,0.0,0.0
2020-01-02,35.959999084472656,37.7599983215332,35.900001525878906,37.72999954223633,33.05785369873047,22688700,0.0,0.0
2020-01-03,36.779998779296875,38.540000915527344,36.68000030517578,37.9900016784668,33.2856559753418,16929900,0.0,0.0
2020-01-06,37.459999084472656,38.08000183105469,37.380001068115234,38.0,33.29441833496094,9740100,0.0,0.0
2020-01-07,38.08000183105469,38.61000061035156,37.63999938964844,38.31999969482422,33.574790954589844,10131300,0.0,0.0
2020-01-08,38.02000045776367,38.849998474121094,37.97999954223633,38.29999923706055,33.55726623535156,11434700,0.0,0.0
2020-01-09,38.84000015258789,39.099998474121094,38.70000076293945,38.900001525878906,34.082969665527344,10783100,0.0,0.0
2020-01-10,39.38999938964844,39.5,38.72999954223633,39.11000061035156,34.266963958740234,10330500,0.0,0.0
2020-01-13,39.68000030517578,40.98500061035156,39.630001068115234,40.310001373291016,35.31836700439453,20839500,0.0,0.0
2020-01-14,40.029998779296875,40.459999084472656,39.59000015258789,40.290000915527344,35.300846099853516,12398500,0.0,0.0
2020-01-15,40.02000045776367,40.45500183105469,39.54999923706055,39.779998779296875,34.85399627685547,9567600,0.0,0.0
2020-01-16,40.18000030517578,40.27000045776367,39.404998779296875,39.560001373291016,34.66123962402344,8572200,0.0,0.0
2020-01-17,39.83000183105469,40.3849983215332,39.709999084472656,40.349998474121094,35.35341262817383,9941900,0.0,0.0
2020-01-21,39.275001525878906,40.15999984741211,39.04999923706055,40.060001373291016,35.09932327270508,13169800,0.0,0.0
2020-01-22,40.529998779296875,42.0,40.5,40.970001220703125,35.896636962890625,16055400,0.0,0.0
2020-01-23,39.9900016784668,40.83000183105469,39.939998626708984,40.77000045776367,35.721405029296875,14605400,0.0,0.0
2020-01-24,40.7599983215332,40.970001220703125,39.189998626708984,39.54999923706055,34.6524772644043,14322200,0.0,0.0
2020-01-27,36.9900016784668,38.84000015258789,36.349998474121094,37.650001525878906,32.98775863647461,22995500,0.0,0.0
2020-01-28,38.380001068115234,39.1150016784668,37.683998107910156,38.90999984741211,34.09172821044922,14197300,0.0,0.0
2020-01-29,39.189998626708984,39.52000045776367,38.790000915527344,39.13999938964844,34.29324722290039,9726600,0.0,0.0
2020-01-30,38.20000076293945,38.689998626708984,37.540000915527344,38.4900016784668,33.72373962402344,12593300,0.0,0.0
2020-01-31,38.04999923706055,38.45000076293945,37.56999969482422,37.689998626708984,33.022804260253906,12075200,0.0,0.0
2020-02-03,38.0,39.5369987487793,38.0,39.20000076293945,34.34581756591797,13564300,0.0,0.0
2020-02-04,40.310001373291016,41.279998779296875,40.064998626708984,40.349998474121094,35.35341262817383,16286600,0.0,0.0
2020-02-05,40.86000061035156,40.959999084472656,39.45000076293945,39.939998626708984,34.99418258666992,12503400,0.0,0.0
2020-02-06,40.40999984741211,40.970001220703125,40.060001373291016,40.380001068115234,35.379695892333984,9087300,0.0,0.0
2020-02-07,39.81999969482422,40.369998931884766,39.779998779296875,39.9900016784668,35.037994384765625,9500300,0.0,0.0
2020-02-10,40.04999923706055,40.15999984741211,39.560001373291016,40.099998474121094,35.13436508178711,7225300,0.0,0.0
2020-02-11,40.54999923706055,41.85599899291992,40.5,40.779998779296875,35.73016357421875,11347100,0.0,0.0
2020-02-12,41.56999969482422,42.34000015258789,41.22999954223633,41.63999938964844,36.483665466308594,15260500,0.0,0.0
2020-02-13,41.150001525878906,42.40999984741211,41.060001373291016,42.0099983215332,36.80785369873047,15308700,0.0,0.0
2020-02-14,42.130001068115234,42.57500076293945,41.59000015258789,41.970001220703125,36.77280807495117,9165900,0.0,0.0
2020-02-18,42.41999816894531,42.790000915527344,41.65999984741211,42.31999969482422,37.079463958740234,11851700,0.0,0.0
2020-02-19,42.83000183105469,43.09000015258789,42.529998779296875,42.95000076293945,37.63145446777344,10717700,0.0,0.0
2020-02-20,42.9900016784668,43.0,41.33000183105469,41.47999954223633,36.34347915649414,13569100,0.0,0.0
2020-02-21,41.470001220703125,41.47999954223633,40.15999984741211,40.41999816894531,35.41474533081055,11045400,0.0,0.0
2020-02-24,38.5,39.58000183105469,38.380001068115234,39.369998931884766,34.49476623535156,14263200,0.0,0.0
2020-02-25,40.0,40.349998474121094,38.400001525878906,38.84000015258789,34.030399322509766,14776100,0.0,0.0
2020-02-26,39.38999938964844,40.189998626708984,39.25,39.91999816894531,34.976654052734375,15399200,0.0,0.0
2020-02-27,39.22999954223633,39.68000030517578,38.02000045776367,38.400001525878906,33.64488220214844,17145000,0.0,0.0
2020-02-28,37.0099983215332,38.72999954223633,36.814998626708984,38.5099983215332,33.74126052856445,22955300,0.0,0.0
2020-03-02,41.380001068115234,44.119998931884766,40.25,43.29999923706055,37.9381103515625,45794500,0.0,0.0
2020-03-03,43.560001373291016,44.04999923706055,40.11000061035156,41.459999084472656,36.325958251953125,29036500,0.0,0.0
2020-03-04,42.4900016784668,44.7599983215332,42.40999984741211,43.90999984741211,38.47257614135742,22143600,0.0,0.0
2020-03-05,42.54999923706055,45.34000015258789,42.54999923706055,44.619998931884766,39.09465789794922,24148600,0.0,0.0
2020-03-06,43.0,43.849998474121094,41.20000076293945,42.15999984741211,36.93927764892578,25393700,0.0,0.0
2020-03-09,40.099998474121094,41.79499816894531,39.20000076293945,39.90999984741211,34.9678955078125,26241900,0.0,0.0
2020-03-10,41.38999938964844,42.58000183105469,40.60499954223633,41.79999923706055,36.62385559082031,21203800,0.0,0.0
2020-03-11,40.40999984741211,43.08000183105469,40.40999984741211,41.529998779296875,36.387290954589844,27069600,0.0,0.0
2020-03-12,38.849998474121094,39.790000915527344,37.369998931884766,38.2599983215332,33.522220611572266,30770700,0.0,0.0
2020-03-13,41.0099983215332,41.209999084472656,37.439998626708984,39.709999084472656,34.79266357421875,22982900,0.0,0.0
2020-03-16,36.099998474121094,38.91999816894531,32.70000076293945,35.2400016784668,30.876190185546875,25203900,0.0,0.0
2020-03-17,37.65999984741211,39.97999954223633,36.2599983215332,38.349998474121094,33.601070404052734,27822600,0.0,0.0
2020-03-18,36.0,38.349998474121094,35.54999923706055,37.70000076293945,33.03156661987305,23689500,0.0,0.0
2020-03-19,37.5099983215332,38.900001525878906,36.560001373291016,37.209999084472656,32.60224533081055,25834000,0.0,0.0
2020-03-20,38.349998474121094,39.27000045776367,37.56999969482422,37.65999984741211,32.99652099609375,21050400,0.0,0.0
2020-03-23,38.18000030517578,39.29499816894531,36.220001220703125,38.61000061035156,33.82888412475586,18926300,0.0,0.0
2020-03-24,39.90999984741211,42.310001373291016,39.90999984741211,41.0099983215332,35.93168258666992,24405700,0.0,0.0
2020-03-25,41.349998474121094,42.93000030517578,40.52000045776367,41.349998474121094,36.22957992553711,18686200,0.0,0.0
2020-03-26,41.709999084472656,43.959999084472656,40.33000183105469,42.0099983215332,36.80785369873047,20472700,0.0,0.0
2020-03-27,40.619998931884766,41.31999969482422,39.91999816894531,40.150001525878906,35.17818069458008,12299800,0.0,0.0
2020-03-30,40.869998931884766,41.18000030517578,39.5099983215332,40.38999938964844,35.388458251953125,14771100,0.0,0.0
2020-03-31,40.52000045776367,40.9900016784668,39.970001220703125,40.5,35.484840393066406,13864300,0.0,0.0
2020-04-01,39.90999984741211,42.81999969482422,39.90999984741211,40.90999984741211,35.84407043457031,21650800,0.0,0.0
2020-04-02,40.54999923706055,41.54999923706055,39.5099983215332,40.08000183105469,35.11684799194336,21452200,0.0,0.0
2020-04-03,40.08000183105469,41.029998779296875,39.255001068115234,39.88999938964844,34.950374603271484,12172500,0.0,0.0
2020-04-06,40.91999816894531,42.060001373291016,40.20000076293945,41.560001373291016,36.41357421875,15125700,0.0,0.0
2020-04-07,42.70000076293945,43.150001525878906,41.720001220703125,41.9900016784668,36.79032897949219,16888500,0.0,0.0
2020-04-08,41.93000030517578,42.43000030517578,40.7599983215332,41.16999816894531,36.071868896484375,14262800,0.0,0.0
2020-04-09,41.970001220703125,43.150001525878906,41.505001068115234,42.15999984741211,36.93927764892578,14805800,0.0,0.0
2020-04-13,42.0,42.79999923706055,41.70500183105469,42.779998779296875,37.48250198364258,10195700,0.0,0.0
2020-04-14,43.75,45.08000183105469,43.66999816894531,43.86000061035156,38.42876434326172,15310700,0.0,0.0
2020-04-15,43.880001068115234,46.36000061035156,43.470001220703125,44.599998474121094,39.07712936401367,22859100,0.0,0.0
2020-04-16,45.70000076293945,47.84000015258789,45.16999816894531,47.5,41.61802291870117,21130700,0.0,0.0
2020-04-17,47.72999954223633,47.97999954223633,45.310001373291016,46.150001525878906,40.4351921081543,22001500,0.0,0.0
2020-04-20,45.84000015258789,46.95000076293945,45.0,45.20000076293945,39.60282897949219,17578900,0.0,0.0
2020-04-21,44.380001068115234,44.849998474121094,42.04999923706055,43.2400016784668,37.88554382324219,24335500,0.0,0.0
2020-04-22,44.189998626708984,45.20000076293945,43.959999084472656,44.9900016784668,39.4188346862793,13759000,0.0,0.0
2020-04-23,45.0,45.720001220703125,44.63999938964844,44.939998626708984,39.37502670288086,11766900,0.0,0.0
2020-04-24,45.48699951171875,45.66999816894531,44.224998474121094,45.04999923706055,39.471405029296875,8882800,0.0,0.0
2020-04-27,45.880001068115234,46.02000045776367,44.8650016784668,45.58000183105469,39.93577575683594,8222400,0.0,0.0
2020-04-28,46.040000915527344,46.189998626708984,43.15999984741211,43.58000183105469,38.183441162109375,15863300,0.0,0.0
2020-04-29,44.02000045776367,44.65999984741211,43.36000061035156,44.34000015258789,38.849327087402344,10799500,0.0,0.0
2020-04-30,44.06999969482422,44.369998931884766,42.34000015258789,43.099998474121094,37.76287078857422,14581400,0.0,0.0
2020-05-01,41.97999954223633,42.31999969482422,40.584999084472656,41.380001068115234,36.25586700439453,13145600,0.0,0.0
2020-05-04,41.47999954223633,42.349998474121094,41.279998779296875,42.25,37.018131256103516,15567500,0.0,0.0
2020-05-05,43.599998474121094,44.22999954223633,42.88999938964844,43.119998931884766,37.78040313720703,10772200,0.0,0.0
2020-05-06,43.7599983215332,44.220001220703125,42.42499923706055,43.29999923706055,37.9381103515625,11620000,0.0,0.0
2020-05-07,43.970001220703125,44.94499969482422,43.86899948120117,44.7599983215332,39.21731948852539,10639900,0.0,0.0
2020-05-08,45.84000015258789,46.970001220703125,45.599998474121094,46.779998779296875,40.98717498779297,14090800,0.0,0.0
2020-05-11,47.2400016784668,47.665000915527344,46.676998138427734,46.720001220703125,40.93461227416992,11336100,0.0,0.0
2020-05-12,47.11000061035156,48.654998779296875,46.599998474121094,47.029998779296875,41.20622253417969,15412800,0.0,0.0
2020-05-13,48.709999084472656,49.130001068115234,47.18000030517578,47.810001373291016,41.88963317871094,23115900,0.0,0.0
2020-05-14,47.380001068115234,49.08000183105469,46.369998931884766,48.959999084472656,42.89722442626953,27173000,0.0,0.0
2020-05-15,50.0,51.007999420166016,48.7599983215332,50.849998474121094,44.55318069458008,40414500,0.0,0.0
2020-05-18,51.880001068115234,55.61000061035156,51.869998931884766,55.529998779296875,48.653656005859375,28485200,0.0,0.0
2020-05-19,56.16999816894531,56.5,54.22999954223633,54.2599983215332,47.54092025756836,20991700,0.0,0.0
2020-05-20,55.0,55.79999923706055,50.88999938964844,54.310001373291016,47.58473205566406,29858300,0.0,0.0
2020-05-21,52.97999954223633,53.801998138427734,51.470001220703125,52.56999969482422,46.06019592285156,19364700,0.0,0.0
2020-05-22,50.263999938964844,51.09000015258789,49.33000183105469,49.900001525878906,43.720829010009766,22601900,0.0,0.0
2020-05-26,52.244998931884766,54.459999084472656,52.18000030517578,52.599998474121094,46.08647918701172,21407400,0.0,0.0
2020-05-27,52.970001220703125,53.0,49.91999816894531,52.15999984741211,45.700965881347656,16495900,0.0,0.0
2020-05-28,51.56999969482422,52.47999954223633,50.63999938964844,51.02000045776367,44.70213317871094,10638700,0.0,0.0
2020-05-29,51.349998474121094,54.33000183105469,51.060001373291016,54.33000183105469,47.60224914550781,16917900,0.0,0.0
2020-06-01,54.20000076293945,54.880001068115234,53.380001068115234,54.72999954223633,47.952720642089844,11045800,0.0,0.0
2020-06-02,55.029998779296875,56.18000030517578,54.77000045776367,55.619998931884766,48.732513427734375,15409400,0.0,0.0
2020-06-03,56.18000030517578,57.53499984741211,55.79999923706055,56.72999954223633,49.70505905151367,13526500,0.0,0.0
2020-06-04,56.459999084472656,57.48500061035156,55.849998474121094,56.52000045776367,49.521060943603516,10539700,0.0,0.0
2020-06-05,58.09000015258789,59.81999969482422,57.66999816894531,59.040000915527344,51.729007720947266,17635200,0.0,0.0
2020-06-08,60.08000183105469,60.290000915527344,58.04999923706055,59.16999816894531,51.84291076660156,11622300,0.0,0.0
2020-06-09,58.439998626708984,59.50600051879883,58.43000030517578,58.81999969482422,51.536251068115234,11701800,0.0,0.0
2020-06-10,59.790000915527344,60.96500015258789,59.56999969482422,60.70000076293945,53.18344497680664,11565600,0.0,0.0
2020-06-11,58.5,59.16999816894531,56.7400016784668,57.2400016784668,50.15190124511719,19631000,0.0,0.0
2020-06-12,58.5099983215332,59.02000045776367,56.599998474121094,57.9900016784668,50.80903244018555,14544800,0.0,0.0
2020-06-15,56.97999954223633,59.56999969482422,56.79999923706055,59.5099983215332,52.14080810546875,12181000,0.0,0.0
2020-06-16,60.5,61.279998779296875,58.29999923706055,60.97999954223633,53.428775787353516,16246500,0.0,0.0
2020-06-17,61.5,62.41999816894531,61.06999969482422,62.0099983215332,54.33123016357422,24165200,0.0,0.0
2020-06-18,60.810001373291016,61.0,59.52000045776367,60.790000915527344,53.262306213378906,40121200,0.0,0.0
2020-06-19,60.619998931884766,61.0,58.54999923706055,58.63999938964844,51.3785400390625,23173100,0.0,0.0
2020-06-22,59.13999938964844,59.150001525878906,57.939998626708984,59.09000015258789,51.77281951904297,15445900,0.0,0.0
2020-06-23,59.93000030517578,60.689998626708984,59.13999938964844,59.91999816894531,52.50003433227539,10271200,0.0,0.0
2020-06-24,60.09000015258789,61.060001373291016,58.58000183105469,59.84000015258789,52.4299430847168,11820300,0.0,0.0
2020-06-25,59.650001525878906,60.66999816894531,58.81999969482422,60.5099983215332,53.01697540283203,7796300,0.0,0.0
2020-06-26,60.45500183105469,60.95000076293945,58.95000076293945,59.650001525878906,52.26347351074219,12460400,0.0,0.0
2020-06-29,59.060001373291016,60.0,58.25,59.58000183105469,52.202144622802734,8217600,0.0,0.0
2020-06-30,59.36000061035156,60.900001525878906,59.209999084472656,60.18000030517578,52.727840423583984,10555900,0.0,0.0
2020-07-01,60.16400146484375,60.779998779296875,59.61000061035156,60.0,52.57012939453125,6432300,0.0,0.0
2020-07-02,61.380001068115234,61.91999816894531,60.79999923706055,61.38999938964844,53.78800582885742,10492800,0.0,0.0
2020-07-06,63.59000015258789,64.05000305175781,62.5,63.2400016784668,55.40892028808594,16273400,0.0,0.0
2020-07-07,62.93000030517578,63.209999084472656,61.630001068115234,61.66999816894531,54.03333282470703,8974500,0.0,0.0
2020-07-08,63.47999954223633,65.9000015258789,62.91999816894531,65.37999725341797,57.28391647338867,21605900,0.0,0.0
2020-07-09,68.0,69.18000030517578,65.62000274658203,67.36000061035156,59.018733978271484,17759000,0.0,0.0
2020-07-10,66.27999877929688,66.5,64.55000305175781,65.61000061035156,57.48543930053711,10317900,0.0,0.0
2020-07-13,65.80000305175781,66.3499984741211,62.11000061035156,62.29999923706055,54.58531951904297,14758900,0.0,0.0
2020-07-14,60.900001525878906,62.45000076293945,59.959999084472656,62.130001068115234,54.436370849609375,14769900,0.0,0.0
2020-07-15,62.380001068115234,63.06999969482422,61.599998474121094,62.54999923706055,54.804359436035156,8188400,0.0,0.0
2020-07-16,60.71699905395508,62.11000061035156,59.40999984741211,61.709999084472656,54.06837844848633,11105500,0.0,0.0
2020-07-17,62.7599983215332,62.7599983215332,61.599998474121094,62.130001068115234,54.436370849609375,5404300,0.0,0.0
2020-07-20,63.42499923706055,63.70000076293945,62.27000045776367,63.400001525878906,55.549102783203125,10546200,0.0,0.0
2020-07-21,65.06999969482422,65.0989990234375,61.68000030517578,62.61000061035156,54.856929779052734,14538300,0.0,0.0
2020-07-22,61.959999084472656,62.415000915527344,60.869998931884766,61.84000015258789,54.182281494140625,9616100,0.0,0.0
2020-07-23,62.040000915527344,62.290000915527344,59.91999816894531,60.52000045776367,53.02573776245117,11889900,0.0,0.0
2020-07-24,59.34000015258789,61.33000183105469,58.7599983215332,60.880001068115234,53.341156005859375,11670800,0.0,0.0
2020-07-27,60.959999084472656,62.84000015258789,60.91999816894531,62.779998779296875,55.00587844848633,9133400,0.0,0.0
2020-07-28,62.869998931884766,62.948001861572266,61.290000915527344,61.4900016784668,53.87562561035156,5823100,0.0,0.0
2020-07-29,61.81999969482422,63.45000076293945,61.72999954223633,62.59000015258789,54.83940505981445,5656000,0.0,0.0
2020-07-30,62.58000183105469,62.810001373291016,61.56999969482422,62.290000915527344,54.57655715942383,5653200,0.0,0.0
2020-07-31,62.95000076293945,64.25,62.38999938964844,63.790000915527344,55.890811920166016,11237600,0.0,0.0
2020-08-03,64.0,65.55000305175781,63.939998626708984,64.52999877929688,56.53917694091797,10036100,0.0,0.0
2020-08-04,65.0,65.125,64.05999755859375,64.56999969482422,56.574222564697266,7548200,0.0,0.0
2020-08-05,64.48999786376953,65.8499984741211,63.900001525878906,65.5199966430664,57.406578063964844,9148400,0.0,0.0
2020-08-06,65.48999786376953,65.5,63.54999923706055,64.91000366210938,56.87212371826172,10765300,0.0,0.0
2020-08-07,63.130001068115234,63.599998474121094,60.7400016784668,62.060001373291016,54.375038146972656,14099100,0.0,0.0
2020-08-10,61.619998931884766,62.75,59.900001525878906,61.4900016784668,53.87562561035156,12736000,0.0,0.0
2020-08-11,61.9900016784668,62.58000183105469,60.849998474121094,61.18000030517578,53.604007720947266,10213200,0.0,0.0
2020-08-12,61.91999816894531,63.52000045776367,61.63999938964844,62.900001525878906,55.111019134521484,6933100,0.0,0.0
2020-08-13,63.45000076293945,63.459999084472656,62.18000030517578,62.540000915527344,54.795597076416016,7453300,0.0,0.0
2020-08-14,62.72999954223633,62.790000915527344,60.94200134277344,62.060001373291016,54.375038146972656,10270200,0.0,0.0
2020-08-17,64.66000366210938,67.0999984741211,62.599998474121094,66.9800033569336,58.685791015625,32952600,0.0,0.0
2020-08-18,68.19000244140625,71.4000015258789,68.13999938964844,70.31999969482422,61.61219024658203,23255700,0.0,0.0
2020-08-19,70.80000305175781,73.69000244140625,70.80000305175781,72.55999755859375,63.57480239868164,22116000,0.0,0.0
2020-08-20,71.26000213623047,74.38999938964844,71.02999877929688,73.94000244140625,64.78392791748047,22001100,0.0,0.0
2020-08-21,74.55999755859375,75.72200012207031,73.86000061035156,74.9800033569336,65.69514465332031,12574700,0.0,0.0
2020-08-24,76.98999786376953,77.30000305175781,75.01000213623047,76.18000030517578,66.74654388427734,12517100,0.0,0.0
2020-08-25,76.56999969482422,79.81999969482422,76.33999633789062,78.97000122070312,69.19105529785156,19106300,0.0,0.0
2020-08-26,81.05999755859375,81.44999694824219,79.31999969482422,80.37999725341797,70.42644500732422,19095700,0.0,0.0
2020-08-27,81.12999725341797,81.23999786376953,78.2300033569336,79.30000305175781,69.4802017211914,12674100,0.0,0.0
2020-08-28,79.68000030517578,80.72000122070312,78.88999938964844,79.95999908447266,70.05845642089844,7989900,0.0,0.0
2020-08-31,79.94000244140625,80.47000122070312,78.56999969482422,78.63999938964844,68.90191650390625,12917300,0.0,0.0
2020-09-01,79.48999786376953,83.0,79.1449966430664,82.48999786376953,72.2751693725586,11431400,0.0,0.0
2020-09-02,85.45899963378906,86.58000183105469,81.80000305175781,83.20999908447266,72.90601348876953,13860900,0.0,0.0
2020-09-03,81.375,81.69000244140625,76.02999877929688,79.04000091552734,69.25238800048828,19254000,0.0,0.0
2020-09-04,77.96600341796875,80.80000305175781,75.4000015258789,80.0,70.09351348876953,21500900,0.0,0.0
2020-09-08,76.0,78.01499938964844,75.37999725341797,76.22000122070312,66.78158569335938,14080500,0.0,0.0
2020-09-09,77.13999938964844,77.66000366210938,75.69999694824219,77.19000244140625,67.63147735595703,8952800,0.0,0.0
2020-09-10,77.12999725341797,78.16999816894531,73.55000305175781,74.52999877929688,65.30086517333984,11810400,0.0,0.0
2020-09-11,75.18000030517578,76.19000244140625,73.33000183105469,74.18000030517578,64.99419403076172,10572300,0.0,0.0
2020-09-14,75.69999694824219,76.91000366210938,75.0,76.58999633789062,67.10576629638672,7414900,0.0,0.0
2020-09-15,78.2300033569336,78.41500091552734,76.58999633789062,77.0,67.46500396728516,8105500,0.0,0.0
2020-09-16,77.01000213623047,77.06999969482422,74.94999694824219,75.08999633789062,65.79151153564453,8055400,0.0,0.0
2020-09-17,73.0199966430664,74.47000122070312,72.75599670410156,74.37000274658203,65.16067504882812,9099400,0.0,0.0
2020-09-18,75.08000183105469,75.79000091552734,73.06999969482422,74.5,65.27457427978516,9575000,0.0,0.0
2020-09-21,72.76000213623047,75.1500015258789,72.0199966430664,75.12999725341797,65.8265609741211,9180800,0.0,0.0
2020-09-22,75.30999755859375,75.58000183105469,74.06999969482422,75.0,65.71266174316406,7226600,0.0,0.0
2020-09-23,75.04000091552734,76.81999969482422,74.0999984741211,74.58999633789062,65.35343933105469,9962200,0.0,0.0
2020-09-24,73.5,74.29000091552734,72.3499984741211,72.72000122070312,63.71499252319336,12166700,0.0,0.0
2020-09-25,72.87999725341797,75.18000030517578,71.76000213623047,74.66999816894531,65.42352294921875,12517600,0.0,0.0
2020-09-28,75.88999938964844,76.0999984741211,73.94999694824219,76.0999984741211,66.67644500732422,8245600,0.0,0.0
2020-09-29,76.0999984741211,76.4000015258789,74.73999786376953,75.16000366210938,65.85285949707031,5927400,0.0,0.0
2020-09-30,76.29000091552734,78.81999969482422,75.63999938964844,77.61000061035156,67.99945831298828,11377900,0.0,0.0
2020-10-01,78.75,79.0,77.47000122070312,78.56999969482422,68.84058380126953,7422700,0.0,0.0
2020-10-02,76.73999786376953,78.13800048828125,75.76000213623047,76.0999984741211,66.67644500732422,8825800,0.0,0.0
2020-10-05,76.87999725341797,77.54000091552734,75.58999633789062,76.4000015258789,66.93930053710938,6122300,0.0,0.0
2020-10-06,76.88999938964844,78.5199966430664,76.30999755859375,76.69000244140625,67.19339752197266,10015400,0.0,0.0
2020-10-07,78.55999755859375,79.41000366210938,77.6780014038086,78.12000274658203,68.4463119506836,12186400,0.0,0.0
2020-10-08,78.51000213623047,78.58999633789062,77.0999984741211,78.1500015258789,68.47259521484375,10987700,0.0,0.0
2020-10-09,79.08999633789062,80.1500015258789,78.66999816894531,79.79000091552734,69.90951538085938,11319800,0.0,0.0
2020-10-12,82.13999938964844,85.38500213623047,81.9000015258789,84.31999969482422,73.87855529785156,18046200,0.0,0.0
2020-10-13,84.0999984741211,84.34500122070312,82.12999725341797,82.61000061035156,72.38030242919922,12402300,0.0,0.0
2020-10-14,82.80999755859375,83.13999938964844,79.91000366210938,81.0999984741211,71.05728912353516,12398300,0.0,0.0
2020-10-15,79.0,80.31999969482422,78.63999938964844,80.25,70.31255340576172,10540000,0.0,0.0
2020-10-16,81.43000030517578,82.23999786376953,80.66999816894531,81.5199966430664,71.42527770996094,9775400,0.0,0.0
2020-10-19,82.0,82.63999938964844,80.22000122070312,80.61000061035156,70.62796783447266,8051000,0.0,0.0
2020-10-20,81.0,83.5199966430664,81.0,82.56999969482422,72.34526824951172,9706500,0.0,0.0
2020-10-21,83.37999725341797,84.45999908447266,82.19000244140625,82.62999725341797,72.3978271484375,7680200,0.0,0.0
2020-10-22,83.22000122070312,83.63999938964844,80.13999938964844,81.30999755859375,71.24128723144531,8746300,0.0,0.0
2020-10-23,80.76000213623047,81.33999633789062,79.31999969482422,81.33999633789062,71.267578125,6838800,0.0,0.0
2020-10-26,81.12000274658203,81.9800033569336,80.01000213623047,81.41000366210938,71.32890319824219,4882200,0.0,0.0
2020-10-27,81.7699966430664,83.97000122070312,80.62000274658203,83.01000213623047,72.73077392578125,7916000,0.0,0.0
2020-10-28,81.30000305175781,82.0,79.80999755859375,80.08000183105469,70.16360473632812,8176300,0.0,0.0
2020-10-29,81.2300033569336,84.93000030517578,81.0,83.04000091552734,72.75706481933594,13156600,0.0,0.0
2020-10-30,82.08000183105469,82.34500122070312,80.27200317382812,81.5199966430664,71.42527770996094,9178500,0.0,0.0
2020-11-02,82.83999633789062,83.43000030517578,79.83999633789062,82.31999969482422,72.126220703125,8976800,0.0,0.0
2020-11-03,79.80000305175781,83.0999984741211,78.18099975585938,82.69000244140625,72.45040130615234,14326800,0.0,0.0
2020-11-04,86.69999694824219,89.58000183105469,86.20999908447266,89.30999755859375,78.25064086914062,24149400,0.0,0.0
2020-11-05,91.68499755859375,92.05999755859375,88.13999938964844,91.58999633789062,80.24830627441406,16688500,0.0,0.0
2020-11-06,92.0,92.7699966430664,90.91000366210938,92.48999786376953,81.03685760498047,9631800,0.0,0.0
2020-11-09,92.4000015258789,92.47000122070312,84.01000213623047,84.86000061035156,74.3516845703125,20851500,0.0,0.0
2020-11-10,82.5199966430664,82.87999725341797,78.25,80.08000183105469,70.16360473632812,27080100,0.0,0.0
2020-11-11,79.50499725341797,83.26499938964844,78.55999755859375,82.83999633789062,72.58181762695312,17811700,0.0,0.0
2020-11-12,87.02999877929688,89.66000366210938,85.8499984741211,86.37999725341797,75.68346405029297,21641000,0.0,0.0
2020-11-13,90.93399810791016,92.33000183105469,88.20999908447266,92.08000183105469,80.67762756347656,22683200,0.0,0.0
2020-11-16,88.5,89.58999633789062,84.13999938964844,85.26000213623047,74.70216369628906,31929400,0.0,0.0
2020-11-17,87.37999725341797,87.9000015258789,85.69000244140625,86.97000122070312,76.20040893554688,17068300,0.0,0.0
2020-11-18,87.125,87.22000122070312,84.4000015258789,86.25,75.56956481933594,12563900,0.0,0.0
2020-11-19,85.20999908447266,86.33000183105469,84.72000122070312,86.04000091552734,75.38556671142578,10795300,0.0,0.0
2020-11-20,86.19000244140625,87.91000366210938,85.37999725341797,87.73999786376953,76.87504577636719,10585900,0.0,0.0
2020-11-23,88.54000091552734,89.11000061035156,86.41999816894531,87.55999755859375,76.71734619140625,9925100,0.0,0.0
2020-11-24,89.1240005493164,90.29000091552734,88.33000183105469,89.81999969482422,78.6974868774414,9568100,0.0,0.0
2020-11-25,87.96499633789062,89.01000213623047,86.76000213623047,88.2300033569336,77.30438232421875,11424300,0.0,0.0
2020-11-27,89.05999755859375,89.79000091552734,88.1760025024414,89.41000366210938,78.33826446533203,5787600,0.0,0.0
2020-11-30,88.23999786376953,88.47000122070312,83.30999755859375,85.3499984741211,74.781005859375,18014400,0.0,0.0
2020-12-01,86.25499725341797,86.37999725341797,84.5999984741211,85.36000061035156,74.78976440429688,10878100,0.0,0.0
2020-12-02,84.48999786376953,84.9000015258789,82.79000091552734,84.37999725341797,73.93112182617188,12434400,0.0,0.0
2020-12-03,85.16000366210938,87.06999969482422,85.06999969482422,86.29000091552734,75.6046142578125,7929400,0.0,0.0
2020-12-04,87.12000274658203,87.45999908447266,84.5999984741211,85.19000244140625,74.64082336425781,9411000,0.0,0.0
2020-12-07,85.11000061035156,85.44999694824219,82.93000030517578,83.48999786376953,73.15133666992188,12677500,0.0,0.0
2020-12-08,84.01000213623047,84.01000213623047,81.5,82.01000213623047,71.85460662841797,16316700,0.0,0.0
2020-12-09,82.25,83.3499984741211,81.6500015258789,81.81999969482422,71.68814086914062,11117800,0.0,0.0
2020-12-10,81.5,82.19999694824219,80.91000366210938,81.70999908447266,71.59175109863281,9952300,0.0,0.0
2020-12-11,82.30000305175781,84.66999816894531,82.0,82.61000061035156,72.38030242919922,13942900,0.0,0.0
2020-12-14,81.51000213623047,82.0,79.06999969482422,79.95999908447266,70.05845642089844,12966200,0.0,0.0
2020-12-15,79.94000244140625,80.45999908447266,79.0999984741211,79.5,69.6554183959961,8454400,0.0,0.0
2020-12-16,80.5,82.02999877929688,79.91999816894531,81.7699966430664,71.64431762695312,8962400,0.0,0.0
2020-12-17,83.1500015258789,83.37000274658203,81.6500015258789,82.70999908447266,72.46792602539062,9031700,0.0,0.0
2020-12-18,82.33999633789062,82.80000305175781,81.0999984741211,81.52999877929688,71.43404388427734,9813400,0.0,0.0
2020-12-21,79.60700225830078,81.26000213623047,79.37000274658203,80.63999938964844,70.65425872802734,8246200,0.0,0.0
2020-12-22,81.25,82.88999938964844,80.552001953125,82.79000091552734,72.53801727294922,7771500,0.0,0.0
2020-12-23,85.04000091552734,87.47000122070312,84.20999908447266,85.45999908447266,74.87739562988281,13241500,0.0,0.0
2020-12-24,83.38999938964844,86.66000366210938,83.11000061035156,84.48999786376953,74.02750396728516,12164400,0.0,0.0
2020-12-28,82.68000030517578,83.80000305175781,81.05999755859375,81.61000061035156,71.50414276123047,9496400,0.0,0.0
2020-12-29,83.08999633789062,86.26499938964844,83.0,86.13999938964844,75.47318267822266,9689700,0.0,0.0
2020-12-30,87.5,89.55999755859375,86.91999816894531,89.5199966430664,78.43463897705078,12057100,0.0,0.0
2020-12-31,88.12000274658203,89.0199966430664,86.7699966430664,87.9000015258789,77.01524353027344,7729800,0.0,0.0
2021-01-04,87.55999755859375,88.05999755859375,85.16000366210938,86.33000183105469,75.63966369628906,9204200,0.0,0.0
2021-01-05,88.1500015258789,96.19999694824219,88.08000183105469,95.5,83.67412567138672,31011800,0.0,0.0
2021-01-06,92.52999877929688,93.29000091552734,86.80999755859375,88.18000030517578,77.26056671142578,21751400,0.0,0.0
2021-01-07,90.54000091552734,90.62000274658203,85.87000274658203,87.91999816894531,77.03276062011719,17070200,0.0,0.0
2021-01-08,89.0,91.5999984741211,87.37999725341797,91.54000091552734,80.20449829101562,13007400,0.0,0.0
2021-01-11,90.03500366210938,91.54000091552734,88.80000305175781,90.37999725341797,79.1881332397461,6956100,0.0,0.0
2021-01-12,90.62000274658203,91.0999984741211,88.44000244140625,88.54000091552734,77.57599639892578,9979900,0.0,0.0
2021-01-13,89.15499877929688,91.19999694824219,88.18000030517578,90.44000244140625,79.24071502685547,7282400,0.0,0.0
2021-01-14,91.43000030517578,92.44999694824219,89.02999877929688,89.23999786376953,78.18931579589844,8053100,0.0,0.0
2021-01-15,89.80999755859375,89.88999938964844,87.20999908447266,87.7699966430664,76.90133666992188,8862500,0.0,0.0
2021-01-19,90.52999877929688,91.43000030517578,89.9739990234375,91.1500015258789,79.86278533935547,10805200,0.0,0.0
2021-01-20,93.72000122070312,95.7249984741211,92.83000183105469,95.30999755859375,83.50765991210938,15501600,0.0,0.0
2021-01-21,95.4000015258789,95.56999969482422,93.3499984741211,95.0999984741211,83.32364654541016,7342400,0.0,0.0
2021-01-22,93.94999694824219,95.55000305175781,93.6449966430664,94.91000366210938,83.15718841552734,6948400,0.0,0.0
2021-01-25,99.30000305175781,101.68000030517578,96.2300033569336,98.37999725341797,86.1974868774414,16409700,0.0,0.0
2021-01-26,99.0199966430664,99.30000305175781,96.20999908447266,96.97000122070312,84.96209716796875,8246700,0.0,0.0
2021-01-27,93.4000015258789,94.41000366210938,89.75,90.08999633789062,78.93404388427734,16058200,0.0,0.0
2021-01-28,90.36000061035156,92.19000244140625,89.52999877929688,91.41000366210938,80.0905990600586,11254400,0.0,0.0
2021-01-29,89.9800033569336,91.80000305175781,88.63999938964844,88.69000244140625,77.7074203491211,10855300,0.0,0.0
2021-02-01,90.1500015258789,91.80000305175781,89.08499908447266,91.2699966430664,79.96792602539062,7452700,0.0,0.0
2021-02-02,94.98699951171875,96.05000305175781,94.22000122070312,95.41999816894531,83.6040267944336,11522400,0.0,0.0
2021-02-03,96.83999633789062,97.45999908447266,95.30000305175781,95.5,83.67412567138672,7328200,0.0,0.0
2021-02-04,95.59500122070312,96.01000213623047,93.9000015258789,94.62999725341797,82.91184997558594,5336200,0.0,0.0
2021-02-05,95.23999786376953,96.81999969482422,94.86000061035156,96.63999938964844,84.6729507446289,5821800,0.0,0.0
2021-02-08,95.68000030517578,95.79000091552734,94.08000183105469,94.56999969482422,82.85929107666016,5681600,0.0,0.0
2021-02-09,95.04000091552734,97.55999755859375,94.44000244140625,97.06999969482422,85.0497055053711,5790400,0.0,0.0
2021-02-10,98.80000305175781,100.47000122070312,96.88099670410156,98.7699966430664,86.53919219970703,8629400,0.0,0.0
2021-02-11,99.94999694824219,99.94999694824219,98.12999725341797,99.0,86.74071502685547,4461600,0.0,0.0
2021-02-12,98.79000091552734,99.76000213623047,97.80999755859375,99.30999755859375,87.0123291015625,3233900,0.0,0.0
2021-02-16,102.8499984741211,105.19999694824219,102.4800033569336,103.43000030517578,90.62213897705078,10809000,0.0,0.0
2021-02-17,106.63999938964844,108.29000091552734,105.11000061035156,106.87999725341797,93.64492797851562,11456400,0.0,0.0
2021-02-18,102.91500091552734,106.01000213623047,102.26000213623047,105.43000030517578,92.3744888305664,8646100,0.0,0.0
2021-02-19,106.58000183105469,107.66999816894531,105.41999816894531,106.08999633789062,92.95274353027344,6451200,0.0,0.0
2021-02-22,102.1500015258789,102.44999694824219,97.16000366210938,97.66000366210938,85.566650390625,13054100,0.0,0.0
2021-02-23,96.54000091552734,100.06999969482422,92.58000183105469,99.47000122070312,87.15251159667969,13873500,0.0,0.0
2021-02-24,96.44000244140625,96.76000213623047,94.58000183105469,96.37000274658203,84.43639373779297,11915000,0.0,0.0
2021-02-25,95.30999755859375,96.95999908447266,92.44999694824219,93.36000061035156,81.79911804199219,11309200,0.0,0.0
2021-02-26,92.43000030517578,94.6500015258789,90.87000274658203,93.87000274658203,82.2459716796875,14582100,0.0,0.0
2021-03-01,96.7300033569336,98.44999694824219,96.43000030517578,98.0199966430664,85.88206481933594,9901200,0.0,0.0
2021-03-02,97.97000122070312,98.69999694824219,96.28500366210938,96.37999725341797,84.44515228271484,8151700,0.0,0.0
2021-03-03,96.79000091552734,97.80000305175781,92.91999816894531,93.62000274658203,82.02693176269531,11139700,0.0,0.0
2021-03-04,92.73999786376953,93.88500213623047,89.25,90.7699966430664,79.52984619140625,17791000,0.0,0.0
2021-03-05,92.37999725341797,92.5999984741211,85.88999938964844,90.62000274658203,79.39842224121094,16834200,0.0,0.0
2021-03-08,87.0,88.18000030517578,85.22000122070312,85.36000061035156,74.78976440429688,13504200,0.0,0.0
2021-03-09,87.36000061035156,90.04000091552734,86.83499908447266,89.52999877929688,78.44339752197266,11581500,0.0,0.0
2021-03-10,90.70999908447266,91.61900329589844,88.75,89.33000183105469,78.2681655883789,9256300,0.0,0.0
2021-03-11,94.197998046875,94.4000015258789,88.52999877929688,90.01000213623047,78.86396789550781,24719800,0.0,0.0
2021-03-12,86.0199966430664,86.19000244140625,83.27999877929688,84.0199966430664,73.61570739746094,24764000,0.0,0.0
2021-03-15,83.58999633789062,85.23999786376953,82.41999816894531,85.12999725341797,74.58824920654297,12745700,0.0,0.0
2021-03-16,85.12999725341797,86.69999694824219,84.5999984741211,85.76000213623047,75.14025115966797,10145200,0.0,0.0
2021-03-17,83.54000091552734,86.23999786376953,83.05799865722656,85.37000274658203,74.79853057861328,11941600,0.0,0.0
2021-03-18,83.83999633789062,85.26000213623047,82.88400268554688,83.9000015258789,73.51055908203125,10261100,0.0,0.0
2021-03-19,83.77999877929688,85.27999877929688,83.02999877929688,84.98999786376953,74.46559143066406,13364500,0.0,0.0
2021-03-22,85.30000305175781,85.87999725341797,83.69000244140625,84.97000122070312,74.44807434082031,7398800,0.0,0.0
2021-03-23,83.47000122070312,84.45999908447266,83.12000274658203,83.51000213623047,73.16886901855469,8862500,0.0,0.0
2021-03-24,82.0999984741211,82.5,78.75499725341797,79.06999969482422,69.27867889404297,17406100,0.0,0.0
2021-03-25,76.5,80.29499816894531,76.11000061035156,78.70999908447266,68.9632568359375,14599200,0.0,0.0
2021-03-26,79.54000091552734,83.4800033569336,79.0199966430664,82.06999969482422,71.90718078613281,19789600,0.0,0.0
2021-03-29,81.25,82.58000183105469,80.0,81.76000213623047,71.63555908203125,8989000,0.0,0.0
2021-03-30,81.63999938964844,83.74500274658203,81.36000061035156,83.0,72.72201538085938,7102200,0.0,0.0
2021-03-31,83.68000030517578,85.2249984741211,83.2300033569336,84.33000183105469,73.88731384277344,10140600,0.0,0.0
2021-04-01,86.5,86.87999725341797,83.95999908447266,84.30999755859375,73.86978912353516,11909100,0.0,0.0
2021-04-05,85.14399719238281,85.56999969482422,81.73999786376953,82.48999786376953,72.2751693725586,9268300,0.0,0.0
2021-04-06,82.6500015258789,84.47000122070312,82.0199966430664,83.51000213623047,73.16886901855469,8909500,0.0,0.0
2021-04-07,81.79000091552734,82.19000244140625,80.86000061035156,81.25,71.18871307373047,9445200,0.0,0.0
2021-04-08,82.66999816894531,82.81999969482422,81.95999908447266,82.13999938964844,71.96851348876953,6651800,0.0,0.0
2021-04-09,81.0,81.33000183105469,79.75,80.41000366210938,70.45274353027344,8313400,0.0,0.0
2021-04-12,79.5,79.5,77.66999816894531,78.6500015258789,68.91068267822266,14302500,0.0,0.0
2021-04-13,77.80999755859375,79.51000213623047,76.7699966430664,78.80000305175781,69.04210662841797,12511500,0.0,0.0
2021-04-14,79.58000183105469,79.70999908447266,77.94000244140625,78.12000274658203,68.4463119506836,8603700,0.0,0.0
2021-04-15,78.16000366210938,78.44000244140625,77.26499938964844,77.48999786376953,67.89431762695312,8614400,0.0,0.0
2021-04-16,77.2699966430664,77.75,76.72000122070312,77.04000091552734,67.50004577636719,13891600,0.0,0.0
2021-04-19,77.01000213623047,77.5999984741211,76.19999694824219,76.94999694824219,67.42118835449219,9509000,0.0,0.0
2021-04-20,76.73999786376953,76.73999786376953,74.31500244140625,74.55000305175781,65.31838989257812,15550800,0.0,0.0
2021-04-21,74.0,75.76000213623047,72.80999755859375,75.72000122070312,66.34349822998047,10833500,0.0,0.0
2021-04-22,75.8270034790039,77.05000305175781,75.12999725341797,76.11000061035156,66.6852035522461,9509000,0.0,0.0
2021-04-23,76.7300033569336,77.91000366210938,76.68000030517578,76.75,67.24595642089844,9582700,0.0,0.0
2021-04-26,76.12999725341797,76.55999755859375,74.94000244140625,76.13999938964844,66.71150207519531,12238600,0.0,0.0
2021-04-27,76.71499633789062,78.93000030517578,76.47000122070312,78.45999908447266,68.74420928955078,11834100,0.0,0.0
2021-04-28,78.69000244140625,79.54000091552734,77.72000122070312,79.05999755859375,69.26990509033203,7035500,0.0,0.0
2021-04-29,79.83999633789062,80.06999969482422,77.41999816894531,77.83000183105469,68.19221496582031,7327300,0.0,0.0
2021-04-30,76.37000274658203,78.20800018310547,76.37000274658203,77.36000061035156,67.78042602539062,6386900,0.0,0.0
2021-05-03,77.19999694824219,78.88999938964844,76.66999816894531,77.0199966430664,67.4825210571289,6255500,0.0,0.0
2021-05-04,76.76499938964844,77.58999633789062,75.52999877929688,76.08000183105469,66.65892028808594,8822000,0.0,0.0
2021-05-05,76.08000183105469,76.68900299072266,75.19000244140625,75.54000091552734,66.185791015625,5580200,0.0,0.0
2021-05-06,75.38999938964844,77.06999969482422,74.94000244140625,76.38999938964844,66.93052673339844,8142900,0.0,0.0
2021-05-07,76.76000213623047,77.19999694824219,75.48500061035156,75.51000213623047,66.15951538085938,7808500,0.0,0.0
2021-05-10,74.34500122070312,74.34500122070312,71.38999938964844,71.4000015258789,62.55845642089844,16602000,0.0,0.0
2021-05-11,69.44999694824219,73.05999755859375,69.16000366210938,72.77999877929688,63.76756286621094,10507200,0.0,0.0
2021-05-12,72.81999969482422,73.0,70.83999633789062,71.25,62.427032470703125,8704100,0.0,0.0
2021-05-13,71.06999969482422,71.2300033569336,66.98999786376953,67.02999877929688,58.72959899902344,34600000,0.0,0.0
2021-05-14,68.41000366210938,68.8499984741211,66.55000305175781,68.1500015258789,59.710906982421875,19366700,0.0,0.0
2021-05-17,68.23999786376953,68.77999877929688,67.41999816894531,68.20999908447266,59.76347732543945,11958000,0.0,0.0
2021-05-18,69.9000015258789,70.79000091552734,69.05000305175781,69.73999786376953,61.104007720947266,12594000,0.0,0.0
2021-05-19,67.5,71.01000213623047,66.55999755859375,70.58000183105469,61.839996337890625,15617800,0.0,0.0
2021-05-20,72.44000244140625,74.83999633789062,72.25499725341797,73.69999694824219,64.5736312866211,18384500,0.0,0.0
2021-05-21,74.88899993896484,75.1500015258789,72.44999694824219,72.75,63.74127960205078,10657700,0.0,0.0
2021-05-24,72.25,72.75,71.58000183105469,71.66000366210938,62.786258697509766,8740200,0.0,0.0
2021-05-25,73.05999755859375,73.5999984741211,72.26000213623047,72.80999755859375,63.793846130371094,9399000,0.0,0.0
2021-05-26,73.55000305175781,73.72000122070312,72.55999755859375,73.19999694824219,64.13554382324219,6598700,0.0,0.0
2021-05-27,73.58000183105469,73.58000183105469,72.06999969482422,72.83000183105469,63.81138610839844,9926200,0.0,0.0
2021-05-28,72.61000061035156,74.08999633789062,72.4000015258789,73.94000244140625,64.78392791748047,7876400,0.0,0.0
2021-06-01,76.0999984741211,78.83999633789062,75.9800033569336,78.33000183105469,68.63030242919922,21292100,0.0,0.0
2021-06-02,77.88999938964844,77.94999694824219,76.36499786376953,76.54000091552734,67.06196594238281,9419900,0.0,0.0
2021-06-03,75.41999816894531,75.86499786376953,74.70999908447266,75.5199966430664,66.16827392578125,12027700,0.0,0.0
2021-06-04,76.0,76.3499984741211,75.08000183105469,75.43000030517578,66.08940887451172,8264600,0.0,0.0
2021-06-07,75.38999938964844,75.3949966430664,73.61000061035156,74.68000030517578,65.43228912353516,8419500,0.0,0.0
2021-06-08,75.01300048828125,75.11000061035156,72.58999633789062,73.27999877929688,64.20565032958984,8902700,0.0,0.0
2021-06-09,73.13999938964844,74.06999969482422,72.47000122070312,72.63999938964844,63.64490509033203,7421500,0.0,0.0
2021-06-10,73.06500244140625,73.0999984741211,71.55500030517578,71.8499984741211,62.95273208618164,9476600,0.0,0.0
2021-06-11,71.27999877929688,72.01000213623047,70.73999786376953,71.19000244140625,62.37446212768555,11387100,0.0,0.0
2021-06-14,71.19999694824219,71.7249984741211,70.41000366210938,71.43000030517578,62.584747314453125,8032100,0.0,0.0
2021-06-15,71.25,71.55000305175781,70.62000274658203,70.83999633789062,62.06779861450195,8455600,0.0,0.0
2021-06-16,71.0,73.0999984741211,70.43000030517578,71.48999786376953,62.63730239868164,12306500,0.0,0.0
2021-06-17,71.37999725341797,74.06999969482422,71.30000305175781,73.5,64.39840698242188,12894000,0.0,0.0
2021-06-18,72.73999786376953,73.69000244140625,71.38999938964844,71.62000274658203,62.75121307373047,27666500,0.0,0.0
2021-06-21,71.61000061035156,72.9749984741211,70.73999786376953,72.62000274658203,63.62738037109375,8410100,0.0,0.0
2021-06-22,72.19000244140625,74.45999908447266,72.19000244140625,73.30000305175781,64.22318267822266,10250400,0.0,0.0
2021-06-23,73.48999786376953,74.3499984741211,72.80000305175781,73.13999938964844,64.0829849243164,7976600,0.0,0.0
2021-06-24,73.70999908447266,75.11000061035156,73.05000305175781,74.9000015258789,65.62504577636719,9800100,0.0,0.0
2021-06-25,75.92500305175781,78.3499984741211,75.80000305175781,78.2300033569336,68.54269409179688,16604500,0.0,0.0
2021-06-28,78.08000183105469,78.5,76.6500015258789,77.12000274658203,67.57013702392578,8379000,0.0,0.0
2021-06-29,77.33999633789062,79.77999877929688,77.13500213623047,79.75,69.87446594238281,11876400,0.0,0.0
2021-06-30,78.88999938964844,80.2699966430664,78.4000015258789,79.80999755859375,69.92703247070312,11264000,0.0,0.0
2021-07-01,79.30000305175781,80.1500015258789,77.1500015258789,77.44000244140625,67.85051727294922,11108600,0.0,0.0
2021-07-02,77.30000305175781,77.41000366210938,75.55000305175781,76.2300033569336,66.79035186767578,8013700,0.0,0.0
2021-07-06,74.25,74.37999725341797,72.23999786376953,72.38999938964844,63.42586135864258,15591300,0.0,0.0
2021-07-07,73.30000305175781,73.61000061035156,71.88999938964844,72.69999694824219,63.69747543334961,10459500,0.0,0.0
2021-07-08,70.36000061035156,71.2300033569336,69.83000183105469,70.88999938964844,62.111610412597656,11918800,0.0,0.0
2021-07-09,71.7699966430664,73.73500061035156,71.62000274658203,73.55999755859375,64.45097351074219,11205400,0.0,0.0
2021-07-12,73.08999633789062,73.83999633789062,72.37999725341797,73.16999816894531,64.10926818847656,5664100,0.0,0.0
2021-07-13,74.15499877929688,77.55000305175781,74.15499877929688,76.5199966430664,67.04444122314453,15412800,0.0,0.0
2021-07-14,76.25,76.62999725341797,74.5199966430664,75.44999694824219,66.10693359375,9620600,0.0,0.0
2021-07-15,76.16999816894531,78.16999816894531,76.0999984741211,76.86000061035156,67.34234619140625,9169900,0.0,0.0
2021-07-16,76.87000274658203,77.44999694824219,75.22000122070312,75.58999633789062,66.22959899902344,6527700,0.0,0.0
2021-07-19,74.0,74.36000061035156,72.68000030517578,74.22000122070312,65.02925109863281,9476900,0.0,0.0
2021-07-20,74.16000366210938,74.25,72.80000305175781,73.87000274658203,64.72258758544922,6612400,0.0,0.0
2021-07-21,73.3499984741211,75.4800033569336,73.2300033569336,75.30000305175781,65.97551727294922,6176000,0.0,0.0
2021-07-22,76.0,76.63999938964844,75.38999938964844,75.91000366210938,66.50997924804688,4531900,0.0,0.0
2021-07-23,72.947998046875,73.0,70.70999908447266,72.29000091552734,63.33824157714844,20290000,0.0,0.0
2021-07-26,69.19000244140625,69.94999694824219,65.28900146484375,66.08000183105469,57.897239685058594,39967600,0.0,0.0
2021-07-27,62.2239990234375,65.51000213623047,61.650001525878906,64.7699966430664,56.749454498291016,44229200,0.0,0.0
2021-07-28,68.2300033569336,71.2699966430664,67.71800231933594,70.27999877929688,61.577152252197266,33628700,0.0,0.0
2021-07-29,72.08000183105469,72.19999694824219,69.44999694824219,71.93000030517578,63.02281951904297,17065000,0.0,0.0
2021-07-30,69.97000122070312,72.19999694824219,69.7699966430664,70.87999725341797,62.10284423828125,9948000,0.0,0.0
2021-08-02,71.06999969482422,72.62000274658203,70.80999755859375,71.48999786376953,62.63730239868164,8422500,0.0,0.0
2021-08-03,70.66000366210938,70.91000366210938,69.19000244140625,70.23999786376953,61.54209899902344,8509500,0.0,0.0
2021-08-04,70.62999725341797,72.8499984741211,70.62999725341797,71.4000015258789,62.55845642089844,8074900,0.0,0.0
2021-08-05,70.88999938964844,71.16000366210938,69.76000213623047,70.73999786376953,61.98017883300781,7485500,0.0,0.0
2021-08-06,71.0999984741211,71.23999786376953,69.20999908447266,69.58999633789062,60.97258758544922,6977600,0.0,0.0
2021-08-09,69.93000030517578,71.86499786376953,69.81199645996094,71.7300033569336,62.84759521484375,6342000,0.0,0.0
2021-08-10,72.80000305175781,73.48999786376953,71.5199966430664,71.76000213623047,62.873870849609375,5195300,0.0,0.0
2021-08-11,72.54000091552734,72.69499969482422,70.80999755859375,71.06999969482422,62.269317626953125,5674200,0.0,0.0
2021-08-12,70.36000061035156,70.95999908447266,69.41000366210938,70.52999877929688,61.79619216918945,5781500,0.0,0.0
2021-08-13,69.94999694824219,70.48999786376953,69.19000244140625,69.86000061035156,61.20915603637695,5630600,0.0,0.0
2021-08-16,68.20999908447266,68.22000122070312,64.80000305175781,66.66999816894531,58.414180755615234,12498500,0.0,0.0
2021-08-17,64.1500015258789,65.52999877929688,63.02000045776367,64.26000213623047,56.302608489990234,13386000,0.0,0.0
2021-08-18,65.0,66.29000091552734,63.994998931884766,65.52999877929688,57.415340423583984,9352500,0.0,0.0
2021-08-19,63.290000915527344,63.98099899291992,61.7599983215332,62.189998626708984,54.48893737792969,16724800,0.0,0.0
2021-08-20,63.04999923706055,65.29000091552734,63.0,63.619998931884766,55.741859436035156,14986900,0.0,0.0
2021-08-23,65.57499694824219,66.30000305175781,62.33000183105469,65.7300033569336,57.59058380126953,19782800,0.0,0.0
2021-08-24,71.4000015258789,75.8499984741211,71.33999633789062,75.22000122070312,65.9054183959961,35954700,0.0,0.0
2021-08-25,74.75,76.30000305175781,73.7300033569336,76.13999938964844,66.71150207519531,11311900,0.0,0.0
2021-08-26,76.19000244140625,77.4729995727539,75.80500030517578,77.04000091552734,67.50004577636719,11581100,0.0,0.0
2021-08-27,77.25,78.12000274658203,75.80999755859375,76.43000030517578,66.96558380126953,12969600,0.0,0.0
2021-08-30,75.14800262451172,76.96800231933594,74.29000091552734,76.69000244140625,67.19339752197266,7979900,0.0,0.0
2021-08-31,78.08000183105469,80.55999755859375,77.30000305175781,78.55999755859375,68.83182525634766,13044400,0.0,0.0
2021-09-01,79.4800033569336,81.55000305175781,79.45999908447266,80.77999877929688,70.77691650390625,12061500,0.0,0.0
2021-09-02,80.51000213623047,81.31999969482422,79.33699798583984,80.23999786376953,70.30379486083984,9903500,0.0,0.0
2021-09-03,79.30000305175781,80.30999755859375,78.7750015258789,79.8550033569336,69.96646881103516,8502200,0.0,0.0
2021-09-07,81.08999633789062,84.08000183105469,80.94000244140625,83.23999786376953,72.93229675292969,19339000,0.0,0.0
2021-09-08,82.29000091552734,82.79000091552734,80.55999755859375,81.7300033569336,71.60928344726562,7158600,0.0,0.0
2021-09-09,78.75499725341797,81.16999816894531,77.91999816894531,80.26000213623047,70.32131958007812,9719300,0.0,0.0
2021-09-10,82.19999694824219,83.08999633789062,80.48999786376953,80.63999938964844,70.65425872802734,8229900,0.0,0.0
2021-09-13,79.52400207519531,81.05999755859375,78.62699890136719,80.16999816894531,70.2424545288086,7567700,0.0,0.0
2021-09-14,80.0,80.5,77.70500183105469,77.9000015258789,68.25355529785156,11325000,0.0,0.0
2021-09-15,75.79399871826172,76.91000366210938,74.97000122070312,76.62999725341797,67.14081573486328,10901600,0.0,0.0
2021-09-16,75.33000183105469,77.31999969482422,75.16000366210938,77.16999816894531,67.61395263671875,7989400,0.0,0.0
2021-09-17,79.04000091552734,79.70999908447266,77.23999786376953,77.69000244140625,68.06956481933594,9779500,0.0,0.0
2021-09-20,74.55999755859375,75.36000061035156,73.0199966430664,74.1500015258789,64.9679183959961,10219400,0.0,0.0
2021-09-21,74.45600128173828,75.43000030517578,73.44000244140625,73.5,64.39840698242188,7431600,0.0,0.0
2021-09-22,74.5250015258789,76.70999908447266,74.26000213623047,75.91999816894531,66.51873016357422,7788400,0.0,0.0
2021-09-23,75.94999694824219,76.41000366210938,74.83999633789062,76.12999725341797,66.7027359008789,4931500,0.0,0.0
2021-09-24,74.66999816894531,75.05000305175781,73.54000091552734,73.9800033569336,64.8189697265625,6085800,0.0,0.0
2021-09-27,74.5199966430664,76.69000244140625,73.66000366210938,76.43000030517578,66.96558380126953,7939000,0.0,0.0
2021-09-28,76.30999755859375,77.36000061035156,73.5999984741211,75.41999816894531,66.08065032958984,11185400,0.0,0.0
2021-09-29,75.0999984741211,75.5,71.45099639892578,71.62000274658203,62.75121307373047,12045200,0.0,0.0
2021-09-30,72.08499908447266,73.68299865722656,71.98999786376953,72.23999786376953,63.29443359375,7131300,0.0,0.0
2021-10-01,72.08999633789062,73.11000061035156,69.67500305175781,70.0199966430664,61.34934616088867,8899900,0.0,0.0
2021-10-04,70.0199966430664,70.19499969482422,68.45999908447266,69.41000366210938,60.81488800048828,10249400,0.0,0.0
2021-10-05,70.45999908447266,71.86000061035156,70.25,71.62000274658203,62.75121307373047,8558300,0.0,0.0
2021-10-06,69.91000366210938,72.32499694824219,69.53500366210938,71.87000274658203,62.97026443481445,6398200,0.0,0.0
2021-10-07,74.95999908447266,76.5999984741211,74.69999694824219,76.30000305175781,66.8516845703125,12415700,0.0,0.0
2021-10-08,76.83999633789062,78.94999694824219,76.12000274658203,78.61000061035156,68.8756332397461,11563300,0.0,0.0
2021-10-11,80.04000091552734,80.2300033569336,77.83999633789062,78.0,68.3411636352539,10270300,0.0,0.0
2021-10-12,77.9000015258789,79.40299987792969,77.7699966430664,78.41000366210938,68.70040130615234,8772800,0.0,0.0
2021-10-13,79.60299682617188,81.01000213623047,79.4800033569336,80.56999969482422,70.5929183959961,9575900,0.0,0.0
2021-10-14,80.81500244140625,81.30500030517578,78.83000183105469,81.02999877929688,70.99596405029297,7893300,0.0,0.0
2021-10-15,80.38999938964844,81.61000061035156,79.62000274658203,81.41999816894531,71.33766174316406,8361000,0.0,0.0
2021-10-18,81.55000305175781,82.87000274658203,81.43000030517578,82.41999816894531,72.21382904052734,6106600,0.0,0.0
2021-10-19,83.55000305175781,85.5,83.14199829101562,84.91000366210938,74.39550018310547,11383800,0.0,0.0
2021-10-20,85.9800033569336,87.83000183105469,84.95999908447266,85.52999877929688,74.93871307373047,9831300,0.0,0.0
2021-10-21,84.11000061035156,84.95999908447266,83.37999725341797,83.97000122070312,73.57189178466797,6718700,0.0,0.0
2021-10-22,84.16000366210938,85.3499984741211,82.86000061035156,83.06999969482422,72.7833480834961,5852500,0.0,0.0
2021-10-25,83.68000030517578,84.66999816894531,82.56999969482422,84.25,73.81723022460938,5129200,0.0,0.0
2021-10-26,84.05000305175781,84.85199737548828,81.06999969482422,81.4800033569336,71.39024353027344,6447800,0.0,0.0
2021-10-27,79.88999938964844,81.91000366210938,79.05000305175781,80.86000061035156,70.84701538085938,5779800,0.0,0.0
2021-10-28,79.43000030517578,80.93000030517578,78.73999786376953,80.91999816894531,70.89958190917969,4468700,0.0,0.0
2021-10-29,79.7300033569336,80.16500091552734,77.98500061035156,78.27999877929688,68.58649444580078,8080100,0.0,0.0
2021-11-01,78.66000366210938,82.55000305175781,78.58999633789062,82.5,72.28392791748047,6063600,0.0,0.0
2021-11-02,80.94999694824219,81.38999938964844,80.30999755859375,80.69999694824219,70.70682525634766,6083700,0.0,0.0
2021-11-03,81.51000213623047,81.72000122070312,79.73999786376953,81.36000061035156,71.28510284423828,5520300,0.0,0.0
2021-11-04,82.62999725341797,83.05999755859375,80.05000305175781,80.30000305175781,70.35636138916016,6799700,0.0,0.0
2021-11-05,79.9000015258789,80.0,77.45999908447266,77.56999969482422,67.96441650390625,5704200,0.0,0.0
2021-11-08,79.04000091552734,79.11000061035156,76.83000183105469,77.47000122070312,67.87679290771484,6595200,0.0,0.0
2021-11-09,77.04000091552734,79.56999969482422,76.62999725341797,77.19000244140625,67.63147735595703,5250200,0.0,0.0
2021-11-10,78.80000305175781,79.48999786376953,77.29000091552734,77.73999786376953,68.11336517333984,8367100,0.0,0.0
2021-11-11,81.55000305175781,84.33000183105469,81.06999969482422,84.19999694824219,73.77342224121094,15637300,0.0,0.0
2021-11-12,84.08999633789062,86.31999969482422,83.8499984741211,85.94999694824219,75.30670928955078,9315100,0.0,0.0
2021-11-15,86.13999938964844,86.26000213623047,83.70999908447266,84.62000274658203,74.14141082763672,7317900,0.0,0.0
2021-11-16,85.94999694824219,86.79000091552734,84.91999816894531,85.7300033569336,75.11396026611328,9064700,0.0,0.0
2021-11-17,85.0,85.2750015258789,82.23999786376953,83.1500015258789,72.85344696044922,7427100,0.0,0.0
2021-11-18,87.98500061035156,89.29000091552734,85.12000274658203,88.0999984741211,77.19046783447266,19318700,0.0,0.0
2021-11-19,89.86000061035156,92.0999984741211,89.11000061035156,91.55000305175781,80.2132568359375,15175000,0.0,0.0
2021-11-22,89.33000183105469,92.16000366210938,86.37999725341797,87.70999908447266,76.84876251220703,12301600,0.0,0.0
2021-11-23,90.20999908447266,92.69000244140625,87.83300018310547,89.45999908447266,78.38206481933594,11895500,0.0,0.0
2021-11-24,90.0,91.19000244140625,88.19000244140625,89.36000061035156,78.29444885253906,6977300,0.0,0.0
2021-11-26,86.87000274658203,89.3499984741211,85.77999877929688,88.66999816894531,77.68988800048828,8311000,0.0,0.0
2021-11-29,88.30000305175781,88.91999816894531,86.26000213623047,87.91000366210938,77.02400207519531,9475200,0.0,0.0
2021-11-30,87.16999816894531,87.94499969482422,83.94000244140625,84.11000061035156,73.69456481933594,14608400,0.0,0.0
2021-12-01,86.87999725341797,88.22000122070312,85.12000274658203,85.18000030517578,74.6320571899414,8947400,0.0,0.0
2021-12-02,86.5,87.33000183105469,82.4000015258789,84.45999908447266,74.001220703125,10695300,0.0,0.0
2021-12-03,79.86000061035156,80.45999908447266,73.69000244140625,77.94999694824219,68.29735565185547,20656900,0.0,0.0
2021-12-06,76.5199966430664,76.94999694824219,74.2699966430664,75.19000244140625,65.87913513183594,22191800,0.0,0.0
2021-12-07,78.80999755859375,79.23999786376953,76.5199966430664,78.08999633789062,68.4200210571289,14548400,0.0,0.0
2021-12-08,78.29000091552734,79.5999984741211,77.3499984741211,78.29000091552734,68.59526062011719,11270300,0.0,0.0
2021-12-09,78.54000091552734,81.08000183105469,78.04499816894531,79.56999969482422,69.71675872802734,7498300,0.0,0.0
2021-12-10,79.81999969482422,80.6500015258789,78.7300033569336,79.70999908447266,69.83941650390625,10624800,0.0,0.0
2021-12-13,78.54000091552734,78.58000183105469,76.44000244140625,78.05000305175781,68.3849868774414,6059500,0.0,0.0
2021-12-14,76.2300033569336,77.8489990234375,75.87999725341797,77.6500015258789,68.03450775146484,5596000,0.0,0.0
2021-12-15,75.88999938964844,76.0,70.44999694824219,73.66000366210938,64.5385971069336,14821500,0.0,0.0
2021-12-16,73.5,76.0,72.4000015258789,72.68000030517578,63.67995834350586,7849800,0.0,0.0
2021-12-17,70.0199966430664,72.62999725341797,70.0,71.04000091552734,62.24303436279297,13130500,0.0,0.0
2021-12-20,69.54499816894531,69.54499816894531,67.16000366210938,68.19000244140625,59.745948791503906,10714800,0.0,0.0
2021-12-21,70.06999969482422,73.69999694824219,69.5199966430664,73.41000366210938,64.3195571899414,9822800,0.0,0.0
2021-12-22,71.11699676513672,74.00499725341797,70.77999877929688,73.75,64.6174545288086,9264700,0.0,0.0
2021-12-23,67.87000274658203,69.5,66.18000030517578,68.6500015258789,60.14899444580078,26529000,0.0,0.0
2021-12-27,67.7040023803711,68.87999725341797,67.54499816894531,67.70999908447266,59.32538986206055,7682300,0.0,0.0
2021-12-28,67.30000305175781,67.31999969482422,65.55999755859375,65.87000274658203,57.71324157714844,9263500,0.0,0.0
2021-12-29,66.5,67.01000213623047,64.69999694824219,65.62999725341797,57.50295639038086,6469300,0.0,0.0
2021-12-30,65.87000274658203,71.66999816894531,65.79000091552734,70.4000015258789,61.682281494140625,13902600,0.0,0.0
2021-12-31,69.56999969482422,70.91999816894531,69.31999969482422,70.06999969482422,61.393150329589844,5446200,0.0,0.0
2022-01-03,68.9000015258789,69.48999786376953,66.87000274658203,68.33000183105469,59.86861801147461,9374400,0.0,0.0
2022-01-04,67.69999694824219,67.83999633789062,63.11000061035156,64.19999694824219,56.250038146972656,19989800,0.0,0.0
2022-01-05,63.56999969482422,65.58899688720703,62.16999816894531,63.02000045776367,55.216163635253906,19188100,0.0,0.0
2022-01-06,65.25,68.07499694824219,63.665000915527344,66.77999877929688,58.510555267333984,12965400,0.0,0.0
2022-01-07,68.38999938964844,69.68000030517578,67.12999725341797,68.23999786376953,59.78976058959961,13008300,0.0,0.0
2022-01-10,69.69000244140625,71.05999755859375,68.16899871826172,69.5999984741211,60.98134994506836,15804200,0.0,0.0
2022-01-11,71.0,76.83000183105469,70.42500305175781,76.76000213623047,67.25472259521484,27375600,0.0,0.0
2022-01-12,78.16999816894531,78.5999984741211,75.86000061035156,76.4000015258789,66.93930053710938,12939600,0.0,0.0
2022-01-13,74.47000122070312,74.47000122070312,71.1500015258789,71.44000244140625,62.593505859375,12504200,0.0,0.0
2022-01-14,73.9000015258789,74.01499938964844,71.93000030517578,73.72000122070312,64.59117126464844,12783100,0.0,0.0
2022-01-18,71.12000274658203,74.93000030517578,71.08999633789062,73.4000015258789,64.31079864501953,10208100,0.0,0.0
2022-01-19,73.18000030517578,74.22000122070312,72.02999877929688,72.30000305175781,63.347007751464844,6318300,0.0,0.0
2022-01-20,77.25,81.23999786376953,76.7699966430664,77.0,67.46500396728516,26218300,0.0,0.0
2022-01-21,77.60199737548828,77.68000030517578,72.66000366210938,73.45999908447266,64.36336517333984,14440500,0.0,0.0
2022-01-24,72.5199966430664,72.5199966430664,68.11000061035156,71.73999786376953,62.856353759765625,15486200,0.0,0.0
2022-01-25,70.27999877929688,72.97000122070312,70.19999694824219,72.1500015258789,63.2155876159668,7291200,0.0,0.0
2022-01-26,72.9000015258789,73.48999786376953,70.51000213623047,71.11000061035156,62.30436706542969,9546100,0.0,0.0
2022-01-27,70.75,70.80000305175781,65.78500366210938,66.68000030517578,58.422935485839844,13137100,0.0,0.0
2022-01-28,67.5999984741211,69.41999816894531,66.19999694824219,69.33999633789062,60.7535400390625,9026500,0.0,0.0
2022-01-31,71.83999633789062,74.94999694824219,71.79000091552734,74.87999725341797,65.60751342773438,9331100,0.0,0.0
2022-02-01,74.26000213623047,75.88999938964844,73.83999633789062,75.08000183105469,65.78275299072266,7408300,0.0,0.0
2022-02-02,75.58000183105469,75.70999908447266,72.41000366210938,73.20999908447266,64.14431762695312,5887100,0.0,0.0
2022-02-03,72.08000183105469,73.30000305175781,71.33000183105469,71.8499984741211,62.95273208618164,7493700,0.0,0.0
2022-02-04,71.94000244140625,74.94999694824219,71.86000061035156,73.7699966430664,64.63497161865234,6082900,0.0,0.0
2022-02-07,74.08999633789062,74.98999786376953,72.80999755859375,73.1500015258789,64.09175109863281,6135800,0.0,0.0
2022-02-08,73.12000274658203,76.06999969482422,72.05000305175781,75.36000061035156,66.02808380126953,7903200,0.0,0.0
2022-02-09,76.83000183105469,78.66999816894531,76.61000061035156,78.29000091552734,68.59526062011719,7061600,0.0,0.0
2022-02-10,75.95500183105469,78.38999938964844,75.23999786376953,76.4000015258789,66.93930053710938,6432200,0.0,0.0
2022-02-11,75.97000122070312,76.55000305175781,73.55000305175781,73.9800033569336,64.8189697265625,6673400,0.0,0.0
2022-02-14,73.94000244140625,74.62000274658203,73.01000213623047,74.44999694824219,65.23076629638672,5245000,0.0,0.0
2022-02-15,75.3499984741211,76.3499984741211,74.80000305175781,76.12999725341797,66.7027359008789,6766200,0.0,0.0
2022-02-16,75.58999633789062,75.83999633789062,74.44000244140625,75.30000305175781,65.97551727294922,6201200,0.0,0.0
2022-02-17,74.93000030517578,76.58000183105469,74.43000030517578,74.55000305175781,65.31838989257812,5944500,0.0,0.0
2022-02-18,72.26000213623047,73.33999633789062,70.4800033569336,71.86000061035156,62.961490631103516,8913800,0.0,0.0
2022-02-22,70.36000061035156,71.83000183105469,69.76000213623047,70.9800033569336,62.19047164916992,8539400,0.0,0.0
2022-02-23,72.44000244140625,72.94999694824219,70.05000305175781,70.54000091552734,61.80494689941406,9412800,0.0,0.0
2022-02-24,67.05000305175781,70.98999786376953,66.11000061035156,70.91000366210938,62.12913513183594,10307100,0.0,0.0
2022-02-25,71.27999877929688,72.75,70.16999816894531,72.5,63.52223587036133,6711300,0.0,0.0
2022-02-28,70.91999816894531,71.79000091552734,70.22000122070312,71.62999725341797,62.75996780395508,6469800,0.0,0.0
2022-03-01,72.41999816894531,74.98999786376953,72.12999725341797,73.30000305175781,64.22318267822266,8895800,0.0,0.0
2022-03-02,72.69000244140625,72.94000244140625,70.3479995727539,71.79000091552734,62.90016174316406,4990900,0.0,0.0
2022-03-03,73.12000274658203,73.83000183105469,66.76000213623047,67.83000183105469,59.4305305480957,16448400,0.0,0.0
2022-03-04,66.27999877929688,67.2300033569336,63.150001525878906,63.59000015258789,55.715576171875,15957200,0.0,0.0
2022-03-07,63.20000076293945,64.11000061035156,60.29999923706055,60.52000045776367,53.02573776245117,15696800,0.0,0.0
2022-03-08,60.0,60.130001068115234,56.40999984741211,58.689998626708984,51.42234802246094,11869400,0.0,0.0
2022-03-09,61.47999954223633,62.779998779296875,60.310001373291016,62.400001525878906,54.67293930053711,9487300,0.0,0.0
2022-03-10,53.0099983215332,55.36000061035156,50.60100173950195,52.52000045776367,46.01638412475586,55348100,0.0,0.0
2022-03-11,53.9010009765625,54.09000015258789,47.849998474121094,47.9900016784668,42.04734420776367,32963000,0.0,0.0
2022-03-14,43.00400161743164,45.77000045776367,41.560001373291016,42.939998626708984,37.62268829345703,47477300,0.0,0.0
2022-03-15,41.63999938964844,48.220001220703125,41.630001068115234,45.97999954223633,40.28623962402344,39194500,0.0,0.0
2022-03-16,56.959999084472656,64.27999877929688,54.75,64.08000183105469,56.144901275634766,60081300,0.0,0.0
2022-03-17,62.0,63.85900115966797,58.31999969482422,61.939998626708984,54.2698974609375,25854100,0.0,0.0
2022-03-18,61.16999816894531,69.43000030517578,60.81999969482422,65.12999725341797,57.06487274169922,46344100,0.0,0.0
2022-03-21,62.47999954223633,63.81999969482422,58.29999923706055,61.439998626708984,53.83181381225586,19698600,0.0,0.0
2022-03-22,65.1500015258789,65.69000244140625,62.29499816894531,64.7300033569336,56.714412689208984,19038500,0.0,0.0
2022-03-23,62.0099983215332,69.24500274658203,61.36000061035156,64.29000091552734,56.328895568847656,23626400,0.0,0.0
2022-03-24,61.349998474121094,61.709999084472656,58.720001220703125,61.52000045776367,53.90190505981445,20640900,0.0,0.0
2022-03-25,59.61000061035156,60.54499816894531,58.09000015258789,59.91999816894531,52.50003433227539,16005500,0.0,0.0
2022-03-28,58.13999938964844,60.099998474121094,56.96200180053711,59.77000045776367,52.368614196777344,18146000,0.0,0.0
2022-03-29,62.18000030517578,64.55999755859375,61.869998931884766,62.72999954223633,54.96207046508789,13144200,0.0,0.0
2022-03-30,61.20000076293945,63.04999923706055,60.82099914550781,61.4900016784668,53.87562561035156,10687300,0.0,0.0
2022-03-31,59.95000076293945,60.09000015258789,56.79999923706055,57.869998931884766,50.703887939453125,13887600,0.0,0.0
2022-04-01,61.25,61.75,58.85300064086914,59.09000015258789,51.77281951904297,15599300,0.0,0.0
2022-04-04,62.27000045776367,64.41999816894531,61.45000076293945,63.310001373291016,55.47024917602539,13872000,0.0,0.0
2022-04-05,62.31999969482422,62.404998779296875,60.369998931884766,60.91999816894531,53.37620544433594,7657100,0.0,0.0
2022-04-06,59.5,59.75,57.59000015258789,59.06999969482422,51.75529479980469,9039000,0.0,0.0
2022-04-07,57.849998474121094,57.849998474121094,56.209999084472656,57.099998474121094,50.02923583984375,10869300,0.0,0.0
2022-04-08,56.75,57.847999572753906,55.81999969482422,56.540000915527344,49.53858184814453,10468000,0.0,0.0
2022-04-11,55.779998779296875,58.22999954223633,54.849998474121094,56.83000183105469,49.79267883300781,8787600,0.0,0.0
2022-04-12,57.47999954223633,58.310001373291016,56.439998626708984,56.47999954223633,49.486019134521484,7967000,0.0,0.0
2022-04-13,57.7400016784668,59.70000076293945,56.9900016784668,58.279998779296875,51.06311798095703,11732200,0.0,0.0
2022-04-14,57.34000015258789,57.970001220703125,56.27000045776367,56.560001373291016,49.55611038208008,7345700,0.0,0.0
2022-04-18,55.439998626708984,58.130001068115234,55.345001220703125,57.5,50.37970733642578,9225000,0.0,0.0
2022-04-19,56.349998474121094,56.91999816894531,55.06999969482422,56.88999938964844,49.84524154663086,8462800,0.0,0.0
2022-04-20,56.599998474121094,56.60499954223633,53.029998779296875,53.75,47.09408187866211,9340600,0.0,0.0
2022-04-21,52.88999938964844,53.68000030517578,50.25,50.70000076293945,44.421756744384766,10540600,0.0,0.0
2022-04-22,52.880001068115234,54.29999923706055,51.310001373291016,52.040000915527344,45.595829010009766,12520900,0.0,0.0
2022-04-25,50.83000183105469,54.02000045776367,50.59000015258789,53.720001220703125,47.06779098510742,9105900,0.0,0.0
2022-04-26,54.130001068115234,55.4900016784668,52.91999816894531,53.209999084472656,46.620941162109375,10156400,0.0,0.0
2022-04-27,55.4900016784668,58.88999938964844,55.349998474121094,57.41999816894531,50.30961608886719,14688100,0.0,0.0
2022-04-28,57.81999969482422,58.79999923706055,56.150001525878906,57.810001373291016,50.65132141113281,8070000,0.0,0.0
2022-04-29,65.08000183105469,65.29000091552734,61.560001373291016,61.65999984741211,54.02457046508789,19762700,0.0,0.0
2022-05-02,61.63999938964844,63.56999969482422,60.900001525878906,63.369998931884766,55.52281951904297,10728800,0.0,0.0
2022-05-03,62.79999923706055,63.959999084472656,61.64500045776367,62.16999816894531,54.47141647338867,9119100,0.0,0.0
2022-05-04,60.22999954223633,63.33000183105469,59.11000061035156,63.18000030517578,55.35634994506836,10050900,0.0,0.0
2022-05-05,60.58000183105469,61.24300003051758,58.2599983215332,59.38999938964844,52.03567123413086,11266500,0.0,0.0
2022-05-06,58.11000061035156,58.709999084472656,55.45000076293945,55.61000061035156,48.723751068115234,15135900,0.0,0.0
2022-05-09,53.70000076293945,54.0,50.119998931884766,51.040000915527344,44.71965789794922,22233000,0.0,0.0
2022-05-10,53.69499969482422,53.849998474121094,50.18000030517578,51.650001525878906,45.25412368774414,18345800,0.0,0.0
2022-05-11,52.31999969482422,53.290000915527344,49.54999923706055,49.83000183105469,43.65949249267578,13276900,0.0,0.0
2022-05-12,48.83000183105469,49.83000183105469,46.83000183105469,48.66999816894531,42.643131256103516,13177900,0.0,0.0
2022-05-13,49.959999084472656,52.349998474121094,49.709999084472656,51.54999923706055,45.16650390625,11579300,0.0,0.0
2022-05-16,51.689998626708984,52.75,51.150001525878906,51.529998779296875,45.14897918701172,9181100,0.0,0.0
2022-05-17,55.65999984741211,56.400001525878906,49.70000076293945,53.66999816894531,47.02397918701172,38056200,0.0,0.0
2022-05-18,52.43000030517578,53.2599983215332,50.63999938964844,51.20000076293945,44.85984420776367,13836900,0.0,0.0
2022-05-19,51.09000015258789,53.63600158691406,51.0099983215332,52.779998779296875,47.41094207763672,13828400,1.26,0.0
2022-05-20,54.25,54.900001525878906,50.9900016784668,52.16999816894531,46.86299514770508,12289400,0.0,0.0
2022-05-23,53.84000015258789,54.0099983215332,52.400001525878906,53.33000183105469,47.904998779296875,11441200,0.0,0.0
2022-05-24,51.060001373291016,51.130001068115234,48.93000030517578,49.58000183105469,44.536468505859375,11263800,0.0,0.0
2022-05-25,50.220001220703125,50.650001525878906,49.02000045776367,50.189998626708984,45.08441162109375,8486600,0.0,0.0
2022-05-26,50.77000045776367,53.59000015258789,50.30799865722656,52.720001220703125,47.357051849365234,14157100,0.0,0.0
2022-05-27,53.459999084472656,53.70000076293945,51.61000061035156,53.68000030517578,48.21939468383789,10263600,0.0,0.0
2022-05-31,56.869998931884766,57.720001220703125,55.7599983215332,56.119998931884766,50.41118240356445,20893000,0.0,0.0
2022-06-01,56.83000183105469,57.25,54.63999938964844,55.790000915527344,50.1147575378418,12724900,0.0,0.0
2022-06-02,56.02000045776367,58.560001373291016,55.630001068115234,58.0,52.09994125366211,11544000,0.0,0.0
2022-06-03,57.130001068115234,57.209999084472656,55.939998626708984,56.52000045776367,50.77048873901367,8358300,0.0,0.0
2022-06-06,59.88999938964844,61.290000915527344,59.11000061035156,60.209999084472656,54.08512878417969,18820100,0.0,0.0
2022-06-07,60.224998474121094,61.9900016784668,59.810001373291016,61.7400016784668,55.45948791503906,12851700,0.0,0.0
2022-06-08,63.974998474121094,67.30000305175781,63.349998474121094,66.47000122070312,59.70832443237305,22812000,0.0,0.0
2022-06-09,62.0,62.75,60.83000183105469,61.400001525878906,55.154075622558594,19049300,0.0,0.0
2022-06-10,62.900001525878906,64.7699966430664,61.32699966430664,61.5099983215332,55.25288391113281,11806600,0.0,0.0
2022-06-13,59.900001525878906,60.540000915527344,57.599998474121094,58.93000030517578,52.935333251953125,12244100,0.0,0.0
2022-06-14,61.380001068115234,63.52000045776367,60.58000183105469,62.5099983215332,56.15115737915039,12539500,0.0,0.0
2022-06-15,63.65999984741211,64.52999877929688,62.22999954223633,64.31999969482422,57.777034759521484,13971000,0.0,0.0
2022-06-16,61.65999984741211,63.02000045776367,60.790000915527344,62.0099983215332,55.70201873779297,9632000,0.0,0.0
2022-06-17,67.30999755859375,67.38999938964844,63.810001373291016,65.2300033569336,58.59447479248047,28556600,0.0,0.0
2022-06-21,64.58999633789062,65.04000091552734,61.81999969482422,63.650001525878906,57.175193786621094,18598500,0.0,0.0
2022-06-22,60.97999954223633,62.66999816894531,60.650001525878906,61.41999816894531,55.172035217285156,12079600,0.0,0.0
2022-06-23,62.470001220703125,64.02999877929688,60.76499938964844,61.900001525878906,55.603214263916016,17658500,0.0,0.0
2022-06-24,63.09000015258789,64.83999633789062,62.599998474121094,64.01000213623047,57.498573303222656,11412600,0.0,0.0
2022-06-27,67.16000366210938,68.29000091552734,64.91999816894531,65.62000274658203,58.944801330566406,15168000,0.0,0.0
2022-06-28,65.69999694824219,66.68000030517578,63.869998931884766,64.54000091552734,57.97465515136719,8473500,0.0,0.0
2022-06-29,63.720001220703125,64.91000366210938,63.25,64.8499984741211,58.25312423706055,6445900,0.0,0.0
2022-06-30,63.88999938964844,64.62999725341797,62.90999984741211,64.22000122070312,57.68721389770508,5557400,0.0,0.0
2022-07-01,63.90999984741211,66.36000061035156,63.68000030517578,65.94999694824219,59.2412223815918,5462200,0.0,0.0
2022-07-05,65.33000183105469,65.33000183105469,62.31999969482422,64.7300033569336,58.14533233642578,10596500,0.0,0.0
2022-07-06,63.220001220703125,63.619998931884766,60.77000045776367,61.7599983215332,55.477455139160156,8607600,0.0,0.0
2022-07-07,62.869998931884766,64.11499786376953,62.61000061035156,63.130001068115234,56.708091735839844,7912700,0.0,0.0
2022-07-08,61.959999084472656,62.75,61.04999923706055,62.0099983215332,55.70201873779297,6004100,0.0,0.0
2022-07-11,59.400001525878906,59.849998474121094,58.560001373291016,59.59000015258789,53.5281982421875,8078700,0.0,0.0
2022-07-12,58.83000183105469,61.060001373291016,58.77000045776367,60.15999984741211,54.04021453857422,5807900,0.0,0.0
2022-07-13,59.779998779296875,62.90999984741211,59.7599983215332,61.70000076293945,55.42355728149414,5967500,0.0,0.0
2022-07-14,61.45000076293945,61.900001525878906,60.27000045776367,61.040000915527344,54.830692291259766,6276800,0.0,0.0
2022-07-15,60.380001068115234,60.630001068115234,58.584999084472656,60.2599983215332,54.13003921508789,5875800,0.0,0.0
2022-07-18,62.959999084472656,64.7300033569336,61.84000015258789,62.04999923706055,55.737953186035156,6015000,0.0,0.0
2022-07-19,62.959999084472656,63.20000076293945,61.56999969482422,62.779998779296875,56.39369201660156,4215200,0.0,0.0
2022-07-20,63.150001525878906,63.79999923706055,62.04999923706055,62.619998931884766,56.249969482421875,4784800,0.0,0.0
2022-07-21,63.22999954223633,64.4000015258789,63.040000915527344,64.01000213623047,57.498573303222656,3850700,0.0,0.0
2022-07-22,63.349998474121094,63.439998626708984,61.45000076293945,61.58000183105469,55.315765380859375,4241200,0.0,0.0
2022-07-25,63.06999969482422,63.650001525878906,62.060001373291016,62.97999954223633,56.57334518432617,4522100,0.0,0.0
2022-07-26,63.380001068115234,64.66000366210938,62.630001068115234,62.970001220703125,56.56436538696289,4336300,0.0,0.0
2022-07-27,63.95000076293945,63.95000076293945,61.599998474121094,63.31999969482422,56.87876510620117,4987800,0.0,0.0
2022-07-28,62.119998931884766,63.0,60.20000076293945,62.130001068115234,55.809814453125,6070200,0.0,0.0
2022-07-29,59.0,60.084999084472656,58.369998931884766,59.5,53.44735336303711,7464400,0.0,0.0
2022-08-01,57.58000183105469,58.83000183105469,56.349998474121094,58.7599983215332,52.78262710571289,7032600,0.0,0.0
2022-08-02,57.0099983215332,60.63999938964844,56.86000061035156,59.72999954223633,53.65395736694336,6395400,0.0,0.0
2022-08-03,59.470001220703125,61.220001220703125,59.0,61.130001068115234,54.91154479980469,4812200,0.0,0.0
2022-08-04,64.3499984741211,64.94999694824219,62.91999816894531,63.349998474121094,56.90570831298828,7232900,0.0,0.0
2022-08-05,61.47999954223633,62.34000015258789,61.20000076293945,61.90999984741211,55.6121940612793,4763300,0.0,0.0
2022-08-08,61.59000015258789,61.7400016784668,58.459999084472656,58.84000015258789,52.854488372802734,8208300,0.0,0.0
2022-08-09,58.63999938964844,59.11000061035156,56.70000076293945,57.08000183105469,51.273529052734375,8594800,0.0,0.0
2022-08-10,56.36000061035156,56.95000076293945,54.349998474121094,55.5,49.854251861572266,13971900,0.0,0.0
2022-08-11,56.4900016784668,58.48500061035156,56.2599983215332,56.939998626708984,51.147769927978516,9374500,0.0,0.0
2022-08-12,54.52000045776367,57.33000183105469,54.52000045776367,57.04999923706055,51.246578216552734,6238900,0.0,0.0
2022-08-15,56.58000183105469,58.279998779296875,56.435001373291016,57.97999954223633,52.081974029541016,5223200,0.0,0.0
2022-08-16,56.81999969482422,57.849998474121094,56.459999084472656,57.290000915527344,51.46216583251953,4834400,0.0,0.0
2022-08-17,57.0,57.349998474121094,55.79999923706055,56.150001525878906,50.438133239746094,4903300,0.0,0.0
2022-08-18,55.619998931884766,55.880001068115234,54.3849983215332,55.189998626708984,49.57578659057617,5552800,0.0,0.0
2022-08-19,55.099998474121094,55.880001068115234,54.58000183105469,54.70000076293945,49.1356315612793,4714400,0.0,0.0
2022-08-22,55.36000061035156,56.150001525878906,54.970001220703125,55.31999969482422,49.692562103271484,8342900,0.0,0.0
2022-08-23,55.79999923706055,57.779998779296875,53.04999923706055,57.20000076293945,51.38132095336914,13407000,0.0,0.0
2022-08-24,56.64500045776367,61.64500045776367,56.220001220703125,59.439998626708984,53.39345932006836,12443400,0.0,0.0
2022-08-25,62.0099983215332,66.41999816894531,61.93000030517578,64.91000366210938,58.30702209472656,19917600,0.0,0.0
2022-08-26,67.69000244140625,67.87000274658203,63.40999984741211,63.459999084472656,57.004520416259766,14638300,0.0,0.0
2022-08-29,63.56999969482422,64.73999786376953,62.185001373291016,62.31999969482422,55.98048782348633,7340400,0.0,0.0
2022-08-30,62.41999816894531,62.849998474121094,60.61000061035156,61.5099983215332,55.25288391113281,7001400,0.0,0.0
2022-08-31,63.0,64.62000274658203,62.529998779296875,63.4900016784668,57.03147506713867,6955200,0.0,0.0
2022-09-01,61.75,63.20000076293945,61.33000183105469,63.11000061035156,56.690128326416016,4268200,0.0,0.0
2022-09-02,62.0099983215332,62.130001068115234,60.88999938964844,61.290000915527344,55.055267333984375,4544200,0.0,0.0
2022-09-06,59.61000061035156,60.119998931884766,59.0,59.349998474121094,53.3126106262207,4376800,0.0,0.0
2022-09-07,58.95000076293945,60.04999923706055,58.02000045776367,59.880001068115234,53.7886962890625,4845900,0.0,0.0
2022-09-08,59.29999923706055,60.36000061035156,59.220001220703125,59.90999984741211,53.81564712524414,2941700,0.0,0.0
2022-09-09,61.470001220703125,61.880001068115234,60.20000076293945,60.40999984741211,54.26478576660156,5020900,0.0,0.0
2022-09-12,60.9900016784668,61.83000183105469,60.119998931884766,61.790000915527344,55.50440216064453,5340500,0.0,0.0
2022-09-13,58.33000183105469,59.2599983215332,57.279998779296875,57.43000030517578,51.58792495727539,7339400,0.0,0.0
2022-09-14,57.40999984741211,57.66999816894531,56.25,57.400001525878906,51.56097412109375,5076400,0.0,0.0
2022-09-15,57.505001068115234,58.150001525878906,57.0,57.650001525878906,51.785545349121094,5181100,0.0,0.0
2022-09-16,56.5099983215332,56.904998779296875,55.09000015258789,55.369998931884766,49.73747634887695,7378900,0.0,0.0
2022-09-19,55.41999816894531,56.81999969482422,55.25,56.81999969482422,51.039974212646484,6204700,0.0,0.0
2022-09-20,56.6150016784668,57.939998626708984,56.52000045776367,56.79999923706055,51.022010803222656,4296800,0.0,0.0
2022-09-21,55.86000061035156,55.959999084472656,53.84000015258789,53.93000030517578,48.44396209716797,6177800,0.0,0.0
2022-09-22,54.189998626708984,54.75,52.9900016784668,53.470001220703125,48.030757904052734,4552300,0.0,0.0
2022-09-23,52.369998931884766,53.04999923706055,51.83000183105469,52.310001373291016,46.9887580871582,5627600,0.0,0.0
2022-09-26,53.22999954223633,54.68000030517578,53.099998474121094,53.34000015258789,47.913978576660156,6258200,0.0,0.0
2022-09-27,54.025001525878906,55.060001373291016,52.16999816894531,52.65999984741211,47.30315399169922,6126500,0.0,0.0
2022-09-28,51.31999969482422,53.25,50.54999923706055,52.93000030517578,47.545684814453125,5989100,0.0,0.0
2022-09-29,51.380001068115234,52.09000015258789,50.09000015258789,51.25,46.03658676147461,6141700,0.0,0.0
2022-09-30,50.27000045776367,51.35499954223633,49.810001373291016,50.29999923706055,45.1832275390625,6553600,0.0,0.0
2022-10-03,49.380001068115234,49.595001220703125,48.09000015258789,49.52000045776367,44.48257064819336,9728000,0.0,0.0
2022-10-04,50.66999816894531,52.9900016784668,50.41999816894531,52.040000915527344,46.7462272644043,8173600,0.0,0.0
2022-10-05,53.68000030517578,54.380001068115234,52.40999984741211,52.97999954223633,47.590599060058594,9187100,0.0,0.0
2022-10-06,52.54999923706055,53.06999969482422,51.63999938964844,51.65999984741211,46.40488052368164,6967200,0.0,0.0
2022-10-07,50.400001525878906,50.959999084472656,49.20000076293945,49.90999984741211,44.83290100097656,8249200,0.0,0.0
2022-10-10,48.97999954223633,49.060001373291016,46.720001220703125,47.58000183105469,42.73991775512695,8791300,0.0,0.0
2022-10-11,46.507999420166016,47.404998779296875,45.310001373291016,46.27000045776367,41.563175201416016,8667900,0.0,0.0
2022-10-12,46.34000015258789,47.22999954223633,45.60499954223633,46.400001525878906,41.67995071411133,5145100,0.0,0.0
2022-10-13,44.060001373291016,45.790000915527344,43.529998779296875,45.04999923706055,40.46727752685547,8880500,0.0,0.0
2022-10-14,45.26499938964844,45.27000045776367,42.209999084472656,42.33000183105469,38.02397537231445,12859900,0.0,0.0
2022-10-17,44.25,45.15999984741211,43.7599983215332,44.439998626708984,39.919334411621094,9118300,0.0,0.0
2022-10-18,45.84000015258789,46.130001068115234,43.78499984741211,44.66999816894531,40.12593078613281,7836200,0.0,0.0
2022-10-19,42.52000045776367,42.775001525878906,40.599998474121094,41.220001220703125,37.02688980102539,11761100,0.0,0.0
2022-10-20,41.63999938964844,43.650001525878906,41.400001525878906,42.15999984741211,37.87126541137695,10832700,0.0,0.0
2022-10-21,41.34000015258789,42.20000076293945,40.61000061035156,42.150001525878906,37.86228561401367,8515900,0.0,0.0
2022-10-24,35.775001525878906,36.91999816894531,33.16999816894531,36.65999984741211,32.93075180053711,29614400,0.0,0.0
2022-10-25,38.150001525878906,38.790000915527344,37.06999969482422,37.77000045776367,33.92784118652344,15122300,0.0,0.0
2022-10-26,37.79999923706055,42.56999969482422,37.47999954223633,41.040000915527344,36.86520004272461,22836100,0.0,0.0
2022-10-27,39.599998474121094,40.70000076293945,39.20000076293945,39.5,35.48185729980469,10699500,0.0,0.0
2022-10-28,37.13999938964844,37.93000030517578,36.689998626708984,37.86000061035156,34.00868606567383,13592200,0.0,0.0
2022-10-31,37.56999969482422,38.29499816894531,37.11000061035156,37.290000915527344,33.49666976928711,9762000,0.0,0.0
2022-11-01,40.470001220703125,40.540000915527344,38.2400016784668,38.439998626708984,34.529685974121094,12171600,0.0,0.0
2022-11-02,39.91999816894531,41.130001068115234,39.15999984741211,39.84000015258789,35.787269592285156,13751800,0.0,0.0
2022-11-03,38.34000015258789,41.18000030517578,38.09000015258789,40.439998626708984,36.32623291015625,11091800,0.0,0.0
2022-11-04,44.38999938964844,44.84000015258789,42.52000045776367,44.380001068115234,39.86543655395508,20375100,0.0,0.0
2022-11-07,45.40999984741211,46.19599914550781,44.04999923706055,44.5099983215332,39.982208251953125,10360500,0.0,0.0
2022-11-08,45.0,45.84000015258789,43.95000076293945,45.4900016784668,40.862525939941406,9351300,0.0,0.0
2022-11-09,43.435001373291016,43.599998474121094,42.19499969482422,42.459999084472656,38.1407470703125,9533900,0.0,0.0
2022-11-10,45.38999938964844,46.93000030517578,45.22999954223633,46.029998779296875,41.34758758544922,11966000,0.0,0.0
2022-11-11,49.470001220703125,50.54999923706055,48.529998779296875,48.93000030517578,43.95259094238281,12951800,0.0,0.0
2022-11-14,50.939998626708984,52.02000045776367,50.119998931884766,50.849998474121094,45.67727279663086,12662500,0.0,0.0
2022-11-15,55.0,55.869998931884766,53.380001068115234,54.47999954223633,48.938011169433594,13060500,0.0,0.0
2022-11-16,53.41999816894531,53.869998931884766,52.75,53.4900016784668,48.04872131347656,6782500,0.0,0.0
2022-11-17,52.0099983215332,58.06999969482422,51.86000061035156,57.52000045776367,51.66876983642578,15141200,0.0,0.0
2022-11-18,58.65999984741211,58.779998779296875,55.10900115966797,56.06999969482422,50.36627197265625,16768100,0.0,0.0
2022-11-21,53.41999816894531,53.869998931884766,52.119998931884766,52.5,47.15943145751953,11007000,0.0,0.0
2022-11-22,50.09000015258789,51.709999084472656,49.869998931884766,51.560001373291016,46.3150520324707,6675400,0.0,0.0
2022-11-23,52.869998931884766,53.029998779296875,51.68000030517578,52.2599983215332,46.94384002685547,6054300,0.0,0.0
2022-11-25,50.04999923706055,50.16999816894531,49.2400016784668,49.47999954223633,44.44663619995117,5908900,0.0,0.0
2022-11-28,49.40999984741211,51.119998931884766,49.290000915527344,49.90999984741211,44.83290100097656,7626900,0.0,0.0
2022-11-29,53.459999084472656,54.4900016784668,53.119998931884766,53.25,47.833133697509766,13450200,0.0,0.0
2022-11-30,56.540000915527344,58.38999938964844,56.349998474121094,57.18000030517578,51.36335754394531,15765800,0.0,0.0
2022-12-01,55.33000183105469,56.369998931884766,54.68000030517578,55.849998474121094,50.168643951416016,7147700,0.0,0.0
2022-12-02,55.09000015258789,59.66999816894531,55.04999923706055,58.63999938964844,52.674835205078125,10436300,0.0,0.0
2022-12-05,60.70000076293945,60.7400016784668,58.560001373291016,59.18000030517578,53.15990447998047,9149600,0.0,0.0
2022-12-06,60.20000076293945,60.4900016784668,58.529998779296875,60.349998474121094,54.21088409423828,7771300,0.0,0.0
2022-12-07,57.06999969482422,58.95000076293945,56.880001068115234,58.45000076293945,52.5041618347168,6229100,0.0,0.0
2022-12-08,60.415000915527344,61.400001525878906,59.915000915527344,60.369998931884766,54.228851318359375,7278700,0.0,0.0
2022-12-09,59.869998931884766,60.220001220703125,57.900001525878906,58.31999969482422,52.38739013671875,7993600,0.0,0.0
2022-12-12,58.68000030517578,58.810001373291016,56.869998931884766,57.41999816894531,51.578941345214844,7473900,0.0,0.0
2022-12-13,60.5099983215332,60.68000030517578,57.11000061035156,57.810001373291016,51.92927169799805,8382900,0.0,0.0
2022-12-14,58.25,59.08000183105469,58.04999923706055,58.56999969482422,52.61195755004883,7296700,0.0,0.0
2022-12-15,60.08000183105469,60.619998931884766,56.220001220703125,56.650001525878906,50.887271881103516,8436200,0.0,0.0
2022-12-16,57.630001068115234,58.18000030517578,56.540000915527344,56.59000015258789,50.8333740234375,7517300,0.0,0.0
2022-12-19,57.41999816894531,57.79999923706055,56.70000076293945,57.189998626708984,51.372337341308594,6995500,0.0,0.0
2022-12-20,55.65999984741211,57.369998931884766,55.61000061035156,56.41999816894531,50.6806640625,4568100,0.0,0.0
2022-12-21,56.13999938964844,58.334999084472656,55.93000030517578,58.119998931884766,52.207733154296875,4726200,0.0,0.0
2022-12-22,58.75,59.400001525878906,57.11000061035156,57.66999816894531,51.80350875854492,5318200,0.0,0.0
2022-12-23,57.849998474121094,58.20000076293945,56.29999923706055,56.439998626708984,50.69862747192383,5041600,0.0,0.0
2022-12-27,57.4900016784668,59.84000015258789,57.06999969482422,58.79999923706055,52.81855773925781,8114700,0.0,0.0
2022-12-28,58.349998474121094,58.72999954223633,55.11000061035156,56.150001525878906,50.438133239746094,10055900,0.0,0.0
2022-12-29,56.13999938964844,57.32500076293945,55.75,57.09000015258789,51.282508850097656,4613500,0.0,0.0
2022-12-30,55.869998931884766,57.15999984741211,55.81999969482422,56.130001068115234,50.420166015625,4567500,0.0,0.0
2023-01-03,57.970001220703125,59.56999969482422,56.869998931884766,57.63999938964844,51.77656173706055,7337700,0.0,0.0
2023-01-04,61.68000030517578,67.09500122070312,61.040000915527344,66.0999984741211,59.3759651184082,19823100,0.0,0.0
2023-01-05,63.5,66.25,63.470001220703125,65.9000015258789,59.196311950683594,10826200,0.0,0.0
2023-01-06,63.95500183105469,64.88999938964844,62.595001220703125,64.30000305175781,57.75907516479492,8492400,0.0,0.0
2023-01-09,64.80999755859375,65.05000305175781,62.209999084472656,63.130001068115234,56.708091735839844,9838400,0.0,0.0
2023-01-10,64.0999984741211,64.62000274658203,62.95000076293945,63.650001525878906,57.175193786621094,5538000,0.0,0.0
2023-01-11,63.279998779296875,63.59000015258789,61.720001220703125,63.040000915527344,56.62724685668945,7476500,0.0,0.0
2023-01-12,63.02000045776367,63.75,62.257999420166016,63.16999816894531,56.7440185546875,5271500,0.0,0.0
2023-01-13,63.84000015258789,65.41000366210938,62.775001525878906,63.599998474121094,57.13027572631836,7964600,0.0,0.0
2023-01-17,61.119998931884766,61.349998474121094,59.64500045776367,59.959999084472656,53.860557556152344,8511200,0.0,0.0
2023-01-18,60.709999084472656,60.93000030517578,58.47999954223633,58.52000045776367,52.567047119140625,6763300,0.0,0.0
2023-01-19,59.09000015258789,60.3390007019043,59.09000015258789,59.41999816894531,53.37548828125,5255000,0.0,0.0
2023-01-20,60.494998931884766,60.9900016784668,60.13999938964844,60.43000030517578,54.28274917602539,6869800,0.0,0.0
2023-01-23,60.95000076293945,61.70000076293945,60.54999923706055,61.060001373291016,54.84865951538086,4606000,0.0,0.0
2023-01-24,60.20000076293945,61.69499969482422,60.099998474121094,61.619998931884766,55.35169219970703,4130100,0.0,0.0
2023-01-25,61.13999938964844,61.65999984741211,60.20000076293945,61.380001068115234,55.136112213134766,3651700,0.0,0.0
2023-01-26,62.52000045776367,63.2599983215332,61.95000076293945,63.11000061035156,56.690128326416016,4809200,0.0,0.0
2023-01-27,64.19999694824219,64.45999908447266,62.880001068115234,63.7400016784668,57.25603485107422,5667400,0.0,0.0
2023-01-30,60.61000061035156,60.88999938964844,59.15999984741211,59.83000183105469,53.7437858581543,7464300,0.0,0.0
2023-01-31,59.029998779296875,60.38999938964844,58.810001373291016,59.529998779296875,53.474300384521484,5075600,0.0,0.0
2023-02-01,60.130001068115234,61.7599983215332,59.18000030517578,60.470001220703125,54.31867980957031,7872100,0.0,0.0
2023-02-02,60.29999923706055,60.29999923706055,58.400001525878906,59.310001373291016,53.27667999267578,8239900,0.0,0.0
2023-02-03,58.689998626708984,59.4900016784668,57.52000045776367,57.630001068115234,51.767581939697266,6162900,0.0,0.0
2023-02-06,56.470001220703125,57.119998931884766,55.849998474121094,56.72999954223633,50.95912551879883,5384800,0.0,0.0
2023-02-07,56.88999938964844,57.41999816894531,56.0,57.09000015258789,51.282508850097656,7999200,0.0,0.0
2023-02-08,56.790000915527344,56.869998931884766,55.189998626708984,55.349998474121094,49.71950912475586,7881400,0.0,0.0
2023-02-09,56.41999816894531,57.09000015258789,55.08000183105469,55.45000076293945,49.80934143066406,7964600,0.0,0.0
2023-02-10,53.41999816894531,53.630001068115234,51.83000183105469,52.290000915527344,46.97079086303711,10942600,0.0,0.0
2023-02-13,52.900001525878906,53.220001220703125,52.20000076293945,52.43000030517578,47.09654998779297,7134600,0.0,0.0
2023-02-14,51.63999938964844,52.529998779296875,51.36000061035156,52.31999969482422,46.99774169921875,5405800,0.0,0.0
2023-02-15,51.63999938964844,52.27000045776367,51.084999084472656,52.22999954223633,46.91689682006836,5144500,0.0,0.0
2023-02-16,53.790000915527344,54.77000045776367,53.4900016784668,54.099998474121094,48.5966682434082,9148400,0.0,0.0
2023-02-17,53.11000061035156,53.70000076293945,52.459999084472656,53.02000045776367,47.62653350830078,6342000,0.0,0.0
2023-02-21,48.11000061035156,48.95899963378906,46.66999816894531,47.16999816894531,42.37162399291992,23406200,0.0,0.0
2023-02-22,48.244998931884766,48.310001373291016,46.1609992980957,46.529998779296875,41.796730041503906,12536200,0.0,0.0
2023-02-23,47.900001525878906,48.15999984741211,45.95500183105469,46.650001525878906,41.90452194213867,11819700,0.0,0.0
2023-02-24,44.737998962402344,45.564998626708984,44.45500183105469,44.79999923706055,40.242713928222656,11854300,0.0,0.0
2023-02-27,45.5,45.5,44.4900016784668,44.7400016784668,40.18881607055664,8018000,0.0,0.0
2023-02-28,44.275001525878906,45.11000061035156,43.970001220703125,44.439998626708984,39.919334411621094,6437600,0.0,0.0
2023-03-01,46.540000915527344,46.77000045776367,45.29999923706055,45.72999954223633,41.07810592651367,9294900,0.0,0.0
2023-03-02,45.619998931884766,47.154998779296875,45.400001525878906,47.06999969482422,42.28179168701172,7916900,0.0,0.0
2023-03-03,47.16999816894531,48.2400016784668,47.150001525878906,47.459999084472656,42.632118225097656,7866400,0.0,0.0
2023-03-06,47.66999816894531,48.720001220703125,47.22999954223633,47.91999816894531,43.045326232910156,7170400,0.0,0.0
2023-03-07,47.36000061035156,47.36000061035156,46.34000015258789,46.56999969482422,41.83265686035156,6508500,0.0,0.0
2023-03-08,45.5099983215332,47.40999984741211,45.470001220703125,46.97999954223633,42.200950622558594,8511400,0.0,0.0
2023-03-09,44.5099983215332,44.790000915527344,41.310001373291016,41.68000030517578,37.440093994140625,37309900,0.0,0.0
2023-03-10,40.880001068115234,41.380001068115234,40.06999969482422,40.470001220703125,36.353187561035156,15478100,0.0,0.0
2023-03-13,39.683998107910156,40.84000015258789,39.040000915527344,40.11000061035156,36.02980422973633,13141600,0.0,0.0
2023-03-14,39.97999954223633,40.80500030517578,39.45800018310547,40.439998626708984,36.32623291015625,11110700,0.0,0.0
2023-03-15,39.380001068115234,39.880001068115234,38.810001373291016,39.34000015258789,35.338130950927734,10398100,0.0,0.0
2023-03-16,39.06999969482422,40.09000015258789,38.90999984741211,39.790000915527344,35.74235916137695,9824600,0.0,0.0
2023-03-17,39.47999954223633,39.66999816894531,38.56999969482422,38.83000183105469,34.88001251220703,11476200,0.0,0.0
2023-03-20,38.0,39.29999923706055,37.70000076293945,38.65999984741211,34.7273063659668,11303000,0.0,0.0
2023-03-21,38.619998931884766,39.59000015258789,38.43000030517578,39.540000915527344,35.51778793334961,9756500,0.0,0.0
2023-03-22,39.5,39.869998931884766,38.5,38.5,34.583580017089844,8310900,0.0,0.0
2023-03-23,40.29999923706055,40.88999938964844,39.6349983215332,40.06999969482422,35.993873596191406,11071400,0.0,0.0
2023-03-24,39.91999816894531,40.84000015258789,39.849998474121094,40.290000915527344,36.19149398803711,7345800,0.0,0.0
2023-03-27,39.34000015258789,39.959999084472656,39.150001525878906,39.779998779296875,35.73337173461914,7330300,0.0,0.0
2023-03-28,41.08000183105469,41.869998931884766,40.54999923706055,41.54999923706055,37.32331466674805,14232900,0.0,0.0
2023-03-29,40.91999816894531,41.619998931884766,40.560001373291016,41.18000030517578,36.99095916748047,7576400,0.0,0.0
2023-03-30,43.63999938964844,45.15999984741211,43.18000030517578,44.400001525878906,39.88340759277344,32047000,0.0,0.0
2023-03-31,44.459999084472656,44.720001220703125,43.540000915527344,43.88999938964844,39.4252815246582,16668800,0.0,0.0
2023-04-03,43.27000045776367,43.560001373291016,41.95500183105469,42.400001525878906,38.086856842041016,12816300,0.0,0.0
2023-04-04,42.130001068115234,42.435001373291016,41.415000915527344,41.84000015258789,37.58382034301758,8908200,0.0,0.0
2023-04-05,41.13999938964844,41.209999084472656,40.09000015258789,40.5,36.92733383178711,7699300,0.62,0.0
2023-04-06,40.5,40.91999816894531,39.849998474121094,40.7599983215332,37.16439437866211,7171700,0.0,0.0
2023-04-10,39.380001068115234,39.970001220703125,39.04999923706055,39.970001220703125,36.444087982177734,7750500,0.0,0.0
2023-04-11,40.540000915527344,40.75,39.959999084472656,40.0099983215332,36.480552673339844,10072900,0.0,0.0
2023-04-12,39.0099983215332,39.1870002746582,36.869998931884766,36.95000076293945,33.69049072265625,22565000,0.0,0.0
2023-04-13,37.66999816894531,37.72999954223633,37.04999923706055,37.45000076293945,34.14638900756836,12818200,0.0,0.0
2023-04-14,37.29999923706055,37.54999923706055,36.45000076293945,36.849998474121094,33.59931182861328,10708000,0.0,0.0
2023-04-17,37.86199951171875,38.16999816894531,37.54999923706055,38.04999923706055,34.693458557128906,10919300,0.0,0.0
2023-04-18,38.29999923706055,38.41999816894531,37.525001525878906,37.72999954223633,34.40168762207031,9551100,0.0,0.0
2023-04-19,36.81999969482422,37.13999938964844,36.65999984741211,37.099998474121094,33.8272590637207,8405100,0.0,0.0
2023-04-20,36.459999084472656,36.7599983215332,35.970001220703125,36.189998626708984,32.997535705566406,12624500,0.0,0.0
2023-04-21,35.5,35.755001068115234,35.21500015258789,35.630001068115234,32.486934661865234,10121800,0.0,0.0
2023-04-24,35.290000915527344,35.34000015258789,34.15999984741211,34.68000030517578,31.620737075805664,15105600,0.0,0.0
2023-04-25,33.86000061035156,34.2599983215332,33.529998779296875,33.70000076293945,30.727188110351562,11859800,0.0,0.0
2023-04-26,34.959999084472656,35.150001525878906,34.130001068115234,34.22999954223633,31.210433959960938,8791800,0.0,0.0
2023-04-27,34.33000183105469,34.81999969482422,34.029998779296875,34.75,31.684566497802734,9255100,0.0,0.0
2023-04-28,34.68000030517578,35.86000061035156,34.61000061035156,35.720001220703125,32.56899642944336,8911100,0.0,0.0
2023-05-01,35.720001220703125,35.86000061035156,35.2400016784668,35.4900016784668,32.35928726196289,5428200,0.0,0.0
2023-05-02,35.0099983215332,35.029998779296875,33.650001525878906,34.22999954223633,31.210433959960938,10100400,0.0,0.0
2023-05-03,34.11000061035156,35.0099983215332,33.8129997253418,34.68000030517578,31.620737075805664,8096600,0.0,0.0
2023-05-04,35.20000076293945,35.89500045776367,35.040000915527344,35.779998779296875,32.62370300292969,8961200,0.0,0.0
2023-05-05,35.85499954223633,36.22999954223633,35.529998779296875,35.880001068115234,32.714881896972656,8962400,0.0,0.0
2023-05-08,35.650001525878906,36.11000061035156,35.220001220703125,35.900001525878906,32.733116149902344,6574500,0.0,0.0
2023-05-09,34.689998626708984,35.63999938964844,34.65999984741211,35.619998931884766,32.477813720703125,6286700,0.0,0.0
2023-05-10,34.56999969482422,35.26499938964844,34.439998626708984,35.099998474121094,32.003684997558594,18060800,0.0,0.0
2023-05-11,36.45000076293945,37.93000030517578,36.25,37.630001068115234,34.310508728027344,26039100,0.0,0.0
2023-05-12,36.939998626708984,36.970001220703125,35.09000015258789,35.29999923706055,32.1860466003418,17056900,0.0,0.0
2023-05-15,36.220001220703125,38.11000061035156,35.79499816894531,37.66999816894531,34.34697723388672,17401800,0.0,0.0
2023-05-16,37.314998626708984,38.20000076293945,37.119998931884766,37.91999816894531,34.574928283691406,10170200,0.0,0.0
2023-05-17,36.904998779296875,37.650001525878906,36.5099983215332,37.34000015258789,34.04608917236328,9646200,0.0,0.0
2023-05-18,37.0,37.0099983215332,35.599998474121094,35.79999923706055,32.64194107055664,16761500,0.0,0.0
2023-05-19,35.61000061035156,35.72600173950195,34.79999923706055,35.060001373291016,31.96721649169922,11483400,0.0,0.0
2023-05-22,35.9900016784668,36.54999923706055,35.79999923706055,35.9900016784668,32.815181732177734,10623700,0.0,0.0
2023-05-23,35.20000076293945,35.70000076293945,34.970001220703125,35.040000915527344,31.9489803314209,7889100,0.0,0.0
2023-05-24,34.380001068115234,34.68000030517578,33.51499938964844,33.880001068115234,30.89130973815918,13984400,0.0,0.0
2023-05-25,33.29999923706055,33.34000015258789,32.290000915527344,32.439998626708984,29.578336715698242,13708200,0.0,0.0
2023-05-26,33.040000915527344,33.400001525878906,32.45500183105469,33.099998474121094,30.180118560791016,9946600,0.0,0.0
2023-05-30,32.9900016784668,33.08000183105469,31.670000076293945,32.099998474121094,29.268329620361328,15818600,0.0,0.0
2023-05-31,32.25,32.66999816894531,31.565000534057617,32.599998474121094,29.724224090576172,18734500,0.0,0.0
2023-06-01,33.279998779296875,35.29999923706055,33.25,34.529998779296875,31.48396873474121,17095000,0.0,0.0
2023-06-02,35.84000015258789,36.18000030517578,35.314998626708984,35.43000030517578,32.3045768737793,10321500,0.0,0.0
2023-06-05,35.38999938964844,36.45000076293945,34.900001525878906,36.290000915527344,33.088714599609375,10798500,0.0,0.0
2023-06-06,36.01499938964844,37.83000183105469,35.88999938964844,37.75,34.419921875,15402600,0.0,0.0
2023-06-07,36.849998474121094,37.53499984741211,36.61000061035156,36.95000076293945,33.69049072265625,11110700,0.0,0.0
2023-06-08,37.04999923706055,37.73500061035156,36.939998626708984,37.2400016784668,33.95491409301758,6952300,0.0,0.0
2023-06-09,37.040000915527344,37.15999984741211,36.290000915527344,36.58000183105469,33.35313415527344,8405400,0.0,0.0
2023-06-12,36.720001220703125,37.44499969482422,36.52000045776367,36.70000076293945,33.462547302246094,8220200,0.0,0.0
2023-06-13,37.900001525878906,38.81999969482422,37.720001220703125,37.9900016784668,34.63875198364258,12883900,0.0,0.0
2023-06-14,37.96500015258789,38.880001068115234,37.84299850463867,38.63999938964844,35.231407165527344,10684000,0.0,0.0
2023-06-15,39.59000015258789,40.06999969482422,39.45000076293945,39.959999084472656,36.434967041015625,12974500,0.0,0.0
2023-06-16,40.66999816894531,40.68000030517578,39.2599983215332,39.849998474121094,36.33467102050781,11064900,0.0,0.0
2023-06-20,38.040000915527344,38.04399871826172,36.685001373291016,37.16999816894531,33.89108657836914,17834100,0.0,0.0
2023-06-21,36.755001068115234,37.27000045776367,36.5,36.59000015258789,33.36225128173828,8615900,0.0,0.0
2023-06-22,36.65999984741211,36.720001220703125,35.869998931884766,36.59000015258789,33.36225128173828,5355600,0.0,0.0
2023-06-23,35.869998931884766,35.900001525878906,34.599998474121094,34.869998931884766,31.793977737426758,12691100,0.0,0.0
2023-06-26,34.915000915527344,35.310001373291016,34.869998931884766,34.970001220703125,31.88515853881836,7240900,0.0,0.0
2023-06-27,35.779998779296875,35.810001373291016,35.41999816894531,35.75,32.596351623535156,6349500,0.0,0.0
2023-06-28,34.994998931884766,35.029998779296875,34.16999816894531,34.790000915527344,31.721038818359375,9907900,0.0,0.0
2023-06-29,33.81999969482422,34.279998779296875,33.630001068115234,34.02000045776367,31.01896095275879,10586400,0.0,0.0
2023-06-30,34.189998626708984,34.4900016784668,33.849998474121094,34.130001068115234,31.119258880615234,14159600,0.0,0.0
2023-07-03,35.099998474121094,35.71500015258789,35.029998779296875,35.150001525878906,32.049278259277344,6531500,0.0,0.0
2023-07-05,35.224998474121094,35.290000915527344,34.880001068115234,35.20000076293945,32.09486770629883,7196100,0.0,0.0
2023-07-06,34.33000183105469,34.63999938964844,33.80500030517578,34.08000183105469,31.07366943359375,7103400,0.0,0.0
2023-07-07,34.65999984741211,36.189998626708984,34.58000183105469,35.7599983215332,32.605464935302734,12942800,0.0,0.0
2023-07-10,35.29999923706055,36.154998779296875,35.060001373291016,35.95000076293945,32.77870559692383,8334200,0.0,0.0
2023-07-11,35.900001525878906,36.38999938964844,35.310001373291016,36.02000045776367,32.842533111572266,7323800,0.0,0.0
2023-07-12,37.34000015258789,37.834999084472656,36.90999984741211,37.40999984741211,34.10991287231445,11464000,0.0,0.0
2023-07-13,38.70000076293945,39.40999984741211,38.4900016784668,39.36000061035156,35.88789749145508,15422600,0.0,0.0
2023-07-14,38.400001525878906,38.42900085449219,37.900001525878906,38.13999938964844,34.775516510009766,10837000,0.0,0.0
2023-07-17,37.220001220703125,38.0,36.91999816894531,37.779998779296875,34.44727325439453,7310800,0.0,0.0
2023-07-18,36.702999114990234,36.86000061035156,35.474998474121094,36.060001373291016,32.87900161743164,17028300,0.0,0.0
2023-07-19,36.91999816894531,37.380001068115234,36.40999984741211,36.40999984741211,33.19812774658203,10172900,0.0,0.0
2023-07-20,36.95000076293945,36.959999084472656,36.52000045776367,36.66999816894531,33.4351921081543,9865500,0.0,0.0
2023-07-21,37.369998931884766,37.66999816894531,36.880001068115234,37.06999969482422,33.79991149902344,12131700,0.0,0.0
2023-07-24,36.474998474121094,38.849998474121094,36.36000061035156,38.36000061035156,34.976112365722656,13337900,0.0,0.0
2023-07-25,39.56999969482422,39.689998626708984,38.36000061035156,38.529998779296875,35.1311149597168,10273600,0.0,0.0
2023-07-26,38.18000030517578,39.22999954223633,38.18000030517578,39.130001068115234,35.67818832397461,7721200,0.0,0.0
2023-07-27,38.869998931884766,39.0,37.77000045776367,37.97999954223633,34.62963104248047,11475300,0.0,0.0
2023-07-28,39.529998779296875,40.689998626708984,39.334999084472656,40.529998779296875,36.954681396484375,16992600,0.0,0.0
2023-07-31,41.08000183105469,41.952999114990234,40.77000045776367,41.310001373291016,37.6658821105957,12149600,0.0,0.0
2023-08-01,40.41999816894531,40.810001373291016,40.0,40.040000915527344,36.507911682128906,7522700,0.0,0.0
2023-08-02,39.0099983215332,39.150001525878906,37.97999954223633,38.25,34.875816345214844,11160700,0.0,0.0
2023-08-03,39.130001068115234,39.7599983215332,38.93000030517578,39.560001373291016,36.070255279541016,8560000,0.0,0.0
2023-08-04,39.880001068115234,40.154998779296875,39.060001373291016,39.09000015258789,35.64171600341797,6056300,0.0,0.0
2023-08-07,39.68000030517578,39.68000030517578,38.310001373291016,38.90999984741211,35.477596282958984,8379100,0.0,0.0
2023-08-08,37.555999755859375,38.060001373291016,37.23500061035156,38.04999923706055,34.693458557128906,7580600,0.0,0.0
2023-08-09,38.33000183105469,38.380001068115234,37.36000061035156,37.66999816894531,34.34697723388672,7628500,0.0,0.0
2023-08-10,38.56999969482422,39.400001525878906,38.18000030517578,38.4900016784668,35.09464645385742,9801300,0.0,0.0
2023-08-11,37.099998474121094,37.15999984741211,35.880001068115234,36.459999084472656,33.243717193603516,14070300,0.0,0.0
2023-08-14,36.400001525878906,36.95500183105469,36.0099983215332,36.7599983215332,33.517250061035156,5972800,0.0,0.0
2023-08-15,36.20000076293945,36.310001373291016,35.5,35.970001220703125,32.79694366455078,9143700,0.0,0.0
2023-08-16,34.95500183105469,35.81999969482422,33.91999816894531,34.880001068115234,31.803096771240234,20116300,0.0,0.0
2023-08-17,35.52000045776367,35.58000183105469,34.404998779296875,34.7599983215332,31.693681716918945,11094400,0.0,0.0
2023-08-18,33.029998779296875,33.2599983215332,32.68000030517578,33.11000061035156,30.189237594604492,17024400,0.0,0.0
2023-08-21,33.0099983215332,33.44499969482422,32.86000061035156,33.220001220703125,30.289531707763672,8220600,0.0,0.0
2023-08-22,33.79999923706055,33.91999816894531,32.900001525878906,33.279998779296875,30.344240188598633,8176700,0.0,0.0
2023-08-23,33.16999816894531,33.974998474121094,33.14500045776367,33.810001373291016,30.827484130859375,7309800,0.0,0.0
2023-08-24,33.86000061035156,34.060001373291016,33.0099983215332,33.02000045776367,30.107173919677734,10830400,0.0,0.0
2023-08-25,33.16999816894531,33.16999816894531,32.32500076293945,32.959999084472656,30.05246353149414,8541600,0.0,0.0
2023-08-28,33.689998626708984,34.095001220703125,33.349998474121094,33.810001373291016,30.827484130859375,10403900,0.0,0.0
2023-08-29,34.599998474121094,34.97999954223633,34.1619987487793,34.5,31.456615447998047,8932400,0.0,0.0
2023-08-30,33.790000915527344,34.310001373291016,33.75,33.970001220703125,30.97337532043457,8583800,0.0,0.0
2023-08-31,33.13999938964844,33.314998626708984,32.849998474121094,33.209999084472656,30.280412673950195,12123800,0.0,0.0
2023-09-01,33.849998474121094,34.95000076293945,33.79999923706055,34.099998474121094,31.091901779174805,11907100,0.0,0.0
2023-09-05,33.71500015258789,34.34000015258789,33.540000915527344,34.2599983215332,31.23778533935547,7669100,0.0,0.0
2023-09-06,33.90999984741211,34.41699981689453,33.779998779296875,33.790000915527344,30.80925178527832,7200400,0.0,0.0
2023-09-07,32.47999954223633,32.5,31.959999084472656,32.34000015258789,29.487159729003906,12472700,0.0,0.0
2023-09-08,32.345001220703125,32.486000061035156,32.0,32.400001525878906,29.541868209838867,5452700,0.0,0.0
2023-09-11,32.209999084472656,32.28499984741211,31.649999618530273,31.920000076293945,29.104209899902344,9831800,0.0,0.0
2023-09-12,31.719999313354492,32.13999938964844,31.610000610351562,31.729999542236328,28.930971145629883,7047600,0.0,0.0
2023-09-13,31.6299991607666,31.899999618530273,31.5,31.690000534057617,28.894498825073242,4821200,0.0,0.0
2023-09-14,31.899999618530273,32.02000045776367,31.530000686645508,31.719999313354492,28.921852111816406,6813200,0.0,0.0
2023-09-15,31.780000686645508,31.834999084472656,31.44499969482422,31.56999969482422,28.785083770751953,7347400,0.0,0.0
2023-09-18,31.079999923706055,31.170000076293945,30.704999923706055,31.1200008392334,28.374780654907227,9074400,0.0,0.0
2023-09-19,30.600000381469727,30.790000915527344,30.40999984741211,30.639999389648438,27.937124252319336,9668300,0.0,0.0
2023-09-20,30.31999969482422,30.759000778198242,30.31999969482422,30.350000381469727,27.672704696655273,7038500,0.0,0.0
2023-09-21,29.649999618530273,30.059999465942383,29.510000228881836,29.809999465942383,27.180339813232422,9400900,0.0,0.0
2023-09-22,30.954999923706055,30.989999771118164,30.354999542236328,30.40999984741211,27.727413177490234,8385200,0.0,0.0
2023-09-25,29.399999618530273,29.8700008392334,29.350000381469727,29.780000686645508,27.15298843383789,7537400,0.0,0.0
2023-09-26,28.950000762939453,29.31999969482422,28.90999984741211,29.030000686645508,26.46915054321289,10521600,0.0,0.0
2023-09-27,29.100000381469727,29.170000076293945,28.68000030517578,28.950000762939453,26.396203994750977,8363600,0.0,0.0
2023-09-28,28.3799991607666,28.655000686645508,28.06999969482422,28.549999237060547,26.0314884185791,12698900,0.0,0.0
2023-09-29,29.299999237060547,29.549999237060547,28.93000030517578,29.1299991607666,26.560325622558594,9443800,0.0,0.0
2023-10-02,29.24799919128418,29.270000457763672,28.860000610351562,29.06999969482422,26.505619049072266,5809400,0.0,0.0
2023-10-03,28.280000686645508,28.56999969482422,28.219999313354492,28.459999084472656,25.94942855834961,7515800,0.0,0.0
2023-10-04,28.43000030517578,28.56999969482422,28.280000686645508,28.389999389648438,25.885604858398438,5457100,0.0,0.0
2023-10-05,28.600000381469727,28.68000030517578,28.25,28.649999618530273,26.122669219970703,4877100,0.0,0.0
2023-10-06,28.700000762939453,29.729999542236328,28.65999984741211,29.610000610351562,26.997983932495117,10870800,0.0,0.0
2023-10-09,29.09000015258789,29.364999771118164,28.834999084472656,29.229999542236328,26.651504516601562,7493800,0.0,0.0
2023-10-10,29.649999618530273,30.31999969482422,29.59000015258789,30.270000457763672,27.599761962890625,7783400,0.0,0.0
2023-10-11,30.459999084472656,30.799999237060547,30.190000534057617,30.34000015258789,27.663585662841797,8762200,0.0,0.0
2023-10-12,29.950000762939453,29.950000762939453,27.549999237060547,27.829999923706055,25.375003814697266,32118900,0.0,0.0
2023-10-13,26.479999542236328,27.190000534057617,26.360000610351562,27.049999237060547,24.6638126373291,25593600,0.0,0.0
2023-10-16,26.610000610351562,27.90999984741211,26.510000228881836,27.639999389648438,25.201765060424805,14941800,0.0,0.0
2023-10-17,26.959999084472656,27.165000915527344,26.520000457763672,26.649999618530273,24.299097061157227,16078800,0.0,0.0
2023-10-18,26.239999771118164,26.260000228881836,25.81999969482422,25.8799991607666,23.597021102905273,13103400,0.0,0.0
2023-10-19,24.969999313354492,25.479999542236328,24.899999618530273,25.06999969482422,22.858476638793945,13496300,0.0,0.0
2023-10-20,24.510000228881836,24.59000015258789,24.190000534057617,24.3799991607666,22.22934341430664,18606300,0.0,0.0
2023-10-23,24.270000457763672,24.950000762939453,24.010000228881836,24.799999237060547,22.612293243408203,14827200,0.0,0.0
2023-10-24,24.399999618530273,25.600000381469727,24.389999389648438,25.25,23.02259635925293,18331400,0.0,0.0
2023-10-25,24.860000610351562,25.264999389648438,24.559999465942383,25.1200008392334,22.90406608581543,10666800,0.0,0.0
2023-10-26,25.209999084472656,26.170000076293945,25.190000534057617,25.920000076293945,23.633495330810547,17135200,0.0,0.0
2023-10-27,26.219999313354492,26.31999969482422,25.190000534057617,25.649999618530273,23.387310028076172,14522200,0.0,0.0
2023-10-30,26.100000381469727,26.18000030517578,25.655000686645508,25.940000534057617,23.651729583740234,8090900,0.0,0.0
2023-10-31,25.459999084472656,25.59000015258789,25.079999923706055,25.420000076293945,23.17759895324707,12274600,0.0,0.0
2023-11-01,25.450000762939453,25.459999084472656,24.959999084472656,25.329999923706055,23.09554100036621,9874300,0.0,0.0
2023-11-02,25.690000534057617,25.850000381469727,25.329999923706055,25.809999465942383,23.53319549560547,8440900,0.0,0.0
2023-11-03,26.65999984741211,27.15999984741211,26.5,26.940000534057617,24.56351661682129,13891200,0.0,0.0
2023-11-06,27.34000015258789,27.424999237060547,26.863000869750977,27.110000610351562,24.71851921081543,10031800,0.0,0.0
2023-11-07,26.719999313354492,26.860000610351562,26.40999984741211,26.81999969482422,24.4541015625,8691900,0.0,0.0
2023-11-08,26.559999465942383,26.790000915527344,26.3700008392334,26.450000762939453,24.116741180419922,7328800,0.0,0.0
2023-11-09,26.260000228881836,26.3439998626709,25.639999389648438,25.75,23.478490829467773,7365800,0.0,0.0
2023-11-10,25.649999618530273,25.815000534057617,25.3700008392334,25.760000228881836,23.487607955932617,6971800,0.0,0.0
2023-11-13,25.969999313354492,26.024999618530273,25.540000915527344,25.75,23.478490829467773,14208800,0.0,0.0
2023-11-14,26.329999923706055,26.84000015258789,26.1200008392334,26.709999084472656,24.353803634643555,18328100,0.0,0.0
2023-11-15,28.520000457763672,29.270000457763672,28.049999237060547,28.59000015258789,26.067964553833008,32265300,0.0,0.0
2023-11-16,27.110000610351562,28.100000381469727,26.989999771118164,28.079999923706055,25.602951049804688,19515600,0.0,0.0
2023-11-17,27.649999618530273,27.78499984741211,27.25,27.610000610351562,25.17441177368164,11776600,0.0,0.0
2023-11-20,28.15999984741211,28.8799991607666,28.030000686645508,28.549999237060547,26.0314884185791,16069300,0.0,0.0
2023-11-21,28.364999771118164,28.68000030517578,27.829999923706055,28.079999923706055,25.602951049804688,10228000,0.0,0.0
2023-11-22,28.3799991607666,28.549999237060547,28.084999084472656,28.309999465942383,25.812660217285156,9274900,0.0,0.0
2023-11-24,28.139999389648438,28.979999542236328,28.1299991607666,28.760000228881836,26.222965240478516,5939900,0.0,0.0
2023-11-27,28.459999084472656,29.170000076293945,28.280000686645508,28.34000015258789,25.840015411376953,9402400,0.0,0.0
2023-11-28,28.09000015258789,28.219999313354492,27.610000610351562,28.15999984741211,25.67589569091797,13227300,0.0,0.0
2023-11-29,27.43000030517578,27.78499984741211,27.235000610351562,27.440000534057617,25.019407272338867,14469900,0.0,0.0
2023-11-30,27.40999984741211,27.709999084472656,26.86199951171875,27.43000030517578,25.010290145874023,10322100,0.0,0.0
2023-12-01,26.90999984741211,27.219999313354492,26.65999984741211,27.15999984741211,24.76410675048828,10278100,0.0,0.0
2023-12-04,26.68000030517578,26.929000854492188,26.530000686645508,26.59000015258789,24.2443904876709,10383400,0.0,0.0
2023-12-05,26.010000228881836,26.59000015258789,25.895000457763672,26.1200008392334,23.81585121154785,10328500,0.0,0.0
2023-12-06,26.5,26.84000015258789,26.315000534057617,26.600000381469727,24.253509521484375,9520600,0.0,0.0
2023-12-07,26.799999237060547,27.149999618530273,26.719999313354492,26.93000030517578,24.554397583007812,12058600,0.0,0.0
2023-12-08,26.790000915527344,26.920000076293945,26.440000534057617,26.450000762939453,24.116741180419922,9210500,0.0,0.0
2023-12-11,25.299999237060547,25.829999923706055,25.010000228881836,25.600000381469727,23.341720581054688,14067400,0.0,0.0
2023-12-12,25.579999923706055,25.579999923706055,25.030000686645508,25.18000030517578,22.958770751953125,12059900,0.0,0.0
2023-12-13,25.0,25.299999237060547,24.65999984741211,25.290000915527344,23.05906867980957,12794100,0.0,0.0
2023-12-14,25.489999771118164,26.350000381469727,25.475000381469727,26.239999771118164,23.925264358520508,17238200,0.0,0.0
2023-12-15,27.59000015258789,28.09000015258789,27.329999923706055,27.40999984741211,24.992053985595703,51696900,0.0,0.0
2023-12-18,26.690000534057617,26.940000534057617,26.530000686645508,26.639999389648438,24.28997802734375,11920300,0.0,0.0
2023-12-19,26.770000457763672,27.684999465942383,26.709999084472656,27.600000381469727,25.165294647216797,15043200,0.0,0.0
2023-12-20,27.020000457763672,27.235000610351562,26.389999389648438,26.43000030517578,24.0985050201416,18838600,0.0,0.0
2023-12-21,27.06999969482422,28.020000457763672,26.895000457763672,27.979999542236328,25.51177215576172,17451800,0.0,0.0
2023-12-22,27.3799991607666,27.920000076293945,27.18000030517578,27.59000015258789,25.15617561340332,11935300,0.0,0.0
2023-12-26,27.81999969482422,28.184999465942383,27.3799991607666,27.610000610351562,25.17441177368164,8455900,0.0,0.0
2023-12-27,27.56999969482422,27.764999389648438,27.30299949645996,27.75,25.302061080932617,8776300,0.0,0.0
2023-12-28,28.56999969482422,29.184999465942383,28.440000534057617,28.510000228881836,25.995019912719727,12970900,0.0,0.0
2023-12-29,28.6200008392334,29.06999969482422,28.6200008392334,28.889999389648438,26.34149742126465,10280100,0.0,0.0
2024-01-02,28.0,28.030000686645508,27.110000610351562,27.200000762939453,24.800579071044922,15718200,0.0,0.0
2024-01-03,26.950000762939453,27.540000915527344,26.81999969482422,27.469999313354492,25.046762466430664,12776300,0.0,0.0
2024-01-04,27.309999465942383,27.469999313354492,27.059999465942383,27.15999984741211,24.76410675048828,8080700,0.0,0.0
2024-01-05,27.020000457763672,27.049999237060547,26.4950008392334,26.68000030517578,24.326452255249023,13282400,0.0,0.0
2024-01-08,25.415000915527344,26.05500030517578,25.219999313354492,25.959999084472656,23.669963836669922,15459000,0.0,0.0
2024-01-09,25.09000015258789,25.530000686645508,24.90999984741211,25.31999969482422,23.086421966552734,11853100,0.0,0.0
2024-01-10,25.299999237060547,25.469999313354492,25.165000915527344,25.280000686645508,23.049951553344727,8922500,0.0,0.0
2024-01-11,25.6299991607666,25.780000686645508,25.19499969482422,25.389999389648438,23.150245666503906,9859200,0.0,0.0
2024-01-12,25.139999389648438,25.555999755859375,24.639999389648438,24.700000762939453,22.521114349365234,12212300,0.0,0.0
2024-01-16,24.0,24.058000564575195,23.459999084472656,23.579999923706055,21.499914169311523,20451300,0.0,0.0
2024-01-17,22.479999542236328,22.559999465942383,22.200000762939453,22.420000076293945,20.442241668701172,24370700,0.0,0.0
2024-01-18,22.3700008392334,22.3700008392334,21.889999389648438,22.020000457763672,20.07752799987793,15665200,0.0,0.0
2024-01-19,21.6200008392334,22.510000228881836,21.344999313354492,22.290000915527344,20.323711395263672,31230700,0.0,0.0
2024-01-22,21.280000686645508,21.739999771118164,20.81999969482422,21.65999984741211,19.749284744262695,18861700,0.0,0.0
2024-01-23,22.959999084472656,23.329999923706055,22.780000686645508,23.219999313354492,21.17167091369629,25469100,0.0,0.0
2024-01-24,23.829999923706055,23.899999618530273,23.09000015258789,23.600000381469727,21.518150329589844,26931500,0.0,0.0
2024-01-25,24.049999237060547,24.149999618530273,23.610000610351562,23.93000030517578,21.819040298461914,15090200,0.0,0.0
2024-01-26,23.59000015258789,23.93000030517578,23.440000534057617,23.860000610351562,21.75521469116211,9518000,0.0,0.0
2024-01-29,23.940000534057617,23.989999771118164,22.989999771118164,23.459999084472656,21.390499114990234,17044100,0.0,0.0
2024-01-30,22.479999542236328,22.8700008392334,22.325000762939453,22.75,20.743133544921875,13100900,0.0,0.0
2024-01-31,22.350000381469727,22.989999771118164,22.329999923706055,22.549999237060547,20.560775756835938,12201900,0.0,0.0
2024-02-01,22.579999923706055,22.677000045776367,22.020000457763672,22.219999313354492,20.259885787963867,16024200,0.0,0.0
2024-02-02,21.829999923706055,21.8799991607666,21.524999618530273,21.780000686645508,19.858699798583984,15420900,0.0,0.0
2024-02-05,21.989999771118164,22.635000228881836,21.6200008392334,22.389999389648438,20.414888381958008,15771500,0.0,0.0
2024-02-06,23.729999542236328,24.1299991607666,23.299999237060547,24.110000610351562,21.98316192626953,20107900,0.0,0.0
2024-02-07,22.8799991607666,23.40999984741211,22.690000534057617,23.049999237060547,21.016666412353516,17331700,0.0,0.0
2024-02-08,22.6200008392334,22.649999618530273,22.020000457763672,22.049999237060547,20.104881286621094,11162400,0.0,0.0
2024-02-09,22.239999771118164,22.454999923706055,21.790000915527344,22.3799991607666,20.405771255493164,9307700,0.0,0.0
2024-02-12,22.579999923706055,23.229999542236328,22.56999969482422,22.889999389648438,20.87078094482422,10607000,0.0,0.0
2024-02-13,22.5,22.725000381469727,22.06100082397461,22.1299991607666,20.177824020385742,7225800,0.0,0.0
2024-02-14,22.829999923706055,23.149999618530273,22.719999313354492,23.139999389648438,21.09872817993164,9256700,0.0,0.0
2024-02-15,23.459999084472656,23.950000762939453,23.43000030517578,23.559999465942383,21.481678009033203,11316600,0.0,0.0
2024-02-16,24.395000457763672,24.649999618530273,24.190000534057617,24.219999313354492,22.08345603942871,11662300,0.0,0.0
2024-02-20,23.760000228881836,23.799999237060547,23.049999237060547,23.229999542236328,21.180789947509766,12655200,0.0,0.0
2024-02-21,23.899999618530273,24.229999542236328,23.690000534057617,23.790000915527344,21.691389083862305,10632300,0.0,0.0
2024-02-22,24.0,24.15999984741211,23.65999984741211,23.959999084472656,21.846391677856445,7576700,0.0,0.0
2024-02-23,24.030000686645508,24.200000762939453,23.65999984741211,23.899999618530273,21.791685104370117,11409900,0.0,0.0
2024-02-26,23.770000457763672,24.020000457763672,23.59000015258789,23.700000762939453,21.609329223632812,6773600,0.0,0.0
2024-02-27,24.06999969482422,24.354999542236328,23.93000030517578,24.079999923706055,21.955806732177734,9359500,0.0,0.0
2024-02-28,23.329999923706055,23.399999618530273,22.770000457763672,22.809999465942383,20.797840118408203,15249500,0.0,0.0
2024-02-29,22.850000381469727,23.110000610351562,22.520000457763672,22.6200008392334,20.624601364135742,14660600,0.0,0.0
2024-03-01,23.0,23.270000457763672,22.850000381469727,23.0,20.971078872680664,12998300,0.0,0.0
2024-03-04,22.790000915527344,22.829999923706055,21.600000381469727,21.8799991607666,19.949878692626953,28522700,0.0,0.0
2024-03-05,21.34000015258789,21.670000076293945,21.18000030517578,21.440000534057617,19.548694610595703,18632500,0.0,0.0
2024-03-06,24.850000381469727,25.670000076293945,24.329999923706055,24.90999984741211,22.712589263916016,54459300,0.0,0.0
2024-03-07,24.520000457763672,24.540000915527344,23.649999618530273,23.989999771118164,21.873746871948242,17507700,0.0,0.0
2024-03-08,23.8700008392334,24.950000762939453,23.780000686645508,24.75,22.566701889038086,26012100,0.0,0.0
2024-03-11,25.600000381469727,26.350000381469727,25.579999923706055,26.06999969482422,23.770259857177734,21510900,0.0,0.0
2024-03-12,26.860000610351562,27.610000610351562,26.809999465942383,27.3700008392334,24.955583572387695,24082700,0.0,0.0
2024-03-13,27.260000228881836,28.549999237060547,27.260000228881836,28.010000228881836,25.539125442504883,25266600,0.0,0.0
2024-03-14,27.290000915527344,27.305999755859375,26.649999618530273,27.049999237060547,24.6638126373291,16774200,0.0,0.0
2024-03-15,26.940000534057617,27.850000381469727,26.719999313354492,27.450000762939453,25.028526306152344,18122100,0.0,0.0
2024-03-18,27.420000076293945,28.100000381469727,27.399999618530273,27.850000381469727,25.393239974975586,15992200,0.0,0.0
2024-03-19,27.5,27.59000015258789,26.964000701904297,27.59000015258789,25.15617561340332,13498600,0.0,0.0
2024-03-20,27.84000015258789,28.18000030517578,27.604999542236328,28.139999389648438,25.65765953063965,14761800,0.0,0.0
2024-03-21,27.9950008392334,28.15999984741211,27.010000228881836,27.049999237060547,24.6638126373291,15520700,0.0,0.0
2024-03-22,26.309999465942383,26.6200008392334,26.045000076293945,26.5,24.162328720092773,13891700,0.0,0.0
2024-03-25,26.5,27.049999237060547,26.469999313354492,26.799999237060547,24.435863494873047,14936900,0.0,0.0
2024-03-26,26.940000534057617,26.96500015258789,26.34000015258789,26.360000610351562,24.03468132019043,8388900,0.0,0.0
2024-03-27,26.280000686645508,27.344999313354492,26.190000534057617,27.229999542236328,24.827932357788086,16220900,0.0,0.0
2024-03-28,27.5,28.100000381469727,27.360000610351562,27.389999389648438,24.973817825317383,16331100,0.0,0.0
2024-04-01,28.0,28.3799991607666,27.600000381469727,27.760000228881836,25.311180114746094,11004400,0.0,0.0
2024-04-02,27.700000762939453,28.110000610351562,27.625,27.809999465942383,25.356769561767578,12525000,0.0,0.0
2024-04-03,27.40999984741211,27.579999923706055,27.049999237060547,27.270000457763672,24.86440658569336,10171200,0.0,0.0
2024-04-04,27.0,27.014999389648438,26.100000381469727,26.1200008392334,24.498615264892578,8583500,0.76,0.0
2024-04-05,26.200000762939453,26.290000915527344,25.959999084472656,26.020000457763672,24.404823303222656,5699400,0.0,0.0
2024-04-08,26.100000381469727,26.329999923706055,25.8700008392334,25.940000534057617,24.329788208007812,5572400,0.0,0.0
2024-04-09,26.100000381469727,26.729999542236328,25.98200035095215,26.700000762939453,25.042612075805664,11749600,0.0,0.0
2024-04-10,26.6200008392334,27.065000534057617,26.420000076293945,26.670000076293945,25.01447296142578,6012600,0.0,0.0
2024-04-11,27.020000457763672,27.31999969482422,26.709999084472656,26.989999771118164,25.31460952758789,6212300,0.0,0.0
2024-04-12,26.049999237060547,26.059999465942383,25.3799991607666,25.389999389648438,23.813926696777344,15121900,0.0,0.0
2024-04-15,25.889999389648438,26.18000030517578,25.299999237060547,25.420000076293945,23.842065811157227,10557600,0.0,0.0
2024-04-16,25.040000915527344,25.3799991607666,24.65999984741211,25.059999465942383,23.504411697387695,7515200,0.0,0.0
2024-04-17,25.270000457763672,25.6200008392334,25.100000381469727,25.149999618530273,23.58882713317871,5683900,0.0,0.0
2024-04-18,24.940000534057617,25.735000610351562,24.93000030517578,25.459999084472656,23.879581451416016,10096200,0.0,0.0
2024-04-19,24.979999542236328,25.530000686645508,24.829999923706055,25.510000228881836,23.92647933959961,14563100,0.0,0.0
2024-04-22,25.700000762939453,27.014999389648438,25.68000030517578,26.989999771118164,25.31460952758789,17274500,0.0,0.0
2024-04-23,27.34000015258789,27.63800048828125,27.1299991607666,27.549999237060547,25.839845657348633,11831200,0.0,0.0
2024-04-24,28.190000534057617,28.399999618530273,27.979999542236328,28.270000457763672,26.515153884887695,11230300,0.0,0.0
2024-04-25,28.139999389648438,28.709999084472656,28.110000610351562,28.59000015258789,26.815290451049805,11071000,0.0,0.0
2024-04-26,29.889999389648438,30.459999084472656,29.729999542236328,30.34000015258789,28.4566593170166,22195200,0.0,0.0
2024-04-29,29.989999771118164,30.350000381469727,29.642000198364258,29.889999389648438,28.034591674804688,9079700,0.0,0.0
2024-04-30,29.270000457763672,29.549999237060547,28.860000610351562,28.889999389648438,27.09666633605957,9345100,0.0,0.0
2024-05-01,28.860000610351562,29.56999969482422,28.709999084472656,29.270000457763672,27.453079223632812,7695400,0.0,0.0
2024-05-02,30.780000686645508,32.86000061035156,30.729999542236328,32.63999938964844,30.613887786865234,26785900,0.0,0.0
2024-05-03,32.79999923706055,32.935001373291016,32.33000183105469,32.869998931884766,30.82961082458496,11366600,0.0,0.0
2024-05-06,32.75,33.029998779296875,32.55500030517578,32.709999084472656,30.679542541503906,8004900,0.0,0.0
2024-05-07,31.979999542236328,32.345001220703125,31.8799991607666,32.130001068115234,30.135547637939453,6376700,0.0,0.0
2024-05-08,31.40999984741211,32.095001220703125,31.34000015258789,31.950000762939453,29.966720581054688,5592200,0.0,0.0
2024-05-09,32.63999938964844,32.92499923706055,31.950000762939453,32.369998931884766,30.360647201538086,6498600,0.0,0.0
2024-05-10,32.689998626708984,32.95000076293945,32.13999938964844,32.20000076293945,30.201200485229492,7127600,0.0,0.0
2024-05-13,33.40999984741211,34.599998474121094,33.369998931884766,33.779998779296875,31.683122634887695,15268100,0.0,0.0
2024-05-14,32.959999084472656,33.45000076293945,32.689998626708984,33.349998474121094,31.279813766479492,9959200,0.0,0.0
2024-05-15,33.92499923706055,33.92499923706055,33.18000030517578,33.619998931884766,31.53305435180664,10870500,0.0,0.0
2024-05-16,34.5,34.59000015258789,32.084999084472656,34.27000045776367,32.14270782470703,23780800,0.0,0.0
2024-05-17,34.54499816894531,35.685001373291016,34.310001373291016,35.27000045776367,33.08063507080078,19446000,0.0,0.0
2024-05-20,35.099998474121094,35.540000915527344,34.28099822998047,34.75,32.59291076660156,9619100,0.0,0.0
2024-05-21,33.279998779296875,33.869998931884766,32.93600082397461,33.290000915527344,31.223539352416992,47141400,0.0,0.0
2024-05-22,32.95000076293945,33.29999923706055,32.625,32.68000030517578,30.651405334472656,27805200,0.0,0.0
2024-05-23,31.899999618530273,32.33000183105469,31.149999618530273,31.200000762939453,29.263275146484375,20064900,0.0,0.0
2024-05-24,30.94499969482422,31.100000381469727,30.170000076293945,30.270000457763672,28.39100456237793,18961600,0.0,0.0
2024-05-28,30.290000915527344,30.469999313354492,29.31999969482422,29.889999389648438,28.034591674804688,18743400,0.0,0.0
2024-05-29,29.399999618530273,29.59000015258789,29.040000915527344,29.31999969482422,27.499975204467773,18978500,0.0,0.0
2024-05-30,29.479999542236328,30.344999313354492,29.389999389648438,30.209999084472656,28.334728240966797,10518000,0.0,0.0
2024-05-31,29.3799991607666,29.780000686645508,29.209999084472656,29.6200008392334,27.781352996826172,9842500,0.0,0.0
2024-06-03,30.280000686645508,30.610000610351562,29.549999237060547,29.899999618530273,28.04397201538086,9909100,0.0,0.0
2024-06-04,30.020000457763672,30.25,29.760000228881836,30.06999969482422,28.203418731689453,8939200,0.0,0.0
2024-06-05,30.549999237060547,30.920000076293945,30.43000030517578,30.59000015258789,28.69114112854004,8606900,0.0,0.0
2024-06-06,30.079999923706055,30.15999984741211,29.729999542236328,29.770000457763672,27.922042846679688,11657600,0.0,0.0
2024-06-07,29.385000228881836,29.94499969482422,29.239999771118164,29.329999923706055,27.509353637695312,9661000,0.0,0.0
2024-06-10,29.3799991607666,29.709999084472656,28.940000534057617,29.59000015258789,27.753215789794922,6704500,0.0,0.0
2024-06-11,29.6299991607666,29.860000610351562,29.135000228881836,29.40999984741211,27.584388732910156,6854400,0.0,0.0
2024-06-12,29.670000076293945,29.850000381469727,29.139999389648438,29.559999465942383,27.72507667541504,12297900,0.0,0.0
2024-06-13,29.790000915527344,29.989999771118164,29.399999618530273,29.399999618530273,27.575008392333984,9590400,0.0,0.0
2024-06-14,28.90999984741211,28.979999542236328,28.639999389648438,28.770000457763672,26.98411750793457,11933500,0.0,0.0
2024-06-17,28.979999542236328,29.3799991607666,28.684999465942383,29.239999771118164,27.424942016601562,11917300,0.0,0.0
2024-06-18,28.989999771118164,29.360000610351562,28.770000457763672,29.049999237060547,27.246734619140625,5622000,0.0,0.0
2024-06-20,28.690000534057617,28.9950008392334,28.43000030517578,28.68000030517578,26.899702072143555,11552900,0.0,0.0
2024-06-21,28.139999389648438,28.350000381469727,27.93000030517578,28.100000381469727,26.35570526123047,10489500,0.0,0.0
2024-06-24,28.350000381469727,28.940000534057617,28.309999465942383,28.360000610351562,26.599567413330078,8277600,0.0,0.0
2024-06-25,27.90999984741211,28.149999618530273,27.280000686645508,27.56999969482422,25.858606338500977,8528800,0.0,0.0
2024-06-26,27.530000686645508,27.670000076293945,27.200000762939453,27.510000228881836,25.802331924438477,4823300,0.0,0.0
2024-06-27,27.190000534057617,27.219999313354492,26.209999084472656,26.260000228881836,24.62992286682129,13983900,0.0,0.0
2024-06-28,26.329999923706055,26.375,25.7549991607666,25.84000015258789,24.235994338989258,11558100,0.0,0.0
2024-07-01,25.93000030517578,26.219999313354492,25.670000076293945,25.790000915527344,24.18910026550293,6998200,0.0,0.0
2024-07-02,25.920000076293945,26.149999618530273,25.56999969482422,26.09000015258789,24.470478057861328,9133100,0.0,0.0
2024-07-03,26.420000076293945,26.899999618530273,26.360000610351562,26.8700008392334,25.202058792114258,6717200,0.0,0.0
2024-07-05,26.1200008392334,26.860000610351562,26.1200008392334,26.760000228881836,25.098886489868164,9372300,0.0,0.0
2024-07-08,26.5,26.520000457763672,26.239999771118164,26.469999313354492,24.826887130737305,6177900,0.0,0.0
2024-07-09,26.290000915527344,27.100000381469727,26.15999984741211,26.81999969482422,25.155160903930664,9128200,0.0,0.0
2024-07-10,26.790000915527344,27.030000686645508,26.530000686645508,26.760000228881836,25.098886489868164,6913300,0.0,0.0
2024-07-11,27.5,28.809999465942383,27.5,28.6299991607666,26.852806091308594,22612200,0.0,0.0
2024-07-12,28.940000534057617,29.06999969482422,27.895000457763672,28.149999618530273,26.402603149414062,11884200,0.0,0.0
2024-07-15,27.239999771118164,27.239999771118164,26.600000381469727,26.649999618530273,24.99571418762207,11893300,0.0,0.0
2024-07-16,26.649999618530273,27.325000762939453,26.479999542236328,27.200000762939453,25.511573791503906,7466300,0.0,0.0
2024-07-17,27.170000076293945,27.299999237060547,26.75,26.979999542236328,25.30522918701172,7396700,0.0,0.0
2024-07-18,27.040000915527344,27.170000076293945,26.170000076293945,26.280000686645508,24.648683547973633,9427500,0.0,0.0
2024-07-19,26.260000228881836,26.53499984741211,26.06999969482422,26.260000228881836,24.62992286682129,4797800,0.0,0.0
2024-07-22,26.889999389648438,27.139999389648438,26.735000610351562,26.850000381469727,25.183300018310547,6149600,0.0,0.0
2024-07-23,26.25,26.31999969482422,25.940000534057617,26.190000534057617,24.564268112182617,7296700,0.0,0.0
2024-07-24,25.8799991607666,26.219999313354492,25.6299991607666,25.760000228881836,24.160961151123047,5874900,0.0,0.0
2024-07-25,26.530000686645508,27.389999389648438,26.309999465942383,26.329999923706055,24.69557762145996,14040600,0.0,0.0
2024-07-26,26.350000381469727,26.670000076293945,26.079999923706055,26.559999465942383,24.911300659179688,3608600,0.0,0.0
2024-07-29,26.540000915527344,26.690000534057617,26.235000610351562,26.610000610351562,24.95819664001465,4825100,0.0,0.0
2024-07-30,26.479999542236328,26.479999542236328,26.065000534057617,26.360000610351562,24.723716735839844,5116700,0.0,0.0
2024-07-31,26.889999389648438,26.940000534057617,26.239999771118164,26.389999389648438,24.75185203552246,5131800,0.0,0.0
2024-08-01,25.780000686645508,25.899999618530273,25.1299991607666,25.239999771118164,23.67323875427246,10127500,0.0,0.0
2024-08-02,25.0,25.280000686645508,24.770000457763672,25.15999984741211,23.59820556640625,7902700,0.0,0.0
2024-08-05,24.200000762939453,24.979000091552734,24.1299991607666,24.950000762939453,23.401241302490234,12298200,0.0,0.0
2024-08-06,24.950000762939453,25.649999618530273,24.924999237060547,25.450000762939453,23.870203018188477,8098000,0.0,0.0
2024-08-07,25.649999618530273,25.799999237060547,25.139999389648438,25.329999923706055,23.757652282714844,6102200,0.0,0.0
2024-08-08,25.479999542236328,26.079999923706055,25.46500015258789,25.979999542236328,24.3673038482666,5067000,0.0,0.0
2024-08-09,25.709999084472656,25.899999618530273,25.485000610351562,25.8799991607666,24.27351188659668,4326700,0.0,0.0
2024-08-12,25.829999923706055,26.31999969482422,25.829999923706055,26.06999969482422,24.451717376708984,5548700,0.0,0.0
2024-08-13,26.049999237060547,26.200000762939453,25.905000686645508,26.1299991607666,24.507991790771484,6868700,0.0,0.0
2024-08-14,26.170000076293945,26.226999282836914,25.549999237060547,25.899999618530273,24.292268753051758,10591900,0.0,0.0
2024-08-15,27.06999969482422,27.780000686645508,26.6299991607666,27.0,25.32398796081543,20742000,0.0,0.0
2024-08-16,27.940000534057617,29.299999237060547,27.93000030517578,29.290000915527344,27.471837997436523,24919100,0.0,0.0
2024-08-19,29.079999923706055,29.709999084472656,29.030000686645508,29.540000915527344,27.70631980895996,12534600,0.0,0.0
2024-08-20,28.649999618530273,28.760000228881836,27.790000915527344,28.190000534057617,26.440120697021484,26334300,0.0,0.0
2024-08-21,26.040000915527344,27.040000915527344,25.850000381469727,27.020000457763672,25.342748641967773,86065300,0.0,0.0
2024-08-22,27.18000030517578,27.190000534057617,26.170000076293945,26.639999389648438,24.98633575439453,28987000,0.0,0.0
2024-08-23,27.010000228881836,27.040000915527344,26.639999389648438,26.829999923706055,25.164541244506836,17486200,0.0,0.0
2024-08-26,25.5,26.030000686645508,25.239999771118164,25.799999237060547,24.19847869873047,26881600,0.0,0.0
2024-08-27,26.799999237060547,26.8799991607666,26.325000762939453,26.3799991607666,24.742475509643555,22812900,0.0,0.0
2024-08-28,26.415000915527344,26.454999923706055,25.815000534057617,25.940000534057617,24.329788208007812,14987600,0.0,0.0
2024-08-29,26.485000610351562,26.68000030517578,26.274999618530273,26.3700008392334,24.733097076416016,11472300,0.0,0.0
2024-08-30,27.34000015258789,27.405000686645508,26.760000228881836,27.0,25.32398796081543,21636900,0.0,0.0
2024-09-03,26.520000457763672,26.8700008392334,26.450000762939453,26.700000762939453,25.042612075805664,9254200,0.0,0.0
2024-09-04,27.100000381469727,27.139999389648438,26.704999923706055,26.829999923706055,25.164541244506836,14148300,0.0,0.0
2024-09-05,26.799999237060547,26.915000915527344,26.270000457763672,26.3799991607666,24.742475509643555,12589000,0.0,0.0
2024-09-06,26.299999237060547,26.469999313354492,26.0049991607666,26.06999969482422,24.451717376708984,10172900,0.0,0.0
2024-09-09,25.729999542236328,25.959999084472656,25.610000610351562,25.889999389648438,24.28289031982422,9164800,0.0,0.0
2024-09-10,26.190000534057617,26.3799991607666,25.90999984741211,25.979999542236328,24.3673038482666,8632400,0.0,0.0
2024-09-11,26.059999465942383,26.579999923706055,26.0,26.559999465942383,24.911300659179688,8239800,0.0,0.0
2024-09-12,26.68000030517578,26.75,26.399999618530273,26.649999618530273,24.99571418762207,6947300,0.0,0.0
2024-09-13,26.59000015258789,26.649999618530273,26.1200008392334,26.239999771118164,24.611164093017578,9395800,0.0,0.0
2024-09-16,26.360000610351562,26.440000534057617,26.174999237060547,26.299999237060547,24.66744041442871,6960900,0.0,0.0
2024-09-17,26.65999984741211,27.389999389648438,26.6299991607666,26.920000076293945,25.24895477294922,15021400,0.0,0.0
2024-09-18,27.020000457763672,27.135000228881836,26.670000076293945,26.920000076293945,25.24895477294922,10352800,0.0,0.0
2024-09-19,28.43000030517578,28.790000915527344,28.170000076293945,28.739999771118164,26.95598030090332,21141900,0.0,0.0
2024-09-20,28.860000610351562,28.899999618530273,28.385000228881836,28.549999237060547,26.77777099609375,10083000,0.0,0.0
2024-09-23,29.110000610351562,29.969999313354492,29.09000015258789,29.760000228881836,27.912662506103516,16394900,0.0,0.0
2024-09-24,32.4900016784668,33.90999984741211,32.029998779296875,33.900001525878906,31.79567527770996,45862000,0.0,0.0
2024-09-25,32.513999938964844,33.369998931884766,32.33000183105469,33.209999084472656,31.14850425720215,25649800,0.0,0.0
2024-09-26,37.060001373291016,38.18000030517578,36.93000030517578,37.9900016784668,35.63179397583008,53720600,0.0,0.0
2024-09-27,39.5099983215332,39.939998626708984,38.810001373291016,39.900001525878906,37.4232292175293,44906900,0.0,0.0
2024-09-30,42.380001068115234,42.68000030517578,39.810001373291016,40.0,37.51702117919922,49687700,0.0,0.0
2024-10-01,39.790000915527344,43.0,39.650001525878906,42.93000030517578,40.265140533447266,36322900,0.0,0.0
2024-10-02,46.63999938964844,46.63999938964844,43.72999954223633,44.79999923706055,42.01906204223633,58760400,0.0,0.0
2024-10-03,43.0,44.83000183105469,42.810001373291016,44.599998474121094,41.831478118896484,30201800,0.0,0.0
2024-10-04,46.279998779296875,47.0,45.7599983215332,46.970001220703125,44.05436325073242,30001100,0.0,0.0
2024-10-07,47.54999923706055,47.81999969482422,44.47999954223633,47.08000183105469,44.15753173828125,34782900,0.0,0.0
2024-10-08,43.08000183105469,44.5,42.529998779296875,43.540000915527344,40.837276458740234,33635800,0.0,0.0
2024-10-09,41.38999938964844,43.540000915527344,41.290000915527344,42.84000015258789,40.180728912353516,26457000,0.0,0.0
2024-10-10,43.0,44.040000915527344,41.90999984741211,43.220001220703125,40.537139892578125,15866800,0.0,0.0
2024-10-11,42.08000183105469,44.25,41.90999984741211,43.83000183105469,41.109275817871094,14606700,0.0,0.0
2024-10-14,43.77000045776367,45.349998474121094,43.354000091552734,44.13999938964844,41.40003204345703,22318300,0.0,0.0
2024-10-15,41.564998626708984,42.0,40.01499938964844,40.15999984741211,37.667091369628906,25545900,0.0,0.0
2024-10-16,40.470001220703125,41.709999084472656,40.400001525878906,40.540000915527344,38.023502349853516,17310300,0.0,0.0
2024-10-17,39.41999816894531,39.7400016784668,38.630001068115234,38.849998474121094,36.43840408325195,17418500,0.0,0.0
2024-10-18,40.83000183105469,40.97999954223633,39.560001373291016,39.97999954223633,37.498260498046875,15214100,0.0,0.0
2024-10-21,39.459999084472656,39.90999984741211,39.36000061035156,39.68000030517578,37.21688461303711,9582600,0.0,0.0
2024-10-22,39.599998474121094,41.029998779296875,39.439998626708984,40.349998474121094,37.84529113769531,11353200,0.0,0.0
2024-10-23,40.78499984741211,41.18000030517578,39.76499938964844,40.0,37.51702117919922,11646800,0.0,0.0
2024-10-24,39.630001068115234,39.81999969482422,38.79999923706055,39.33000183105469,36.88861083984375,8541800,0.0,0.0
2024-10-25,40.244998931884766,40.939998626708984,39.720001220703125,39.900001525878906,37.4232292175293,10675400,0.0,0.0
2024-10-28,40.459999084472656,41.880001068115234,40.33000183105469,41.63999938964844,39.05521774291992,11411900,0.0,0.0
2024-10-29,42.4900016784668,42.599998474121094,41.0099983215332,41.13999938964844,38.58625411987305,14259100,0.0,0.0
2024-10-30,39.97999954223633,40.41999816894531,39.46099853515625,40.029998779296875,37.5451545715332,7626100,0.0,0.0
2024-10-31,40.279998779296875,40.72999954223633,39.790000915527344,40.619998931884766,38.09852981567383,8319600,0.0,0.0
2024-11-01,40.77000045776367,41.17499923706055,40.33000183105469,40.439998626708984,37.92970657348633,6746100,0.0,0.0
2024-11-04,40.275001525878906,40.91999816894531,39.779998779296875,39.86000061035156,37.385711669921875,7358700,0.0,0.0
2024-11-05,40.75,41.18000030517578,39.939998626708984,40.029998779296875,37.5451545715332,7419900,0.0,0.0
2024-11-06,38.064998626708984,39.029998779296875,36.93000030517578,38.66999816894531,36.26957702636719,15031800,0.0,0.0
2024-11-07,40.14500045776367,41.5,40.06999969482422,41.22999954223633,38.6706657409668,16561700,0.0,0.0
2024-11-08,39.790000915527344,40.20000076293945,38.13999938964844,38.349998474121094,35.96944046020508,13967600,0.0,0.0
2024-11-11,39.08000183105469,39.290000915527344,38.6150016784668,39.02000045776367,36.59785079956055,12044300,0.0,0.0
2024-11-12,36.90999984741211,36.91999816894531,36.0099983215332,36.099998474121094,33.859107971191406,20709400,0.0,0.0
2024-11-13,36.53499984741211,36.81999969482422,35.560001373291016,35.689998626708984,33.47455978393555,18818600,0.0,0.0
2024-11-14,35.43000030517578,35.43000030517578,33.15999984741211,33.349998474121094,31.279813766479492,30435000,0.0,0.0
2024-11-15,34.25,35.19499969482422,33.65999984741211,35.0,32.827392578125,17140200,0.0,0.0
2024-11-18,35.43000030517578,35.70000076293945,35.060001373291016,35.33000183105469,33.13690948486328,10637100,0.0,0.0
2024-11-19,34.599998474121094,35.189998626708984,34.5,35.189998626708984,33.00559616088867,8723000,0.0,0.0
2024-11-20,35.47999954223633,35.4900016784668,34.880001068115234,35.18000030517578,32.996219635009766,8294500,0.0,0.0
2024-11-21,35.18000030517578,35.7599983215332,35.099998474121094,35.380001068115234,33.18380355834961,9256800,0.0,0.0
2024-11-22,35.20199966430664,35.400001525878906,34.540000915527344,34.68000030517578,32.52725601196289,10254600,0.0,0.0
2024-11-25,34.279998779296875,34.650001525878906,34.029998779296875,34.5099983215332,32.36780548095703,10780500,0.0,0.0
2024-11-26,35.209999084472656,35.5,34.72999954223633,35.33000183105469,33.13690948486328,12297200,0.0,0.0
2024-11-27,36.70000076293945,37.310001373291016,36.56999969482422,37.189998626708984,34.881446838378906,15475000,0.0,0.0
2024-11-29,37.15999984741211,37.40999984741211,36.7599983215332,37.380001068115234,35.05965805053711,6108800,0.0,0.0
2024-12-02,38.0,38.0989990234375,37.2400016784668,37.470001220703125,35.14406967163086,7745100,0.0,0.0
2024-12-03,37.08000183105469,37.61000061035156,36.94900131225586,37.099998474121094,34.797035217285156,5056500,0.0,0.0
2024-12-04,36.470001220703125,36.564998626708984,35.54999923706055,35.72999954223633,33.51207733154297,14240200,0.0,0.0
2024-12-05,36.435001373291016,36.7400016784668,36.310001373291016,36.40999984741211,34.14986801147461,8938800,0.0,0.0
2024-12-06,37.619998931884766,37.97999954223633,37.15999984741211,37.18000030517578,34.8720703125,11390600,0.0,0.0
2024-12-09,40.619998931884766,42.72999954223633,40.52000045776367,41.27000045776367,38.708187103271484,33201100,0.0,0.0
2024-12-10,39.790000915527344,40.1510009765625,39.34000015258789,39.564998626708984,37.1090202331543,10131300,0.0,0.0
2024-12-11,38.29499816894531,38.459999084472656,37.849998474121094,38.209999084472656,35.838130950927734,11369600,0.0,0.0
2024-12-12,37.40999984741211,38.119998931884766,37.0099983215332,38.11000061035156,35.74434280395508,9606800,0.0,0.0
2024-12-13,37.415000915527344,37.5099983215332,36.915000915527344,37.290000915527344,34.975242614746094,7498100,0.0,0.0
2024-12-16,36.7400016784668,36.97999954223633,36.47999954223633,36.709999084472656,34.431243896484375,6836000,0.0,0.0
2024-12-17,36.625,37.51499938964844,36.472999572753906,37.27000045776367,34.956485748291016,5980700,0.0,0.0
2024-12-18,36.970001220703125,37.470001220703125,36.310001373291016,36.439998626708984,34.178001403808594,6149700,0.0,0.0
2024-12-19,36.560001373291016,36.72999954223633,35.88999938964844,35.90999984741211,33.680904388427734,7279600,0.0,0.0
2024-12-20,35.39500045776367,35.875,35.04999923706055,35.63999938964844,33.42766189575195,12467900,0.0,0.0
2024-12-23,35.779998779296875,36.369998931884766,35.66999816894531,36.290000915527344,34.03731918334961,7293300,0.0,0.0
2024-12-24,36.41999816894531,36.4900016784668,36.17499923706055,36.459999084472656,34.19676208496094,2140800,0.0,0.0
2024-12-26,36.189998626708984,36.619998931884766,36.064998626708984,36.130001068115234,33.88724899291992,4576000,0.0,0.0
2024-12-27,35.20000076293945,35.2599983215332,34.66999816894531,34.97999954223633,32.80863571166992,6635700,0.0,0.0
2024-12-30,34.650001525878906,34.68000030517578,34.040000915527344,34.2599983215332,32.13332748413086,12576800,0.0,0.0
2024-12-31,34.86000061035156,35.2400016784668,34.474998474121094,34.66999816894531,32.51787567138672,6339100,0.0,0.0
2025-01-02,34.119998931884766,34.81999969482422,34.09000015258789,34.22999954223633,32.10519027709961,6379800,0.0,0.0
2025-01-03,34.66999816894531,35.36000061035156,34.66999816894531,35.34000015258789,33.14628601074219,7170500,0.0,0.0
2025-01-06,35.650001525878906,35.959999084472656,34.935001373291016,35.13999938964844,32.958702087402344,8641700,0.0,0.0
2025-01-07,34.869998931884766,35.29999923706055,34.869998931884766,34.97999954223633,32.80863571166992,7231800,0.0,0.0
2025-01-08,34.619998931884766,34.86000061035156,34.29499816894531,34.720001220703125,32.56477355957031,5986000,0.0,0.0
2025-01-10,33.57500076293945,33.61000061035156,32.779998779296875,33.099998474121094,31.045333862304688,12721100,0.0,0.0
2025-01-13,32.9900016784668,33.599998474121094,32.9900016784668,33.38999938964844,31.317333221435547,7485900,0.0,0.0
2025-01-14,35.099998474121094,35.34000015258789,34.68000030517578,34.7400016784668,32.58353042602539,9069300,0.0,0.0
2025-01-15,35.70000076293945,35.70000076293945,35.244998931884766,35.369998931884766,33.17442321777344,6495400,0.0,0.0
2025-01-16,35.70000076293945,35.939998626708984,35.380001068115234,35.41999816894531,33.22132110595703,6110700,0.0,0.0
2025-01-17,37.369998931884766,39.2400016784668,37.209999084472656,39.0,36.57909393310547,28484000,0.0,0.0
2025-01-21,40.029998779296875,40.220001220703125,38.400001525878906,38.5,36.110130310058594,16565000,0.0,0.0
2025-01-22,39.150001525878906,39.39799880981445,38.66999816894531,39.119998931884766,36.691646575927734,12974900,0.0,0.0
2025-01-23,38.86000061035156,38.900001525878906,38.30400085449219,38.70000076293945,36.2977180480957,7291500,0.0,0.0
2025-01-24,39.80500030517578,40.779998779296875,39.57500076293945,40.720001220703125,38.19232940673828,11759000,0.0,0.0
2025-01-27,40.599998474121094,40.720001220703125,39.93000030517578,40.29999923706055,37.798397064208984,10170000,0.0,0.0
2025-01-28,40.279998779296875,41.13999938964844,39.83000183105469,41.06999969482422,38.520599365234375,7840700,0.0,0.0
2025-01-29,41.11000061035156,41.470001220703125,40.150001525878906,40.2599983215332,37.76087951660156,10791700,0.0,0.0
2025-01-30,40.150001525878906,42.435001373291016,40.119998931884766,42.29999923706055,39.67424774169922,11680000,0.0,0.0
2025-01-31,41.845001220703125,42.02000045776367,40.45500183105469,40.720001220703125,38.19232940673828,11057900,0.0,0.0
2025-02-03,38.939998626708984,40.939998626708984,38.88999938964844,40.029998779296875,37.5451545715332,10652300,0.0,0.0
2025-02-04,41.650001525878906,42.25,41.119998931884766,41.15999984741211,38.60501480102539,13552700,0.0,0.0
2025-02-05,40.290000915527344,40.54999923706055,39.685001373291016,39.810001373291016,37.33881378173828,10930000,0.0,0.0
2025-02-06,40.45000076293945,40.63999938964844,39.83000183105469,40.0099983215332,37.526397705078125,5359900,0.0,0.0
2025-02-07,40.599998474121094,41.33000183105469,39.86000061035156,40.16999816894531,37.67646408081055,8332400,0.0,0.0
2025-02-10,41.43000030517578,42.310001373291016,40.650001525878906,42.16999816894531,39.55231475830078,10894600,0.0,0.0
2025-02-11,41.20000076293945,41.540000915527344,40.400001525878906,40.79999923706055,38.26736068725586,18749200,0.0,0.0
2025-02-12,39.970001220703125,40.029998779296875,38.90299987792969,39.310001373291016,36.869850158691406,19220100,0.0,0.0
2025-02-13,38.150001525878906,39.65999984741211,37.84000015258789,39.59000015258789,37.132469177246094,10155800,0.0,0.0
2025-02-14,42.0099983215332,42.220001220703125,40.97999954223633,41.380001068115234,38.81135940551758,13326400,0.0,0.0
2025-02-18,40.185001373291016,40.20000076293945,38.7599983215332,38.90999984741211,36.49467849731445,18769400,0.0,0.0
2025-02-19,39.22999954223633,39.334999084472656,38.59000015258789,39.189998626708984,36.75729751586914,10187000,0.0,0.0
2025-02-20,41.46500015258789,42.93000030517578,40.47999954223633,41.189998626708984,38.633148193359375,20897000,0.0,0.0
2025-02-21,41.7400016784668,43.630001068115234,41.540000915527344,42.41999816894531,39.786800384521484,22998400,0.0,0.0
2025-02-24,40.7599983215332,40.9900016784668,38.83000183105469,39.310001373291016,36.869850158691406,27908900,0.0,0.0
2025-02-25,39.95000076293945,40.560001373291016,39.77000045776367,40.06999969482422,37.582672119140625,16079900,0.0,0.0
2025-02-26,42.79999923706055,43.5,42.17499923706055,42.529998779296875,39.88996887207031,16965200,0.0,0.0
2025-02-27,42.915000915527344,43.334999084472656,42.040000915527344,42.540000915527344,39.89935302734375,10789800,0.0,0.0
2025-02-28,40.96500015258789,41.91999816894531,40.900001525878906,41.900001525878906,39.29907989501953,9714300,0.0,0.0
2025-03-03,41.290000915527344,41.689998626708984,39.959999084472656,40.2400016784668,37.742122650146484,15436500,0.0,0.0
2025-03-04,40.6150016784668,41.630001068115234,40.310001373291016,40.95000076293945,38.408050537109375,11817500,0.0,0.0
2025-03-05,42.439998626708984,43.900001525878906,41.91999816894531,43.7599983215332,41.043617248535156,19302200,0.0,0.0
2025-03-06,44.72999954223633,46.44499969482422,42.689998626708984,43.91999816894531,41.19368362426758,46754400,0.0,0.0
2025-03-07,43.290000915527344,43.74800109863281,41.75,42.290000915527344,39.66487121582031,22241500,0.0,0.0
2025-03-10,41.15999984741211,41.79999923706055,40.20000076293945,40.63999938964844,38.11729049682617,16387300,0.0,0.0
2025-03-11,41.54999923706055,41.790000915527344,40.36000061035156,40.75,38.220462799072266,13318500,0.0,0.0
2025-03-12,40.25,40.66999816894531,39.62099838256836,40.369998931884766,37.864051818847656,11662000,0.0,0.0
2025-03-13,40.51499938964844,42.150001525878906,40.492000579833984,41.2400016784668,38.680049896240234,16393200,0.0,0.0
2025-03-14,43.0,43.380001068115234,42.68000030517578,43.15999984741211,40.480865478515625,12370500,0.0,0.0
2025-03-17,43.41999816894531,45.279998779296875,43.29999923706055,45.209999084472656,42.40361022949219,15971300,0.0,0.0
2025-03-18,45.67499923706055,45.75,44.689998626708984,44.91999816894531,42.13161087036133,10885800,0.0,0.0
2025-03-19,45.279998779296875,45.380001068115234,44.2599983215332,44.83000183105469,42.047203063964844,6523000,0.0,0.0
2025-03-20,42.58000183105469,43.5890007019043,42.40999984741211,42.97999954223633,40.31203842163086,17561100,0.0,0.0
2025-03-21,42.08000183105469,42.459999084472656,41.88999938964844,42.2400016784668,39.61797332763672,10837900,0.0,0.0
2025-03-24,42.52000045776367,42.810001373291016,42.029998779296875,42.56999969482422,39.927490234375,8128800,0.0,0.0
2025-03-25,41.75,42.619998931884766,41.36000061035156,41.470001220703125,38.89577102661133,11454900,0.0,0.0
2025-03-26,41.84000015258789,42.29999923706055,41.470001220703125,41.779998779296875,39.1865234375,9373000,0.0,0.0
2025-03-27,41.9900016784668,43.380001068115234,41.79999923706055,42.88999938964844,40.227622985839844,9563600,0.0,0.0
2025-03-28,41.9900016784668,42.20500183105469,41.435001373291016,41.58000183105469,38.99894714355469,6737900,0.0,0.0
2025-03-31,40.86000061035156,41.314998626708984,40.54999923706055,41.119998931884766,38.56749725341797,7232100,0.0,0.0
2025-04-01,41.310001373291016,41.689998626708984,41.06999969482422,41.31999969482422,38.75508117675781,11027700,0.0,0.0
2025-04-02,41.220001220703125,41.474998474121094,40.67499923706055,41.09000015258789,38.53936004638672,6850400,0.0,0.0
2025-04-03,39.290000915527344,40.2599983215332,39.209999084472656,39.900001525878906,37.4232292175293,10969200,0.0,0.0
2025-04-04,36.39500045776367,36.90800094604492,34.86000061035156,36.810001373291016,34.52503967285156,25781400,0.0,0.0
2025-04-07,34.415000915527344,36.970001220703125,33.52000045776367,34.91999816894531,32.752357482910156,28861900,0.0,0.0
2025-04-08,35.709999084472656,35.94499969482422,32.71500015258789,33.02000045776367,31.883338928222656,26493200,1.0,0.0
2025-04-09,33.3849983215332,35.650001525878906,33.029998779296875,35.07500076293945,33.86759948730469,26784500,0.0,0.0
2025-04-10,36.025001525878906,37.16999816894531,34.9900016784668,35.58000183105469,34.35521697998047,24546400,0.0,0.0
2025-04-11,36.2400016784668,36.70000076293945,35.08000183105469,36.41999816894531,35.166297912597656,22648300,0.0,0.0
2025-04-14,37.71500015258789,39.27000045776367,37.650001525878906,38.18000030517578,36.86571502685547,18710200,0.0,0.0
2025-04-15,37.755001068115234,37.7599983215332,37.16999816894531,37.439998626708984,36.151187896728516,12425900,0.0,0.0
2025-04-16,35.93000030517578,36.150001525878906,35.04999923706055,35.33000183105469,34.11382293701172,16172100,0.0,0.0
2025-04-17,35.58000183105469,35.775001525878906,34.689998626708984,34.720001220703125,33.52482223510742,13869900,0.0,0.0
2025-04-21,34.15999984741211,34.2400016784668,33.08000183105469,34.060001373291016,32.88753890991211,14714100,0.0,0.0
2025-04-22,33.8849983215332,34.2599983215332,33.29999923706055,33.66999816894531,32.510963439941406,25811300,0.0,0.0
2025-04-23,34.21500015258789,34.81999969482422,33.470001220703125,33.560001373291016,32.40475082397461,20795800,0.0,0.0
2025-04-24,32.31999969482422,32.599998474121094,31.895000457763672,32.470001220703125,31.35227394104004,25415800,0.0,0.0
2025-04-25,31.989999771118164,32.584999084472656,31.799999237060547,32.529998779296875,31.410205841064453,14425400,0.0,0.0
2025-04-28,32.595001220703125,33.17499923706055,32.349998474121094,32.70000076293945,31.574356079101562,14246600,0.0,0.0
2025-04-29,32.98500061035156,33.209999084472656,32.845001220703125,32.880001068115234,31.748159408569336,10406600,0.0,0.0
2025-04-30,32.58000183105469,32.66999816894531,31.940000534057617,32.619998931884766,31.497106552124023,12113100,0.0,0.0
2025-05-01,32.779998779296875,33.06999969482422,32.525001525878906,32.849998474121094,31.719188690185547,6796800,0.0,0.0
2025-05-02,34.369998931884766,34.64500045776367,33.86000061035156,34.470001220703125,33.283424377441406,12543600,0.0,0.0
2025-05-05,34.025001525878906,34.45500183105469,33.95000076293945,34.060001373291016,32.88753890991211,6749300,0.0,0.0
2025-05-06,34.040000915527344,34.310001373291016,33.939998626708984,34.060001373291016,32.88753890991211,11487300,0.0,0.0
2025-05-07,33.599998474121094,33.91999816894531,33.369998931884766,33.81999969482422,32.655799865722656,6926300,0.0,0.0
2025-05-08,34.09000015258789,34.369998931884766,33.68000030517578,34.119998931884766,32.945472717285156,6830800,0.0,0.0
2025-05-09,34.099998474121094,34.38999938964844,33.81999969482422,33.86000061035156,32.69442367553711,6691000,0.0,0.0
2025-05-12,35.900001525878906,36.2400016784668,35.55500030517578,36.04999923706055,34.80903625488281,21421300,0.0,0.0
2025-05-13,36.064998626708984,38.08000183105469,35.31999969482422,37.25,35.96772766113281,39429000,0.0,0.0
2025-05-14,36.790000915527344,37.0,35.540000915527344,35.72999954223633,34.50004959106445,16957400,0.0,0.0
2025-05-15,34.91400146484375,34.970001220703125,33.95000076293945,34.349998474121094,33.16755294799805,19620600,0.0,0.0
2025-05-16,33.880001068115234,33.91999816894531,33.46500015258789,33.54999923706055,32.39509201049805,13346200,0.0,0.0
2025-05-19,33.22999954223633,33.70000076293945,33.029998779296875,33.689998626708984,32.5302734375,7112600,0.0,0.0
2025-05-20,34.08000183105469,34.459999084472656,33.8849983215332,33.95000076293945,32.78132629394531,10704900,0.0,0.0
2025-05-21,34.220001220703125,34.29999923706055,33.54499816894531,33.650001525878906,32.49165344238281,8321400,0.0,0.0
2025-05-22,33.599998474121094,33.970001220703125,33.279998779296875,33.689998626708984,32.5302734375,8963600,0.0,0.0
2025-05-23,33.25,33.53499984741211,33.099998474121094,33.349998474121094,32.20197677612305,6530900,0.0,0.0
2025-05-27,32.8650016784668,32.88999938964844,32.45000076293945,32.540000915527344,31.419862747192383,11839500,0.0,0.0
2025-05-28,32.18000030517578,32.20000076293945,31.55500030517578,31.579999923706055,30.492908477783203,13150800,0.0,0.0
2025-05-29,32.9900016784668,33.119998931884766,32.525001525878906,32.939998626708984,31.80609130859375,18247500,0.0,0.0
2025-05-30,32.48500061035156,32.625,31.979999542236328,32.40999984741211,31.294336318969727,11037500,0.0,0.0
2025-06-02,32.59000015258789,32.900001525878906,32.45000076293945,32.86000061035156,31.72884750366211,6943100,0.0,0.0
2025-06-03,32.619998931884766,32.665000915527344,32.25,32.40999984741211,31.294336318969727,7013100,0.0,0.0
2025-06-04,32.775001525878906,33.5,32.75,33.33000183105469,32.18267059326172,11293700,0.0,0.0
2025-06-05,33.505001068115234,33.505001068115234,32.89500045776367,33.09000015258789,31.950929641723633,10160600,0.0,0.0
2025-06-06,32.88999938964844,33.150001525878906,32.70000076293945,33.119998931884766,31.979896545410156,8489700,0.0,0.0
2025-06-09,34.04999923706055,34.119998931884766,33.599998474121094,33.939998626708984,32.77166748046875,11381400,0.0,0.0
2025-06-10,33.959999084472656,33.959999084472656,33.470001220703125,33.790000915527344,32.626834869384766,6061700,0.0,0.0
2025-06-11,34.23500061035156,34.30500030517578,33.70000076293945,33.72999954223633,32.56889724731445,6792200,0.0,0.0
2025-06-12,33.58000183105469,33.79999923706055,33.4900016784668,33.61000061035156,32.45302963256836,5265900,0.0,0.0
2025-06-13,32.9900016784668,33.18000030517578,32.625,32.7599983215332,31.632287979125977,6847200,0.0,0.0
2025-06-16,33.18000030517578,33.790000915527344,33.18000030517578,33.47999954223633,32.3275032043457,9697800,0.0,0.0
2025-06-17,33.560001373291016,33.900001525878906,33.16999816894531,33.16999816894531,32.028175354003906,7943300,0.0,0.0
2025-06-18,32.84000015258789,32.84000015258789,32.310001373291016,32.5,31.38123893737793,9966100,0.0,0.0
2025-06-20,32.1150016784668,32.1150016784668,31.360000610351562,31.440000534057617,30.357728958129883,16387900,0.0,0.0
2025-06-23,31.5,31.690000534057617,31.270999908447266,31.59000015258789,30.502565383911133,9278700,0.0,0.0
2025-06-24,32.31999969482422,32.790000915527344,32.095001220703125,32.58000183105469,31.458486557006836,10894300,0.0,0.0
2025-06-25,33.029998779296875,33.275001525878906,32.7599983215332,32.939998626708984,31.80609130859375,8387200,0.0,0.0
2025-06-26,33.125,33.290000915527344,32.880001068115234,33.2599983215332,32.115074157714844,6795900,0.0,0.0
2025-06-27,33.26499938964844,33.27000045776367,32.9109992980957,33.06999969482422,31.931617736816406,7636400,0.0,0.0
2025-06-30,32.560001373291016,32.67499923706055,32.18000030517578,32.63999938964844,31.51641845703125,7922900,0.0,0.0
2025-07-01,32.435001373291016,32.959999084472656,32.189998626708984,32.70000076293945,31.574356079101562,6415500,0.0,0.0
2025-07-02,32.59000015258789,32.59000015258789,32.005001068115234,32.470001220703125,31.35227394104004,10078900,0.0,0.0
2025-07-03,31.985000610351562,32.29999923706055,31.915000915527344,32.06999969482422,30.966041564941406,5948500,0.0,0.0
2025-07-07,31.8799991607666,32.52000045776367,31.844999313354492,32.02000045776367,30.917762756347656,6779700,0.0,0.0
2025-07-08,32.4900016784668,33.18000030517578,32.45000076293945,32.70000076293945,31.574356079101562,8190400,0.0,0.0
2025-07-09,32.05500030517578,32.06999969482422,31.399999618530273,31.600000381469727,30.51222038269043,12983600,0.0,0.0
2025-07-10,31.3700008392334,31.450000762939453,31.1299991607666,31.219999313354492,30.145299911499023,10081100,0.0,0.0
2025-07-11,31.360000610351562,31.510000228881836,31.049999237060547,31.100000381469727,30.02943229675293,7774200,0.0,0.0
2025-07-14,31.020000457763672,31.104999542236328,30.709999084472656,30.799999237060547,29.739757537841797,8442800,0.0,0.0
2025-07-15,31.75,32.20000076293945,31.55500030517578,32.040000915527344,30.937074661254883,16352700,0.0,0.0
2025-07-16,31.780000686645508,31.799999237060547,31.360000610351562,31.639999389648438,30.55084228515625,7506600,0.0,0.0
2025-07-17,31.600000381469727,32.810001373291016,31.559999465942383,32.689998626708984,31.564697265625,12359300,0.0,0.0
2025-07-18,34.0,34.540000915527344,33.650001525878906,33.91999816894531,32.752357482910156,23776800,0.0,0.0
2025-07-21,33.54999923706055,33.880001068115234,33.15999984741211,33.400001525878906,32.25025939941406,10481400,0.0,0.0
2025-07-22,33.4900016784668,33.9900016784668,33.18000030517578,33.880001068115234,32.71373748779297,10338600,0.0,0.0
2025-07-23,34.244998931884766,34.314998626708984,33.83000183105469,33.93000030517578,32.76201248168945,8726200,0.0,0.0
2025-07-24,33.93000030517578,33.97999954223633,33.3120002746582,33.470001220703125,32.317848205566406,7713800,0.0,0.0
2025-07-25,33.150001525878906,33.310001373291016,32.97999954223633,33.18000030517578,32.0378303527832,4898000,0.0,0.0
2025-07-28,33.380001068115234,33.650001525878906,33.060001373291016,33.220001220703125,32.076454162597656,5788300,0.0,0.0
2025-07-29,33.20000076293945,33.26499938964844,32.130001068115234,32.220001220703125,31.110877990722656,11111500,0.0,0.0
2025-07-30,32.060001373291016,32.16999816894531,31.584999084472656,31.75,30.65705680847168,9185100,0.0,0.0
2025-07-31,31.270000457763672,31.90999984741211,31.079999923706055,31.489999771118164,30.406005859375,12633600,0.0,0.0
2025-08-01,31.1200008392334,31.170000076293945,30.600000381469727,30.90999984741211,29.845972061157227,11472700,0.0,0.0
2025-08-04,31.468000411987305,31.65999984741211,31.170000076293945,31.6200008392334,30.531532287597656,9410700,0.0,0.0
2025-08-05,31.399999618530273,31.610000610351562,31.309999465942383,31.34000015258789,30.261171340942383,5967100,0.0,0.0
2025-08-06,31.290000915527344,31.420000076293945,30.969999313354492,31.34000015258789,30.261171340942383,4616700,0.0,0.0
2025-08-07,31.65999984741211,31.829999923706055,31.520000457763672,31.75,30.65705680847168,4975800,0.0,0.0
2025-08-08,31.420000076293945,31.5,31.184999465942383,31.489999771118164,30.406005859375,4302800,0.0,0.0
2025-08-11,31.225000381469727,31.559999465942383,31.049999237060547,31.18000030517578,30.106678009033203,7618000,0.0,0.0
2025-08-12,31.459999084472656,32.198001861572266,31.40999984741211,32.119998931884766,31.014318466186523,8440300,0.0,0.0
2025-08-13,32.724998474121094,32.79999923706055,32.1150016784668,32.5099983215332,31.390893936157227,16590600,0.0,0.0
2025-08-14,31.899999618530273,32.77000045776367,31.15999984741211,31.579999923706055,30.492908477783203,24556800,0.0,0.0
2025-08-15,31.1200008392334,31.809999465942383,31.1200008392334,31.700000762939453,30.60877799987793,14059800,0.0,0.0
2025-08-18,31.989999771118164,32.47999954223633,31.68000030517578,31.770000457763672,30.676368713378906,9850000,0.0,0.0
2025-08-19,31.520000457763672,31.850000381469727,31.1299991607666,31.239999771118164,30.16461181640625,8780100,0.0,0.0
2025-08-20,31.260000228881836,31.450000762939453,30.959999084472656,31.170000076293945,30.097023010253906,7150400,0.0,0.0
2025-08-21,30.979999542236328,31.299999237060547,30.950000762939453,31.18000030517578,30.106678009033203,5008000,0.0,0.0
2025-08-22,31.309999465942383,31.959999084472656,31.200000762939453,31.8799991607666,30.782581329345703,12016200,0.0,0.0
2025-08-25,32.21500015258789,32.42499923706055,31.985000610351562,31.989999771118164,30.8887939453125,9985600,0.0,0.0
2025-08-26,32.099998474121094,32.369998931884766,31.760000228881836,31.809999465942383,30.714990615844727,5606200,0.0,0.0
2025-08-27,30.799999237060547,30.8799991607666,30.551000595092773,30.81999969482422,29.759069442749023,16777300,0.0,0.0
2025-08-28,30.1299991607666,30.450000762939453,29.899999618530273,30.389999389648438,29.3438720703125,18320600,0.0,0.0
2025-08-29,30.7549991607666,31.34000015258789,30.5,31.06999969482422,30.000463485717773,18807400,0.0,0.0
2025-09-02,30.549999237060547,31.6200008392334,30.204999923706055,31.579999923706055,30.492908477783203,16122200,0.0,0.0
2025-09-03,31.0,31.329999923706055,30.865999221801758,31.200000762939453,30.12598991394043,9620800,0.0,0.0
2025-09-04,31.020000457763672,31.139999389648438,30.610000610351562,30.93000030517578,29.865283966064453,13222500,0.0,0.0
2025-09-05,31.389999389648438,31.450000762939453,30.954999923706055,31.450000762939453,30.36738395690918,13874900,0.0,0.0
2025-09-08,31.65999984741211,32.869998931884766,31.600000381469727,32.849998474121094,31.719188690185547,21711600,0.0,0.0
2025-09-09,33.02000045776367,33.93000030517578,32.75,33.869998931884766,32.704078674316406,27784500,0.0,0.0
2025-09-10,33.869998931884766,33.880001068115234,33.07500076293945,33.31999969482422,32.173011779785156,20033900,0.0,0.0
2025-09-11,33.33000183105469,34.459999084472656,33.27000045776367,34.400001525878906,33.21583557128906,23508000,0.0,0.0
2025-09-12,34.23500061035156,34.27000045776367,33.61000061035156,33.66999816894531,32.510963439941406,20314000,0.0,0.0
2025-09-15,34.209999084472656,34.31999969482422,33.369998931884766,33.619998931884766,32.462684631347656,19129600,0.0,0.0
2025-09-16,33.470001220703125,34.939998626708984,33.13999938964844,34.709999084472656,33.51516342163086,27885400,0.0,0.0
2025-09-17,35.44499969482422,35.685001373291016,34.54999923706055,35.2400016784668,34.026920318603516,31709700,0.0,0.0
2025-09-18,34.724998474121094,35.57500076293945,34.52000045776367,35.380001068115234,34.16210174560547,26354200,0.0,0.0
2025-09-19,35.72999954223633,36.05500030517578,35.060001373291016,35.099998474121094,33.8917350769043,28939100,0.0,0.0
2025-09-22,34.84000015258789,34.90999984741211,33.85499954223633,33.93000030517578,32.76201248168945,21413800,0.0,0.0
2025-09-23,33.40999984741211,34.150001525878906,32.91999816894531,32.939998626708984,31.80609130859375,20467900,0.0,0.0
2025-09-24,34.11000061035156,35.79999923706055,33.869998931884766,34.83000183105469,33.63103485107422,34013500,0.0,0.0
2025-09-25,35.34000015258789,35.744998931884766,34.39500045776367,35.16999816894531,33.959327697753906,22362300,0.0,0.0
2025-09-26,34.78499984741211,35.029998779296875,34.18000030517578,34.5,33.31239318847656,14737500,0.0,0.0
2025-09-29,35.28499984741211,35.70000076293945,35.124000549316406,35.63999938964844,34.413150787353516,16570500,0.0,0.0
2025-09-30,35.650001525878906,35.94499969482422,34.709999084472656,34.97999954223633,33.7758674621582,25026000,0.0,0.0
2025-10-01,35.29999923706055,36.33000183105469,35.220001220703125,36.16999816894531,34.924903869628906,21279500,0.0,0.0
2025-10-02,36.744998931884766,36.86000061035156,35.849998474121094,35.97999954223633,34.7414436340332,21720500,0.0,0.0
2025-10-03,36.15999984741211,36.22999954223633,35.064998626708984,35.400001525878906,34.18141174316406,15225000,0.0,0.0
2025-10-06,35.279998779296875,36.08000183105469,35.11000061035156,35.90999984741211,34.67385482788086,11856800,0.0,0.0
2025-10-07,36.03499984741211,36.13999938964844,34.722999572753906,34.88999938964844,33.68896484375,14372400,0.0,0.0
2025-10-08,34.80500030517578,35.11000061035156,34.2400016784668,34.97999954223633,33.7758674621582,12424700,0.0,0.0
2025-10-09,34.900001525878906,34.97999954223633,33.75,33.970001220703125,32.800636291503906,17371900,0.0,0.0
2025-10-10,33.875,34.189998626708984,31.350000381469727,31.850000381469727,30.75361442565918,38090100,0.0,0.0
2025-10-13,32.915000915527344,33.59000015258789,32.61000061035156,33.25,32.10542297363281,24982500,0.0,0.0
2025-10-14,32.5,33.029998779296875,32.18000030517578,32.709999084472656,31.584009170532227,12008300,0.0,0.0
2025-10-15,33.09000015258789,33.5,32.845001220703125,33.13999938964844,31.999208450317383,11346800,0.0,0.0
2025-10-16,33.220001220703125,33.40999984741211,32.66999816894531,32.7400016784668,31.612979888916016,7938800,0.0,0.0
2025-10-17,32.349998474121094,33.34000015258789,32.15999984741211,33.06999969482422,31.931617736816406,9941300,0.0,0.0
2025-10-20,33.0,33.900001525878906,32.58000183105469,33.7599983215332,32.597862243652344,14131700,0.0,0.0
2025-10-21,33.0099983215332,33.16699981689453,32.7599983215332,32.83000183105469,31.699880599975586,9309900,0.0,0.0
2025-10-22,32.61000061035156,32.8650016784668,32.165000915527344,32.459999084472656,31.342615127563477,9981400,0.0,0.0
2025-10-23,32.89500045776367,33.375,32.81999969482422,33.18000030517578,32.0378303527832,10962000,0.0,0.0
2025-10-24,33.474998474121094,33.54999923706055,33.040000915527344,33.189998626708984,32.0474853515625,8421700,0.0,0.0
2025-10-27,34.220001220703125,34.380001068115234,34.03499984741211,34.20000076293945,33.02272033691406,10583300,0.0,0.0
2025-10-28,33.9900016784668,34.77000045776367,33.81999969482422,34.529998779296875,33.34135818481445,12463900,0.0,0.0
2025-10-29,35.02000045776367,35.058998107910156,34.11199951171875,34.36000061035156,33.17721176147461,10322600,0.0,0.0
2025-10-30,33.25,33.75,33.05500030517578,33.369998931884766,32.221290588378906,10339900,0.0,0.0
2025-10-31,32.90999984741211,33.2599983215332,32.65999984741211,33.040000915527344,31.902650833129883,8086700,0.0,0.0
2025-11-03,33.0,33.0,32.29999923706055,32.779998779296875,31.651599884033203,7712000,0.0,0.0
2025-11-04,31.84000015258789,32.35499954223633,31.68000030517578,31.81999969482422,30.724647521972656,11183200,0.0,0.0
2025-11-05,31.889999389648438,32.09000015258789,31.639999389648438,32.040000915527344,30.937074661254883,7422800,0.0,0.0
2025-11-06,32.52000045776367,32.665000915527344,31.719999313354492,31.950000762939453,30.85017204284668,8388600,0.0,0.0
2025-11-07,31.385000228881836,31.899999618530273,30.950000762939453,31.790000915527344,30.695680618286133,10591300,0.0,0.0
2025-11-10,31.489999771118164,31.530000686645508,31.079999923706055,31.40999984741211,30.328760147094727,13963600,0.0,0.0
2025-11-11,31.81999969482422,31.924999237060547,31.43000030517578,31.610000610351562,30.52187728881836,10870600,0.0,0.0
2025-11-12,31.93000030517578,31.93000030517578,31.110000610351562,31.25,30.17426872253418,14927500,0.0,0.0
2025-11-13,31.44499969482422,31.799999237060547,30.18000030517578,30.709999084472656,29.652856826782227,31428200,0.0,0.0
2025-11-14,29.55500030517578,30.100000381469727,29.010000228881836,29.309999465942383,28.301050186157227,30566500,0.0,0.0
2025-11-17,29.43000030517578,30.149999618530273,29.364999771118164,29.540000915527344,28.523134231567383,16398300,0.0,0.0
2025-11-18,29.100000381469727,29.735000610351562,29.020000457763672,29.450000762939453,28.43623161315918,11462100,0.0,0.0
2025-11-19,29.270000457763672,29.43000030517578,28.71500015258789,28.875,27.881023406982422,13343300,0.0,0.0
2025-11-20,29.065000534057617,29.5,28.34000015258789,28.389999389648438,27.4127197265625,13790300,0.0,0.0
2025-11-21,28.2549991607666,29.110000610351562,28.209999084472656,28.93000030517578,27.934131622314453,11966700,0.0,0.0
2025-11-24,28.934999465942383,29.165000915527344,28.77199935913086,29.059999465942383,28.059654235839844,11998900,0.0,0.0
2025-11-25,29.100000381469727,29.3799991607666,28.940000534057617,29.139999389648438,28.13690185546875,10999800,0.0,0.0
2025-11-26,29.475000381469727,29.729999542236328,29.010000228881836,29.420000076293945,28.407262802124023,12657000,0.0,0.0
2025-11-28,29.850000381469727,29.989999771118164,29.735000610351562,29.829999923706055,28.803150177001953,6417200,0.0,0.0
2025-12-01,29.950000762939453,30.139999389648438,29.889999389648438,29.889999389648438,28.861083984375,10819700,0.0,0.0
2025-12-02,29.799999237060547,30.155000686645508,29.610000610351562,30.049999237060547,29.015575408935547,5959000,0.0,0.0
2025-12-03,29.690000534057617,30.014999389648438,29.600000381469727,29.8700008392334,28.841773986816406,5206700,0.0,0.0
2025-12-04,29.8799991607666,30.020000457763672,29.690000534057617,29.739999771118164,28.71624755859375,6441100,0.0,0.0
2025-12-05,29.979999542236328,30.139999389648438,29.850000381469727,29.899999618530273,28.870738983154297,5238800,0.0,0.0
2025-12-08,29.860000610351562,30.030000686645508,29.75,29.920000076293945,28.890050888061523,6452700,0.0,0.0
2025-12-09,29.1299991607666,29.71500015258789,29.110000610351562,29.700000762939453,28.67762565612793,8579200,0.0,0.0
2025-12-10,29.57200050354004,29.899999618530273,29.57200050354004,29.610000610351562,28.590723037719727,7067200,0.0,0.0
2025-12-11,29.43000030517578,29.610000610351562,29.299999237060547,29.540000915527344,28.523134231567383,8783500,0.0,0.0
2025-12-12,29.610000610351562,29.93000030517578,29.309999465942383,29.440000534057617,28.42657470703125,7582400,0.0,0.0
2025-12-15,29.31999969482422,29.3799991607666,28.84000015258789,28.850000381469727,27.85688591003418,7265200,0.0,0.0
2025-12-16,28.440000534057617,28.860000610351562,28.31999969482422,28.850000381469727,27.85688591003418,8175500,0.0,0.0
2025-12-17,28.93000030517578,29.18000030517578,28.55500030517578,28.600000381469727,27.615489959716797,6603800,0.0,0.0
2025-12-18,28.905000686645508,29.09000015258789,28.774999618530273,28.799999237060547,27.808605194091797,6832400,0.0,0.0
2025-12-19,28.639999389648438,29.0,28.610000610351562,28.81999969482422,27.827917098999023,9963800,0.0,0.0
2025-12-22,28.8799991607666,29.139999389648438,28.799999237060547,29.09000015258789,28.088623046875,9558600,0.0,0.0
2025-12-23,29.0,29.079999923706055,28.729999542236328,29.079999923706055,28.078968048095703,6847400,0.0,0.0
2025-12-24,29.040000915527344,29.437000274658203,29.030000686645508,29.170000076293945,28.165868759155273,4152300,0.0,0.0
2025-12-26,29.290000915527344,29.440000534057617,29.059999465942383,29.399999618530273,28.387950897216797,4767900,0.0,0.0
2025-12-29,28.899999618530273,29.280000686645508,28.760000228881836,29.270000457763672,28.262426376342773,13141000,0.0,0.0
2025-12-30,29.19499969482422,29.270000457763672,28.684999465942383,28.709999084472656,27.721702575683594,10284200,0.0,0.0
2025-12-31,28.610000610351562,28.739999771118164,28.510000228881836,28.700000762939453,27.71204948425293,8272200,0.0,0.0
2026-01-02,29.584999084472656,29.594999313354492,29.020000457763672,29.530000686645508,28.513477325439453,12077100,0.0,0.0
2026-01-05,29.1200008392334,29.864999771118164,28.860000610351562,29.649999618530273,28.629344940185547,11039000,0.0,0.0
2026-01-06,29.790000915527344,30.0,29.575000762939453,29.600000381469727,28.58106803894043,9735500,0.0,0.0
2026-01-07,29.260000228881836,29.260000228881836,28.86400032043457,29.030000686645508,28.030689239501953,8705600,0.0,0.0
2026-01-08,28.729999542236328,29.725000381469727,28.639999389648438,29.670000076293945,28.648656845092773,10892900,0.0,0.0
2026-01-09,29.649999618530273,29.764999389648438,29.364999771118164,29.450000762939453,28.43623161315918,6221600,0.0,0.0
2026-01-12,29.90999984741211,30.979000091552734,29.889999389648438,30.729999542236328,29.672168731689453,15582000,0.0,0.0
2026-01-13,30.38800048828125,30.475000381469727,29.760000228881836,29.8799991607666,28.85142707824707,11961200,0.0,0.0
2026-01-14,29.594999313354492,30.19499969482422,29.559999465942383,29.829999923706055,28.803150177001953,8963000,0.0,0.0
2026-01-15,29.709999084472656,29.790000915527344,29.05500030517578,29.40999984741211,28.397607803344727,9606700,0.0,0.0
2026-01-16,29.260000228881836,29.31999969482422,28.56999969482422,28.899999618530273,27.905162811279297,10720900,0.0,0.0
2026-01-20,28.5,28.860000610351562,28.34000015258789,28.3799991607666,27.40306282043457,8556300,0.0,0.0
2026-01-21,28.94499969482422,29.334999084472656,28.718000411987305,29.06999969482422,28.069311141967773,13987700,0.0,0.0
2026-01-22,29.389999389648438,30.155000686645508,29.3799991607666,30.0,28.96729850769043,13027600,0.0,0.0
2026-01-23,29.549999237060547,29.975000381469727,29.5,29.84000015258789,28.81280517578125,7592800,0.0,0.0
2026-01-26,29.780000686645508,30.014999389648438,29.489999771118164,29.780000686645508,28.754871368408203,7040800,0.0,0.0
2026-01-27,29.200000762939453,29.56999969482422,29.040000915527344,29.5,28.484508514404297,9219300,0.0,0.0
2026-01-28,29.649999618530273,29.700000762939453,29.094999313354492,29.229999542236328,28.22380256652832,8432300,0.0,0.0
2026-01-29,29.475000381469727,29.81999969482422,28.825000762939453,29.06999969482422,28.069311141967773,11682400,0.0,0.0
2026-01-30,28.899999618530273,29.040000915527344,28.329999923706055,28.479999542236328,27.49962043762207,9416500,0.0,0.0
2026-02-02,28.280000686645508,28.71500015258789,28.18000030517578,28.530000686645508,27.547901153564453,7621100,0.0,0.0
2026-02-03,28.100000381469727,28.295000076293945,27.700000762939453,28.040000915527344,27.07476806640625,11786400,0.0,0.0
2026-02-04,27.729999542236328,27.84000015258789,27.15999984741211,27.549999237060547,26.601634979248047,13923100,0.0,0.0
2026-02-05,27.559999465942383,27.670000076293945,27.225000381469727,27.31999969482422,26.379552841186523,10774700,0.0,0.0
2026-02-06,27.600000381469727,28.110000610351562,27.5,28.06999969482422,27.103734970092773,8876200,0.0,0.0
2026-02-09,27.75,28.25,27.614999771118164,28.010000228881836,27.045801162719727,7502300,0.0,0.0
2026-02-10,28.1200008392334,28.709999084472656,27.924999237060547,28.350000381469727,27.374095916748047,7784200,0.0,0.0
2026-02-11,28.040000915527344,28.309999465942383,27.8700008392334,28.270000457763672,27.296850204467773,5828600,0.0,0.0
2026-02-12,27.860000610351562,27.8799991607666,27.020000457763672,27.520000457763672,26.572668075561523,13130500,0.0,0.0
2026-02-13,27.049999237060547,27.475000381469727,27.030000686645508,27.139999389648438,26.205747604370117,8908500,0.0,0.0
2026-02-17,27.139999389648438,27.479999542236328,26.950000762939453,27.329999923706055,26.38920783996582,6222500,0.0,0.0
2026-02-18,27.510000228881836,27.614999771118164,27.325000762939453,27.40999984741211,26.466453552246094,3780100,0.0,0.0
2026-02-19,27.420000076293945,27.450000762939453,27.075000762939453,27.270000457763672,26.331274032592773,5254800,0.0,0.0
2026-02-20,26.799999237060547,27.520000457763672,26.71500015258789,27.40999984741211,26.466453552246094,8653500,0.0,0.0
2026-02-23,27.559999465942383,27.600000381469727,27.0,27.229999542236328,26.29265022277832,7434600,0.0,0.0
2026-02-24,27.299999237060547,27.625,27.149999618530273,27.520000457763672,26.572668075561523,5391400,0.0,0.0
2026-02-25,27.459999084472656,27.584999084472656,27.21500015258789,27.540000915527344,26.59197998046875,4549200,0.0,0.0
2026-02-26,26.815000534057617,27.059999465942383,26.674999237060547,26.979999542236328,26.05125617980957,9675500,0.0,0.0
2026-02-27,26.56999969482422,26.735000610351562,26.399999618530273,26.530000686645508,25.61674690246582,7858600,0.0,0.0
2026-03-02,25.709999084472656,26.354999542236328,25.649999618530273,26.350000381469727,25.442943572998047,9507900,0.0,0.0
2026-03-03,25.31999969482422,25.790000915527344,25.014999389648438,25.639999389648438,24.757383346557617,16010100,0.0,0.0
2026-03-04,25.375,25.434999465942383,25.149999618530273,25.399999618530273,24.525644302368164,17397100,0.0,0.0
2026-03-05,24.510000228881836,25.489999771118164,24.507999420166016,25.469999313354492,24.59323501586914,27910900,0.0,0.0
2026-03-06,26.360000610351562,27.334999084472656,26.229999542236328,27.030000686645508,26.09953498840332,22895300,0.0,0.0
2026-03-09,26.940000534057617,27.559999465942383,26.809999465942383,27.469999313354492,26.52438735961914,12764700,0.0,0.0
2026-03-10,27.59000015258789,28.18000030517578,27.514999389648438,27.729999542236328,26.77543830871582,11580200,0.0,0.0
2026-03-11,27.825000762939453,28.155000686645508,27.780000686645508,28.110000610351562,27.142358779907227,8803900,0.0,0.0
2026-03-12,28.06999969482422,28.364999771118164,27.90999984741211,27.940000534057617,26.97821044921875,10072300,0.0,0.0
2026-03-13,28.260000228881836,28.514999389648438,28.104999542236328,28.31999969482422,27.345129013061523,9203400,0.0,0.0
2026-03-16,28.469999313354492,29.239999771118164,28.280000686645508,28.489999771118164,27.50927734375,13710100,0.0,0.0
2026-03-17,28.579999923706055,28.790000915527344,28.479999542236328,28.540000915527344,27.55755615234375,6777600,0.0,0.0
2026-03-18,28.420000076293945,28.860000610351562,28.190000534057617,28.200000762939453,27.22926139831543,6809800,0.0,0.0
2026-03-19,27.299999237060547,28.15999984741211,27.149999618530273,28.020000457763672,27.055456161499023,12200300,0.0,0.0
2026-03-20,27.709999084472656,27.790000915527344,27.084999084472656,27.270000457763672,26.331274032592773,11150200,0.0,0.0
2026-03-23,27.459999084472656,27.790000915527344,27.350000381469727,27.540000915527344,26.59197998046875,9641400,0.0,0.0
2026-03-24,27.325000762939453,27.566999435424805,27.235000610351562,27.469999313354492,26.52438735961914,8730400,0.0,0.0
2026-03-25,28.639999389648438,29.950000762939453,28.530000686645508,29.75,28.72590446472168,28319800,0.0,0.0
2026-03-26,28.924999237060547,29.584999084472656,28.924999237060547,29.18000030517578,28.175525665283203,9887300,0.0,0.0
2026-03-27,29.049999237060547,29.25,28.649999618530273,28.700000762939453,27.71204948425293,7809600,0.0,0.0
2026-03-30,28.790000915527344,29.190000534057617,28.760000228881836,28.940000534057617,27.94378662109375,12910700,0.0,0.0
2026-03-31,28.860000610351562,29.6200008392334,28.81999969482422,29.56999969482422,28.552099227905273,10800100,0.0,0.0
2026-04-01,29.079999923706055,29.354999542236328,28.78499984741211,28.8700008392334,27.876197814941406,8431000,0.0,0.0
2026-04-02,28.420000076293945,28.79800033569336,28.325000762939453,28.459999084472656,27.480308532714844,8038300,0.0,0.0
2026-04-06,28.450000762939453,28.799999237060547,28.420000076293945,28.510000228881836,27.528589248657227,5117000,0.0,0.0
2026-04-07,28.420000076293945,28.5,28.059999465942383,28.459999084472656,27.480308532714844,5181500,0.0,0.0
2026-04-08,29.350000381469727,29.530000686645508,29.0,29.049999237060547,28.049999237060547,11952200,0.0,0.0
2026-04-09,28.200000762939453,28.549999237060547,27.899999618530273,28.34000015258789,28.34000015258789,8653500,1.0,0.0
2026-04-10,28.59000015258789,29.014999389648438,28.579999923706055,28.93000030517578,28.93000030517578,10991700,0.0,0.0
2026-04-13,28.700000762939453,29.007999420166016,28.459999084472656,28.940000534057617,28.940000534057617,7826200,0.0,0.0
2026-04-14,29.65999984741211,31.25,29.6560001373291,31.25,31.25,22598200,0.0,0.0
2026-04-15,31.049999237060547,31.760000228881836,30.93000030517578,31.469999313354492,31.469999313354492,14233800,0.0,0.0
2026-04-16,31.545000076293945,31.950000762939453,31.145000457763672,31.329999923706055,31.329999923706055,13581800,0.0,0.0
2026-04-17,31.770000457763672,32.04999923706055,31.540000915527344,31.600000381469727,31.600000381469727,10619700,0.0,0.0
2026-04-20,31.280000686645508,31.510000228881836,31.1299991607666,31.3700008392334,31.3700008392334,6998200,0.0,0.0
2026-04-21,31.368999481201172,31.368999481201172,30.44499969482422,30.520000457763672,30.520000457763672,7993100,0.0,0.0
2026-04-22,30.780000686645508,30.8700008392334,30.479999542236328,30.610000610351562,30.610000610351562,5636800,0.0,0.0
2026-04-23,30.31999969482422,30.469999313354492,29.719999313354492,29.979999542236328,29.979999542236328,9053400,0.0,0.0
2026-04-24,30.149999618530273,30.389999389648438,30.030000686645508,30.270000457763672,30.270000457763672,3833900,0.0,0.0
2026-04-27,29.760000228881836,30.1299991607666,29.71500015258789,29.75,29.75,4461200,0.0,0.0
2026-04-28,29.559999465942383,29.739999771118164,29.43000030517578,29.729999542236328,29.729999542236328,5178400,0.0,0.0
2026-04-29,29.8799991607666,30.020000457763672,29.65999984741211,29.700000762939453,29.700000762939453,4215100,0.0,0.0
2026-04-30,29.760000228881836,30.459999084472656,29.700000762939453,30.31999969482422,30.31999969482422,8201600,0.0,0.0
2026-05-01,30.290000915527344,30.420000076293945,29.920000076293945,29.959999084472656,29.959999084472656,4775800,0.0,0.0
2026-05-04,29.889999389648438,30.3700008392334,29.86400032043457,30.040000915527344,30.040000915527344,7621900,0.0,0.0
2026-05-05,29.84000015258789,30.010000228881836,29.625,29.68000030517578,29.68000030517578,6693800,0.0,0.0
2026-05-06,29.780000686645508,30.700000762939453,29.57200050354004,30.690000534057617,30.690000534057617,10348400,0.0,0.0
2026-05-07,30.450000762939453,30.600000381469727,30.1299991607666,30.209999084472656,30.209999084472656,8695800,0.0,0.0
2026-05-08,30.229999542236328,30.270000457763672,29.959999084472656,30.1299991607666,30.1299991607666,8018500,0.0,0.0
2026-05-11,30.440000534057617,30.844999313354492,30.350000381469727,30.530000686645508,30.530000686645508,11216100,0.0,0.0
2026-05-12,30.959999084472656,31.559999465942383,30.3700008392334,31.489999771118164,31.489999771118164,19818800,0.0,0.0
2026-05-13,32.40999984741211,34.29999923706055,32.40999984741211,33.77000045776367,33.77000045776367,37590300,0.0,0.0
2026-05-14,33.314998626708984,33.709999084472656,32.84000015258789,32.86000061035156,32.86000061035156,13854400,0.0,0.0
2026-05-15,32.43000030517578,32.560001373291016,31.790000915527344,32.0099983215332,32.0099983215332,14711500,0.0,0.0
2026-05-18,32.22999954223633,32.439998626708984,31.53499984741211,31.600000381469727,31.600000381469727,10107300,0.0,0.0
2026-05-19,31.940000534057617,32.63999938964844,31.8700008392334,32.380001068115234,32.380001068115234,13889400,0.0,0.0
2026-05-20,32.70000076293945,32.83000183105469,32.375,32.459999084472656,32.459999084472656,7575100,0.0,0.0
2026-05-21,31.545000076293945,31.6299991607666,31.145000457763672,31.469999313354492,31.469999313354492,7779200,0.0,0.0
2026-05-22,30.2549991607666,30.989999771118164,30.1299991607666,30.520000457763672,30.520000457763672,10415400,0.0,0.0
2026-05-26,30.170000076293945,30.3700008392334,29.829999923706055,29.989999771118164,29.989999771118164,13539700,0.0,0.0
2026-05-27,29.549999237060547,30.125,29.450000762939453,29.84000015258789,29.84000015258789,7252300,0.0,0.0
2026-05-28,29.06999969482422,29.209999084472656,28.709999084472656,29.139999389648438,29.139999389648438,9490000,0.0,0.0
2026-05-29,28.809999465942383,29.06999969482422,28.65999984741211,28.829999923706055,28.829999923706055,6071600,0.0,0.0
2026-06-01,28.549999237060547,29.274999618530273,28.520000457763672,29.09000015258789,29.09000015258789,10319400,0.0,0.0
2026-06-02,30.420000076293945,30.690000534057617,30.079999923706055,30.149999618530273,30.149999618530273,10855500,0.0,0.0
2026-06-03,29.420000076293945,29.614999771118164,29.200000762939453,29.40999984741211,29.40999984741211,6868300,0.0,0.0
2026-06-04,29.40999984741211,29.790000915527344,29.18000030517578,29.190000534057617,29.190000534057617,5548700,0.0,0.0
2026-06-05,29.68000030517578,29.700000762939453,28.719999313354492,28.8799991607666,28.8799991607666,7306800,0.0,0.0
2026-06-08,29.040000915527344,29.18000030517578,28.56999969482422,28.59000015258789,28.59000015258789,5149500,0.0,0.0
2026-06-09,29.209999084472656,29.219999313354492,28.575000762939453,28.729999542236328,28.729999542236328,5478800,0.0,0.0
2026-06-10,28.56999969482422,28.8799991607666,28.440000534057617,28.450000762939453,28.450000762939453,3999200,0.0,0.0
2026-06-11,27.81999969482422,28.1200008392334,27.475000381469727,28.059999465942383,28.059999465942383,8241100,0.0,0.0
2026-06-12,28.700000762939453,28.729999542236328,28.395000457763672,28.559999465942383,28.559999465942383,7678400,0.0,0.0
2026-06-15,28.75,28.950000762939453,28.649999618530273,28.68000030517578,28.68000030517578,5676800,0.0,0.0
2026-06-16,28.149999618530273,28.46500015258789,27.9950008392334,28.3799991607666,28.3799991607666,10461700,0.0,0.0
2026-06-17,28.40999984741211,28.530000686645508,27.815000534057617,27.90999984741211,27.90999984741211,6400700,0.0,0.0
2026-06-18,27.690000534057617,27.829999923706055,27.450000762939453,27.56999969482422,27.56999969482422,7942600,0.0,0.0
2026-06-22,27.149999618530273,27.434999465942383,26.889999389648438,27.020000457763672,27.020000457763672,9597700,0.0,0.0
2026-06-23,26.30500030517578,26.84000015258789,26.020000457763672,26.1200008392334,26.1200008392334,12356200,0.0,0.0
2026-06-24,25.770000457763672,25.899999618530273,25.450000762939453,25.479999542236328,25.479999542236328,10738400,0.0,0.0
2026-06-25,25.139999389648438,25.229999542236328,24.760000228881836,25.190000534057617,25.190000534057617,14522000,0.0,0.0
2026-06-26,24.670000076293945,25.450000762939453,24.545000076293945,25.389999389648438,25.389999389648438,13024000,0.0,0.0
2026-06-29,25.53499984741211,25.690000534057617,25.079999923706055,25.25,25.25,9545300,0.0,0.0
2026-06-30,25.299999237060547,25.6299991607666,25.070999145507812,25.479999542236328,25.479999542236328,7754700,0.0,0.0
2026-07-01,25.46500015258789,26.479999542236328,25.40999984741211,26.309999465942383,26.309999465942383,9184000,0.0,0.0
2026-07-02,26.309999465942383,26.684999465942383,26.149999618530273,26.6200008392334,26.6200008392334,7802100,0.0,0.0
2026-07-06,26.799999237060547,26.950000762939453,26.54199981689453,26.780000686645508,26.780000686645508,5281400,0.0,0.0
2026-07-07,26.690000534057617,27.190000534057617,26.459999084472656,26.489999771118164,26.489999771118164,6098700,0.0,0.0
2026-07-08,27.469999313354492,27.729999542236328,27.264999389648438,27.6299991607666,27.6299991607666,12038300,0.0,0.0
2026-07-09,27.479999542236328,27.924999237060547,27.43000030517578,27.739999771118164,27.739999771118164,6846800,0.0,0.0
2026-07-10,28.360000610351562,28.55500030517578,28.149999618530273,28.200000762939453,28.200000762939453,6295100,0.0,0.0
2026-07-13,28.889999389648438,29.290000915527344,28.709999084472656,28.8799991607666,28.8799991607666,8433500,0.0,0.0
2026-07-14,29.1200008392334,29.209999084472656,28.825000762939453,28.84000015258789,28.84000015258789,4912100,0.0,0.0
2026-07-15,29.579999923706055,29.93000030517578,29.260000228881836,29.280000686645508,29.280000686645508,9682500,0.0,0.0
2026-07-16,29.799999237060547,29.969999313354492,29.655000686645508,29.68000030517578,29.68000030517578,9724500,0.0,0.0
2026-07-17,29.43000030517578,29.854999542236328,29.25,29.6200008392334,29.6200008392334,6946500,0.0,0.0
2026-07-20,30.503999710083008,30.770000457763672,30.2549991607666,30.600000381469727,30.600000381469727,8625100,0.0,0.0
2026-07-21,30.8700008392334,30.940000534057617,30.3700008392334,30.43000030517578,30.43000030517578,5996000,0.0,0.0
2026-07-22,30.389999389648438,30.399999618530273,30.094999313354492,30.149999618530273,30.149999618530273,3708200,0.0,0.0
2026-07-23,30.18000030517578,30.309999465942383,29.924999237060547,30.09000015258789,30.09000015258789,5132500,0.0,0.0
2026-07-24,30.014999389648438,30.420000076293945,29.989999771118164,30.190000534057617,30.190000534057617,5095500,0.0,0.0
2026-07-27,30.5,30.954999923706055,30.309999465942383,30.950000762939453,30.950000762939453,8378500,0.0,0.0
2026-07-28,31.6200008392334,32.189998626708984,31.56999969482422,31.790000915527344,31.790000915527344,12837100,0.0,0.0
2026-07-29,31.920000076293945,32.584999084472656,31.920000076293945,32.20000076293945,32.20000076293945,11748200,0.0,0.0
2026-07-30,32.59000015258789,32.59000015258789,31.834999084472656,32.310001373291016,32.310001373291016,9026100,0.0,0.0
2026-07-31,32.29999923706055,33.029998779296875,32.25,33.0099983215332,33.0099983215332,9054300,0.0,0.0
2026-08-03,33.0,33.21500015258789,32.869998931884766,33.02000045776367,33.02000045776367,7366500,0.0,0.0
2026-08-04,32.7599983215332,32.970001220703125,32.65999984741211,32.970001220703125,32.970001220703125,4477100,0.0,0.0
2026-08-05,33.20000076293945,33.20000076293945,32.5099983215332,32.540000915527344,32.540000915527344,5629200,0.0,0.0
2026-08-06,32.560001373291016,32.83000183105469,32.220001220703125,32.810001373291016,32.810001373291016,4320200,0.0,0.0
2026-08-07,32.790000915527344,32.98500061035156,32.65399932861328,32.970001220703125,32.970001220703125,4203900,0.0,0.0
2026-08-10,32.97999954223633,33.4900016784668,32.935001373291016,33.470001220703125,33.470001220703125,7662300,0.0,0.0
2026-08-11,32.26499938964844,32.26499938964844,31.709999084472656,31.920000076293945,31.920000076293945,12825900,0.0,0.0
2026-08-12,31.389999389648438,31.610000610351562,31.010000228881836,31.610000610351562,31.610000610351562,13595600,0.0,0.0
2026-08-13,30.829999923706055,31.3700008392334,28.860000610351562,29.299999237060547,29.299999237060547,32093900,0.0,0.0
2026-08-14,28.530000686645508,29.155000686645508,28.530000686645508,29.059999465942383,29.059999465942383,14497300,0.0,0.0
2026-08-17,28.860000610351562,28.989999771118164,28.43000030517578,28.5,28.5,8923500,0.0,0.0
2026-08-18,28.440000534057617,28.81999969482422,28.334999084472656,28.81999969482422,28.81999969482422,7977600,0.0,0.0
2026-08-19,28.84000015258789,29.3799991607666,28.809999465942383,29.350000381469727,29.350000381469727,8696200,0.0,0.0
2026-08-20,29.139999389648438,29.5,28.915000915527344,29.40999984741211,29.40999984741211,6291300,0.0,0.0
2026-08-21,29.583999633789062,29.583999633789062,29.170000076293945,29.3700008392334,29.3700008392334,5216100,0.0,0.0
2026-08-24,29.059999465942383,29.360000610351562,28.985000610351562,29.200000762939453,29.200000762939453,5472400,0.0,0.0
2026-08-25,28.934999465942383,29.385000228881836,28.8799991607666,29.360000610351562,29.360000610351562,5213600,0.0,0.0
2026-08-26,28.989999771118164,29.1200008392334,28.739999771118164,28.770000457763672,28.770000457763672,4705100,0.0,0.0
2026-08-27,28.510000228881836,28.55500030517578,28.31999969482422,28.489999771118164,28.489999771118164,4364300,0.0,0.0
2026-08-28,28.489999771118164,28.75,28.459999084472656,28.739999771118164,28.739999771118164,4784000,0.0,0.0
2026-08-31,28.56999969482422,28.709999084472656,28.204999923706055,28.239999771118164,28.239999771118164,7338900,0.0,0.0
2026-09-01,27.864999771118164,28.110000610351562,27.709999084472656,27.899999618530273,27.899999618530273,6635900,0.0,0.0
2026-09-02,27.704999923706055,28.024999618530273,27.700000762939453,27.829999923706055,27.829999923706055,6763000,0.0,0.0
2026-09-03,27.44499969482422,27.81999969482422,27.354999542236328,27.739999771118164,27.739999771118164,6928500,0.0,0.0
2026-09-04,28.15999984741211,28.290000915527344,28.024999618530273,28.260000228881836,28.260000228881836,4886900,0.0,0.0
2026-09-08,27.75200080871582,27.899999618530273,27.434999465942383,27.68000030517578,27.68000030517578,6345900,0.0,0.0
2026-09-09,27.1200008392334,27.270000457763672,26.850000381469727,27.0,27.0,8996500,0.0,0.0
2026-09-10,26.75,27.075000762939453,26.75,27.020000457763672,27.020000457763672,6815800,0.0,0.0
2026-09-11,27.260000228881836,27.395000457763672,27.030000686645508,27.059999465942383,27.059999465942383,4179900,0.0,0.0
2026-09-14,27.09000015258789,27.4950008392334,26.985000610351562,27.260000228881836,27.260000228881836,4815700,0.0,0.0
2026-09-15,27.2549991607666,27.40999984741211,27.049999237060547,27.09000015258789,27.09000015258789,4385000,0.0,0.0
2026-09-16,26.992000579833984,27.030000686645508,26.760000228881836,26.899999618530273,26.899999618530273,6416800,0.0,0.0
2026-09-17,26.899999618530273,26.940000534057617,26.6299991607666,26.639999389648438,26.639999389648438,5703500,0.0,0.0
2026-09-18,26.764999389648438,27.014999389648438,26.735000610351562,26.920000076293945,26.920000076293945,6384100,0.0,0.0
2026-09-21,26.959999084472656,27.290000915527344,26.700000762939453,27.280000686645508,27.280000686645508,6457400,0.0,0.0
2026-09-22,27.549999237060547,27.71500015258789,27.270000457763672,27.3799991607666,27.3799991607666,5078100,0.0,0.0
2026-09-23,27.049999237060547,27.239999771118164,26.861000061035156,27.15999984741211,27.15999984741211,4729200,0.0,0.0
2026-09-24,27.03499984741211,27.09000015258789,26.665000915527344,26.75,26.75,6908800,0.0,0.0
2026-09-25,26.579999923706055,26.600000381469727,26.389999389648438,26.510000228881836,26.510000228881836,5159300,0.0,0.0
2026-09-28,26.68000030517578,26.799999237060547,26.575000762939453,26.610000610351562,26.610000610351562,5599000,0.0,0.0
2026-09-29,26.31999969482422,26.405000686645508,26.114999771118164,26.299999237060547,26.299999237060547,7481400,0.0,0.0
2026-09-30,26.56999969482422,26.690000534057617,26.510000228881836,26.600000381469727,26.600000381469727,5084400,0.0,0.0
2026-10-01,26.670000076293945,26.864999771118164,26.270000457763672,26.3700008392334,26.3700008392334,5029900,0.0,0.0
2026-10-02,26.049999237060547,26.1200008392334,25.709999084472656,25.780000686645508,25.780000686645508,8867900,0.0,0.0
2026-10-05,26.1200008392334,26.55500030517578,26.06999969482422,26.360000610351562,26.360000610351562,7362200,0.0,0.0
2026-10-06,26.354999542236328,26.614999771118164,26.18000030517578,26.5,26.5,6777800,0.0,0.0
