date,open,high,low,close,adj_close,volume,dividends,splits
2019-01-02,46.1619987487793,46.58000183105469,45.220001220703125,45.948001861572266,39.18585968017578,3898000,0.0,0.0
2019-01-03,45.305999755859375,45.71200180053711,43.768001556396484,44.18000030517578,37.67805862426758,3222500,0.0,0.0
2019-01-04,45.242000579833984,47.7599983215332,45.04999923706055,45.95000076293945,39.187557220458984,5759500,0.0,0.0
2019-01-07,47.0,48.20000076293945,46.125999450683594,47.89799880981445,40.8488883972168,3463000,0.0,0.0
2019-01-08,48.152000427246094,48.70800018310547,47.534000396728516,48.481998443603516,41.346927642822266,3105000,0.0,0.0
2019-01-09,48.79999923706055,51.74399948120117,48.61199951171875,51.6879997253418,44.08110046386719,6163000,0.0,0.0
2019-01-10,50.7599983215332,51.18600082397461,49.79399871826172,51.029998779296875,43.51994323730469,4140000,0.0,0.0
2019-01-11,50.68600082397461,50.88399887084961,48.29999923706055,48.683998107910156,41.51920700073242,4152500,0.0,0.0
2019-01-14,48.433998107910156,49.27799987792969,47.84400177001953,48.01599884033203,40.949520111083984,3707000,0.0,0.0
2019-01-15,48.6619987487793,49.51599884033203,48.374000549316406,49.40399932861328,42.13323974609375,3490500,0.0,0.0
2019-01-16,49.599998474121094,51.02199935913086,49.599998474121094,50.84400177001953,43.36132049560547,4470500,0.0,0.0
2019-01-17,50.47600173950195,50.99800109863281,49.827999114990234,50.43600082397461,43.013370513916016,2686000,0.0,0.0
2019-01-18,50.9900016784668,51.73400115966797,50.22800064086914,50.5359992980957,43.09864807128906,3919000,0.0,0.0
2019-01-22,49.81999969482422,49.93600082397461,48.49399948120117,49.018001556396484,41.80405044555664,3207000,0.0,0.0
2019-01-23,49.40999984741211,49.900001525878906,48.70399856567383,49.2599983215332,42.01043701171875,2310500,0.0,0.0
2019-01-24,49.47600173950195,49.91999816894531,47.55799865722656,48.07600021362305,41.00068283081055,4801000,0.0,0.0
2019-01-25,49.189998626708984,49.22999954223633,48.25600051879883,48.518001556396484,41.377655029296875,4918000,0.0,0.0
2019-01-28,48.16600036621094,48.82600021362305,47.284000396728516,48.25400161743164,41.15249252319336,2744500,0.0,0.0
2019-01-29,47.74599838256836,48.152000427246094,47.00199890136719,47.619998931884766,40.61179733276367,2159500,0.0,0.0
2019-01-30,48.34600067138672,48.810001373291016,47.444000244140625,48.61000061035156,41.456092834472656,3408000,0.0,0.0
2019-01-31,48.79999923706055,50.492000579833984,48.79999923706055,50.38600158691406,42.970726013183594,4647000,0.0,0.0
2019-02-01,49.86199951171875,51.20000076293945,49.54199981689453,49.95800018310547,42.605716705322266,3136500,0.0,0.0
2019-02-04,49.95800018310547,50.96799850463867,49.95800018310547,50.32600021362305,42.9195442199707,1568000,0.0,0.0
2019-02-05,50.37200164794922,51.400001525878906,50.37200164794922,51.349998474121094,43.7928466796875,1534000,0.0,0.0
2019-02-06,50.71200180053711,50.76599884033203,48.59400177001953,48.62799835205078,41.47144317626953,2989500,0.0,0.0
2019-02-07,48.400001525878906,48.50400161743164,47.071998596191406,47.54199981689453,40.54527282714844,3560000,0.0,0.0
2019-02-08,47.400001525878906,48.20000076293945,47.06399917602539,47.97600173950195,40.915409088134766,1768000,0.0,0.0
2019-02-11,48.46799850463867,49.104000091552734,48.0099983215332,48.029998779296875,40.961448669433594,2236000,0.0,0.0
2019-02-12,48.358001708984375,49.13399887084961,48.11600112915039,48.880001068115234,41.686344146728516,2353000,0.0,0.0
2019-02-13,49.08399963378906,49.59000015258789,47.70000076293945,48.10599899291992,41.02626037597656,3687500,0.0,0.0
2019-02-14,47.917999267578125,48.31999969482422,47.45199966430664,48.22800064086914,41.13031005859375,1613500,0.0,0.0
2019-02-15,48.349998474121094,48.349998474121094,45.20399856567383,45.52399826049805,38.82426071166992,5531500,0.0,0.0
2019-02-19,47.0,47.7400016784668,45.84199905395508,45.928001403808594,39.16880416870117,6565500,0.0,0.0
2019-02-20,46.374000549316406,47.52000045776367,45.902000427246094,46.52000045776367,39.67367172241211,5596000,0.0,0.0
2019-02-21,45.86000061035156,46.0,43.262001037597656,43.78200149536133,37.338626861572266,13446500,0.0,0.0
2019-02-22,44.20000076293945,44.99599838256836,44.09400177001953,44.529998779296875,37.97654342651367,6351500,0.0,0.0
2019-02-25,45.44599914550781,45.91600036621094,44.13999938964844,44.8380012512207,38.23922348022461,7100000,0.0,0.0
2019-02-26,44.284000396728516,45.2760009765625,44.04999923706055,44.965999603271484,38.348388671875,3421000,0.0,0.0
2019-02-27,44.92599868774414,45.35200119018555,44.650001525878906,45.124000549316406,38.483131408691406,2623000,0.0,0.0
2019-02-28,45.00600051879883,45.18199920654297,44.20000076293945,44.64400100708008,38.07376480102539,3791500,0.0,0.0
2019-03-01,45.0,45.13399887084961,42.46799850463867,43.47600173950195,37.077659606933594,6437000,0.0,0.0
2019-03-04,43.79999923706055,43.81800079345703,42.65599822998047,43.79199981689453,37.3471565246582,4417500,0.0,0.0
2019-03-05,43.65999984741211,46.11600112915039,43.65999984741211,45.79399871826172,39.05453109741211,4789500,0.0,0.0
2019-03-06,45.84199905395508,46.83399963378906,45.48400115966797,46.358001708984375,39.5355224609375,3381500,0.0,0.0
2019-03-07,45.448001861572266,45.85599899291992,44.736000061035156,44.88800048828125,38.36130142211914,3865000,0.096,0.0
2019-03-08,44.12200164794922,46.198001861572266,43.79999923706055,45.31399917602539,38.72536849975586,3140000,0.0,0.0
2019-03-11,45.85200119018555,47.11800003051758,45.784000396728516,46.59000015258789,39.81582260131836,3140500,0.0,0.0
2019-03-12,46.709999084472656,46.99800109863281,45.9900016784668,46.54600143432617,39.77822494506836,2561000,0.0,0.0
2019-03-13,46.4119987487793,48.61800003051758,46.018001556396484,48.172000885009766,41.167808532714844,3932500,0.0,0.0
2019-03-14,47.47999954223633,47.90399932861328,46.75199890136719,47.7140007019043,40.77639389038086,2253000,0.0,0.0
2019-03-15,48.099998474121094,48.816001892089844,48.099998474121094,48.470001220703125,41.422481536865234,3898000,0.0,0.0
2019-03-18,48.95399856567383,49.189998626708984,47.900001525878906,48.69599914550781,41.615623474121094,2298500,0.0,0.0
2019-03-19,49.0,49.194000244140625,48.22200012207031,48.858001708984375,41.754066467285156,2506000,0.0,0.0
2019-03-20,48.13600158691406,48.597999572753906,47.18600082397461,47.400001525878906,40.508060455322266,3323000,0.0,0.0
2019-03-21,47.310001373291016,48.31800079345703,47.1879997253418,48.00400161743164,41.02423095703125,3539000,0.0,0.0
2019-03-22,47.641998291015625,47.86399841308594,46.37200164794922,46.470001220703125,39.71327209472656,2465000,0.0,0.0
2019-03-25,46.301998138427734,46.97999954223633,45.77799987792969,46.74800109863281,39.95085525512695,3340500,0.0,0.0
2019-03-26,46.87200164794922,47.83399963378906,46.849998474121094,47.077999114990234,40.23287582397461,2334500,0.0,0.0
2019-03-27,47.23400115966797,47.66999816894531,46.95600128173828,47.04800033569336,40.207237243652344,2637000,0.0,0.0
2019-03-28,47.07600021362305,47.33599853515625,46.47200012207031,47.25400161743164,40.3832893371582,1617500,0.0,0.0
2019-03-29,47.86800003051758,48.34600067138672,47.53200149536133,48.290000915527344,41.268646240234375,3373500,0.0,0.0
2019-04-01,48.97600173950195,51.459999084472656,48.7599983215332,51.20199966430664,43.757240295410156,5150500,0.0,0.0
2019-04-02,50.917999267578125,51.82600021362305,50.54800033569336,51.65800094604492,44.146942138671875,3504500,0.0,0.0
2019-04-03,51.801998138427734,54.029998779296875,51.72800064086914,53.513999938964844,45.73307800292969,5358000,0.0,0.0
2019-04-04,53.400001525878906,54.18600082397461,53.3120002746582,53.95199966430664,46.10738754272461,3854500,0.0,0.0
2019-04-05,54.33000183105469,56.54800033569336,54.013999938964844,55.93600082397461,47.80292892456055,5735000,0.0,0.0
2019-04-08,55.599998474121094,55.79399871826172,54.20000076293945,55.74599838256836,47.64055252075195,5049000,0.0,0.0
2019-04-09,55.5880012512207,56.167999267578125,54.95000076293945,55.34400177001953,47.29700469970703,3334500,0.0,0.0
2019-04-10,55.24399948120117,55.31800079345703,53.80799865722656,54.59400177001953,46.65604782104492,4222500,0.0,0.0
2019-04-11,54.70800018310547,54.77399826049805,54.20199966430664,54.72200012207031,46.765438079833984,1654000,0.0,0.0
2019-04-12,55.0880012512207,55.619998931884766,54.62799835205078,54.88999938964844,46.90901184082031,2349000,0.0,0.0
2019-04-15,54.72600173950195,54.880001068115234,53.52199935913086,54.108001708984375,46.2407112121582,1915000,0.0,0.0
2019-04-16,54.47999954223633,54.57400131225586,52.97999954223633,53.14799880981445,45.4202880859375,2328000,0.0,0.0
2019-04-17,53.49599838256836,54.2400016784668,53.2859992980957,53.65599822998047,45.85443115234375,2846000,0.0,0.0
2019-04-18,53.69200134277344,53.79999923706055,52.67399978637695,53.20199966430664,45.46643829345703,2442000,0.0,0.0
2019-04-22,52.58000183105469,53.762001037597656,52.402000427246094,53.608001708984375,45.81340789794922,1576500,0.0,0.0
2019-04-23,53.599998474121094,54.90999984741211,53.5620002746582,54.827999114990234,46.85603713989258,3252500,0.0,0.0
2019-04-24,54.327999114990234,54.89400100708008,53.47800064086914,54.83599853515625,46.862857818603516,2242500,0.0,0.0
2019-04-25,54.7599983215332,55.78799819946289,54.29199981689453,55.59400177001953,47.510658264160156,3458000,0.0,0.0
2019-04-26,55.40999984741211,56.59000015258789,55.04199981689453,56.145999908447266,47.982391357421875,3215500,0.0,0.0
2019-04-29,56.358001708984375,56.98400115966797,56.21799850463867,56.72999954223633,48.481475830078125,1855000,0.0,0.0
2019-04-30,56.72999954223633,57.4640007019043,56.279998779296875,56.90599822998047,48.631874084472656,3132500,0.0,0.0
2019-05-01,57.2760009765625,57.70000076293945,56.83399963378906,57.07400131225586,48.775455474853516,2514500,0.0,0.0
2019-05-02,56.36600112915039,57.8380012512207,55.67599868774414,56.08000183105469,47.92599868774414,3985000,0.0,0.0
2019-05-03,56.0,57.9379997253418,55.779998779296875,57.0880012512207,48.78742218017578,3938000,0.0,0.0
2019-05-06,54.42399978637695,56.45399856567383,54.2599983215332,56.284000396728516,48.1003303527832,4119500,0.0,0.0
2019-05-07,55.57400131225586,55.73400115966797,52.09600067138672,52.83399963378906,45.151954650878906,8553000,0.0,0.0
2019-05-08,52.832000732421875,53.104000091552734,50.040000915527344,52.88199996948242,45.192970275878906,5181000,0.0,0.0
2019-05-09,51.59400177001953,52.540000915527344,50.869998931884766,52.33399963378906,44.72465515136719,4103000,0.0,0.0
2019-05-10,52.41999816894531,53.12200164794922,51.64400100708008,52.89400100708008,45.20323181152344,4955500,0.0,0.0
2019-05-13,50.77799987792969,51.40599822998047,50.465999603271484,50.91400146484375,43.51112747192383,5584000,0.0,0.0
2019-05-14,51.709999084472656,52.810001373291016,51.071998596191406,52.4739990234375,44.84429931640625,4643500,0.0,0.0
2019-05-15,52.29800033569336,53.38600158691406,51.80400085449219,52.40800094604492,44.787899017333984,3634500,0.0,0.0
2019-05-16,55.0,56.400001525878906,54.54199981689453,55.821998596191406,47.70549011230469,7836500,0.0,0.0
2019-05-17,54.854000091552734,54.900001525878906,52.82600021362305,53.305999755859375,45.55533218383789,5164000,0.0,0.0
2019-05-20,52.400001525878906,52.400001525878906,50.84000015258789,51.52399826049805,44.032432556152344,4829500,0.0,0.0
2019-05-21,52.0880012512207,52.8380012512207,51.678001403808594,52.52399826049805,44.88704299926758,3744000,0.0,0.0
2019-05-22,52.395999908447266,52.529998779296875,51.25400161743164,52.15599822998047,44.57253646850586,4241000,0.0,0.0
2019-05-23,51.29199981689453,52.172000885009766,50.60200119018555,52.034000396728516,44.46826934814453,3994000,0.0,0.0
2019-05-24,52.16600036621094,52.400001525878906,50.86600112915039,51.19599914550781,43.75211715698242,4426500,0.0,0.0
2019-05-28,51.27000045776367,51.736000061035156,50.12799835205078,50.16600036621094,42.87187194824219,11847000,0.0,0.0
2019-05-29,49.650001525878906,50.38399887084961,49.231998443603516,49.6879997253418,42.46337890625,3760500,0.0,0.0
2019-05-30,49.59199905395508,50.529998779296875,49.354000091552734,49.849998474121094,42.7204704284668,3368000,0.138,0.0
2019-05-31,49.29999923706055,50.72999954223633,49.20000076293945,49.72200012207031,42.610782623291016,3494000,0.0,0.0
2019-06-03,49.91600036621094,50.183998107910156,48.566001892089844,48.93199920654297,41.93376541137695,4200000,0.0,0.0
2019-06-04,49.58000183105469,50.24599838256836,48.71200180053711,50.18199920654297,43.0049934387207,3495000,0.0,0.0
2019-06-05,50.683998107910156,50.88800048828125,48.63999938964844,49.11399841308594,42.08973693847656,3382000,0.0,0.0
2019-06-06,49.25400161743164,50.74800109863281,48.84400177001953,50.4900016784668,43.26895523071289,2591000,0.0,0.0
2019-06-07,50.768001556396484,52.0880012512207,50.63600158691406,51.652000427246094,44.26474380493164,2865000,0.0,0.0
2019-06-10,52.130001068115234,52.858001708984375,51.49800109863281,52.56800079345703,45.04975128173828,3371000,0.0,0.0
2019-06-11,53.56399917602539,54.07600021362305,53.0,53.959999084472656,46.24266052246094,3757500,0.0,0.0
2019-06-12,53.37200164794922,53.7239990234375,53.10599899291992,53.50600051879883,45.85360336303711,3450500,0.0,0.0
2019-06-13,53.599998474121094,53.96799850463867,53.3120002746582,53.47600173950195,45.827884674072266,2741500,0.0,0.0
2019-06-14,53.0359992980957,53.47800064086914,52.849998474121094,53.1879997253418,45.58106994628906,4835000,0.0,0.0
2019-06-17,54.0,54.0,52.40599822998047,52.75,45.205726623535156,2587000,0.0,0.0
2019-06-18,53.2400016784668,54.10599899291992,53.04199981689453,53.22600173950195,45.61363983154297,2120500,0.0,0.0
2019-06-19,53.2400016784668,53.48400115966797,51.62799835205078,51.992000579833984,44.55613327026367,3699500,0.0,0.0
2019-06-20,53.012001037597656,54.0099983215332,52.70000076293945,53.04800033569336,45.46109390258789,2445000,0.0,0.0
2019-06-21,52.939998626708984,53.36600112915039,52.391998291015625,52.486000061035156,44.97947692871094,3013000,0.0,0.0
2019-06-24,52.83599853515625,52.93600082397461,52.22999954223633,52.38600158691406,44.893775939941406,1518000,0.0,0.0
2019-06-25,51.95199966430664,52.0,50.534000396728516,50.91999816894531,43.6374397277832,2286000,0.0,0.0
2019-06-26,50.981998443603516,51.91999816894531,50.92399978637695,51.30799865722656,43.96995544433594,1986000,0.0,0.0
2019-06-27,51.698001861572266,52.38800048828125,51.38999938964844,52.27000045776367,44.79437255859375,1687500,0.0,0.0
2019-06-28,52.52799987792969,52.599998474121094,50.900001525878906,51.15399932861328,43.83797073364258,1949500,0.0,0.0
2019-07-01,52.75199890136719,53.055999755859375,52.27199935913086,52.54199981689453,45.027469635009766,2523500,0.0,0.0
2019-07-02,52.678001403808594,53.29999923706055,52.10200119018555,52.3380012512207,44.852638244628906,2267000,0.0,0.0
2019-07-03,52.577999114990234,53.14799880981445,52.082000732421875,53.11399841308594,45.51765823364258,1863000,0.0,0.0
2019-07-05,52.604000091552734,53.24599838256836,51.7239990234375,52.29999923706055,44.820068359375,1792500,0.0,0.0
2019-07-08,52.0620002746582,52.178001403808594,51.36000061035156,51.55799865722656,44.184200286865234,1903000,0.0,0.0
2019-07-09,50.89799880981445,51.70600128173828,50.816001892089844,51.5099983215332,44.1430549621582,1500000,0.0,0.0
2019-07-10,52.27799987792969,52.91999816894531,51.827999114990234,52.52399826049805,45.01203536987305,1885500,0.0,0.0
2019-07-11,52.779998779296875,52.79999923706055,52.00199890136719,52.678001403808594,45.14402389526367,1585500,0.0,0.0
2019-07-12,52.95800018310547,53.41999816894531,51.86800003051758,51.9739990234375,44.54071044921875,1809500,0.0,0.0
2019-07-15,52.23400115966797,52.448001861572266,51.215999603271484,51.24800109863281,43.91854476928711,2031500,0.0,0.0
2019-07-16,51.444000244140625,52.14799880981445,51.284000396728516,51.875999450683594,44.45671844482422,1538500,0.0,0.0
2019-07-17,51.41400146484375,51.448001861572266,50.108001708984375,50.49399948120117,43.27238082885742,2084500,0.0,0.0
2019-07-18,50.37200164794922,50.38199996948242,49.551998138427734,49.597999572753906,42.504520416259766,3259500,0.0,0.0
2019-07-19,50.15800094604492,50.5,48.68600082397461,48.75600051879883,41.782936096191406,3212000,0.0,0.0
2019-07-22,49.20199966430664,49.236000061035156,48.36000061035156,48.59199905395508,41.64239501953125,2038000,0.0,0.0
2019-07-23,48.619998931884766,49.38800048828125,48.619998931884766,49.012001037597656,42.00232696533203,1874500,0.0,0.0
2019-07-24,49.04800033569336,49.513999938964844,48.80799865722656,49.03200149536133,42.019466400146484,1716000,0.0,0.0
2019-07-25,49.09600067138672,49.09600067138672,47.0620002746582,48.01599884033203,41.148773193359375,2645000,0.0,0.0
2019-07-26,48.608001708984375,48.650001525878906,47.57600021362305,47.79199981689453,40.95680236816406,2519000,0.0,0.0
2019-07-29,47.672000885009766,47.75400161743164,46.071998596191406,46.16400146484375,39.5616340637207,4566000,0.0,0.0
2019-07-30,46.099998474121094,47.2760009765625,45.43199920654297,46.555999755859375,39.897586822509766,2923500,0.0,0.0
2019-07-31,46.52799987792969,46.83599853515625,45.21200180053711,46.16400146484375,39.5616340637207,2743000,0.0,0.0
2019-08-01,46.49800109863281,47.19200134277344,44.40399932861328,44.987998962402344,38.55384063720703,3518500,0.0,0.0
2019-08-02,44.34600067138672,44.948001861572266,43.0620002746582,43.939998626708984,37.65571594238281,4582500,0.0,0.0
2019-08-05,42.54199981689453,43.04399871826172,41.801998138427734,42.375999450683594,36.31540298461914,5050500,0.0,0.0
2019-08-06,43.27399826049805,43.52199935913086,42.433998107910156,42.534000396728516,36.450809478759766,4595500,0.0,0.0
2019-08-07,42.20000076293945,43.47200012207031,41.89400100708008,43.17399978637695,36.99927520751953,3868000,0.0,0.0
2019-08-08,46.0,48.99399948120117,45.43000030517578,47.604000091552734,40.79569625854492,10193000,0.0,0.0
2019-08-09,47.130001068115234,49.22200012207031,47.06800079345703,48.58000183105469,41.63210678100586,6526500,0.0,0.0
2019-08-12,47.374000549316406,47.79800033569336,47.00199890136719,47.02799987792969,40.30207443237305,3885000,0.0,0.0
2019-08-13,47.10200119018555,52.36000061035156,47.07600021362305,52.16999816894531,44.708675384521484,9468500,0.0,0.0
2019-08-14,50.599998474121094,52.948001861572266,50.5620002746582,52.42599868774414,44.92805862426758,7883000,0.0,0.0
2019-08-15,52.44599914550781,52.44599914550781,50.034000396728516,50.944000244140625,43.65802764892578,4968500,0.0,0.0
2019-08-16,51.52399826049805,51.91600036621094,50.422000885009766,51.69599914550781,44.302459716796875,3432000,0.0,0.0
2019-08-19,52.422000885009766,52.57600021362305,51.470001220703125,52.45000076293945,44.94862365722656,2883500,0.0,0.0
2019-08-20,50.69599914550781,51.5099983215332,49.78200149536133,49.821998596191406,42.69647979736328,3877500,0.0,0.0
2019-08-21,50.4900016784668,51.316001892089844,50.20800018310547,50.672000885009766,43.42491149902344,2725000,0.0,0.0
2019-08-22,50.70199966430664,50.70199966430664,49.33399963378906,49.422000885009766,42.52827453613281,2695000,0.208,0.0
2019-08-23,49.15999984741211,49.742000579833984,48.779998779296875,49.44599914550781,42.548912048339844,2943000,0.0,0.0
2019-08-26,49.94200134277344,50.077999114990234,49.1619987487793,49.7859992980957,42.841495513916016,4569000,0.0,0.0
2019-08-27,50.3380012512207,51.45199966430664,50.257999420166016,51.30799865722656,44.151187896728516,4221500,0.0,0.0
2019-08-28,51.0,51.20000076293945,49.93199920654297,50.097999572753906,43.109962463378906,2621500,0.0,0.0
2019-08-29,50.75600051879883,51.20000076293945,50.29199981689453,50.736000061035156,43.65896224975586,2983000,0.0,0.0
2019-08-30,50.970001220703125,51.15800094604492,50.402000427246094,51.0,43.88615036010742,4342000,0.0,0.0
2019-09-03,50.7760009765625,51.933998107910156,50.07400131225586,51.68600082397461,44.476463317871094,4048500,0.0,0.0
2019-09-04,52.465999603271484,54.90999984741211,52.43199920654297,53.67599868774414,46.188880920410156,5372500,0.0,0.0
2019-09-05,54.18000030517578,54.70000076293945,53.70399856567383,54.21200180053711,46.650115966796875,3359000,0.0,0.0
2019-09-06,54.400001525878906,56.44599914550781,54.32600021362305,55.762001037597656,47.98390197753906,6189500,0.0,0.0
2019-09-09,55.79999923706055,56.43000030517578,55.667999267578125,56.06800079345703,48.24722671508789,2920000,0.0,0.0
2019-09-10,55.63399887084961,55.99599838256836,53.97999954223633,54.54399871826172,46.935794830322266,3668500,0.0,0.0
2019-09-11,54.63399887084961,55.54199981689453,54.08599853515625,55.13600158691406,47.44523239135742,2711000,0.0,0.0
2019-09-12,55.459999084472656,55.641998291015625,54.52399826049805,54.70800018310547,47.07693862915039,1977000,0.0,0.0
2019-09-13,54.80400085449219,55.65800094604492,54.47800064086914,55.05400085449219,47.374671936035156,2643000,0.0,0.0
2019-09-16,54.43199920654297,54.88399887084961,53.84600067138672,54.07600021362305,46.53308868408203,2449000,0.0,0.0
2019-09-17,54.178001403808594,54.38999938964844,53.145999908447266,54.03200149536133,46.49522399902344,3068500,0.0,0.0
2019-09-18,54.22200012207031,54.38600158691406,53.284000396728516,54.00400161743164,46.471134185791016,2350500,0.0,0.0
2019-09-19,53.895999908447266,55.066001892089844,53.83000183105469,54.24599838256836,46.67937088012695,3194000,0.0,0.0
2019-09-20,54.03200149536133,54.83599853515625,53.60599899291992,53.88800048828125,46.37131118774414,3036000,0.0,0.0
2019-09-23,53.43000030517578,53.6879997253418,53.06800079345703,53.34000015258789,45.89974594116211,2829000,0.0,0.0
2019-09-24,53.81999969482422,53.81999969482422,52.119998931884766,52.619998931884766,45.28017807006836,1885500,0.0,0.0
2019-09-25,52.19200134277344,53.29999923706055,51.7859992980957,53.06399917602539,45.662254333496094,3116500,0.0,0.0
2019-09-26,53.18199920654297,55.0880012512207,53.0,54.66999816894531,47.04422378540039,2669500,0.0,0.0
2019-09-27,54.66999816894531,55.58000183105469,51.119998931884766,52.13800048828125,44.865413665771484,8106000,0.0,0.0
2019-09-30,52.67399978637695,55.13399887084961,52.60200119018555,53.236000061035156,45.81025695800781,5962000,0.0,0.0
2019-10-01,53.20800018310547,53.52000045776367,51.06999969482422,52.54999923706055,45.219947814941406,3504500,0.0,0.0
2019-10-02,52.400001525878906,52.79399871826172,51.4379997253418,52.029998779296875,44.77248001098633,2897500,0.0,0.0
2019-10-03,52.29600143432617,53.07400131225586,51.869998931884766,52.59400177001953,45.257808685302734,3228000,0.0,0.0
2019-10-04,52.67399978637695,53.13399887084961,52.40399932861328,52.72600173950195,45.37139129638672,2717000,0.0,0.0
2019-10-07,52.698001861572266,53.28799819946289,52.43600082397461,52.87799835205078,45.502193450927734,2713500,0.0,0.0
2019-10-08,52.150001525878906,52.375999450683594,50.5880012512207,50.928001403808594,43.82419967651367,4040000,0.0,0.0
2019-10-09,51.14400100708008,51.67599868774414,50.75199890136719,51.28200149536133,44.12881851196289,2224500,0.0,0.0
2019-10-10,51.46799850463867,52.257999420166016,51.08399963378906,51.79199981689453,44.56767654418945,2724500,0.0,0.0
2019-10-11,52.7760009765625,54.84000015258789,52.400001525878906,53.757999420166016,46.25945281982422,4048500,0.0,0.0
2019-10-14,53.28799819946289,55.88199996948242,53.099998474121094,55.31800079345703,47.60184860229492,3965000,0.0,0.0
2019-10-15,55.48400115966797,57.400001525878906,55.45000076293945,57.257999420166016,49.271244049072266,5866500,0.0,0.0
2019-10-16,56.86000061035156,59.0,56.63800048828125,58.95399856567383,50.73066711425781,6997000,0.0,0.0
2019-10-17,58.81399917602539,59.0,57.301998138427734,57.77000045776367,49.711822509765625,3534500,0.0,0.0
2019-10-18,57.79399871826172,58.262001037597656,56.970001220703125,57.20600128173828,49.22648239135742,3289000,0.0,0.0
2019-10-21,58.02199935913086,58.20000076293945,56.19599914550781,56.2760009765625,48.426212310791016,2770500,0.0,0.0
2019-10-22,56.645999908447266,57.03799819946289,54.58000183105469,54.85200119018555,47.20085144042969,3852000,0.0,0.0
2019-10-23,54.5260009765625,54.97200012207031,53.79600143432617,54.16999816894531,46.613975524902344,4429500,0.0,0.0
2019-10-24,54.68000030517578,57.198001861572266,54.54999923706055,56.57600021362305,48.68437576293945,3836500,0.0,0.0
2019-10-25,56.57600021362305,57.15999984741211,55.959999084472656,56.231998443603516,48.38835144042969,3303000,0.0,0.0
2019-10-28,56.43199920654297,57.555999755859375,56.082000732421875,56.73400115966797,48.82033157348633,2034500,0.0,0.0
2019-10-29,56.62799835205078,56.9119987487793,55.95000076293945,56.6619987487793,48.75837326049805,1953000,0.0,0.0
2019-10-30,56.82400131225586,57.327999114990234,56.242000579833984,57.22800064086914,49.24541091918945,1805000,0.0,0.0
2019-10-31,57.236000061035156,57.597999572753906,56.540000915527344,57.172000885009766,49.197235107421875,2323000,0.0,0.0
2019-11-01,57.599998474121094,58.59199905395508,57.07400131225586,57.90800094604492,49.83057403564453,2570500,0.0,0.0
2019-11-04,59.645999908447266,61.847999572753906,59.645999908447266,61.54399871826172,52.95939636230469,5558000,0.0,0.0
2019-11-05,61.70000076293945,61.801998138427734,58.62799835205078,58.80799865722656,50.60503387451172,4405000,0.0,0.0
2019-11-06,58.88399887084961,60.60599899291992,58.5359992980957,59.86199951171875,51.51201629638672,3154000,0.0,0.0
2019-11-07,60.3380012512207,60.790000915527344,59.672000885009766,60.0260009765625,51.65314483642578,2155500,0.0,0.0
2019-11-08,59.70000076293945,59.900001525878906,59.130001068115234,59.80799865722656,51.465538024902344,1168000,0.0,0.0
2019-11-11,59.465999603271484,59.465999603271484,58.53799819946289,59.05400085449219,50.816715240478516,1540000,0.0,0.0
2019-11-12,59.604000091552734,59.698001861572266,58.79999923706055,59.29600143432617,51.02497100830078,1780500,0.0,0.0
2019-11-13,58.18000030517578,59.34600067138672,58.0260009765625,59.00199890136719,50.771968841552734,2360500,0.0,0.0
2019-11-14,59.13199996948242,59.13199996948242,57.444000244140625,57.93600082397461,49.85466766357422,2228000,0.0,0.0
2019-11-15,58.349998474121094,58.94200134277344,58.08599853515625,58.24599838256836,50.121421813964844,1352000,0.0,0.0
2019-11-18,58.071998596191406,58.50600051879883,57.599998474121094,58.04800033569336,49.9510383605957,1627500,0.0,0.0
2019-11-19,58.422000885009766,58.507999420166016,57.16600036621094,57.70000076293945,49.651588439941406,2620500,0.0,0.0
2019-11-20,57.0,57.88600158691406,56.71200180053711,57.5620002746582,49.5328369140625,2964000,0.0,0.0
2019-11-21,59.0,61.097999572753906,57.73400115966797,58.87799835205078,50.66526794433594,7257000,0.0,0.0
2019-11-22,59.67599868774414,62.354000091552734,59.67599868774414,62.08000183105469,53.42063903808594,6444000,0.0,0.0
2019-11-25,61.0,61.00199890136719,59.79600143432617,60.917999267578125,52.42070770263672,6621000,0.0,0.0
2019-11-26,60.72200012207031,63.19599914550781,60.38800048828125,62.902000427246094,54.12797546386719,6269500,0.0,0.0
2019-11-27,62.428001403808594,64.0,61.099998474121094,63.847999572753906,54.942012786865234,5106500,0.0,0.0
2019-11-29,62.61000061035156,63.81399917602539,62.36000061035156,63.06399917602539,54.267372131347656,4006500,0.0,0.0
2019-12-02,63.1879997253418,63.39799880981445,62.487998962402344,62.75400161743164,54.00062561035156,3027500,0.0,0.0
2019-12-03,61.68000030517578,63.582000732421875,61.14799880981445,63.4640007019043,54.61157989501953,2716500,0.0,0.0
2019-12-04,64.66999816894531,65.0,63.33000183105469,63.65800094604492,54.778526306152344,3222500,0.0,0.0
2019-12-05,63.040000915527344,64.18599700927734,62.58399963378906,62.84000015258789,55.39558792114258,3294000,1.518,0.0
2019-12-06,63.29800033569336,63.29800033569336,61.737998962402344,61.933998107910156,54.59691619873047,2179500,0.0,0.0
2019-12-09,61.79999923706055,62.25,61.45600128173828,61.608001708984375,54.30954360961914,2436000,0.0,0.0
2019-12-10,61.87200164794922,62.18600082397461,61.49800109863281,61.847999572753906,54.52110290527344,3069000,0.0,0.0
2019-12-11,62.577999114990234,63.104000091552734,62.03799819946289,62.099998474121094,54.74325180053711,2697000,0.0,0.0
2019-12-12,61.63600158691406,62.2859992980957,60.30400085449219,60.849998474121094,53.64133834838867,3867000,0.0,0.0
2019-12-13,61.20000076293945,61.27199935913086,60.417999267578125,60.79999923706055,53.59727096557617,4166500,0.0,0.0
2019-12-16,61.29999923706055,61.805999755859375,60.41400146484375,60.93199920654297,53.71361541748047,3912500,0.0,0.0
2019-12-17,60.95000076293945,61.150001525878906,59.69200134277344,60.91400146484375,53.69776916503906,3725500,0.0,0.0
2019-12-18,61.09000015258789,61.13800048828125,60.12799835205078,60.32400131225586,53.177650451660156,3731500,0.0,0.0
2019-12-19,60.619998931884766,62.119998931884766,60.38800048828125,61.4379997253418,54.15968322753906,4235000,0.0,0.0
2019-12-20,61.768001556396484,61.77199935913086,60.79800033569336,61.0359992980957,53.80530548095703,3369000,0.0,0.0
2019-12-23,60.95600128173828,61.198001861572266,60.46799850463867,60.67399978637695,53.48619079589844,2066500,0.0,0.0
2019-12-24,60.86399841308594,60.86399841308594,60.141998291015625,60.17399978637695,53.04541778564453,1287000,0.0,0.0
2019-12-26,60.49399948120117,61.678001403808594,60.40800094604492,61.25600051879883,53.99924087524414,4171500,0.0,0.0
2019-12-27,61.625999450683594,61.625999450683594,60.65800094604492,61.22200012207031,53.969268798828125,1884500,0.0,0.0
2019-12-30,61.45000076293945,61.465999603271484,60.59199905395508,60.71799850463867,53.524967193603516,1713000,0.0,0.0
2019-12-31,61.125999450683594,61.43199920654297,60.51599884033203,61.327999114990234,54.06270980834961,1711500,0.0,0.0
2020-01-02,62.75600051879883,67.57599639892578,62.71799850463867,65.73999786376953,57.95204162597656,6872000,0.0,0.0
2020-01-03,64.65799713134766,66.37200164794922,64.43800354003906,64.93199920654297,57.239768981933594,3287500,0.0,0.0
2020-01-06,64.73400115966797,64.90799713134766,63.86399841308594,64.81199645996094,57.13397979736328,2796000,0.0,0.0
2020-01-07,64.90799713134766,66.14800262451172,64.58000183105469,65.60600280761719,57.83392333984375,2577000,0.0,0.0
2020-01-08,65.36000061035156,66.81199645996094,65.36000061035156,66.2020034790039,58.35931396484375,2141000,0.0,0.0
2020-01-09,66.80000305175781,67.83200073242188,66.51399993896484,67.67400360107422,59.65692901611328,3510000,0.0,0.0
2020-01-10,67.87200164794922,68.46199798583984,67.64399719238281,67.78199768066406,59.752132415771484,2850000,0.0,0.0
2020-01-13,68.3499984741211,70.19599914550781,68.3499984741211,69.90599822998047,61.6245002746582,4160500,0.0,0.0
2020-01-14,69.90399932861328,70.26599884033203,69.21199798583984,69.78199768066406,61.515193939208984,4023000,0.0,0.0
2020-01-15,70.0,70.28199768066406,69.09600067138672,69.13600158691406,60.945743560791016,3155500,0.0,0.0
2020-01-16,69.05999755859375,70.10199737548828,68.28800201416016,70.0260009765625,61.73029708862305,3255000,0.0,0.0
2020-01-17,70.38800048828125,70.4000015258789,69.08599853515625,69.96399688720703,61.675636291503906,3912000,0.0,0.0
2020-01-21,69.6780014038086,69.6780014038086,67.83599853515625,68.16200256347656,60.08712387084961,4951000,0.0,0.0
2020-01-22,68.50199890136719,68.91799926757812,67.96800231933594,68.02999877929688,59.97075653076172,2515000,0.0,0.0
2020-01-23,67.08399963378906,67.80000305175781,66.43000030517578,66.98799896240234,59.05220031738281,4300000,0.0,0.0
2020-01-24,67.24800109863281,67.83399963378906,65.40799713134766,65.62999725341797,57.855079650878906,4986000,0.0,0.0
2020-01-27,63.56999969482422,64.9020004272461,63.49599838256836,64.4219970703125,56.790184020996094,5760500,0.0,0.0
2020-01-28,64.91400146484375,65.73600006103516,64.53399658203125,65.5780029296875,57.809226989746094,3364000,0.0,0.0
2020-01-29,66.29199981689453,66.72000122070312,65.81400299072266,66.66999816894531,58.77185821533203,3063500,0.0,0.0
2020-01-30,65.77999877929688,66.49400329589844,65.43000030517578,65.5999984741211,57.8286247253418,2598500,0.0,0.0
2020-01-31,65.34600067138672,65.34600067138672,63.944000244140625,64.1520004272461,56.55216598510742,4017000,0.0,0.0
2020-02-03,64.7959976196289,66.4739990234375,64.65399932861328,65.9000015258789,58.093082427978516,4653500,0.0,0.0
2020-02-04,67.7760009765625,69.24400329589844,67.2040023803711,68.5459976196289,60.42562484741211,5431000,0.0,0.0
2020-02-05,69.43599700927734,69.58999633789062,67.02200317382812,67.56999969482422,59.565250396728516,3258500,0.0,0.0
2020-02-06,68.03800201416016,69.53399658203125,67.21800231933594,69.3759994506836,61.15729904174805,3843500,0.0,0.0
2020-02-07,69.3499984741211,69.45800018310547,67.4540023803711,67.94999694824219,59.90022659301758,4953500,0.0,0.0
2020-02-10,68.21399688720703,71.09600067138672,68.06400299072266,70.5,62.14814376831055,4883000,0.0,0.0
2020-02-11,71.29399871826172,71.6500015258789,70.01200103759766,70.19400024414062,61.8784065246582,2518500,0.0,0.0
2020-02-12,70.54399871826172,70.7020034790039,69.4280014038086,69.66200256347656,61.409427642822266,3156000,0.0,0.0
2020-02-13,69.53399658203125,70.97200012207031,69.09200286865234,70.86599731445312,62.47077941894531,3255500,0.0,0.0
2020-02-14,71.73999786376953,71.73999786376953,70.30999755859375,70.9280014038086,62.52545166015625,2218500,0.0,0.0
2020-02-18,70.60199737548828,71.22799682617188,70.25199890136719,70.5479965209961,62.190452575683594,2675000,0.0,0.0
2020-02-19,70.95999908447266,72.19999694824219,70.83599853515625,71.35600280761719,62.90272903442383,2968000,0.0,0.0
2020-02-20,70.71600341796875,71.3479995727539,68.62799835205078,69.96600341796875,61.67740249633789,3927000,0.0,0.0
2020-02-21,70.0,70.09200286865234,68.75800323486328,68.99800109863281,60.824073791503906,2003000,0.0,0.0
2020-02-24,66.56400299072266,67.90399932861328,65.6520004272461,66.99600219726562,59.05925750732422,3143500,0.0,0.0
2020-02-25,68.21199798583984,69.77999877929688,67.00399780273438,67.58200073242188,59.57583999633789,3550500,0.0,0.0
2020-02-26,69.58000183105469,70.33999633789062,68.0,69.16999816894531,60.9756965637207,4511000,0.0,0.0
2020-02-27,66.44200134277344,67.24800109863281,63.082000732421875,64.38600158691406,56.75843811035156,6481000,0.0,0.0
2020-02-28,62.70199966430664,64.9219970703125,62.237998962402344,63.742000579833984,56.190738677978516,5790000,0.0,0.0
2020-03-02,63.86600112915039,64.28600311279297,61.35200119018555,62.012001037597656,54.66569137573242,7088000,0.0,0.0
2020-03-03,62.61600112915039,64.59600067138672,62.01599884033203,63.89400100708008,56.32472229003906,7587000,0.0,0.0
2020-03-04,64.4020004272461,67.77999877929688,64.4020004272461,67.33999633789062,59.36248016357422,4144000,0.0,0.0
2020-03-05,66.5999984741211,69.69200134277344,66.5,68.18800354003906,60.11004638671875,5864500,0.0,0.0
2020-03-06,65.85600280761719,67.59600067138672,65.58200073242188,67.24199676513672,59.27610778808594,5041500,0.0,0.0
2020-03-09,63.68000030517578,65.4800033569336,63.00199890136719,64.25,56.638545989990234,4672500,0.0,0.0
2020-03-10,65.697998046875,65.91999816894531,63.82600021362305,64.94200134277344,57.24858856201172,4045500,0.0,0.0
2020-03-11,63.757999420166016,67.16799926757812,63.61000061035156,64.81999969482422,57.14103698730469,4903000,0.0,0.0
2020-03-12,61.20600128173828,62.7239990234375,58.11000061035156,59.52399826049805,52.63808059692383,7047000,0.204,0.0
2020-03-13,62.895999908447266,64.0,60.43199920654297,63.97999954223633,56.57860565185547,5558000,0.0,0.0
2020-03-16,59.63600158691406,61.332000732421875,56.61000061035156,56.66999816894531,50.114234924316406,7904000,0.0,0.0
2020-03-17,57.805999755859375,60.400001525878906,56.29800033569336,59.15399932861328,52.31088638305664,5259000,0.0,0.0
2020-03-18,56.42599868774414,57.83399963378906,53.172000885009766,54.08599853515625,47.82916259765625,6866500,0.0,0.0
2020-03-19,54.13800048828125,60.0099983215332,54.13800048828125,58.236000061035156,51.499088287353516,6184500,0.0,0.0
2020-03-20,60.198001861572266,62.683998107910156,56.5880012512207,57.012001037597656,50.41668701171875,6520500,0.0,0.0
2020-03-23,58.34400177001953,61.36800003051758,57.04800033569336,59.7599983215332,52.84678649902344,5150000,0.0,0.0
2020-03-24,61.84199905395508,65.5999984741211,60.60599899291992,64.76599884033203,57.27367401123047,5387000,0.0,0.0
2020-03-25,64.6760025024414,65.34200286865234,61.400001525878906,61.58000183105469,54.45623779296875,4960500,0.0,0.0
2020-03-26,62.74800109863281,64.72799682617188,62.41400146484375,63.5880012512207,56.23196029663086,4280000,0.0,0.0
2020-03-27,61.02000045776367,61.599998474121094,60.00199890136719,60.27000045776367,53.29778289794922,3476000,0.0,0.0
2020-03-30,60.27199935913086,62.20199966430664,60.18600082397461,61.38199996948242,54.28114700317383,4211000,0.0,0.0
2020-03-31,62.36199951171875,64.2979965209961,61.433998107910156,64.19200134277344,56.76607894897461,4560500,0.0,0.0
2020-04-01,62.354000091552734,66.62799835205078,62.00199890136719,64.6760025024414,57.1940803527832,4607000,0.0,0.0
2020-04-02,64.0,66.31800079345703,64.0,66.2239990234375,58.563011169433594,2564000,0.0,0.0
2020-04-03,65.24199676513672,67.53399658203125,64.80799865722656,65.0,57.480613708496094,3990000,0.0,0.0
2020-04-06,67.19000244140625,67.7239990234375,64.447998046875,67.5199966430664,59.70908737182617,3555000,0.0,0.0
2020-04-07,68.02200317382812,68.27799987792969,65.20999908447266,65.39399719238281,57.82902526855469,4612500,0.0,0.0
2020-04-08,65.87799835205078,66.2300033569336,64.43800354003906,65.06400299072266,57.537208557128906,2895000,0.0,0.0
2020-04-09,65.51399993896484,66.27400207519531,64.19999694824219,65.47000122070312,57.89623260498047,2901500,0.0,0.0
2020-04-13,65.25199890136719,67.97200012207031,65.11399841308594,67.70800018310547,59.875335693359375,3920000,0.0,0.0
2020-04-14,69.49600219726562,70.10600280761719,68.08399963378906,68.37200164794922,60.4625244140625,3269500,0.0,0.0
2020-04-15,67.63999938964844,70.15399932861328,67.63999938964844,69.96399688720703,61.8703498840332,1805500,0.0,0.0
2020-04-16,70.22000122070312,72.69400024414062,70.02400207519531,72.44200134277344,64.06169891357422,4355500,0.0,0.0
2020-04-17,73.0,73.50399780273438,68.56600189208984,69.72799682617188,61.66165542602539,3939000,0.0,0.0
2020-04-20,69.21199798583984,70.76200103759766,69.08000183105469,69.76599884033203,61.69525909423828,2763000,0.0,0.0
2020-04-21,69.07599639892578,70.2760009765625,67.41400146484375,68.87999725341797,60.91176223754883,2671000,0.0,0.0
2020-04-22,70.23600006103516,70.3239974975586,69.03399658203125,69.73400115966797,61.66696548461914,2436500,0.0,0.0
2020-04-23,70.197998046875,70.197998046875,67.91999816894531,68.5719985961914,60.6393928527832,2871000,0.0,0.0
2020-04-24,69.50599670410156,69.86399841308594,67.98600006103516,69.79000091552734,61.71648406982422,1917500,0.0,0.0
2020-04-27,71.27999877929688,72.55999755859375,70.4739990234375,71.8479995727539,63.536407470703125,2655000,0.0,0.0
2020-04-28,72.16000366210938,72.79000091552734,70.15799713134766,70.67400360107422,62.49824523925781,3766500,0.0,0.0
2020-04-29,70.47000122070312,71.75,69.50800323486328,70.6760025024414,62.499977111816406,2736000,0.0,0.0
2020-04-30,69.91999816894531,70.77999877929688,67.97799682617188,68.99199676513672,61.01079177856445,3698500,0.0,0.0
2020-05-01,67.73799896240234,68.1240005493164,64.88400268554688,65.06800079345703,57.540748596191406,3491000,0.0,0.0
2020-05-04,66.1500015258789,66.86599731445312,65.40399932861328,65.91600036621094,58.290653228759766,2783000,0.0,0.0
2020-05-05,68.35800170898438,69.51000213623047,67.48600006103516,67.84600067138672,59.99737548828125,3225000,0.0,0.0
2020-05-06,68.2040023803711,69.87200164794922,68.04000091552734,68.4000015258789,60.48729705810547,1818500,0.0,0.0
2020-05-07,68.96800231933594,69.8499984741211,68.58399963378906,69.46399688720703,61.428192138671875,2119000,0.0,0.0
2020-05-08,70.78399658203125,72.302001953125,70.77200317382812,71.9540023803711,63.630157470703125,2224500,0.0,0.0
2020-05-11,72.05000305175781,73.01799774169922,71.052001953125,71.22200012207031,62.982845306396484,2514500,0.0,0.0
2020-05-12,71.8759994506836,73.4280014038086,71.64399719238281,72.12999725341797,63.78578186035156,2550500,0.0,0.0
2020-05-13,72.9800033569336,75.19599914550781,72.70600128173828,74.19400024414062,65.61103820800781,4688000,0.0,0.0
2020-05-14,71.77200317382812,74.51000213623047,71.77200317382812,74.40599822998047,65.79847717285156,3068500,0.0,0.0
2020-05-15,73.78399658203125,74.9739990234375,73.63999938964844,74.88200378417969,66.21944427490234,2786000,0.0,0.0
2020-05-18,77.0,77.197998046875,74.73799896240234,76.3759994506836,67.54058837890625,3449000,0.0,0.0
2020-05-19,77.00199890136719,79.96600341796875,76.16999816894531,79.13800048828125,69.98307800292969,6416000,0.0,0.0
2020-05-20,77.80000305175781,79.89800262451172,76.3740005493164,78.06199645996094,69.03154754638672,7632500,0.0,0.0
2020-05-21,77.72000122070312,80.41400146484375,77.57599639892578,80.35199737548828,71.056640625,4120000,0.0,0.0
2020-05-22,76.87799835205078,77.05000305175781,73.08000183105469,74.44999694824219,65.83740997314453,6235000,0.0,0.0
2020-05-26,76.41999816894531,79.08000183105469,76.24800109863281,77.26799774169922,68.32941436767578,4500000,0.0,0.0
2020-05-27,77.22599792480469,77.51599884033203,75.0,75.41999816894531,66.69519805908203,4206000,0.0,0.0
2020-05-28,75.0,75.1760025024414,73.12000274658203,73.25,64.77620697021484,4222000,0.0,0.0
2020-05-29,73.69599914550781,76.75,72.2020034790039,76.58000183105469,67.72100830078125,5543000,0.0,0.0
2020-06-01,77.97200012207031,79.56600189208984,74.28600311279297,79.51799774169922,70.31913757324219,6183500,0.0,0.0
2020-06-02,79.77999877929688,83.29199981689453,78.4020004272461,81.7300033569336,72.27523803710938,7653000,0.0,0.0
2020-06-03,84.04000091552734,85.0,82.41400146484375,82.91600036621094,73.32403564453125,6975500,0.0,0.0
2020-06-04,83.04399871826172,84.802001953125,80.25199890136719,81.00199890136719,71.63143920898438,7779500,0.0,0.0
2020-06-05,82.97799682617188,85.46600341796875,82.03600311279297,85.0739974975586,75.23237609863281,7681000,0.0,0.0
2020-06-08,85.0,85.19400024414062,80.81600189208984,81.82599639892578,72.3601303100586,6781000,0.0,0.0
2020-06-09,81.5999984741211,82.85600280761719,80.64600372314453,81.90799713134766,72.43262481689453,4070000,0.0,0.0
2020-06-10,82.73600006103516,85.3759994506836,80.9000015258789,84.99600219726562,75.16341400146484,8340000,0.0,0.0
2020-06-11,82.23600006103516,83.1520004272461,80.68000030517578,82.28800201416016,72.96784210205078,15086500,0.232,0.0
2020-06-12,83.11000061035156,83.7300033569336,80.76799774169922,81.89600372314453,72.62025451660156,7045500,0.0,0.0
2020-06-15,80.99600219726562,83.1240005493164,80.35600280761719,82.63999938964844,73.27998352050781,4934500,0.0,0.0
2020-06-16,84.86199951171875,84.86199951171875,81.94000244140625,82.53199768066406,73.1842269897461,4901000,0.0,0.0
2020-06-17,83.18000030517578,83.41600036621094,81.2300033569336,81.4739990234375,72.24605560302734,5175000,0.0,0.0
2020-06-18,81.91000366210938,82.97200012207031,81.3759994506836,81.86000061035156,72.58832550048828,2728000,0.0,0.0
2020-06-19,83.197998046875,83.76799774169922,81.65399932861328,82.64199829101562,73.28173828125,4721000,0.0,0.0
2020-06-22,83.30000305175781,83.64199829101562,82.01200103759766,83.63999938964844,74.1667251586914,2890000,0.0,0.0
2020-06-23,85.0,87.5719985961914,84.64399719238281,87.01399993896484,77.1585693359375,7226000,0.0,0.0
2020-06-24,87.4000015258789,88.3740005493164,84.70800018310547,87.49199676513672,77.58242797851562,4967500,0.0,0.0
2020-06-25,86.40599822998047,87.72000122070312,85.697998046875,87.21199798583984,77.33413696289062,3156500,0.0,0.0
2020-06-26,87.28600311279297,88.36000061035156,86.62999725341797,87.61000061035156,77.68706512451172,2975500,0.0,0.0
2020-06-29,87.01399993896484,87.01399993896484,85.27400207519531,86.52799987792969,76.72761535644531,3008000,0.0,0.0
2020-06-30,86.88400268554688,87.55599975585938,85.35399627685547,85.8759994506836,76.14945983886719,3062000,0.0,0.0
2020-07-01,85.60399627685547,86.35399627685547,85.00199890136719,85.5479965209961,75.85860443115234,3518000,0.0,0.0
2020-07-02,87.36000061035156,87.53800201416016,85.89199829101562,86.18199920654297,76.42081451416016,4309500,0.0,0.0
2020-07-06,88.12999725341797,89.84400177001953,87.23200225830078,88.00800323486328,78.03996276855469,5185500,0.0,0.0
2020-07-07,87.87799835205078,89.93800354003906,87.51799774169922,88.85800170898438,78.79371643066406,4685500,0.0,0.0
2020-07-08,90.56999969482422,91.197998046875,89.73799896240234,90.91200256347656,80.61508178710938,4838000,0.0,0.0
2020-07-09,98.84600067138672,100.65399932861328,95.5999984741211,96.6520004272461,85.70494842529297,10859000,0.0,0.0
2020-07-10,98.2020034790039,98.4000015258789,94.77200317382812,96.89199829101562,85.91775512695312,6865000,0.0,0.0
2020-07-13,97.10399627685547,98.49600219726562,94.88800048828125,95.39800262451172,84.59295654296875,4821500,0.0,0.0
2020-07-14,92.38400268554688,95.39399719238281,91.7699966430664,95.20999908447266,84.42628479003906,3926000,0.0,0.0
2020-07-15,96.11399841308594,96.11399841308594,94.18800354003906,94.44200134277344,83.7452621459961,3618500,0.0,0.0
2020-07-16,91.59600067138672,91.6520004272461,89.31600189208984,90.0,79.8063735961914,4295000,0.0,0.0
2020-07-17,90.61599731445312,91.70800018310547,90.24800109863281,91.4540023803711,81.09569549560547,2801000,0.0,0.0
2020-07-20,91.99800109863281,94.78199768066406,91.4000015258789,94.1780014038086,83.51113891601562,2289500,0.0,0.0
2020-07-21,95.99600219726562,97.20999908447266,93.80999755859375,94.37200164794922,83.68318939208984,2770500,0.0,0.0
2020-07-22,93.51599884033203,94.56999969482422,92.42400360107422,93.02200317382812,82.48609924316406,2656000,0.0,0.0
2020-07-23,93.05999755859375,93.10800170898438,90.43399810791016,91.08399963378906,80.76759338378906,3009000,0.0,0.0
2020-07-24,88.29000091552734,89.74199676513672,86.80400085449219,89.66600036621094,79.51017761230469,4207500,0.0,0.0
2020-07-27,90.35800170898438,91.0459976196289,89.66600036621094,90.38200378417969,80.1451187133789,2725000,0.0,0.0
2020-07-28,88.81999969482422,91.43399810791016,88.81999969482422,90.05599975585938,79.85601806640625,1910000,0.0,0.0
2020-07-29,90.05599975585938,91.56999969482422,89.87200164794922,90.4800033569336,80.23200988769531,2852000,0.0,0.0
2020-07-30,90.21600341796875,90.93199920654297,89.60600280761719,90.24400329589844,80.02273559570312,2295000,0.0,0.0
2020-07-31,90.78800201416016,91.91000366210938,90.08000183105469,91.68399810791016,81.29963684082031,2573000,0.0,0.0
2020-08-03,92.78600311279297,94.3740005493164,92.78600311279297,93.7979965209961,83.17417907714844,2571000,0.0,0.0
2020-08-04,93.43399810791016,95.95600128173828,93.43399810791016,95.95600128173828,85.0877685546875,3070500,0.0,0.0
2020-08-05,96.02400207519531,97.4219970703125,95.4800033569336,96.16600036621094,85.27396392822266,1968500,0.0,0.0
2020-08-06,97.12799835205078,97.39399719238281,95.65599822998047,96.40599822998047,85.48680877685547,3436000,0.0,0.0
2020-08-07,94.19999694824219,94.91200256347656,92.26000213623047,93.30000305175781,82.73258209228516,3555000,0.0,0.0
2020-08-10,92.88800048828125,93.197998046875,90.66400146484375,91.2760009765625,80.93785095214844,2718500,0.0,0.0
2020-08-11,92.18599700927734,92.30999755859375,90.4000015258789,90.9020004272461,80.606201171875,2277500,0.0,0.0
2020-08-12,91.21600341796875,95.39399719238281,91.21600341796875,94.90599822998047,84.15667724609375,2594000,0.0,0.0
2020-08-13,93.36000061035156,94.0,90.33599853515625,92.9739990234375,82.44351196289062,3587000,0.0,0.0
2020-08-14,93.02400207519531,93.62000274658203,91.6719970703125,92.27799987792969,81.82636260986328,1921000,0.0,0.0
2020-08-17,92.61399841308594,95.46199798583984,92.55000305175781,94.91400146484375,84.1637954711914,1728000,0.0,0.0
2020-08-18,95.99800109863281,96.72000122070312,95.42400360107422,95.96399688720703,85.0948715209961,1801500,0.0,0.0
2020-08-19,96.0,96.19599914550781,94.05400085449219,95.14399719238281,84.36773681640625,2110000,0.0,0.0
2020-08-20,94.99800109863281,95.96600341796875,94.61799621582031,95.85800170898438,85.00086212158203,1608500,0.0,0.0
2020-08-21,95.5479965209961,97.1240005493164,95.12000274658203,96.99600219726562,86.00997161865234,1397500,0.0,0.0
2020-08-24,98.0,99.76399993896484,97.73999786376953,98.5780029296875,87.41281127929688,1837500,0.0,0.0
2020-08-25,99.95600128173828,103.10199737548828,99.4260025024414,102.83200073242188,91.18498229980469,3111000,0.0,0.0
2020-08-26,102.5999984741211,103.52999877929688,101.88200378417969,102.802001953125,91.42243194580078,2667500,0.297,0.0
2020-08-27,103.49800109863281,103.49800109863281,101.3499984741211,102.3759994506836,91.04358673095703,2438000,0.0,0.0
2020-08-28,101.80999755859375,103.00199890136719,100.64600372314453,100.83399963378906,89.67228698730469,3001500,0.0,0.0
2020-08-31,98.33799743652344,99.5979995727539,97.11599731445312,97.44200134277344,86.65575408935547,3741500,0.0,0.0
2020-09-01,98.06999969482422,99.05000305175781,96.2040023803711,98.35800170898438,87.4703598022461,3646500,0.0,0.0
2020-09-02,99.54399871826172,100.86199951171875,98.46399688720703,98.7239990234375,87.79583740234375,2520500,0.0,0.0
2020-09-03,97.81199645996094,97.98799896240234,95.1719970703125,97.06600189208984,86.32136535644531,3251000,0.0,0.0
2020-09-04,95.77200317382812,97.6760025024414,93.36799621582031,97.05000305175781,86.3071517944336,3203000,0.0,0.0
2020-09-08,92.77400207519531,93.93199920654297,91.2979965209961,91.5479965209961,81.41419219970703,3175500,0.0,0.0
2020-09-09,93.55799865722656,95.25399780273438,93.11799621582031,94.4020004272461,83.95223999023438,1922000,0.0,0.0
2020-09-10,93.61799621582031,95.19999694824219,91.39800262451172,91.90399932861328,81.73075103759766,2071500,0.0,0.0
2020-09-11,92.1500015258789,92.8239974975586,90.3239974975586,91.14199829101562,81.05313110351562,1422500,0.0,0.0
2020-09-14,92.6719970703125,94.20800018310547,92.1520004272461,93.08999633789062,82.78549194335938,1713000,0.0,0.0
2020-09-15,93.99800109863281,95.86000061035156,93.99800109863281,95.49600219726562,84.92513275146484,1388500,0.0,0.0
2020-09-16,95.77999877929688,96.13999938964844,94.2040023803711,94.85800170898438,84.35777282714844,1858500,0.0,0.0
2020-09-17,92.19000244140625,94.38999938964844,91.99600219726562,94.00199890136719,83.59654235839844,2491500,0.0,0.0
2020-09-18,97.03600311279297,97.38999938964844,92.36000061035156,93.21399688720703,82.89575958251953,4514000,0.0,0.0
2020-09-21,92.87000274658203,96.0979995727539,92.73200225830078,95.97799682617188,85.35379791259766,3453000,0.0,0.0
2020-09-22,96.00800323486328,97.14399719238281,94.91600036621094,96.85600280761719,86.13463592529297,1728000,0.0,0.0
2020-09-23,96.19200134277344,96.5999984741211,94.0739974975586,94.19599914550781,83.76905822753906,2004000,0.0,0.0
2020-09-24,93.3759994506836,94.9260025024414,92.60199737548828,94.04199981689453,83.6321029663086,2289500,0.0,0.0
2020-09-25,93.14600372314453,95.01000213623047,92.8759994506836,94.4280014038086,83.97537231445312,1684000,0.0,0.0
2020-09-28,94.17400360107422,94.17400360107422,91.4800033569336,92.78800201416016,82.51692962646484,2600500,0.0,0.0
2020-09-29,92.90599822998047,92.90599822998047,89.93000030517578,90.1520004272461,80.17271423339844,2863500,0.0,0.0
2020-09-30,89.80400085449219,91.51599884033203,88.82599639892578,90.93399810791016,80.86811065673828,2325500,0.0,0.0
2020-10-01,91.80999755859375,93.20800018310547,90.96399688720703,92.71800231933594,82.45467376708984,1709500,0.0,0.0
2020-10-02,91.27999877929688,92.08999633789062,88.12000274658203,89.0999984741211,79.2371597290039,1648300,0.0,5.0
2020-10-05,89.80000305175781,90.94999694824219,89.16000366210938,90.62000274658203,80.58892059326172,1484200,0.0,0.0
2020-10-06,90.13999938964844,91.0999984741211,89.22000122070312,89.38999938964844,79.49506378173828,1708500,0.0,0.0
2020-10-07,89.5999984741211,89.98999786376953,86.0999984741211,86.94000244140625,77.31626892089844,3037100,0.0,0.0
2020-10-08,86.5,88.94000244140625,85.04000091552734,88.41999816894531,78.63243103027344,2616300,0.0,0.0
2020-10-09,89.30000305175781,91.08999633789062,89.02999877929688,90.5999984741211,80.57112121582031,1703500,0.0,0.0
2020-10-12,91.79000091552734,92.87999725341797,90.8499984741211,91.5,81.37149047851562,2458700,0.0,0.0
2020-10-13,90.4000015258789,91.83999633789062,90.01000213623047,90.87000274658203,80.81122589111328,2128600,0.0,0.0
2020-10-14,91.45999908447266,91.45999908447266,89.4000015258789,89.56999969482422,79.65513610839844,2207100,0.0,0.0
2020-10-15,88.05000305175781,88.66000366210938,86.37999725341797,88.33000183105469,78.5523681640625,2069500,0.0,0.0
2020-10-16,88.98999786376953,89.98999786376953,87.91000366210938,88.5199966430664,78.72135925292969,1990100,0.0,0.0
2020-10-19,89.19999694824219,90.33999633789062,87.12999725341797,87.3499984741211,77.68087005615234,2385400,0.0,0.0
2020-10-20,88.08000183105469,89.01000213623047,87.0999984741211,88.37000274658203,78.58795166015625,2297700,0.0,0.0
2020-10-21,88.0999984741211,89.37999725341797,87.69999694824219,88.23999786376953,78.47234344482422,1497300,0.0,0.0
2020-10-22,88.26000213623047,89.5,87.13999938964844,87.56999969482422,77.87653350830078,2082700,0.0,0.0
2020-10-23,87.43000030517578,87.5199966430664,84.9800033569336,85.87000274658203,76.36470031738281,2272300,0.0,0.0
2020-10-26,85.30999755859375,86.79000091552734,85.16999816894531,86.70999908447266,77.11170196533203,1164200,0.0,0.0
2020-10-27,87.16000366210938,89.06999969482422,86.16999816894531,88.41999816894531,78.63243103027344,1650100,0.0,0.0
2020-10-28,87.5999984741211,89.18000030517578,85.95999908447266,86.23999786376953,76.69373321533203,2363500,0.0,0.0
2020-10-29,87.30999755859375,89.62000274658203,87.01000213623047,88.20999908447266,78.44566345214844,2007900,0.0,0.0
2020-10-30,87.05000305175781,87.66000366210938,85.91000366210938,86.79000091552734,77.182861328125,1998900,0.0,0.0
2020-11-02,86.25,86.37999725341797,82.94000244140625,84.33000183105469,74.99517059326172,2574400,0.0,0.0
2020-11-03,82.93000030517578,86.69999694824219,82.93000030517578,85.91000366210938,76.40028381347656,2354000,0.0,0.0
2020-11-04,89.81999969482422,94.25,88.81999969482422,93.68000030517578,83.31017303466797,3539400,0.0,0.0
2020-11-05,96.0999984741211,96.0999984741211,89.87999725341797,91.58000183105469,81.44265747070312,3422000,0.0,0.0
2020-11-06,91.91000366210938,92.30999755859375,89.7699966430664,92.04000091552734,81.85169982910156,1908600,0.0,0.0
2020-11-09,91.36000061035156,91.62999725341797,87.80000305175781,87.83999633789062,78.11663818359375,3560000,0.0,0.0
2020-11-10,87.9000015258789,90.19999694824219,85.4000015258789,87.55000305175781,77.85873413085938,3366100,0.0,0.0
2020-11-11,88.38999938964844,90.66000366210938,88.16000366210938,89.58999633789062,79.67291259765625,2603700,0.0,0.0
2020-11-12,90.88999938964844,91.5199966430664,86.86000061035156,87.33999633789062,77.67198181152344,3367800,0.0,0.0
2020-11-13,89.2300033569336,89.76000213623047,87.2699966430664,88.2699966430664,78.4990463256836,2510400,0.0,0.0
2020-11-16,87.87999725341797,88.4800033569336,86.18000030517578,87.0999984741211,77.45854949951172,2264200,0.0,0.0
2020-11-17,87.7300033569336,88.44999694824219,85.87999725341797,86.8499984741211,77.23622131347656,2396400,0.0,0.0
2020-11-18,87.29000091552734,88.05999755859375,84.87999725341797,85.5,76.03563690185547,3358800,0.0,0.0
2020-11-19,87.25,90.5,87.0,89.22000122070312,79.3438720703125,4215200,0.0,0.0
2020-11-20,91.0199966430664,94.08000183105469,91.0199966430664,93.51000213623047,83.15901947021484,3583000,0.0,0.0
2020-11-23,94.68000030517578,95.73999786376953,93.43000030517578,94.79000091552734,84.29730987548828,2978600,0.0,0.0
2020-11-24,97.0,98.4000015258789,96.58000183105469,97.5199966430664,86.72511291503906,4046400,0.0,0.0
2020-11-25,95.5199966430664,96.25,92.61000061035156,93.80000305175781,83.41690063476562,3324600,0.0,0.0
2020-11-27,93.51000213623047,93.94999694824219,92.16000366210938,93.33999633789062,83.00782775878906,1407100,0.0,0.0
2020-11-30,93.12999725341797,93.1500015258789,90.12999725341797,90.37000274658203,80.3665771484375,3213800,0.0,0.0
2020-12-01,90.70999908447266,91.38999938964844,89.43000030517578,89.9800033569336,80.01974487304688,1983700,0.0,0.0
2020-12-02,89.56999969482422,89.7699966430664,87.13999938964844,88.12999725341797,78.3745346069336,2339700,0.0,0.0
2020-12-03,87.94999694824219,88.63999938964844,87.5199966430664,87.83000183105469,78.28094482421875,1822700,0.195,0.0
2020-12-04,89.0,90.1500015258789,87.08000183105469,87.37999725341797,77.87985229492188,2285200,0.0,0.0
2020-12-07,89.13999938964844,91.13999938964844,88.81999969482422,89.41000366210938,79.68917083740234,3041600,0.0,0.0
2020-12-08,91.19999694824219,91.81999969482422,90.26000213623047,91.61000061035156,81.65000915527344,1957900,0.0,0.0
2020-12-09,91.01000213623047,91.55999755859375,88.58999633789062,89.01000213623047,79.33264923095703,2985400,0.0,0.0
2020-12-10,88.05999755859375,88.06999969482422,86.22000122070312,87.37000274658203,77.87095642089844,2472600,0.0,0.0
2020-12-11,87.29000091552734,89.5,87.23999786376953,88.26000213623047,78.66419982910156,2438600,0.0,0.0
2020-12-14,87.41000366210938,87.9000015258789,85.6500015258789,86.87999725341797,77.43424224853516,2105700,0.0,0.0
2020-12-15,87.05999755859375,87.30000305175781,84.80000305175781,85.58000183105469,76.27558135986328,3454400,0.0,0.0
2020-12-16,86.75,88.75,86.61000061035156,88.38999938964844,78.78005981445312,2813000,0.0,0.0
2020-12-17,90.81999969482422,91.98999786376953,89.80999755859375,90.88999938964844,81.00825500488281,2936000,0.0,0.0
2020-12-18,91.91000366210938,95.45999908447266,91.9000015258789,94.79000091552734,84.4842529296875,6555500,0.0,0.0
2020-12-21,92.55999755859375,94.69000244140625,92.55999755859375,92.93000030517578,82.82647705078125,2257600,0.0,0.0
2020-12-22,93.04000091552734,93.4000015258789,91.48999786376953,92.5,82.44320678710938,1259400,0.0,0.0
2020-12-23,92.80000305175781,93.27999877929688,90.72000122070312,92.58000183105469,82.51451873779297,904000,0.0,0.0
2020-12-24,91.55000305175781,93.0,90.94999694824219,92.66000366210938,82.5858154296875,646300,0.0,0.0
2020-12-28,92.6500015258789,93.38999938964844,90.18000030517578,91.12999725341797,81.22216033935547,1698700,0.0,0.0
2020-12-29,92.31999969482422,95.0,92.31999969482422,93.44000244140625,83.28101348876953,2141100,0.0,0.0
2020-12-30,94.9000015258789,96.79000091552734,94.22000122070312,95.93000030517578,85.50029754638672,1919400,0.0,0.0
2020-12-31,96.05000305175781,97.04000091552734,94.93000030517578,95.7699966430664,85.3576889038086,1383700,0.0,0.0
2021-01-04,96.05999755859375,98.12999725341797,95.30000305175781,96.73999786376953,86.22222900390625,2159100,0.0,0.0
2021-01-05,96.93000030517578,101.86000061035156,96.80999755859375,101.56999969482422,90.52711486816406,2934200,0.0,0.0
2021-01-06,99.95999908447266,105.80000305175781,99.95999908447266,103.61000061035156,92.3453140258789,3650000,0.0,0.0
2021-01-07,104.83999633789062,112.75,104.69999694824219,111.88999938964844,99.72511291503906,4522300,0.0,0.0
2021-01-08,111.62000274658203,114.80000305175781,110.83000183105469,114.56999969482422,102.11371612548828,3377800,0.0,0.0
2021-01-11,111.0,111.97000122070312,109.04000091552734,109.19999694824219,97.32754516601562,3376700,0.0,0.0
2021-01-12,108.75,110.06999969482422,106.05999755859375,107.44999694824219,95.767822265625,2397900,0.0,0.0
2021-01-13,105.5999984741211,107.79000091552734,105.51000213623047,107.05000305175781,95.41133117675781,2723300,0.0,0.0
2021-01-14,108.48999786376953,108.52999877929688,104.63999938964844,104.7699966430664,93.37920379638672,3573700,0.0,0.0
2021-01-15,105.33000183105469,106.69999694824219,104.12999725341797,105.08000183105469,93.65548706054688,1308400,0.0,0.0
2021-01-19,107.73999786376953,110.37000274658203,107.54000091552734,110.0999984741211,98.12970733642578,2234100,0.0,0.0
2021-01-20,112.7300033569336,113.58000183105469,111.06999969482422,112.94999694824219,100.66986083984375,2511700,0.0,0.0
2021-01-21,115.0,116.08999633789062,113.25,116.02999877929688,103.41498565673828,2621800,0.0,0.0
2021-01-22,114.69000244140625,117.55999755859375,113.79000091552734,116.76000213623047,104.06561279296875,1829700,0.0,0.0
2021-01-25,125.83999633789062,128.3800048828125,123.5,124.29000091552734,110.77694702148438,4031400,0.0,0.0
2021-01-26,122.29000091552734,122.83999633789062,120.12000274658203,121.93000030517578,108.67352294921875,1923000,0.0,0.0
2021-01-27,119.54000091552734,122.33000183105469,118.33000183105469,119.08999633789062,106.14228820800781,2043500,0.0,0.0
2021-01-28,117.94000244140625,118.16000366210938,115.0999984741211,117.23999786376953,104.49342346191406,2182000,0.0,0.0
2021-01-29,114.76000213623047,116.86000061035156,113.47000122070312,114.98999786376953,102.4880599975586,2953100,0.0,0.0
2021-02-01,116.19999694824219,119.62999725341797,116.19999694824219,118.25,105.39363098144531,1525700,0.0,0.0
2021-02-02,120.44999694824219,123.48999786376953,120.12000274658203,123.37000274658203,109.95698547363281,2316300,0.0,0.0
2021-02-03,122.75,123.6500015258789,121.45999908447266,122.93000030517578,109.56481170654297,1524800,0.0,0.0
2021-02-04,121.08000183105469,122.88999938964844,120.83000183105469,122.27999877929688,108.98548889160156,2499800,0.0,0.0
2021-02-05,122.12999725341797,126.0,121.75,124.0199966430664,110.53629302978516,2139600,0.0,0.0
2021-02-08,124.80000305175781,126.86000061035156,123.5199966430664,124.12999725341797,110.63432312011719,2012000,0.0,0.0
2021-02-09,130.80999755859375,133.75,129.89999389648438,132.4199981689453,118.02300262451172,3759800,0.0,0.0
2021-02-10,133.1999969482422,133.1999969482422,127.4800033569336,131.0500030517578,116.80198669433594,1825600,0.0,0.0
2021-02-11,132.36000061035156,134.3300018310547,131.88999938964844,132.47000122070312,118.06757354736328,979200,0.0,0.0
2021-02-12,131.17999267578125,133.22999572753906,130.57000732421875,132.1199951171875,117.75565338134766,1047900,0.0,0.0
2021-02-16,128.52999877929688,129.5500030517578,125.36000061035156,126.9800033569336,113.17447662353516,2738800,0.0,0.0
2021-02-17,126.0999984741211,128.57000732421875,123.62000274658203,126.9000015258789,113.10319519042969,1890000,0.0,0.0
2021-02-18,121.5,124.77999877929688,118.8499984741211,124.31999969482422,110.80368041992188,2196800,0.0,0.0
2021-02-19,124.77999877929688,126.58000183105469,122.72000122070312,123.88999938964844,110.4204330444336,1797000,0.0,0.0
2021-02-22,120.16999816894531,121.0,117.41000366210938,117.45999908447266,104.68950653076172,2767700,0.0,0.0
2021-02-23,114.9800033569336,120.83000183105469,112.44999694824219,120.25,107.17616271972656,2640000,0.0,0.0
2021-02-24,114.23999786376953,118.33999633789062,112.1500015258789,117.5,104.72515106201172,4499000,0.0,0.0
2021-02-25,114.7699966430664,114.80999755859375,107.22000122070312,108.66000366210938,96.84628295898438,4536500,0.0,0.0
2021-02-26,108.0,110.29000091552734,104.26000213623047,109.8499984741211,97.90689849853516,5243400,0.0,0.0
2021-03-01,111.4800033569336,111.48999786376953,108.19000244140625,110.58999633789062,98.56642150878906,3668700,0.0,0.0
2021-03-02,111.41000366210938,113.18000030517578,109.77999877929688,110.12999725341797,98.15644073486328,3323100,0.0,0.0
2021-03-03,109.83999633789062,111.62999725341797,106.69000244140625,107.2300033569336,95.57173919677734,3011900,0.0,0.0
2021-03-04,106.22000122070312,109.25,104.95999908447266,106.26000213623047,94.70720672607422,3133600,0.0,0.0
2021-03-05,107.55999755859375,109.08999633789062,105.19999694824219,108.26000213623047,96.48975372314453,2453200,0.0,0.0
2021-03-08,105.72000122070312,106.87000274658203,101.75,102.08000183105469,90.98165130615234,2935400,0.0,0.0
2021-03-09,105.51000213623047,111.1500015258789,104.19999694824219,110.68000030517578,98.64664459228516,4184700,0.0,0.0
2021-03-10,112.36000061035156,113.0999984741211,105.20999908447266,105.69999694824219,94.20806884765625,2754400,0.0,0.0
2021-03-11,110.29000091552734,111.0199966430664,108.31999969482422,108.38999938964844,96.66049194335938,2736500,0.06,0.0
2021-03-12,106.48999786376953,108.08000183105469,105.06999969482422,107.94999694824219,96.26809692382812,1576200,0.0,0.0
2021-03-15,106.63999938964844,107.63999938964844,105.37999725341797,107.08000183105469,95.49225616455078,1160900,0.0,0.0
2021-03-16,107.9000015258789,109.87000274658203,107.43000030517578,108.30000305175781,96.58023071289062,1658700,0.0,0.0
2021-03-17,107.76000213623047,108.73999786376953,104.93000030517578,108.26000213623047,96.54456329345703,2803100,0.0,0.0
2021-03-18,105.41999816894531,105.95999908447266,104.62000274658203,104.98999786376953,93.62842559814453,2130800,0.0,0.0
2021-03-19,104.8499984741211,109.69000244140625,104.7300033569336,109.06999969482422,97.26691436767578,4599500,0.0,0.0
2021-03-22,109.30000305175781,112.0,109.30000305175781,110.05999755859375,98.1497573852539,2114800,0.0,0.0
2021-03-23,108.5,108.52999877929688,106.38999938964844,106.52999877929688,95.00177764892578,1742400,0.0,0.0
2021-03-24,106.05999755859375,106.5,102.30000305175781,102.69000244140625,91.57733917236328,2032800,0.0,0.0
2021-03-25,100.91000366210938,103.4000015258789,100.61000061035156,101.55000305175781,90.5606918334961,2479500,0.0,0.0
2021-03-26,101.77999877929688,104.63999938964844,99.4000015258789,103.94000244140625,92.69206237792969,2810400,0.0,0.0
2021-03-29,102.4000015258789,104.20999908447266,101.41999816894531,103.08999633789062,91.93402862548828,2216500,0.0,0.0
2021-03-30,102.72000122070312,103.69999694824219,100.9000015258789,102.9000015258789,91.76457977294922,1566400,0.0,0.0
2021-03-31,103.79000091552734,105.5999984741211,103.05999755859375,103.26000213623047,92.08562469482422,2176700,0.0,0.0
2021-04-01,107.22000122070312,109.6500015258789,106.47000122070312,106.5999984741211,95.0641860961914,1488600,0.0,0.0
2021-04-05,107.5,107.5,104.01000213623047,105.54000091552734,94.1189193725586,838000,0.0,0.0
2021-04-06,105.54000091552734,107.66000366210938,105.13999938964844,107.2699966430664,95.66168212890625,1038000,0.0,0.0
2021-04-07,103.33000183105469,104.29000091552734,100.5,103.38999938964844,92.20156860351562,2474500,0.0,0.0
2021-04-08,104.62000274658203,106.1500015258789,104.18000030517578,104.93000030517578,93.57491302490234,1091000,0.0,0.0
2021-04-09,105.2699966430664,105.4800033569336,102.11000061035156,103.94000244140625,92.69206237792969,1517600,0.0,0.0
2021-04-12,102.33999633789062,105.08000183105469,102.25,104.75,93.41439819335938,1809300,0.0,0.0
2021-04-13,103.81999969482422,107.20999908447266,103.68000030517578,106.20999908447266,94.71639251708984,1289700,0.0,0.0
2021-04-14,108.33999633789062,109.79000091552734,106.6500015258789,106.9000015258789,95.33174133300781,1928100,0.0,0.0
2021-04-15,106.27999877929688,106.66000366210938,104.91999816894531,105.83999633789062,94.38643646240234,1229200,0.0,0.0
2021-04-16,105.91000366210938,107.33000183105469,105.66999816894531,106.80000305175781,95.24256134033203,1238200,0.0,0.0
2021-04-19,107.30999755859375,109.11000061035156,106.54000091552734,106.83000183105469,95.26929473876953,1414400,0.0,0.0
2021-04-20,106.83000183105469,106.8499984741211,105.5199966430664,106.7300033569336,95.18012237548828,2008300,0.0,0.0
2021-04-21,106.0999984741211,109.0999984741211,106.01000213623047,108.93000030517578,97.1420669555664,1631800,0.0,0.0
2021-04-22,109.19999694824219,112.4800033569336,109.0,111.3499984741211,99.30015563964844,2603300,0.0,0.0
2021-04-23,113.54000091552734,114.9000015258789,112.43000030517578,112.62000274658203,100.4327392578125,1127900,0.0,0.0
2021-04-26,110.5,112.51000213623047,110.0999984741211,112.37999725341797,100.21869659423828,1094600,0.0,0.0
2021-04-27,111.16999816894531,112.62999725341797,110.79000091552734,111.69999694824219,99.6122817993164,1772500,0.0,0.0
2021-04-28,112.48999786376953,115.30000305175781,112.19000244140625,114.2699966430664,101.90416717529297,1719200,0.0,0.0
2021-04-29,116.37000274658203,116.80999755859375,114.05000305175781,115.0999984741211,102.64434051513672,1444300,0.0,0.0
2021-04-30,112.33999633789062,113.16999816894531,111.66999816894531,112.05999755859375,99.9333267211914,1589100,0.0,0.0
2021-05-03,111.8499984741211,113.31999969482422,110.30000305175781,110.41000366210938,98.46189880371094,899900,0.0,0.0
2021-05-04,110.8499984741211,112.18000030517578,108.37000274658203,109.11000061035156,97.30255889892578,1886000,0.0,0.0
2021-05-05,109.0999984741211,109.68000030517578,107.56999969482422,107.69000244140625,96.0362319946289,843500,0.0,0.0
2021-05-06,107.66000366210938,109.77999877929688,107.0199966430664,109.76000213623047,97.88224792480469,1206700,0.0,0.0
2021-05-07,110.45999908447266,111.9800033569336,109.62999725341797,109.86000061035156,97.9714126586914,1281700,0.0,0.0
2021-05-10,109.5,109.58999633789062,105.47000122070312,105.54000091552734,94.1189193725586,1772200,0.0,0.0
2021-05-11,103.05999755859375,107.05000305175781,102.16000366210938,106.44999694824219,94.93043518066406,1623300,0.0,0.0
2021-05-12,105.6500015258789,107.7699966430664,104.08999633789062,104.62999725341797,93.307373046875,2092600,0.0,0.0
2021-05-13,103.55999755859375,105.7300033569336,101.44999694824219,101.51000213623047,90.52501678466797,2221800,0.0,0.0
2021-05-14,103.04000091552734,105.9000015258789,102.88999938964844,105.33999633789062,93.9405517578125,1921400,0.0,0.0
2021-05-17,104.91999816894531,104.98999786376953,103.05000305175781,104.9000015258789,93.54817962646484,2194000,0.0,0.0
2021-05-18,107.41999816894531,109.62999725341797,104.4000015258789,108.61000061035156,96.85668182373047,2684200,0.0,0.0
2021-05-19,106.7300033569336,110.98999786376953,106.08000183105469,110.26000213623047,98.32813262939453,1801600,0.0,0.0
2021-05-20,114.41999816894531,119.27999877929688,114.0999984741211,119.06999969482422,106.18473052978516,3361900,0.0,0.0
2021-05-21,120.0,120.83999633789062,117.2699966430664,117.38999938964844,104.68653106689453,1675400,0.0,0.0
2021-05-24,115.93000030517578,116.36000061035156,113.12999725341797,113.5,101.21749877929688,2688700,0.0,0.0
2021-05-25,115.68000030517578,115.7699966430664,112.76000213623047,114.47000122070312,102.08253479003906,2143000,0.0,0.0
2021-05-26,116.48999786376953,117.4800033569336,115.77999877929688,116.31999969482422,103.73233032226562,1696200,0.0,0.0
2021-05-27,116.02999877929688,117.04000091552734,114.1500015258789,116.36000061035156,103.76802062988281,3862500,0.0,0.0
2021-05-28,116.83999633789062,118.4800033569336,116.16000366210938,117.93000030517578,105.16812133789062,1657100,0.0,0.0
2021-06-01,118.77999877929688,119.61000061035156,115.19999694824219,118.58000183105469,105.74775695800781,2695600,0.0,0.0
2021-06-02,117.62000274658203,118.37999725341797,114.38999938964844,115.41000366210938,103.18183898925781,1798600,0.3,0.0
2021-06-03,113.76000213623047,115.55999755859375,113.19999694824219,113.66000366210938,101.61727905273438,2254800,0.0,0.0
2021-06-04,113.16000366210938,114.87999725341797,112.94000244140625,114.44000244140625,102.31462860107422,1667600,0.0,0.0
2021-06-07,114.19000244140625,114.19000244140625,112.18000030517578,113.88999938964844,101.82291412353516,1150900,0.0,0.0
2021-06-08,115.16000366210938,115.52999877929688,112.55999755859375,113.2300033569336,101.23283386230469,1912200,0.0,0.0
2021-06-09,113.7300033569336,113.7300033569336,110.12000274658203,110.31999969482422,98.63115692138672,2382500,0.0,0.0
2021-06-10,110.87000274658203,113.94999694824219,110.36000061035156,113.11000061035156,101.12554168701172,2131500,0.0,0.0
2021-06-11,113.30000305175781,113.94999694824219,112.23999786376953,113.08999633789062,101.10765838623047,2140600,0.0,0.0
2021-06-14,113.41000366210938,114.41000366210938,112.0199966430664,114.16000366210938,102.06429290771484,1683700,0.0,0.0
2021-06-15,112.87999725341797,113.51000213623047,110.4800033569336,111.12999725341797,99.35533905029297,1471600,0.0,0.0
2021-06-16,109.44999694824219,110.05999755859375,107.72000122070312,108.88999938964844,97.35266876220703,1907200,0.0,0.0
2021-06-17,109.68000030517578,111.12000274658203,108.88999938964844,110.8499984741211,99.1050033569336,1799700,0.0,0.0
2021-06-18,110.62999725341797,111.33000183105469,106.0,107.41000366210938,96.02949523925781,8191500,0.0,0.0
2021-06-21,107.5999984741211,108.81999969482422,106.91000366210938,107.94000244140625,96.50332641601562,1331900,0.0,0.0
2021-06-22,106.5999984741211,108.54000091552734,105.8499984741211,105.93000030517578,94.706298828125,1901600,0.0,0.0
2021-06-23,106.26000213623047,108.91000366210938,106.26000213623047,106.52999877929688,95.24273681640625,1928800,0.0,0.0
2021-06-24,107.62000274658203,108.66999816894531,107.08999633789062,107.5999984741211,96.19934844970703,2302700,0.0,0.0
2021-06-25,107.91999816894531,108.36000061035156,105.29000091552734,106.80000305175781,95.484130859375,2492800,0.0,0.0
2021-06-28,108.22000122070312,112.3499984741211,108.0999984741211,111.30000305175781,99.50733947753906,3215100,0.0,0.0
2021-06-29,111.30000305175781,114.81999969482422,110.0,114.73999786376953,102.58283233642578,2071900,0.0,0.0
2021-06-30,114.20999908447266,115.62999725341797,113.72000122070312,115.25,103.038818359375,2598100,0.0,0.0
2021-07-01,115.0,116.5199966430664,113.33999633789062,113.70999908447266,101.66197204589844,1609400,0.0,0.0
2021-07-02,113.5,115.13999938964844,112.54000091552734,113.30999755859375,101.30435180664062,1559700,0.0,0.0
2021-07-06,110.97000122070312,111.0,108.55999755859375,109.62000274658203,98.00531768798828,2176900,0.0,0.0
2021-07-07,110.76000213623047,110.9800033569336,106.61000061035156,107.41000366210938,96.02949523925781,1764200,0.0,0.0
2021-07-08,105.54000091552734,106.12999725341797,104.20999908447266,105.36000061035156,94.19668579101562,2678400,0.0,0.0
2021-07-09,106.8499984741211,108.52999877929688,105.4000015258789,108.33000183105469,96.85201263427734,2303600,0.0,0.0
2021-07-12,109.05000305175781,110.36000061035156,108.37000274658203,108.93000030517578,97.38844299316406,1215600,0.0,0.0
2021-07-13,110.4000015258789,113.62000274658203,109.87000274658203,112.16999816894531,100.28515625,1600000,0.0,0.0
2021-07-14,113.2699966430664,114.0199966430664,112.55999755859375,112.83000183105469,100.87521362304688,1237600,0.0,0.0
2021-07-15,112.4800033569336,114.56999969482422,112.4800033569336,114.41000366210938,102.28781127929688,1746200,0.0,0.0
2021-07-16,114.68000030517578,114.7699966430664,111.30000305175781,112.0999984741211,100.2225570678711,1183500,0.0,0.0
2021-07-19,110.72000122070312,112.77999877929688,110.01000213623047,112.25,100.3566665649414,1175400,0.0,0.0
2021-07-20,112.66000366210938,114.04000091552734,111.11000061035156,113.22000122070312,101.223876953125,1253800,0.0,0.0
2021-07-21,112.44000244140625,113.16999816894531,110.20999908447266,113.04000091552734,101.0629653930664,1204800,0.0,0.0
2021-07-22,113.30999755859375,113.37999725341797,111.63999938964844,112.55000305175781,100.62489318847656,967200,0.0,0.0
2021-07-23,108.5,108.9800033569336,102.91999816894531,103.52999877929688,92.56059265136719,6860200,0.0,0.0
2021-07-26,96.83999633789062,97.66999816894531,88.95999908447266,89.4000015258789,79.92772674560547,11486600,0.0,0.0
2021-07-27,83.58000183105469,88.9800033569336,82.5,88.31999969482422,78.96214294433594,10665800,0.0,0.0
2021-07-28,94.94000244140625,101.29000091552734,93.70999908447266,100.13999938964844,89.52976989746094,8759300,0.0,0.0
2021-07-29,101.33000183105469,102.44999694824219,98.8499984741211,100.9000015258789,90.20924377441406,3353400,0.0,0.0
2021-07-30,99.62000274658203,103.5,99.36000061035156,102.20999908447266,91.38045501708984,2570800,0.0,0.0
2021-08-02,102.87000274658203,106.18000030517578,102.4000015258789,105.04000091552734,93.91059875488281,2238100,0.0,0.0
2021-08-03,95.8499984741211,96.52999877929688,91.91999816894531,93.05999755859375,83.19993591308594,6823200,0.0,0.0
2021-08-04,93.6500015258789,95.87000274658203,92.22000122070312,93.0199966430664,83.16416931152344,3509200,0.0,0.0
2021-08-05,89.3499984741211,89.3499984741211,87.12999725341797,87.70999908447266,78.41676330566406,4628400,0.0,0.0
2021-08-06,87.5999984741211,88.62000274658203,86.0199966430664,87.0,77.78201293945312,2664900,0.0,0.0
2021-08-09,88.41000366210938,93.01000213623047,88.0999984741211,92.44999694824219,82.65454864501953,2885400,0.0,0.0
2021-08-10,92.52999877929688,93.9000015258789,90.12999725341797,91.3499984741211,81.67109680175781,2205800,0.0,0.0
2021-08-11,92.93000030517578,93.12000274658203,90.98999786376953,93.0,83.14628601074219,2432600,0.0,0.0
2021-08-12,90.86000061035156,92.18000030517578,90.12000274658203,92.0,82.25223541259766,2267100,0.0,0.0
2021-08-13,90.7300033569336,91.87000274658203,89.25,89.66000366210938,80.16019439697266,2208000,0.0,0.0
2021-08-16,86.88999938964844,86.88999938964844,84.19000244140625,85.33999633789062,76.29788208007812,3867800,0.0,0.0
2021-08-17,82.44000244140625,85.1500015258789,81.56999969482422,83.76000213623047,74.88529968261719,4841700,0.0,0.0
2021-08-18,83.37000274658203,84.56999969482422,82.29000091552734,83.76000213623047,74.88529968261719,3935800,0.0,0.0
2021-08-19,80.73999786376953,81.2300033569336,77.97000122070312,78.91999816894531,70.55810546875,5845000,0.0,0.0
2021-08-20,78.97000122070312,81.7300033569336,78.66999816894531,80.62999725341797,72.08692169189453,6359500,0.0,0.0
2021-08-23,82.47000122070312,85.7699966430664,82.1500015258789,85.0199966430664,76.01179504394531,3628200,0.0,0.0
2021-08-24,89.56999969482422,93.12999725341797,89.27999877929688,92.6500015258789,82.83335876464844,6290400,0.0,0.0
2021-08-25,90.6500015258789,92.13999938964844,89.62000274658203,91.94999694824219,82.20751190185547,3444800,0.0,0.0
2021-08-26,91.5199966430664,91.69999694824219,90.37000274658203,91.26000213623047,81.59066009521484,1948400,0.0,0.0
2021-08-27,92.0,94.38999938964844,92.0,92.76000213623047,82.93170928955078,2508200,0.0,0.0
2021-08-30,84.58999633789062,90.05999755859375,84.55999755859375,89.62000274658203,80.12440490722656,6454300,0.0,0.0
2021-08-31,93.62000274658203,97.6500015258789,92.5,97.41999816894531,87.09796905517578,5775700,0.0,0.0
2021-09-01,97.41999816894531,99.4000015258789,96.3499984741211,96.9000015258789,86.63304901123047,3943600,0.0,0.0
2021-09-02,95.0,96.47000122070312,94.3499984741211,94.91000366210938,84.8539047241211,2928800,0.0,0.0
2021-09-03,94.0,94.3499984741211,91.9800033569336,92.98999786376953,83.13734436035156,3504400,0.0,0.0
2021-09-07,96.30999755859375,97.58999633789062,95.3499984741211,95.7300033569336,85.5870361328125,3682700,0.0,0.0
2021-09-08,92.79000091552734,93.80000305175781,89.95999908447266,90.77999877929688,81.16149139404297,4485700,0.0,0.0
2021-09-09,85.33000183105469,89.98999786376953,84.5,88.91000366210938,79.48963928222656,6814600,0.0,0.0
2021-09-10,88.63999938964844,90.72000122070312,87.0999984741211,88.44999694824219,79.07837677001953,5137100,0.0,0.0
2021-09-13,87.5199966430664,89.70999908447266,86.62000274658203,88.18000030517578,79.05148315429688,3551700,0.24,0.0
2021-09-14,86.23999786376953,86.69000244140625,84.41000366210938,84.5199966430664,75.7703628540039,5382300,0.0,0.0
2021-09-15,83.0,85.4800033569336,82.54000091552734,84.95999908447266,76.1648178100586,5132200,0.0,0.0
2021-09-16,84.05999755859375,85.11000061035156,83.1500015258789,84.33999633789062,75.60900115966797,5002000,0.0,0.0
2021-09-17,83.80999755859375,83.93000030517578,81.5,82.87999725341797,74.30012512207031,3903700,0.0,0.0
2021-09-20,80.41000366210938,82.68000030517578,78.86000061035156,80.05999755859375,71.7720718383789,3420300,0.0,0.0
2021-09-21,79.97000122070312,80.58000183105469,79.1500015258789,79.94999694824219,71.67345428466797,2399800,0.0,0.0
2021-09-22,80.5,82.26000213623047,80.5,81.33000183105469,72.91060638427734,3181200,0.0,0.0
2021-09-23,81.75,82.05999755859375,80.83000183105469,81.58999633789062,73.1436767578125,2109600,0.0,0.0
2021-09-24,80.37000274658203,81.48999786376953,79.66999816894531,81.33999633789062,72.9195556640625,3191500,0.0,0.0
2021-09-27,81.52999877929688,84.16000366210938,80.6500015258789,83.98999786376953,75.29521942138672,3838100,0.0,0.0
2021-09-28,83.63999938964844,85.5,81.5999984741211,84.69000244140625,75.92278289794922,8369500,0.0,0.0
2021-09-29,84.79000091552734,86.7300033569336,81.62999725341797,81.69999694824219,73.24229431152344,5597400,0.0,0.0
2021-09-30,83.5,86.54000091552734,83.0,85.4000015258789,76.55927276611328,5797600,0.0,0.0
2021-10-01,84.95999908447266,85.51000213623047,82.33000183105469,83.80000305175781,75.12489318847656,2995000,0.0,0.0
2021-10-04,82.06999969482422,82.7699966430664,80.8499984741211,82.13999938964844,73.63675689697266,3253000,0.0,0.0
2021-10-05,83.18000030517578,83.97000122070312,82.20999908447266,83.18000030517578,74.569091796875,2979800,0.0,0.0
2021-10-06,82.55000305175781,88.87999725341797,82.30000305175781,88.70999908447266,79.526611328125,5890600,0.0,0.0
2021-10-07,90.0,96.19000244140625,89.94999694824219,96.05999755859375,86.11572265625,9066600,0.0,0.0
2021-10-08,95.73999786376953,97.36000061035156,94.88999938964844,96.31999969482422,86.34880828857422,6593000,0.0,0.0
2021-10-11,97.93000030517578,98.41000366210938,94.55000305175781,96.0,86.06194305419922,7077900,0.0,0.0
2021-10-12,95.87000274658203,97.11000061035156,94.4000015258789,94.86000061035156,85.0399398803711,4384600,0.0,0.0
2021-10-13,96.11000061035156,98.0,95.0199966430664,95.7300033569336,85.81988525390625,2162800,0.0,0.0
2021-10-14,96.22000122070312,96.62000274658203,94.58000183105469,95.45999908447266,85.57782745361328,1848400,0.0,0.0
2021-10-15,95.11000061035156,96.69999694824219,94.31999969482422,95.55999755859375,85.66748809814453,2893500,0.0,0.0
2021-10-18,95.16000366210938,99.5999984741211,95.12000274658203,97.9000015258789,87.7652587890625,3599800,0.0,0.0
2021-10-19,99.0999984741211,100.75,98.30000305175781,100.38999938964844,89.99746704101562,5106700,0.0,0.0
2021-10-20,101.0,103.19999694824219,100.44000244140625,101.37000274658203,90.87604522705078,5030500,0.0,0.0
2021-10-21,100.98999786376953,102.56999969482422,100.44999694824219,101.75,91.21669006347656,3080800,0.0,0.0
2021-10-22,105.01000213623047,107.98999786376953,101.70999908447266,102.23999786376953,91.65595245361328,3073000,0.0,0.0
2021-10-25,103.69000244140625,104.6500015258789,102.22000122070312,102.4800033569336,91.87112426757812,2060800,0.0,0.0
2021-10-26,101.69999694824219,102.3499984741211,98.55000305175781,98.9000015258789,88.6617202758789,2539300,0.0,0.0
2021-10-27,97.7699966430664,102.33999633789062,97.54000091552734,100.3499984741211,89.96162414550781,2347100,0.0,0.0
2021-10-28,99.18000030517578,100.62999725341797,99.0199966430664,99.9800033569336,89.62991333007812,1629500,0.0,0.0
2021-10-29,98.25,99.12000274658203,96.91000366210938,97.58999633789062,87.48733520507812,2636400,0.0,0.0
2021-11-01,98.5199966430664,103.41999816894531,98.5,102.68000030517578,92.0504150390625,2365600,0.0,0.0
2021-11-02,101.58999633789062,102.56999969482422,100.02999877929688,100.29000091552734,89.9078369140625,1965300,0.0,0.0
2021-11-03,100.9000015258789,102.55000305175781,100.01000213623047,102.37999725341797,91.78148651123047,1736700,0.0,0.0
2021-11-04,104.0999984741211,104.73999786376953,101.11000061035156,101.27999877929688,90.79533386230469,1700500,0.0,0.0
2021-11-05,101.66999816894531,103.44999694824219,100.73999786376953,101.51000213623047,91.00153350830078,1322000,0.0,0.0
2021-11-08,103.47000122070312,103.80000305175781,102.37999725341797,103.51000213623047,92.79451751708984,1488100,0.0,0.0
2021-11-09,103.11000061035156,103.55000305175781,100.30000305175781,100.83000183105469,90.39193725585938,1771300,0.0,0.0
2021-11-10,105.0199966430664,105.81999969482422,102.86000061035156,103.18000030517578,92.4986572265625,2526800,0.0,0.0
2021-11-11,106.94999694824219,110.56999969482422,106.73999786376953,110.2699966430664,98.85469055175781,3394200,0.0,0.0
2021-11-12,111.3499984741211,112.41999816894531,109.83999633789062,111.1500015258789,99.64359283447266,3082300,0.0,0.0
2021-11-15,112.52999877929688,113.1500015258789,109.55000305175781,111.18000030517578,99.67050170898438,2620000,0.0,0.0
2021-11-16,116.12000274658203,117.37000274658203,109.25,111.19000244140625,99.6794662475586,5487100,0.0,0.0
2021-11-17,112.62999725341797,114.76000213623047,111.51000213623047,112.48999786376953,100.84486389160156,2943400,0.0,0.0
2021-11-18,111.5199966430664,113.58999633789062,110.25,112.44000244140625,100.800048828125,2559500,0.0,0.0
2021-11-19,113.4800033569336,116.26000213623047,112.9800033569336,115.55000305175781,103.58810424804688,2101900,0.0,0.0
2021-11-22,116.2300033569336,118.19000244140625,112.19000244140625,113.26000213623047,101.53515625,2468500,0.0,0.0
2021-11-23,114.0199966430664,115.5,110.94999694824219,111.55999755859375,100.01114654541016,3043200,0.0,0.0
2021-11-24,112.37999725341797,115.25,110.97000122070312,113.6500015258789,101.8847885131836,2418300,0.0,0.0
2021-11-26,113.0999984741211,114.66999816894531,112.25,114.33000183105469,102.4944076538086,1924800,0.0,0.0
2021-11-29,114.08999633789062,114.51000213623047,107.7699966430664,110.12000274658203,98.72020721435547,2898200,0.0,0.0
2021-11-30,107.62999725341797,111.56999969482422,107.27999877929688,107.7300033569336,96.77538299560547,5506200,0.225,0.0
2021-12-01,111.7300033569336,114.66000366210938,110.95999908447266,111.80999755859375,100.44048309326172,2761000,0.0,0.0
2021-12-02,112.69999694824219,113.73999786376953,105.94999694824219,107.47000122070312,96.54181671142578,4455900,0.0,0.0
2021-12-03,103.23999786376953,104.97000122070312,98.79000091552734,100.05000305175781,89.87632751464844,7168600,0.0,0.0
2021-12-06,99.80999755859375,104.52999877929688,98.0199966430664,104.08000183105469,93.49653625488281,4247500,0.0,0.0
2021-12-07,108.5199966430664,108.86000061035156,106.11000061035156,107.33999633789062,96.42501831054688,3319300,0.0,0.0
2021-12-08,106.16000366210938,106.51000213623047,104.72000122070312,105.7699966430664,95.01467895507812,3555200,0.0,0.0
2021-12-09,103.73999786376953,105.5,102.06999969482422,103.30000305175781,92.79585266113281,3587700,0.0,0.0
2021-12-10,104.20999908447266,105.58000183105469,102.01000213623047,102.83999633789062,92.38260650634766,6962700,0.0,0.0
2021-12-13,101.95999908447266,103.69999694824219,100.29000091552734,103.01000213623047,92.53533172607422,2625900,0.0,0.0
2021-12-14,101.62999725341797,103.5,100.75,102.8499984741211,92.39160919189453,1818200,0.0,0.0
2021-12-15,102.2300033569336,102.58000183105469,98.68000030517578,100.45999908447266,90.24462127685547,3978900,0.0,0.0
2021-12-16,101.0,102.44000244140625,98.05999755859375,98.83999633789062,88.78933715820312,3498600,0.0,0.0
2021-12-17,96.98999786376953,96.98999786376953,91.77999877929688,93.75,84.21693420410156,7538100,0.0,0.0
2021-12-20,92.47000122070312,93.37999725341797,89.80000305175781,90.27999877929688,81.09979248046875,6277100,0.0,0.0
2021-12-21,93.86000061035156,98.0,92.83000183105469,97.26000213623047,87.3700180053711,7412300,0.0,0.0
2021-12-22,95.5,98.20999908447266,95.0,97.62000274658203,87.69342041015625,1902500,0.0,0.0
2021-12-23,96.6500015258789,98.23999786376953,95.1500015258789,97.83999633789062,87.89102935791016,2136600,0.0,0.0
2021-12-27,96.83000183105469,99.0,96.62000274658203,97.44000244140625,87.53172302246094,917500,0.0,0.0
2021-12-28,96.88999938964844,97.80000305175781,95.30000305175781,97.1500015258789,87.2712173461914,1854200,0.0,0.0
2021-12-29,96.66000366210938,97.13999938964844,94.12999725341797,95.25,85.56442260742188,1336300,0.0,0.0
2021-12-30,96.77999877929688,105.86000061035156,96.29000091552734,103.75,93.20008850097656,3377900,0.0,0.0
2021-12-31,101.69999694824219,103.51000213623047,100.95999908447266,101.77999877929688,91.43041229248047,1719200,0.0,0.0
2022-01-03,101.41999816894531,101.70999908447266,98.7300033569336,100.63999938964844,90.40633392333984,1251400,0.0,0.0
2022-01-04,99.22000122070312,99.22000122070312,96.16000366210938,97.5999984741211,87.67545318603516,2304500,0.0,0.0
2022-01-05,95.91999816894531,98.51000213623047,95.37000274658203,95.45999908447266,85.7530517578125,1607700,0.0,0.0
2022-01-06,96.69000244140625,98.69000244140625,95.5199966430664,97.22000122070312,87.33409118652344,1308500,0.0,0.0
2022-01-07,98.9000015258789,101.66999816894531,98.54000091552734,99.70999908447266,89.57088470458984,2502700,0.0,0.0
2022-01-10,100.54000091552734,100.95999908447266,97.70999908447266,100.0999984741211,89.92123413085938,3221600,0.0,0.0
2022-01-11,101.0,105.30000305175781,100.26000213623047,103.63999938964844,93.10127258300781,1977200,0.0,0.0
2022-01-12,107.94999694824219,108.19000244140625,103.20999908447266,106.01000213623047,95.23028564453125,2340800,0.0,0.0
2022-01-13,103.2699966430664,104.43000030517578,100.77999877929688,101.16999816894531,90.8824462890625,1867900,0.0,0.0
2022-01-14,102.1500015258789,104.4000015258789,101.9000015258789,103.36000061035156,92.84974670410156,1208900,0.0,0.0
2022-01-18,102.26000213623047,104.08000183105469,101.0,101.73999786376953,91.39447784423828,1979900,0.0,0.0
2022-01-19,104.31999969482422,105.3499984741211,102.77999877929688,103.45999908447266,92.93956756591797,1404100,0.0,0.0
2022-01-20,107.19000244140625,108.27999877929688,103.1500015258789,103.36000061035156,92.84974670410156,4062400,0.0,0.0
2022-01-21,102.62999725341797,104.12999725341797,96.62999725341797,96.98999786376953,87.12747192382812,5040200,0.0,0.0
2022-01-24,95.7300033569336,96.0,91.7300033569336,95.29000091552734,85.600341796875,3683800,0.0,0.0
2022-01-25,95.30999755859375,99.41000366210938,95.1500015258789,98.62000274658203,88.59173583984375,2138600,0.0,0.0
2022-01-26,99.98999786376953,100.44999694824219,95.79000091552734,96.76000213623047,86.92086791992188,2671600,0.0,0.0
2022-01-27,96.23999786376953,97.45999908447266,94.0199966430664,94.54000091552734,84.92659759521484,2406900,0.0,0.0
2022-01-28,95.1500015258789,96.44000244140625,92.95999908447266,96.4000015258789,86.59747314453125,1715200,0.0,0.0
2022-01-31,98.19000244140625,103.41999816894531,98.01000213623047,103.36000061035156,92.84974670410156,1997700,0.0,0.0
2022-02-01,102.44999694824219,103.4000015258789,100.88999938964844,102.12000274658203,91.73584747314453,1158200,0.0,0.0
2022-02-02,102.0,103.13999938964844,100.11000061035156,101.86000061035156,91.50226593017578,1273200,0.0,0.0
2022-02-03,100.98999786376953,102.22000122070312,99.93000030517578,100.12999725341797,89.94817352294922,1154700,0.0,0.0
2022-02-04,98.5,101.31999969482422,98.19000244140625,100.5999984741211,90.37039184570312,1716200,0.0,0.0
2022-02-07,99.97000122070312,100.91999816894531,98.94999694824219,99.08999633789062,89.01393127441406,1732900,0.0,0.0
2022-02-08,99.0,104.37999725341797,98.11000061035156,103.63999938964844,93.10127258300781,2511400,0.0,0.0
2022-02-09,105.61000061035156,108.11000061035156,103.91000366210938,107.86000061035156,96.89215087890625,2635400,0.0,0.0
2022-02-10,104.13999938964844,106.76000213623047,102.70999908447266,103.30000305175781,92.79585266113281,2089900,0.0,0.0
2022-02-11,102.91000366210938,102.95999908447266,98.58000183105469,99.04000091552734,88.96902465820312,1958800,0.0,0.0
2022-02-14,97.63999938964844,98.55000305175781,96.95999908447266,97.98999786376953,88.02578735351562,2191500,0.0,0.0
2022-02-15,98.97000122070312,100.05000305175781,97.87999725341797,99.87999725341797,89.72360229492188,1212700,0.0,0.0
2022-02-16,100.30999755859375,100.94999694824219,98.9000015258789,100.20999908447266,90.02003479003906,1754400,0.0,0.0
2022-02-17,100.69000244140625,102.75,99.61000061035156,99.83999633789062,89.68765258789062,1941400,0.0,0.0
2022-02-18,99.22000122070312,99.52999877929688,97.0,98.5199966430664,88.50189208984375,2557800,0.0,0.0
2022-02-22,95.37999725341797,96.18000030517578,89.5,91.37000274658203,82.07894134521484,4846700,0.0,0.0
2022-02-23,93.93000030517578,95.79000091552734,91.19000244140625,91.55999755859375,82.2496337890625,3715300,0.0,0.0
2022-02-24,88.0,92.9000015258789,87.5,92.80000305175781,83.3635482788086,3068600,0.0,0.0
2022-02-25,94.19999694824219,99.97000122070312,93.7699966430664,99.72000122070312,89.57987213134766,3659100,0.0,0.0
2022-02-28,97.0,97.80999755859375,93.38999938964844,95.33999633789062,85.64525604248047,3117700,0.0,0.0
2022-03-01,95.2699966430664,99.12999725341797,92.5199966430664,93.48999786376953,83.98336791992188,3260000,0.0,0.0
2022-03-02,93.44000244140625,93.44000244140625,89.55999755859375,92.37999725341797,82.98623657226562,3437100,0.0,0.0
2022-03-03,92.26000213623047,92.69999694824219,85.88999938964844,86.54000091552734,77.74009704589844,4564100,0.0,0.0
2022-03-04,85.13999938964844,86.73999786376953,84.3499984741211,85.5,76.80583953857422,3246200,0.0,0.0
2022-03-07,85.29000091552734,86.7699966430664,81.52999877929688,81.80999755859375,73.4910659790039,3106600,0.0,0.0
2022-03-08,82.22000122070312,87.20999908447266,81.4000015258789,84.70999908447266,76.09617614746094,3444500,0.0,0.0
2022-03-09,86.83000183105469,91.76000213623047,86.29000091552734,88.58000183105469,79.57266235351562,3654700,0.0,0.0
2022-03-10,84.0,84.0,76.94999694824219,81.7300033569336,73.75642395019531,5597700,0.405,0.0
2022-03-11,82.91999816894531,84.2699966430664,78.75,79.08999633789062,71.37398529052734,4742700,0.0,0.0
2022-03-14,71.27999877929688,75.77999877929688,68.62000274658203,71.52999877929688,64.55155181884766,6159000,0.0,0.0
2022-03-15,69.5199966430664,75.79000091552734,69.19999694824219,74.23999786376953,66.99713897705078,4652000,0.0,0.0
2022-03-16,87.6500015258789,94.13999938964844,83.05000305175781,93.30999755859375,84.20669555664062,9234300,0.0,0.0
2022-03-17,88.88999938964844,90.0,82.05999755859375,85.0999984741211,76.79764556884766,5472100,0.0,0.0
2022-03-18,85.51000213623047,91.94000244140625,84.70999908447266,90.18000030517578,81.3820571899414,7726100,0.0,0.0
2022-03-21,86.9000015258789,91.02999877929688,86.27999877929688,88.91000366210938,80.2359619140625,2525100,0.0,0.0
2022-03-22,94.69999694824219,96.8499984741211,91.33999633789062,94.70999908447266,85.47010803222656,3414300,0.0,0.0
2022-03-23,94.52999877929688,98.26000213623047,93.26000213623047,95.47000122070312,86.15596771240234,2160900,0.0,0.0
2022-03-24,93.05000305175781,93.77999877929688,90.16000366210938,92.16000366210938,83.16886901855469,3343900,0.0,0.0
2022-03-25,90.2699966430664,93.80000305175781,90.2699966430664,93.66000366210938,84.52255249023438,1814300,0.0,0.0
2022-03-28,95.37999725341797,96.86000061035156,92.19000244140625,93.81999969482422,84.66690826416016,2492700,0.0,0.0
2022-03-29,95.0199966430664,98.5,93.13999938964844,93.91999816894531,84.7571792602539,1808800,0.0,0.0
2022-03-30,92.05999755859375,94.26000213623047,91.56999969482422,92.0199966430664,83.04254913330078,1441900,0.0,0.0
2022-03-31,90.8499984741211,91.79000091552734,88.37999725341797,89.69000244140625,80.93986511230469,1888000,0.0,0.0
2022-04-01,96.30999755859375,99.9800033569336,95.44000244140625,95.80999755859375,86.46277618408203,2726600,0.0,0.0
2022-04-04,99.44000244140625,99.52999877929688,96.58000183105469,98.06999969482422,88.50230407714844,2226100,0.0,0.0
2022-04-05,96.72000122070312,97.27999877929688,95.20999908447266,96.16000366210938,86.77864837646484,1266800,0.0,0.0
2022-04-06,95.30999755859375,95.87000274658203,92.86000061035156,94.83000183105469,85.57840728759766,1503700,0.0,0.0
2022-04-07,93.75,94.87000274658203,92.69000244140625,92.97000122070312,83.89985656738281,1599500,0.0,0.0
2022-04-08,92.68000030517578,95.08999633789062,92.2699966430664,93.04000091552734,83.9630355834961,1146000,0.0,0.0
2022-04-11,101.18000030517578,101.18000030517578,94.80000305175781,95.01000213623047,85.74083709716797,4117400,0.0,0.0
2022-04-12,96.43000030517578,96.66000366210938,91.97000122070312,92.23999786376953,83.24107360839844,1329700,0.0,0.0
2022-04-13,93.54000091552734,97.41999816894531,92.43000030517578,95.69000244140625,86.3544921875,1536800,0.0,0.0
2022-04-14,95.18000030517578,95.44000244140625,93.62999725341797,95.05999755859375,85.78594970703125,1314200,0.0,0.0
2022-04-18,93.11000061035156,94.02999877929688,91.12000274658203,93.4800033569336,84.36009216308594,1044600,0.0,0.0
2022-04-19,90.87000274658203,93.7300033569336,90.05000305175781,93.6500015258789,84.5135269165039,1207100,0.0,0.0
2022-04-20,92.31999969482422,92.5199966430664,88.12000274658203,88.97000122070312,80.29010009765625,1667400,0.0,0.0
2022-04-21,88.05999755859375,89.44000244140625,85.52999877929688,85.69999694824219,77.33909606933594,1509300,0.0,0.0
2022-04-22,86.80999755859375,91.25,85.36000061035156,85.86000061035156,77.48352813720703,3198700,0.0,0.0
2022-04-25,84.9000015258789,88.94000244140625,84.77999877929688,88.37000274658203,79.74861907958984,2359100,0.0,0.0
2022-04-26,88.06999969482422,89.44999694824219,87.26000213623047,87.4800033569336,78.94547271728516,1646100,0.0,0.0
2022-04-27,88.62000274658203,92.18000030517578,88.12999725341797,89.05999755859375,80.37132263183594,1725300,0.0,0.0
2022-04-28,90.66000366210938,91.8499984741211,89.33999633789062,91.29000091552734,82.38375854492188,1622600,0.0,0.0
2022-04-29,96.0,99.31999969482422,95.18000030517578,95.33000183105469,86.02962493896484,2744600,0.0,0.0
2022-05-02,94.01000213623047,97.26000213623047,93.30000305175781,94.29000091552734,85.09107971191406,2249200,0.0,0.0
2022-05-03,95.5999984741211,96.97000122070312,94.18000030517578,95.94999694824219,86.58911895751953,1509200,0.0,0.0
2022-05-04,94.45999908447266,97.31999969482422,93.5,96.9800033569336,87.51864624023438,2049700,0.0,0.0
2022-05-05,92.48999786376953,93.48999786376953,89.20999908447266,91.19000244140625,82.29352569580078,2258300,0.0,0.0
2022-05-06,90.1500015258789,90.91999816894531,88.19000244140625,88.41000366210938,79.78472900390625,1618500,0.0,0.0
2022-05-09,86.43000030517578,87.26000213623047,84.19999694824219,84.5199966430664,76.27423095703125,2421600,0.0,0.0
2022-05-10,88.33000183105469,89.77999877929688,86.0199966430664,88.0,79.41471099853516,2404000,0.0,0.0
2022-05-11,88.76000213623047,91.41999816894531,87.36000061035156,87.83999633789062,79.27033996582031,2256200,0.0,0.0
2022-05-12,85.76000213623047,89.44000244140625,84.45999908447266,87.95999908447266,79.37863159179688,2143100,0.0,0.0
2022-05-13,90.5999984741211,93.05000305175781,90.5999984741211,92.45999908447266,83.43960571289062,2028700,0.0,0.0
2022-05-16,93.23999786376953,94.97000122070312,92.3499984741211,93.25,84.15253448486328,1296600,0.0,0.0
2022-05-17,96.88999938964844,97.87999725341797,93.12999725341797,94.5999984741211,85.37083435058594,1704100,0.0,0.0
2022-05-18,94.6500015258789,96.12000274658203,93.06999969482422,93.58000183105469,84.45035552978516,1984500,0.0,0.0
2022-05-19,95.18000030517578,97.0,94.7699966430664,95.3499984741211,86.04766082763672,2530800,0.0,0.0
2022-05-20,97.98999786376953,99.61000061035156,94.91000366210938,96.87000274658203,87.41937255859375,2145300,0.0,0.0
2022-05-23,97.0,97.18000030517578,94.0199966430664,97.04000091552734,87.57279968261719,1978600,0.0,0.0
2022-05-24,99.19999694824219,99.37999725341797,93.77999877929688,95.41000366210938,86.10182189941406,2260700,0.0,0.0
2022-05-25,97.8499984741211,99.43000030517578,95.33999633789062,97.48999786376953,87.97888946533203,2410000,0.0,0.0
2022-05-26,99.0,102.33999633789062,98.7699966430664,101.48999786376953,91.5886459350586,3060800,0.0,0.0
2022-05-27,103.11000061035156,104.08999633789062,101.43000030517578,104.0,93.85376739501953,2422700,0.0,0.0
2022-05-31,106.69999694824219,107.1500015258789,103.18000030517578,103.7300033569336,93.61012268066406,2891900,0.0,0.0
2022-06-01,103.44000244140625,103.7699966430664,98.5,100.76000213623047,90.92988586425781,2350600,0.0,0.0
2022-06-02,101.5,105.37000274658203,100.94000244140625,104.36000061035156,94.17865753173828,2050400,0.0,0.0
2022-06-03,103.08000183105469,103.08999633789062,101.3499984741211,102.38999938964844,92.40083312988281,1009200,0.0,0.0
2022-06-06,106.29000091552734,107.23999786376953,102.58999633789062,103.7699966430664,93.64620971679688,1585800,0.0,0.0
2022-06-07,103.31999969482422,103.5999984741211,101.08999633789062,103.5,93.69329833984375,1864500,0.322,0.0
2022-06-08,107.0,107.19000244140625,104.31999969482422,106.83999633789062,96.71681213378906,2363900,0.0,0.0
2022-06-09,104.61000061035156,105.91000366210938,103.69000244140625,103.76000213623047,93.92864990234375,2113400,0.0,0.0
2022-06-10,108.0,108.7699966430664,105.62000274658203,105.6500015258789,95.63956451416016,3569900,0.0,0.0
2022-06-13,103.4800033569336,103.95999908447266,99.83999633789062,101.33999633789062,91.73794555664062,2388300,0.0,0.0
2022-06-14,103.33999633789062,107.08000183105469,102.44999694824219,105.1500015258789,95.18695068359375,2224400,0.0,0.0
2022-06-15,102.93000030517578,103.54000091552734,100.0,102.80000305175781,93.05961608886719,2716700,0.0,0.0
2022-06-16,97.80999755859375,98.19999694824219,93.69999694824219,94.7699966430664,85.79044342041016,2987100,0.0,0.0
2022-06-17,96.9800033569336,97.19999694824219,92.80999755859375,93.16999816894531,84.342041015625,5158700,0.0,0.0
2022-06-21,91.2699966430664,93.33000183105469,90.33000183105469,92.01000213623047,83.2919692993164,3219000,0.0,0.0
2022-06-22,89.37000274658203,93.37000274658203,89.01000213623047,91.66000366210938,82.97512817382812,1983800,0.0,0.0
2022-06-23,91.70999908447266,92.83000183105469,89.93000030517578,90.86000061035156,82.25093078613281,1830500,0.0,0.0
2022-06-24,92.83000183105469,93.70999908447266,91.93000030517578,93.5999984741211,84.73130798339844,2027000,0.0,0.0
2022-06-27,97.0,97.6500015258789,94.94999694824219,95.87999725341797,86.79528045654297,2309700,0.0,0.0
2022-06-28,96.16000366210938,96.73999786376953,92.66000366210938,93.72000122070312,84.8399429321289,2075400,0.0,0.0
2022-06-29,92.2699966430664,93.58999633789062,91.87999725341797,92.5199966430664,83.7536392211914,2017300,0.0,0.0
2022-06-30,91.9000015258789,93.44999694824219,90.30999755859375,93.36000061035156,84.51405334472656,1936800,0.0,0.0
2022-07-01,92.80000305175781,95.55999755859375,92.51000213623047,93.47000122070312,84.6136474609375,1355200,0.0,0.0
2022-07-05,92.11000061035156,92.79000091552734,89.91999816894531,92.31999969482422,83.57259368896484,1788700,0.0,0.0
2022-07-06,91.01000213623047,91.06999969482422,87.0199966430664,89.2300033569336,80.77537536621094,2160300,0.0,0.0
2022-07-07,88.98999786376953,89.45999908447266,87.02999877929688,88.5999984741211,80.2050552368164,2380400,0.0,0.0
2022-07-08,88.08999633789062,91.44999694824219,87.3499984741211,90.97000122070312,82.35050964355469,1754200,0.0,0.0
2022-07-11,87.69999694824219,88.29000091552734,86.0199966430664,86.70999908447266,78.494140625,1827100,0.0,0.0
2022-07-12,86.61000061035156,87.86000061035156,86.27999877929688,86.48999786376953,78.29499816894531,1152900,0.0,0.0
2022-07-13,86.4800033569336,90.43000030517578,86.4800033569336,89.38999938964844,80.92021942138672,1637900,0.0,0.0
2022-07-14,88.33000183105469,89.19000244140625,86.9800033569336,87.94000244140625,79.60761260986328,1210200,0.0,0.0
2022-07-15,86.4800033569336,86.91000366210938,83.20999908447266,86.43000030517578,78.24068450927734,1396200,0.0,0.0
2022-07-18,88.62000274658203,89.68000030517578,87.55999755859375,87.76000213623047,79.44465637207031,1598500,0.0,0.0
2022-07-19,89.37999725341797,91.69000244140625,88.5999984741211,90.16999816894531,81.62630462646484,1722300,0.0,0.0
2022-07-20,91.75,94.37000274658203,90.3499984741211,94.19000244140625,85.26541900634766,3209200,0.0,0.0
2022-07-21,98.7300033569336,101.91999816894531,98.6500015258789,99.98999786376953,90.51586151123047,2821300,0.0,0.0
2022-07-22,96.7699966430664,98.31999969482422,94.29000091552734,95.05000305175781,86.04393768310547,1661400,0.0,0.0
2022-07-25,95.26000213623047,97.72000122070312,94.6500015258789,96.80999755859375,87.63716888427734,1952500,0.0,0.0
2022-07-26,96.98999786376953,98.66000366210938,93.56999969482422,94.33000183105469,85.39216613769531,1751600,0.0,0.0
2022-07-27,95.54000091552734,96.9000015258789,94.86000061035156,96.11000061035156,87.00347900390625,1330100,0.0,0.0
2022-07-28,95.72000122070312,97.77999877929688,94.5,96.12000274658203,87.01253509521484,1619500,0.0,0.0
2022-07-29,92.08999633789062,94.06999969482422,91.33000183105469,92.9800033569336,84.17007446289062,2106600,0.0,0.0
2022-08-01,90.36000061035156,91.61000061035156,88.37999725341797,91.54000091552734,82.86650085449219,1815000,0.0,0.0
2022-08-02,88.0,91.9000015258789,86.93000030517578,90.5999984741211,82.01557922363281,2081500,0.0,0.0
2022-08-03,90.5999984741211,91.31999969482422,88.72000122070312,90.51000213623047,81.9341049194336,2182900,0.0,0.0
2022-08-04,89.5199966430664,90.2699966430664,87.5999984741211,89.0,80.56717681884766,1709900,0.0,0.0
2022-08-05,87.41000366210938,89.19999694824219,87.30000305175781,88.9800033569336,80.549072265625,1259100,0.0,0.0
2022-08-08,88.9800033569336,90.56999969482422,88.52999877929688,89.45999908447266,80.98358917236328,1206700,0.0,0.0
2022-08-09,89.0,90.12999725341797,88.55000305175781,89.37999725341797,80.9111557006836,950600,0.0,0.0
2022-08-10,87.88999938964844,89.97000122070312,87.88999938964844,89.81999969482422,81.30946350097656,1139100,0.0,0.0
2022-08-11,91.44999694824219,93.2699966430664,90.83000183105469,91.5199966430664,82.84840393066406,946200,0.0,0.0
2022-08-12,89.25,92.02999877929688,89.25,91.87999725341797,83.17427825927734,1121900,0.0,0.0
2022-08-15,90.52999877929688,92.7699966430664,90.23999786376953,92.43000030517578,83.67217254638672,1010000,0.0,0.0
2022-08-16,91.0,93.52999877929688,91.0,93.18000030517578,84.3510971069336,1534100,0.0,0.0
2022-08-17,92.12999725341797,92.9800033569336,91.29000091552734,91.58000183105469,82.90271759033203,1413400,0.0,0.0
2022-08-18,94.80999755859375,94.98999786376953,85.01000213623047,86.11000061035156,77.95098876953125,3301900,0.0,0.0
2022-08-19,85.41999816894531,85.81999969482422,84.23999786376953,84.69999694824219,76.67459869384766,1540100,0.0,0.0
2022-08-22,85.83999633789062,87.5,85.54000091552734,85.72000122070312,77.59794616699219,2186300,0.0,0.0
2022-08-23,86.5999984741211,87.98999786376953,85.81999969482422,87.55000305175781,79.25456237792969,1392200,0.0,0.0
2022-08-24,86.16000366210938,89.87999725341797,86.05999755859375,88.19000244140625,79.83392333984375,840600,0.0,0.0
2022-08-25,90.87000274658203,92.91999816894531,89.81999969482422,92.18000030517578,83.44588470458984,1689100,0.0,0.0
2022-08-26,95.80999755859375,96.20999908447266,89.81999969482422,90.05999755859375,81.52674102783203,2063500,0.0,0.0
2022-08-29,88.94000244140625,90.19999694824219,87.38999938964844,87.55000305175781,79.25456237792969,1046000,0.0,0.0
2022-08-30,87.33999633789062,88.30999755859375,86.08000183105469,86.94999694824219,78.7114028930664,1281200,0.0,0.0
2022-08-31,90.5199966430664,91.79000091552734,88.31999969482422,88.51000213623047,80.45671081542969,1755000,0.36,0.0
2022-09-01,88.44000244140625,89.5,87.44000244140625,88.12999725341797,80.11128997802734,1574500,0.0,0.0
2022-09-02,89.55999755859375,89.94999694824219,88.26000213623047,88.5199966430664,80.46581268310547,1197400,0.0,0.0
2022-09-06,88.19000244140625,89.22000122070312,86.69000244140625,86.79000091552734,78.89321899414062,950000,0.0,0.0
2022-09-07,85.9000015258789,87.45999908447266,85.72000122070312,87.22000122070312,79.28410339355469,1123300,0.0,0.0
2022-09-08,84.33999633789062,85.62000274658203,83.0999984741211,85.5,77.72058868408203,1594300,0.0,0.0
2022-09-09,86.9000015258789,88.62999725341797,86.56999969482422,87.48999786376953,79.52952575683594,902900,0.0,0.0
2022-09-12,87.51000213623047,88.04000091552734,86.55000305175781,87.45999908447266,79.50225067138672,1202700,0.0,0.0
2022-09-13,87.22000122070312,88.83000183105469,86.80999755859375,87.38999938964844,79.43860626220703,1762600,0.0,0.0
2022-09-14,86.62000274658203,87.19999694824219,84.69000244140625,85.41999816894531,77.64786529541016,1916900,0.0,0.0
2022-09-15,84.95999908447266,85.58999633789062,83.95999908447266,84.19999694824219,76.53887176513672,1308500,0.0,0.0
2022-09-16,83.86000061035156,84.11000061035156,82.1500015258789,82.70999908447266,75.18444061279297,2214000,0.0,0.0
2022-09-19,81.38999938964844,82.86000061035156,80.87000274658203,82.80000305175781,75.2662582397461,938700,0.0,0.0
2022-09-20,83.45999908447266,85.04000091552734,83.23999786376953,83.9800033569336,76.33889770507812,1025200,0.0,0.0
2022-09-21,80.97000122070312,81.86000061035156,79.19000244140625,79.76000213623047,72.50285339355469,1601000,0.0,0.0
2022-09-22,79.87999725341797,81.12999725341797,78.94999694824219,78.94999694824219,71.76654052734375,1045500,0.0,0.0
2022-09-23,77.8499984741211,78.08000183105469,76.26000213623047,77.55000305175781,70.49394226074219,1418000,0.0,0.0
2022-09-26,77.95999908447266,79.11000061035156,77.80000305175781,77.87999725341797,70.79389953613281,1170500,0.0,0.0
2022-09-27,78.51000213623047,80.04000091552734,77.4800033569336,77.97000122070312,70.8757095336914,927000,0.0,0.0
2022-09-28,76.30000305175781,78.47000122070312,76.11000061035156,78.05000305175781,70.94844818115234,1334700,0.0,0.0
2022-09-29,75.37000274658203,76.05000305175781,74.41000366210938,75.18000030517578,68.3395767211914,1602800,0.0,0.0
2022-09-30,75.30999755859375,76.76000213623047,75.1500015258789,75.5999984741211,68.72134399414062,1218600,0.0,0.0
2022-10-03,75.12999725341797,77.08000183105469,75.02999877929688,76.45999908447266,69.50310516357422,1080800,0.0,0.0
2022-10-04,78.11000061035156,81.1500015258789,77.69000244140625,79.91999816894531,72.64830017089844,1270700,0.0,0.0
2022-10-05,80.1500015258789,81.77999877929688,79.29000091552734,80.11000061035156,72.82099914550781,787700,0.0,0.0
2022-10-06,80.11000061035156,81.5,79.69999694824219,79.80000305175781,72.53921508789062,1133000,0.0,0.0
2022-10-07,78.63999938964844,79.19999694824219,77.37999725341797,78.0199966430664,70.92115783691406,863100,0.0,0.0
2022-10-10,77.2699966430664,77.38999938964844,74.98999786376953,75.16000366210938,68.32139587402344,1107200,0.0,0.0
2022-10-11,73.66999816894531,74.0,71.58000183105469,72.87999725341797,66.24884033203125,1655100,0.0,0.0
2022-10-12,72.29000091552734,73.58000183105469,71.52999877929688,71.88999938964844,65.34890747070312,1163900,0.0,0.0
2022-10-13,68.30000305175781,71.8499984741211,67.77999877929688,71.16999816894531,64.69442749023438,1187200,0.0,0.0
2022-10-14,70.72000122070312,71.2300033569336,67.81999969482422,68.5999984741211,62.358272552490234,1434900,0.0,0.0
2022-10-17,69.63999938964844,72.69000244140625,69.63999938964844,71.16999816894531,64.69442749023438,1471900,0.0,0.0
2022-10-18,72.68000030517578,73.16999816894531,69.83999633789062,70.68000030517578,64.24903106689453,1231700,0.0,0.0
2022-10-19,68.76000213623047,69.48999786376953,66.8499984741211,67.04000091552734,60.94020462036133,1285300,0.0,0.0
2022-10-20,64.37999725341797,67.26000213623047,63.029998779296875,64.69000244140625,58.80403518676758,3485100,0.0,0.0
2022-10-21,60.709999084472656,62.75,60.47999954223633,62.43000030517578,56.749664306640625,3790500,0.0,0.0
2022-10-24,55.599998474121094,57.2400016784668,53.09000015258789,56.279998779296875,51.15923309326172,5906400,0.0,0.0
2022-10-25,57.97999954223633,59.45000076293945,57.08000183105469,57.31999969482422,52.104610443115234,2865400,0.0,0.0
2022-10-26,57.36000061035156,59.95000076293945,57.22999954223633,58.81999969482422,53.468135833740234,4070900,0.0,0.0
2022-10-27,57.290000915527344,58.61000061035156,56.18000030517578,56.720001220703125,51.559207916259766,1889000,0.0,0.0
2022-10-28,54.119998931884766,55.540000915527344,53.86000061035156,55.40999984741211,50.36839294433594,2436000,0.0,0.0
2022-10-31,55.0099983215332,56.58000183105469,54.720001220703125,55.619998931884766,50.55928421020508,1865100,0.0,0.0
2022-11-01,59.349998474121094,60.15999984741211,58.02000045776367,59.56999969482422,54.14988327026367,2916100,0.0,0.0
2022-11-02,59.709999084472656,60.970001220703125,58.9900016784668,59.290000915527344,53.895362854003906,2739200,0.0,0.0
2022-11-03,57.34000015258789,60.13999938964844,57.29999923706055,59.150001525878906,53.768104553222656,1504300,0.0,0.0
2022-11-04,63.529998779296875,64.25,61.43000030517578,62.52000045776367,56.83147048950195,3519700,0.0,0.0
2022-11-07,63.790000915527344,64.6500015258789,61.7400016784668,62.630001068115234,56.93146896362305,1593300,0.0,0.0
2022-11-08,61.029998779296875,63.029998779296875,59.630001068115234,62.130001068115234,56.47696304321289,1349800,0.0,0.0
2022-11-09,60.7599983215332,61.189998626708984,59.0,59.220001220703125,53.83173370361328,1678400,0.0,0.0
2022-11-10,62.099998474121094,63.29999923706055,61.84000015258789,62.27000045776367,56.60422134399414,1915900,0.0,0.0
2022-11-11,64.58999633789062,65.5199966430664,63.90999984741211,64.76000213623047,58.86766815185547,1555200,0.0,0.0
2022-11-14,66.0,66.88999938964844,64.5,65.23999786376953,59.303985595703125,1331200,0.0,0.0
2022-11-15,69.68000030517578,72.69000244140625,69.33999633789062,71.5999984741211,65.08531188964844,3121100,0.0,0.0
2022-11-16,74.76000213623047,74.95999908447266,70.7699966430664,71.33000183105469,64.83988952636719,3585300,0.0,0.0
2022-11-17,72.69000244140625,74.9800033569336,69.45999908447266,71.0,64.53990173339844,4510300,0.0,0.0
2022-11-18,69.0,69.0199966430664,66.33000183105469,67.44000244140625,61.30381393432617,2536100,0.0,0.0
2022-11-21,66.05999755859375,67.06999969482422,64.91999816894531,66.27999877929688,60.249359130859375,1491200,0.0,0.0
2022-11-22,64.05000305175781,65.79000091552734,63.25,65.5,59.540321350097656,1161400,0.0,0.0
2022-11-23,67.0,68.0199966430664,66.20999908447266,66.62999725341797,60.567508697509766,1202700,0.0,0.0
2022-11-25,65.51000213623047,66.8499984741211,65.5,65.62999725341797,59.65850830078125,994800,0.0,0.0
2022-11-28,65.2300033569336,68.68000030517578,65.2300033569336,66.95999908447266,60.86749267578125,1591700,0.0,0.0
2022-11-29,69.63999938964844,71.33000183105469,68.43000030517578,68.77999877929688,62.52189254760742,2446700,0.0,0.0
2022-11-30,70.5999984741211,71.9800033569336,69.12000274658203,71.12000274658203,64.64896392822266,3378500,0.0,0.0
2022-12-01,68.91000366210938,69.37999725341797,67.33999633789062,68.25,62.421932220458984,1774500,0.435,0.0
2022-12-02,67.58000183105469,71.80000305175781,67.43000030517578,70.9000015258789,64.84561920166016,2102700,0.0,0.0
2022-12-05,71.30000305175781,72.4000015258789,68.37000274658203,69.0199966430664,63.12616729736328,2459200,0.0,0.0
2022-12-06,68.98999786376953,69.37999725341797,67.27999877929688,68.20999908447266,62.38532638549805,1988100,0.0,0.0
2022-12-07,66.38999938964844,69.51000213623047,66.31999969482422,68.4000015258789,62.559104919433594,1808000,0.0,0.0
2022-12-08,71.56999969482422,72.94000244140625,70.83000183105469,71.20999908447266,65.12915802001953,1861900,0.0,0.0
2022-12-09,71.20999908447266,72.08999633789062,70.04000091552734,70.16999816894531,64.17797088623047,1171200,0.0,0.0
2022-12-12,70.08999633789062,70.44000244140625,67.91999816894531,69.3499984741211,63.42798614501953,1559300,0.0,0.0
2022-12-13,71.62000274658203,72.81999969482422,69.48999786376953,69.98999786376953,64.01332092285156,1698200,0.0,0.0
2022-12-14,71.13999938964844,73.5999984741211,70.83999633789062,72.9800033569336,66.74801635742188,2217300,0.0,0.0
2022-12-15,73.55999755859375,74.91999816894531,71.04000091552734,71.30000305175781,65.21147155761719,2230300,0.0,0.0
2022-12-16,71.30000305175781,72.05000305175781,70.2699966430664,71.30000305175781,65.21147155761719,9540900,0.0,0.0
2022-12-19,71.30999755859375,71.73999786376953,70.3499984741211,70.95999908447266,64.90050506591797,1314400,0.0,0.0
2022-12-20,68.1500015258789,69.79000091552734,67.95999908447266,69.70999908447266,63.75724792480469,1737400,0.0,0.0
2022-12-21,69.94999694824219,72.62000274658203,69.70999908447266,72.27999877929688,66.10777282714844,1557300,0.0,0.0
2022-12-22,72.98999786376953,74.06999969482422,71.5999984741211,72.18000030517578,66.01631927490234,1048000,0.0,0.0
2022-12-23,72.13999938964844,72.75,70.58999633789062,71.08999633789062,65.01939392089844,1110000,0.0,0.0
2022-12-27,72.18000030517578,73.97000122070312,71.97000122070312,73.13999938964844,66.89434814453125,1466300,0.0,0.0
2022-12-28,73.70999908447266,74.33999633789062,71.33999633789062,71.66999816894531,65.54986572265625,1811100,0.0,0.0
2022-12-29,71.80999755859375,73.45999908447266,71.4000015258789,73.1500015258789,66.90348815917969,1332800,0.0,0.0
2022-12-30,72.58999633789062,73.94000244140625,72.08000183105469,72.62999725341797,66.4278793334961,1110900,0.0,0.0
2023-01-03,76.20999908447266,77.95999908447266,75.37999725341797,76.44999694824219,69.92167663574219,2376500,0.0,0.0
2023-01-04,80.5,82.94000244140625,79.44000244140625,82.56999969482422,75.51908111572266,2095400,0.0,0.0
2023-01-05,80.58000183105469,82.77999877929688,80.2300033569336,82.05999755859375,75.05262756347656,1125000,0.0,0.0
2023-01-06,81.26000213623047,83.0,81.11000061035156,81.51000213623047,74.54960632324219,2166100,0.0,0.0
2023-01-09,83.0,83.20999908447266,79.44000244140625,79.5199966430664,72.72953796386719,2473200,0.0,0.0
2023-01-10,81.0999984741211,83.08999633789062,80.93000030517578,82.5999984741211,75.5465316772461,1909800,0.0,0.0
2023-01-11,81.44000244140625,84.83999633789062,81.31999969482422,84.0999984741211,76.91842651367188,3019700,0.0,0.0
2023-01-12,84.08000183105469,85.45999908447266,83.56999969482422,85.2699966430664,77.98851776123047,1135600,0.0,0.0
2023-01-13,86.22000122070312,89.45999908447266,86.0,88.36000061035156,80.81466674804688,2354400,0.0,0.0
2023-01-17,87.0999984741211,89.83999633789062,87.0,89.05999755859375,81.45488739013672,3982000,0.0,0.0
2023-01-18,91.33000183105469,91.95999908447266,88.4800033569336,88.5,80.9427261352539,1512300,0.0,0.0
2023-01-19,88.5999984741211,90.4800033569336,88.5999984741211,89.25,81.628662109375,858800,0.0,0.0
2023-01-20,89.88999938964844,90.30000305175781,88.1500015258789,89.08999633789062,81.4823226928711,1358600,0.0,0.0
2023-01-23,89.55999755859375,91.62999725341797,89.5,90.27999877929688,82.57070922851562,911900,0.0,0.0
2023-01-24,89.86000061035156,91.25,89.63999938964844,89.94999694824219,82.26888275146484,944400,0.0,0.0
2023-01-25,89.75,90.44999694824219,88.8499984741211,90.30000305175781,82.5890121459961,873500,0.0,0.0
2023-01-26,92.68000030517578,93.19000244140625,91.08000183105469,92.29000091552734,84.4090576171875,1071500,0.0,0.0
2023-01-27,91.83999633789062,92.13999938964844,90.95999908447266,91.6500015258789,83.8237075805664,815800,0.0,0.0
2023-01-30,89.62000274658203,90.69999694824219,89.08000183105469,89.58000183105469,81.93048095703125,1364700,0.0,0.0
2023-01-31,89.56999969482422,89.80000305175781,88.4000015258789,88.61000061035156,81.0433120727539,1262500,0.0,0.0
2023-02-01,91.27999877929688,92.44999694824219,89.95999908447266,91.7699966430664,83.93347930908203,1156300,0.0,0.0
2023-02-02,90.88999938964844,91.68000030517578,89.69999694824219,90.7300033569336,82.98228454589844,1323500,0.0,0.0
2023-02-03,91.26000213623047,91.55000305175781,89.8499984741211,89.9000015258789,82.22314453125,1044100,0.0,0.0
2023-02-06,87.41999816894531,88.9800033569336,87.27999877929688,88.36000061035156,80.81466674804688,1959400,0.0,0.0
2023-02-07,89.80999755859375,90.11000061035156,87.31999969482422,88.31999969482422,80.7780990600586,1894000,0.0,0.0
2023-02-08,90.12000274658203,90.33999633789062,87.76000213623047,88.36000061035156,80.81466674804688,2386000,0.0,0.0
2023-02-09,90.69999694824219,91.80000305175781,88.9000015258789,89.19999694824219,81.58293914794922,1583900,0.0,0.0
2023-02-10,87.7699966430664,88.55999755859375,86.62999725341797,86.69999694824219,79.29641723632812,905100,0.0,0.0
2023-02-13,88.36000061035156,89.08000183105469,87.79000091552734,87.86000061035156,80.35736846923828,1150900,0.0,0.0
2023-02-14,87.38999938964844,87.38999938964844,85.97000122070312,86.76000213623047,79.35128784179688,1019100,0.0,0.0
2023-02-15,85.55999755859375,86.58000183105469,84.80999755859375,86.37000274658203,78.99459075927734,1174200,0.0,0.0
2023-02-16,87.4000015258789,88.9000015258789,87.19000244140625,87.80999755859375,80.31161499023438,1786200,0.0,0.0
2023-02-17,86.30000305175781,86.9000015258789,85.31999969482422,85.83999633789062,78.50984191894531,716200,0.0,0.0
2023-02-21,84.76000213623047,86.30000305175781,83.9000015258789,85.20999908447266,77.93365478515625,1882100,0.0,0.0
2023-02-22,85.30999755859375,86.43000030517578,84.9000015258789,86.05000305175781,78.70191955566406,1588300,0.0,0.0
2023-02-23,88.0,89.80000305175781,80.16000366210938,82.88999938964844,75.81175994873047,3580300,0.0,0.0
2023-02-24,79.0,80.7300033569336,77.66999816894531,78.63999938964844,71.9246826171875,2801400,0.0,0.0
2023-02-27,79.5999984741211,79.94999694824219,78.0999984741211,78.9800033569336,72.23564147949219,1490400,0.0,0.0
2023-02-28,77.1500015258789,78.25,76.8499984741211,77.63999938964844,71.01007080078125,1531500,0.0,0.0
2023-03-01,83.1500015258789,83.3499984741211,81.2699966430664,81.5199966430664,74.55874633789062,3741100,0.0,0.0
2023-03-02,83.1500015258789,86.56999969482422,82.81999969482422,85.58999633789062,78.28118896484375,2833800,0.0,0.0
2023-03-03,86.12999725341797,87.87999725341797,85.77999877929688,85.9000015258789,78.56472778320312,1381500,0.0,0.0
2023-03-06,86.23999786376953,87.27999877929688,85.56999969482422,86.45999908447266,79.07691192626953,1012100,0.0,0.0
2023-03-07,85.55999755859375,85.5999984741211,83.2300033569336,83.80000305175781,76.64405822753906,1957800,0.0,0.0
2023-03-08,82.08999633789062,83.55999755859375,82.08000183105469,83.05999755859375,76.2127914428711,954900,0.27,0.0
2023-03-09,81.3499984741211,83.22000122070312,81.19000244140625,81.41000366210938,74.69881439208984,1651600,0.0,0.0
2023-03-10,81.37999725341797,83.58999633789062,81.37999725341797,82.83000183105469,76.00177001953125,1026300,0.0,0.0
2023-03-13,82.54000091552734,84.91999816894531,82.54000091552734,83.7699966430664,76.86425018310547,906700,0.0,0.0
2023-03-14,82.94000244140625,85.33000183105469,82.69000244140625,85.30999755859375,78.27730560302734,807600,0.0,0.0
2023-03-15,83.73999786376953,84.83999633789062,82.5,83.83000183105469,76.91931915283203,1221500,0.0,0.0
2023-03-16,82.87000274658203,85.54000091552734,82.87000274658203,85.51000213623047,78.46083068847656,967100,0.0,0.0
2023-03-17,86.9000015258789,87.47000122070312,85.16000366210938,85.87000274658203,78.79115295410156,1193700,0.0,0.0
2023-03-20,84.61000061035156,86.58000183105469,84.47000122070312,85.87000274658203,78.79115295410156,987600,0.0,0.0
2023-03-21,85.58000183105469,86.2300033569336,85.05999755859375,86.08000183105469,78.98384094238281,682900,0.0,0.0
2023-03-22,86.02999877929688,86.66999816894531,84.9000015258789,85.16999816894531,78.14885711669922,824300,0.0,0.0
2023-03-23,88.9000015258789,90.88999938964844,88.4800033569336,90.0999984741211,82.67244720458984,1561600,0.0,0.0
2023-03-24,89.04000091552734,90.45999908447266,88.83999633789062,89.4000015258789,82.03013610839844,695700,0.0,0.0
2023-03-27,87.68000030517578,88.5,87.41000366210938,88.3499984741211,81.06670379638672,848200,0.0,0.0
2023-03-28,90.0,91.19000244140625,89.44000244140625,90.69000244140625,83.21381378173828,1275200,0.0,0.0
2023-03-29,88.75,88.88999938964844,87.41999816894531,88.37999725341797,81.09423065185547,1716600,0.0,0.0
2023-03-30,87.63999938964844,89.0999984741211,87.62000274658203,88.58999633789062,81.28691101074219,1107200,0.0,0.0
2023-03-31,88.08000183105469,89.48999786376953,88.08000183105469,88.44000244140625,81.14928436279297,913100,0.0,0.0
2023-04-03,88.44000244140625,90.08999633789062,88.44000244140625,89.76000213623047,82.36046600341797,1393800,0.0,0.0
2023-04-04,89.5,90.87999725341797,89.5,90.29000091552734,82.84678649902344,1267900,0.0,0.0
2023-04-05,90.30000305175781,90.54000091552734,88.26000213623047,88.62999725341797,81.32361602783203,888100,0.0,0.0
2023-04-06,89.19999694824219,90.05999755859375,88.72000122070312,89.76000213623047,82.36046600341797,811600,0.0,0.0
2023-04-10,88.77999877929688,89.56999969482422,88.5,89.0199966430664,81.68147277832031,720200,0.0,0.0
2023-04-11,89.80999755859375,90.06999969482422,88.91000366210938,89.0,81.66312408447266,708100,0.0,0.0
2023-04-12,88.94000244140625,89.69999694824219,87.70999908447266,88.04000091552734,80.78227233886719,1248800,0.0,0.0
2023-04-13,89.80000305175781,90.55000305175781,89.58999633789062,90.05999755859375,82.63573455810547,1750100,0.0,0.0
2023-04-14,92.0,92.38999938964844,90.01000213623047,90.44000244140625,82.98442077636719,1737900,0.0,0.0
2023-04-17,92.51000213623047,94.98999786376953,92.30999755859375,94.5,86.709716796875,1693500,0.0,0.0
2023-04-18,94.11000061035156,94.33000183105469,92.25,92.55000305175781,84.92047119140625,1493700,0.0,0.0
2023-04-19,90.08999633789062,92.55999755859375,89.66999816894531,91.19000244140625,83.6725845336914,1755300,0.0,0.0
2023-04-20,91.30000305175781,92.66000366210938,90.75,91.31999969482422,83.79188537597656,574000,0.0,0.0
2023-04-21,90.22000122070312,91.12000274658203,89.91999816894531,90.19999694824219,82.76419067382812,866200,0.0,0.0
2023-04-24,91.27999877929688,91.75,90.19999694824219,90.27999877929688,82.83760070800781,1045300,0.0,0.0
2023-04-25,87.86000061035156,87.9000015258789,83.75,84.55000305175781,77.5799560546875,2185300,0.0,0.0
2023-04-26,86.20999908447266,86.87000274658203,85.68000030517578,85.87999725341797,78.8003158569336,852000,0.0,0.0
2023-04-27,85.87999725341797,88.9800033569336,85.87999725341797,88.52999877929688,81.23188018798828,1467900,0.0,0.0
2023-04-28,88.5999984741211,89.91999816894531,88.4000015258789,89.12999725341797,81.78240203857422,799100,0.0,0.0
2023-05-01,88.18000030517578,89.56999969482422,88.18000030517578,89.02999877929688,81.69064331054688,430900,0.0,0.0
2023-05-02,88.55999755859375,89.2699966430664,87.77999877929688,89.05000305175781,81.7090072631836,1359400,0.0,0.0
2023-05-03,88.88999938964844,88.94000244140625,87.20999908447266,87.98999786376953,80.73637390136719,793200,0.0,0.0
2023-05-04,87.91999816894531,89.66999816894531,87.69000244140625,88.80999755859375,81.48877716064453,1210700,0.0,0.0
2023-05-05,88.38999938964844,89.36000061035156,87.62000274658203,88.88999938964844,81.56218719482422,608700,0.0,0.0
2023-05-08,89.7699966430664,91.25,89.68000030517578,91.13999938964844,83.626708984375,746500,0.0,0.0
2023-05-09,87.63999938964844,88.45999908447266,86.58999633789062,87.33000183105469,80.13079071044922,1070300,0.0,0.0
2023-05-10,88.54000091552734,89.83999633789062,87.37999725341797,88.73999786376953,81.42455291748047,1111100,0.0,0.0
2023-05-11,88.12000274658203,88.68000030517578,86.58000183105469,88.38999938964844,81.1034164428711,1347600,0.0,0.0
2023-05-12,86.95999908447266,87.1500015258789,84.88999938964844,85.18000030517578,78.15802764892578,1028000,0.0,0.0
2023-05-15,87.70999908447266,90.05999755859375,87.11000061035156,89.87999725341797,82.4705810546875,2005500,0.0,0.0
2023-05-16,88.23999786376953,89.66999816894531,88.19999694824219,89.63999938964844,82.2503662109375,846500,0.0,0.0
2023-05-17,88.37999725341797,88.80000305175781,87.45999908447266,88.16999816894531,80.90155792236328,802700,0.0,0.0
2023-05-18,89.29000091552734,89.3499984741211,86.72000122070312,87.04000091552734,79.86469268798828,861500,0.0,0.0
2023-05-19,88.11000061035156,88.26000213623047,86.87999725341797,87.43000030517578,80.2225570678711,1574900,0.0,0.0
2023-05-22,89.62999725341797,89.9000015258789,88.52999877929688,88.52999877929688,81.23188018798828,1062300,0.0,0.0
2023-05-23,86.12999725341797,86.2699966430664,83.66000366210938,83.7699966430664,76.86425018310547,1431900,0.0,0.0
2023-05-24,83.22000122070312,84.08000183105469,82.3499984741211,83.48999786376953,76.60735321044922,1956400,0.0,0.0
2023-05-25,83.5,87.5,80.79000091552734,85.7300033569336,78.66268920898438,1901400,0.0,0.0
2023-05-26,87.47000122070312,91.0199966430664,87.38999938964844,89.51000213623047,82.13108825683594,1199600,0.0,0.0
2023-05-30,87.75,89.79000091552734,84.12999725341797,84.97000122070312,77.96534729003906,1958900,0.0,0.0
2023-05-31,84.73999786376953,85.18000030517578,82.88999938964844,85.08000183105469,78.0662841796875,1244900,0.0,0.0
2023-06-01,83.9000015258789,86.29000091552734,83.9000015258789,85.77999877929688,78.70855712890625,1558500,0.0,0.0
2023-06-02,87.66000366210938,88.70999908447266,86.41999816894531,86.61000061035156,79.47014617919922,1144900,0.0,0.0
2023-06-05,85.7300033569336,87.38999938964844,85.22000122070312,86.7300033569336,79.58025360107422,826000,0.0,0.0
2023-06-06,87.97000122070312,91.63999938964844,87.56999969482422,91.37999725341797,83.846923828125,1317400,0.0,0.0
2023-06-07,91.20999908447266,93.97000122070312,91.20999908447266,91.41999816894531,83.88362121582031,978600,0.0,0.0
2023-06-08,91.22000122070312,92.37000274658203,91.22000122070312,92.19999694824219,85.0318374633789,526100,0.465,0.0
2023-06-09,93.33999633789062,93.62000274658203,92.11000061035156,92.30000305175781,85.12406158447266,998200,0.0,0.0
2023-06-12,92.2300033569336,93.66000366210938,92.2300033569336,93.37000274658203,86.11087799072266,552100,0.0,0.0
2023-06-13,95.77999877929688,96.95999908447266,94.69000244140625,95.41999816894531,88.0014877319336,924900,0.0,0.0
2023-06-14,97.02999877929688,99.08999633789062,96.4800033569336,98.63999938964844,90.97115325927734,1707200,0.0,0.0
2023-06-15,98.38999938964844,99.27999877929688,97.63999938964844,98.13999938964844,90.510009765625,1787900,0.0,0.0
2023-06-16,98.13999938964844,99.77999877929688,97.9000015258789,98.44999694824219,90.79592895507812,1372400,0.0,0.0
2023-06-20,96.80000305175781,96.95999908447266,95.12000274658203,95.25,87.84471130371094,946600,0.0,0.0
2023-06-21,94.87999725341797,96.1500015258789,94.87999725341797,94.9800033569336,87.59571838378906,670200,0.0,0.0
2023-06-22,94.95999908447266,95.11000061035156,94.16000366210938,94.4800033569336,87.13458251953125,1004700,0.0,0.0
2023-06-23,93.0,93.20999908447266,92.3499984741211,93.06999969482422,85.83419036865234,642500,0.0,0.0
2023-06-26,92.79000091552734,94.2699966430664,92.26000213623047,92.5,85.30850982666016,640500,0.0,0.0
2023-06-27,97.05000305175781,97.45999908447266,95.88999938964844,96.83999633789062,89.31108093261719,2784100,0.0,0.0
2023-06-28,96.48999786376953,97.79000091552734,95.77999877929688,96.13999938964844,88.66551971435547,1514100,0.0,0.0
2023-06-29,96.45999908447266,98.02999877929688,96.36000061035156,97.98999786376953,90.37167358398438,1409000,0.0,0.0
2023-06-30,97.47000122070312,98.19000244140625,96.30000305175781,96.69000244140625,89.17274475097656,1425700,0.0,0.0
2023-07-03,99.23999786376953,100.66000366210938,98.80999755859375,99.30999755859375,91.58905792236328,765700,0.0,0.0
2023-07-05,98.13999938964844,98.48999786376953,97.58999633789062,98.12999725341797,90.50080108642578,733800,0.0,0.0
2023-07-06,97.02999877929688,97.02999877929688,95.30999755859375,95.77999877929688,88.33351135253906,874000,0.0,0.0
2023-07-07,95.37000274658203,96.91000366210938,95.1500015258789,96.44999694824219,88.95142364501953,960100,0.0,0.0
2023-07-10,96.26000213623047,97.83000183105469,96.08999633789062,97.36000061035156,89.79066467285156,763700,0.0,0.0
2023-07-11,97.36000061035156,100.06999969482422,97.36000061035156,98.6500015258789,90.98038482666016,850600,0.0,0.0
2023-07-12,101.80999755859375,102.81999969482422,101.29000091552734,102.80000305175781,94.8077392578125,1547000,0.0,0.0
2023-07-13,104.81999969482422,105.16000366210938,104.08999633789062,104.94999694824219,96.79056549072266,1490200,0.0,0.0
2023-07-14,106.0,106.12000274658203,104.80000305175781,105.33999633789062,97.1502456665039,1573200,0.0,0.0
2023-07-17,104.41000366210938,106.31999969482422,103.69999694824219,106.22000122070312,97.96183013916016,958200,0.0,0.0
2023-07-18,105.31999969482422,105.80000305175781,102.05000305175781,103.25,95.22274017333984,1117200,0.0,0.0
2023-07-19,103.75,104.33999633789062,102.79000091552734,102.91000366210938,94.90917205810547,890700,0.0,0.0
2023-07-20,101.97000122070312,102.62999725341797,101.30999755859375,102.48999786376953,94.52181243896484,848200,0.0,0.0
2023-07-21,102.31999969482422,102.80999755859375,101.77999877929688,102.20999908447266,94.26359558105469,1294100,0.0,0.0
2023-07-24,101.62999725341797,105.76000213623047,101.38999938964844,105.58000183105469,97.37159729003906,1317300,0.0,0.0
2023-07-25,107.0,107.43000030517578,105.44000244140625,106.19000244140625,97.93417358398438,1330600,0.0,0.0
2023-07-26,107.0,109.83999633789062,106.68000030517578,108.98999786376953,100.5164794921875,939200,0.0,0.0
2023-07-27,109.30999755859375,109.4800033569336,106.56999969482422,107.0,98.68119049072266,606200,0.0,0.0
2023-07-28,108.94000244140625,108.94000244140625,107.0,108.5,100.06459045410156,1126000,0.0,0.0
2023-07-31,107.98999786376953,109.87999725341797,107.58000183105469,108.73999786376953,100.28591918945312,737800,0.0,0.0
2023-08-01,108.62999725341797,110.80000305175781,108.18000030517578,109.66999816894531,101.14362335205078,644000,0.0,0.0
2023-08-02,107.08999633789062,107.44000244140625,105.54000091552734,106.80999755859375,98.50596618652344,796200,0.0,0.0
2023-08-03,109.41000366210938,110.0,108.86000061035156,108.87000274658203,100.40582275390625,632200,0.0,0.0
2023-08-04,110.4000015258789,110.81999969482422,108.31999969482422,108.52999877929688,100.09223937988281,951300,0.0,0.0
2023-08-07,109.5,109.54000091552734,107.04000091552734,108.19999694824219,99.78791046142578,608500,0.0,0.0
2023-08-08,106.01000213623047,107.5199966430664,105.7300033569336,106.94999694824219,98.63507080078125,711600,0.0,0.0
2023-08-09,108.25,108.54000091552734,106.56999969482422,107.4000015258789,99.05009460449219,786200,0.0,0.0
2023-08-10,108.94000244140625,109.97000122070312,107.20999908447266,107.25,98.91175842285156,1096600,0.0,0.0
2023-08-11,104.44000244140625,104.44000244140625,101.7699966430664,103.05999755859375,95.04750061035156,1015500,0.0,0.0
2023-08-14,102.81999969482422,103.55000305175781,101.94000244140625,103.0199966430664,95.0106201171875,704900,0.0,0.0
2023-08-15,103.58999633789062,103.66999816894531,102.33000183105469,102.66999816894531,94.68782806396484,580500,0.0,0.0
2023-08-16,101.4000015258789,102.41999816894531,100.56999969482422,101.52999877929688,93.63645935058594,601500,0.0,0.0
2023-08-17,103.01000213623047,103.19000244140625,101.20999908447266,101.44000244140625,93.55345153808594,1102800,0.0,0.0
2023-08-18,98.54000091552734,99.11000061035156,97.69000244140625,98.29000091552734,90.64836120605469,916100,0.0,0.0
2023-08-21,99.2300033569336,100.98999786376953,98.5999984741211,100.4000015258789,92.59432220458984,876500,0.0,0.0
2023-08-22,102.0999984741211,102.22000122070312,100.70999908447266,101.86000061035156,93.94081115722656,787100,0.0,0.0
2023-08-23,101.45999908447266,103.16999816894531,101.2699966430664,102.63999938964844,94.66017150878906,814000,0.0,0.0
2023-08-24,98.16999816894531,101.3499984741211,96.75,98.58999633789062,90.92503356933594,1702800,0.0,0.0
2023-08-25,99.12000274658203,99.19999694824219,96.7300033569336,98.76000213623047,91.08183288574219,1007200,0.0,0.0
2023-08-28,100.3499984741211,104.0199966430664,100.3499984741211,103.52999877929688,95.4809799194336,1284100,0.0,0.0
2023-08-29,104.97000122070312,105.87000274658203,104.06999969482422,104.91000366210938,96.75369262695312,1105500,0.0,0.0
2023-08-30,104.1500015258789,105.0199966430664,103.45999908447266,104.04000091552734,95.95132446289062,528200,0.0,0.0
2023-08-31,103.0,104.76000213623047,103.0,103.4800033569336,95.43486022949219,1273600,0.0,0.0
2023-09-01,104.51000213623047,107.58999633789062,104.06999969482422,104.44999694824219,96.32943725585938,1614200,0.0,0.0
2023-09-05,101.94000244140625,102.22000122070312,100.56999969482422,101.4000015258789,93.51657104492188,1195300,0.0,0.0
2023-09-06,100.44000244140625,101.19999694824219,99.91999816894531,100.22000122070312,92.42831420898438,740000,0.0,0.0
2023-09-07,98.48999786376953,98.7699966430664,97.61000061035156,97.94000244140625,90.80123901367188,877200,0.525,0.0
2023-09-08,98.68000030517578,98.68000030517578,97.33000183105469,98.4000015258789,91.22769927978516,740800,0.0,0.0
2023-09-11,102.02999877929688,102.58000183105469,100.83999633789062,101.41000366210938,94.01831817626953,862000,0.0,0.0
2023-09-12,102.02999877929688,102.48999786376953,101.3499984741211,101.55999755859375,94.15737915039062,725000,0.0,0.0
2023-09-13,100.7300033569336,101.3499984741211,100.48999786376953,101.12000274658203,93.74945068359375,668700,0.0,0.0
2023-09-14,102.3499984741211,102.36000061035156,101.0,101.76000213623047,94.3427963256836,737100,0.0,0.0
2023-09-15,101.5999984741211,102.20999908447266,101.0,101.5,94.10174560546875,722500,0.0,0.0
2023-09-18,100.95999908447266,102.13999938964844,100.81999969482422,101.43000030517578,94.03684997558594,846100,0.0,0.0
2023-09-19,101.5999984741211,102.16999816894531,101.19999694824219,101.31999969482422,93.93486785888672,429700,0.0,0.0
2023-09-20,99.98999786376953,100.19999694824219,98.29000091552734,98.33000183105469,91.1628189086914,644000,0.0,0.0
2023-09-21,96.98999786376953,97.5,96.19000244140625,96.80000305175781,89.74431610107422,722700,0.0,0.0
2023-09-22,103.8499984741211,104.29000091552734,101.5999984741211,101.83999633789062,94.41696166992188,1306700,0.0,0.0
2023-09-25,99.04000091552734,101.61000061035156,99.02999877929688,100.81999969482422,93.47132110595703,906900,0.0,0.0
2023-09-26,100.51000213623047,101.20999908447266,100.11000061035156,100.16000366210938,92.85943603515625,384400,0.0,0.0
2023-09-27,99.12999725341797,99.2300033569336,97.9800033569336,98.93000030517578,91.71907043457031,638300,0.0,0.0
2023-09-28,96.3499984741211,98.88999938964844,96.06999969482422,98.56999969482422,91.38532257080078,699100,0.0,0.0
2023-09-29,101.54000091552734,101.54000091552734,99.33999633789062,100.16000366210938,92.85943603515625,1110500,0.0,0.0
2023-10-02,100.0,100.38999938964844,99.01000213623047,99.69000244140625,92.4236831665039,326400,0.0,0.0
2023-10-03,97.44999694824219,99.4000015258789,97.44999694824219,98.81999969482422,91.61709594726562,619500,0.0,0.0
2023-10-04,98.05000305175781,99.33999633789062,98.05000305175781,99.16999816894531,91.94155883789062,671200,0.0,0.0
2023-10-05,98.33000183105469,99.25,98.08000183105469,99.2300033569336,91.99720764160156,551100,0.0,0.0
2023-10-06,99.69000244140625,101.66999816894531,99.69000244140625,100.94000244140625,93.58257293701172,1168200,0.0,0.0
2023-10-09,101.83999633789062,104.19999694824219,101.66000366210938,104.08000183105469,96.49369049072266,1140100,0.0,0.0
2023-10-10,105.61000061035156,106.63999938964844,104.88999938964844,106.41999816894531,98.66313934326172,1775300,0.0,0.0
2023-10-11,108.04000091552734,109.87999725341797,107.9000015258789,108.77999877929688,100.8510971069336,1241700,0.0,0.0
2023-10-12,108.73999786376953,108.73999786376953,106.11000061035156,107.22000122070312,99.40481567382812,854600,0.0,0.0
2023-10-13,104.66000366210938,105.97000122070312,104.41999816894531,105.5,97.81019592285156,714300,0.0,0.0
2023-10-16,104.44999694824219,106.68000030517578,103.83000183105469,106.13999938964844,98.4035415649414,792100,0.0,0.0
2023-10-17,103.87000274658203,104.19999694824219,102.58000183105469,103.7699966430664,96.20629119873047,881300,0.0,0.0
2023-10-18,104.22000122070312,105.38999938964844,103.6500015258789,104.05000305175781,96.46588897705078,1014100,0.0,0.0
2023-10-19,102.79000091552734,104.19999694824219,102.3499984741211,102.75,95.26063537597656,951200,0.0,0.0
2023-10-20,101.41000366210938,101.88999938964844,100.41000366210938,100.62000274658203,93.28588104248047,685600,0.0,0.0
2023-10-23,100.4000015258789,101.94999694824219,99.41999816894531,100.87000274658203,93.51766967773438,1255300,0.0,0.0
2023-10-24,100.87000274658203,107.48999786376953,100.87000274658203,106.0,98.27375030517578,1154500,0.0,0.0
2023-10-25,104.38999938964844,105.94000244140625,104.01000213623047,104.91000366210938,97.26319885253906,739100,0.0,0.0
2023-10-26,105.3499984741211,105.55999755859375,104.13999938964844,105.08000183105469,97.42079162597656,512500,0.0,0.0
2023-10-27,107.5199966430664,108.26000213623047,105.9800033569336,106.77999877929688,98.99689483642578,959500,0.0,0.0
2023-10-30,107.75,109.23999786376953,107.62000274658203,107.8499984741211,99.98888397216797,1178600,0.0,0.0
2023-10-31,107.83999633789062,109.01000213623047,105.69000244140625,106.91999816894531,99.12670135498047,1650800,0.0,0.0
2023-11-01,107.30000305175781,108.45999908447266,106.55999755859375,108.3499984741211,100.45245361328125,959100,0.0,0.0
2023-11-02,108.95999908447266,109.95999908447266,108.25,109.76000213623047,101.75968933105469,841100,0.0,0.0
2023-11-03,110.12999725341797,113.12000274658203,110.12999725341797,112.72000122070312,104.5039291381836,1324600,0.0,0.0
2023-11-06,112.55999755859375,112.55999755859375,110.51000213623047,111.55999755859375,103.42848205566406,736400,0.0,0.0
2023-11-07,111.55000305175781,112.2300033569336,110.83000183105469,111.81999969482422,103.66951751708984,705700,0.0,0.0
2023-11-08,111.6500015258789,112.75,111.33000183105469,112.12000274658203,103.94766235351562,515400,0.0,0.0
2023-11-09,112.68000030517578,114.79000091552734,112.41000366210938,112.97000122070312,104.73570251464844,853600,0.0,0.0
2023-11-10,112.4000015258789,114.2300033569336,112.31999969482422,113.87999725341797,105.57937622070312,592200,0.0,0.0
2023-11-13,114.93000030517578,116.0,114.30999755859375,115.12999725341797,106.73826599121094,837300,0.0,0.0
2023-11-14,114.27999877929688,115.16000366210938,112.8499984741211,114.27999877929688,105.95021057128906,1336400,0.0,0.0
2023-11-15,116.0,116.33000183105469,114.06999969482422,115.08000183105469,106.69190979003906,1824800,0.0,0.0
2023-11-16,111.19999694824219,114.72000122070312,109.5,112.3499984741211,104.16090393066406,2773200,0.0,0.0
2023-11-17,116.25,117.7699966430664,115.08000183105469,117.13999938964844,108.60175323486328,2057400,0.0,0.0
2023-11-20,116.13999938964844,118.9000015258789,115.36000061035156,118.47000122070312,109.83480834960938,1205800,0.0,0.0
2023-11-21,115.25,116.70999908447266,114.80000305175781,116.4800033569336,107.98987579345703,1014100,0.0,0.0
2023-11-22,117.0,117.47000122070312,115.93000030517578,116.76000213623047,108.24945068359375,859800,0.0,0.0
2023-11-24,112.48999786376953,115.43000030517578,112.36000061035156,115.41000366210938,106.99784851074219,1576000,0.0,0.0
2023-11-27,113.01000213623047,115.0999984741211,112.83999633789062,114.30000305175781,105.9687728881836,1596600,0.0,0.0
2023-11-28,114.16999816894531,115.0,113.33999633789062,114.20999908447266,105.88533020019531,1043300,0.0,0.0
2023-11-29,113.37000274658203,114.58999633789062,113.31999969482422,113.62000274658203,105.33833312988281,771700,0.0,0.0
2023-11-30,113.37000274658203,113.72000122070312,111.26000213623047,113.4800033569336,105.66891479492188,1262200,0.495,0.0
2023-12-01,112.01000213623047,112.63999938964844,109.11000061035156,109.37999725341797,101.85111236572266,1969000,0.0,0.0
2023-12-04,106.69999694824219,106.69999694824219,103.87999725341797,104.18000030517578,97.0090560913086,1992000,0.0,0.0
2023-12-05,101.18000030517578,103.41999816894531,100.69000244140625,102.7300033569336,95.65884399414062,2588900,0.0,0.0
2023-12-06,104.97000122070312,105.41000366210938,102.44999694824219,102.55999755859375,95.50054168701172,1521100,0.0,0.0
2023-12-07,104.88999938964844,105.12000274658203,104.16999816894531,104.76000213623047,97.54911041259766,2022200,0.0,0.0
2023-12-08,104.80000305175781,105.26000213623047,104.12999725341797,104.54000091552734,97.34425354003906,1101100,0.0,0.0
2023-12-11,104.80000305175781,105.66999816894531,104.56999969482422,105.0199966430664,97.79122161865234,1740600,0.0,0.0
2023-12-12,105.87999725341797,106.80000305175781,105.0999984741211,106.66999816894531,99.32765197753906,889500,0.0,0.0
2023-12-13,107.5,107.98999786376953,105.36000061035156,106.93000030517578,99.56974029541016,1239200,0.0,0.0
2023-12-14,105.19000244140625,105.22000122070312,103.52999877929688,104.44000244140625,97.25113677978516,1878700,0.0,0.0
2023-12-15,104.77999877929688,104.77999877929688,102.70999908447266,102.88999938964844,95.80782318115234,1984200,0.0,0.0
2023-12-18,102.58000183105469,103.04000091552734,101.80000305175781,102.91000366210938,95.82646179199219,1068700,0.0,0.0
2023-12-19,103.37000274658203,104.86000061035156,103.05999755859375,103.22000122070312,96.11509704589844,1163000,0.0,0.0
2023-12-20,103.16000366210938,103.9000015258789,102.01000213623047,102.05999755859375,95.03495025634766,1285600,0.0,0.0
2023-12-21,103.61000061035156,104.43000030517578,102.68000030517578,104.41000366210938,97.22319793701172,1164900,0.0,0.0
2023-12-22,82.0,90.45999908447266,81.30000305175781,87.63999938964844,81.60753631591797,21217600,0.0,0.0
2023-12-26,92.19999694824219,94.45999908447266,91.16000366210938,92.19999694824219,85.85364532470703,8078200,0.0,0.0
2023-12-27,88.5199966430664,89.47000122070312,87.11000061035156,87.62999725341797,81.59820556640625,7497500,0.0,0.0
2023-12-28,89.94000244140625,91.22000122070312,89.1500015258789,89.30000305175781,83.15325164794922,3372100,0.0,0.0
2023-12-29,91.94999694824219,94.12999725341797,91.26000213623047,93.16000366210938,86.74757385253906,5090400,0.0,0.0
2024-01-02,92.0,92.97000122070312,91.41000366210938,92.47000122070312,86.10505676269531,3103700,0.0,0.0
2024-01-03,93.62000274658203,96.54000091552734,92.5199966430664,96.20999908447266,89.5876235961914,3158800,0.0,0.0
2024-01-04,94.5199966430664,96.33000183105469,93.91000366210938,95.87000274658203,89.27102661132812,2112200,0.0,0.0
2024-01-05,93.69999694824219,93.70999908447266,91.18000030517578,91.19000244140625,84.91316223144531,3148200,0.0,0.0
2024-01-08,88.7699966430664,90.52999877929688,88.06999969482422,90.11000061035156,83.90750122070312,2823200,0.0,0.0
2024-01-09,89.66999816894531,89.7699966430664,88.9000015258789,89.44000244140625,83.28362274169922,1599400,0.0,0.0
2024-01-10,89.69999694824219,90.13999938964844,88.93000030517578,88.95999908447266,82.83665466308594,1251000,0.0,0.0
2024-01-11,90.0,90.80000305175781,89.4000015258789,90.41999816894531,84.19615936279297,1611100,0.0,0.0
2024-01-12,89.77999877929688,91.19999694824219,89.77999877929688,91.05999755859375,84.79209899902344,1134100,0.0,0.0
2024-01-16,89.52999877929688,91.75,89.2699966430664,89.55000305175781,83.38605499267578,2892100,0.0,0.0
2024-01-17,86.0,88.38999938964844,85.80000305175781,88.37000274658203,82.28727722167969,3357100,0.0,0.0
2024-01-18,88.54000091552734,89.66999816894531,87.83999633789062,89.44000244140625,83.28362274169922,2322500,0.0,0.0
2024-01-19,89.44999694824219,91.81999969482422,88.66000366210938,91.69999694824219,85.38807678222656,3344900,0.0,0.0
2024-01-22,88.13999938964844,91.30000305175781,88.08000183105469,90.9000015258789,84.64312744140625,2733600,0.0,0.0
2024-01-23,96.52999877929688,98.44999694824219,96.36000061035156,98.04000091552734,91.29167175292969,3643900,0.0,0.0
2024-01-24,101.6500015258789,102.66999816894531,99.5,100.22000122070312,93.32160949707031,3306200,0.0,0.0
2024-01-25,102.0,103.62999725341797,101.19000244140625,103.5,96.37584686279297,2671700,0.0,0.0
2024-01-26,102.19999694824219,102.58000183105469,101.0199966430664,102.26000213623047,95.22119140625,1337100,0.0,0.0
2024-01-29,102.31999969482422,102.38999938964844,98.25,99.29000091552734,92.45562744140625,2307000,0.0,0.0
2024-01-30,96.33000183105469,98.55999755859375,96.33000183105469,97.55999755859375,90.84469604492188,1426500,0.0,0.0
2024-01-31,96.9000015258789,98.66000366210938,96.76000213623047,97.63999938964844,90.91919708251953,1344800,0.0,0.0
2024-02-01,100.29000091552734,101.76000213623047,100.13999938964844,100.9000015258789,93.95480346679688,1281200,0.0,0.0
2024-02-02,98.97000122070312,99.86000061035156,98.19000244140625,98.83000183105469,92.02729797363281,1178400,0.0,0.0
2024-02-05,100.41999816894531,101.23999786376953,100.16999816894531,100.66999816894531,93.74063873291016,1309900,0.0,0.0
2024-02-06,105.29000091552734,107.61000061035156,104.2699966430664,107.37000274658203,99.97946166992188,2500400,0.0,0.0
2024-02-07,103.9800033569336,106.41000366210938,103.9000015258789,106.33999633789062,99.02034759521484,1030100,0.0,0.0
2024-02-08,105.80999755859375,106.02999877929688,104.33999633789062,104.69000244140625,97.48392486572266,1103100,0.0,0.0
2024-02-09,106.06999969482422,106.79000091552734,104.16000366210938,106.62000274658203,99.28108215332031,611600,0.0,0.0
2024-02-12,107.38999938964844,108.7699966430664,107.31999969482422,108.05000305175781,100.61265563964844,1404500,0.0,0.0
2024-02-13,106.56999969482422,106.69999694824219,104.19999694824219,104.5999984741211,97.40013122558594,1055100,0.0,0.0
2024-02-14,106.48999786376953,107.62000274658203,105.88999938964844,107.56999969482422,100.16568756103516,746300,0.0,0.0
2024-02-15,107.58000183105469,108.13999938964844,106.7699966430664,107.79000091552734,100.37054443359375,925100,0.0,0.0
2024-02-16,109.61000061035156,109.9000015258789,107.75,107.76000213623047,100.3426284790039,769600,0.0,0.0
2024-02-20,108.08000183105469,109.22000122070312,106.80000305175781,107.63999938964844,100.23086547851562,1619600,0.0,0.0
2024-02-21,109.2300033569336,109.2300033569336,106.27999877929688,106.88999938964844,99.5324935913086,2527600,0.0,0.0
2024-02-22,107.7699966430664,109.43000030517578,107.19000244140625,108.83999633789062,101.34828186035156,1162100,0.0,0.0
2024-02-23,108.72000122070312,109.5,107.5199966430664,108.6500015258789,101.17135620117188,715400,0.0,0.0
2024-02-26,108.30000305175781,108.4800033569336,107.0199966430664,107.4800033569336,100.0818862915039,1015500,0.0,0.0
2024-02-27,111.9000015258789,114.5,111.19000244140625,113.13999938964844,105.352294921875,2121600,0.0,0.0
2024-02-28,113.6500015258789,113.7699966430664,112.0,112.27999877929688,104.5514907836914,1664200,0.0,0.0
2024-02-29,109.05000305175781,113.5,106.7699966430664,107.91999816894531,100.4916000366211,3556200,0.0,0.0
2024-03-01,110.0,112.0,109.51000213623047,110.48999786376953,102.88469696044922,1557200,0.0,0.0
2024-03-04,111.9000015258789,111.93000030517578,108.0199966430664,108.87999725341797,101.3855209350586,2592300,0.0,0.0
2024-03-05,106.5999984741211,107.33000183105469,104.66999816894531,105.94000244140625,98.64790344238281,1619400,0.0,0.0
2024-03-06,107.0,107.44000244140625,102.16999816894531,103.58000183105469,96.45033264160156,4607500,0.0,0.0
2024-03-07,104.01000213623047,106.37000274658203,103.91999816894531,105.86000061035156,98.5733871459961,1351900,0.0,0.0
2024-03-08,106.12999725341797,106.88999938964844,105.2300033569336,105.93000030517578,98.63858032226562,1584600,0.0,0.0
2024-03-11,107.11000061035156,108.87999725341797,106.86000061035156,107.51000213623047,100.10982513427734,1370200,0.0,0.0
2024-03-12,108.22000122070312,109.05000305175781,107.75,108.91999816894531,101.42276763916016,1662500,0.0,0.0
2024-03-13,109.0999984741211,111.12000274658203,109.0999984741211,109.93000030517578,103.38838958740234,1492800,1.08,0.0
2024-03-14,108.72000122070312,109.16999816894531,106.94000244140625,107.52999877929688,101.13121795654297,1091200,0.0,0.0
2024-03-15,108.12000274658203,108.4000015258789,106.68000030517578,106.93000030517578,100.5669174194336,1571100,0.0,0.0
2024-03-18,105.98999786376953,106.47000122070312,104.5199966430664,105.76000213623047,99.466552734375,1231100,0.0,0.0
2024-03-19,104.87000274658203,105.62999725341797,103.5999984741211,105.5,99.22203063964844,762300,0.0,0.0
2024-03-20,106.6500015258789,107.62999725341797,106.25,107.41000366210938,101.01835632324219,917000,0.0,0.0
2024-03-21,107.05999755859375,108.19000244140625,106.04000091552734,106.83999633789062,100.48226165771484,907300,0.0,0.0
2024-03-22,106.81999969482422,106.81999969482422,105.19000244140625,105.5199966430664,99.2408218383789,571000,0.0,0.0
2024-03-25,103.97000122070312,104.83000183105469,102.55999755859375,103.5199966430664,97.35983276367188,964300,0.0,0.0
2024-03-26,103.04000091552734,104.45999908447266,102.55999755859375,104.16000366210938,97.96176147460938,1102500,0.0,0.0
2024-03-27,103.0,103.98999786376953,102.86000061035156,103.69000244140625,97.51972961425781,847100,0.0,0.0
2024-03-28,103.72000122070312,104.2300033569336,103.11000061035156,103.47000122070312,97.31282043457031,1733500,0.0,0.0
2024-04-01,103.47000122070312,103.87000274658203,98.33999633789062,98.70999908447266,92.83606719970703,3090700,0.0,0.0
2024-04-02,96.01000213623047,97.58999633789062,95.5199966430664,96.8499984741211,91.08675384521484,1705900,0.0,0.0
2024-04-03,96.80999755859375,97.83999633789062,95.72000122070312,96.75,90.9926986694336,1208300,0.0,0.0
2024-04-04,97.5199966430664,97.75,96.0199966430664,96.06999969482422,90.35316467285156,912800,0.0,0.0
2024-04-05,96.0999984741211,98.25,95.88999938964844,96.80000305175781,91.03971862792969,1110200,0.0,0.0
2024-04-08,97.05999755859375,97.1500015258789,96.30000305175781,96.97000122070312,91.19962310791016,1085500,0.0,0.0
2024-04-09,100.56999969482422,100.75,99.01000213623047,100.62000274658203,94.63240051269531,2167600,0.0,0.0
2024-04-10,99.3499984741211,100.30000305175781,98.18000030517578,99.5,93.57905578613281,1061700,0.0,0.0
2024-04-11,98.62000274658203,98.87000274658203,95.7300033569336,97.1500015258789,91.368896484375,1679000,0.0,0.0
2024-04-12,95.16999816894531,95.16999816894531,92.0,92.1500015258789,86.66643524169922,2662400,0.0,0.0
2024-04-15,93.02999877929688,93.47000122070312,91.7300033569336,92.16999816894531,86.68524169921875,1650900,0.0,0.0
2024-04-16,91.55999755859375,91.70999908447266,90.08000183105469,90.41999816894531,85.03938293457031,1859500,0.0,0.0
2024-04-17,90.08999633789062,90.4000015258789,89.19000244140625,89.94000244140625,84.58795166015625,1109900,0.0,0.0
2024-04-18,91.04000091552734,92.7300033569336,90.69000244140625,92.5,86.99560546875,2102200,0.0,0.0
2024-04-19,92.38999938964844,93.63999938964844,92.1500015258789,93.51000213623047,87.94551849365234,1652200,0.0,0.0
2024-04-22,93.62000274658203,95.36000061035156,92.56999969482422,94.87999725341797,89.23397827148438,1507000,0.0,0.0
2024-04-23,93.0,93.58000183105469,92.20999908447266,93.06999969482422,87.53167724609375,1738900,0.0,0.0
2024-04-24,94.55999755859375,94.81999969482422,93.41000366210938,94.0199966430664,88.42514038085938,905900,0.0,0.0
2024-04-25,93.13999938964844,94.55000305175781,92.72000122070312,94.12000274658203,88.51921081542969,547100,0.0,0.0
2024-04-26,95.58000183105469,97.12000274658203,95.43000030517578,95.98999786376953,90.2779312133789,1192300,0.0,0.0
2024-04-29,96.43000030517578,96.75,95.30999755859375,96.62999725341797,90.87984466552734,1174500,0.0,0.0
2024-04-30,95.05000305175781,95.7300033569336,93.41999816894531,93.47000122070312,87.90789794921875,1148000,0.0,0.0
2024-05-01,93.76000213623047,95.54000091552734,93.61000061035156,94.0199966430664,88.42514038085938,677600,0.0,0.0
2024-05-02,96.4800033569336,99.2300033569336,95.91000366210938,98.94999694824219,93.06177520751953,2104000,0.0,0.0
2024-05-03,100.25,103.87999725341797,99.91000366210938,103.0199966430664,96.88959503173828,2724100,0.0,0.0
2024-05-06,103.0,103.22000122070312,100.12999725341797,101.86000061035156,95.79862213134766,2655800,0.0,0.0
2024-05-07,97.52999877929688,97.7300033569336,96.36000061035156,96.93000030517578,91.1619873046875,2192600,0.0,0.0
2024-05-08,96.08000183105469,96.7300033569336,95.45999908447266,96.62999725341797,90.87984466552734,1233900,0.0,0.0
2024-05-09,99.66999816894531,100.70999908447266,97.44999694824219,98.48999786376953,92.62916564941406,1015700,0.0,0.0
2024-05-10,98.61000061035156,99.69000244140625,97.45999908447266,98.52999877929688,92.66677856445312,772600,0.0,0.0
2024-05-13,99.16000366210938,101.22000122070312,98.62000274658203,99.48999786376953,93.56965637207031,2467300,0.0,0.0
2024-05-14,99.66999816894531,99.68000030517578,97.87999725341797,98.63999938964844,92.77023315429688,1407900,0.0,0.0
2024-05-15,99.9000015258789,99.9000015258789,97.76000213623047,98.76000213623047,92.88309478759766,1301900,0.0,0.0
2024-05-16,101.5,104.76000213623047,100.87000274658203,104.20999908447266,98.0087890625,1691400,0.0,0.0
2024-05-17,104.0,107.33999633789062,104.0,104.97000122070312,98.72356414794922,1697200,0.0,0.0
2024-05-20,104.0,104.95999908447266,103.43000030517578,104.7300033569336,98.49784088134766,1475900,0.0,0.0
2024-05-21,101.72000122070312,101.9000015258789,98.5,98.9000015258789,93.01475524902344,2263400,0.0,0.0
2024-05-22,98.0,100.5,98.0,98.36000061035156,92.50689697265625,1624300,0.0,0.0
2024-05-23,95.0,98.04000091552734,94.38999938964844,94.73999786376953,89.10231018066406,2944700,0.0,0.0
2024-05-24,91.97000122070312,92.19000244140625,90.0,90.4800033569336,85.09581756591797,3287000,0.0,0.0
2024-05-28,89.69000244140625,91.30999755859375,89.6500015258789,91.19000244140625,85.76355743408203,3510600,0.0,0.0
2024-05-29,89.5,90.11000061035156,89.11000061035156,89.55999755859375,84.23055267333984,1696200,0.0,0.0
2024-05-30,89.56999969482422,91.05999755859375,89.56999969482422,90.66000366210938,85.2651138305664,1724000,0.0,0.0
2024-05-31,89.0,89.77999877929688,88.51000213623047,89.02999877929688,83.73208618164062,1962300,0.0,0.0
2024-06-03,90.0,90.19000244140625,87.56999969482422,88.30999755859375,83.05493927001953,2041300,0.0,0.0
2024-06-04,88.9000015258789,89.9800033569336,88.1500015258789,88.68000030517578,83.40292358398438,2323000,0.0,0.0
2024-06-05,90.58000183105469,94.26000213623047,90.12000274658203,94.1500015258789,88.54741668701172,2889800,0.0,0.0
2024-06-06,94.1500015258789,94.3499984741211,93.2300033569336,93.9000015258789,88.779052734375,1414600,0.495,0.0
2024-06-07,93.83999633789062,94.61000061035156,93.5199966430664,93.9000015258789,88.779052734375,1568000,0.0,0.0
2024-06-10,93.31999969482422,94.7300033569336,93.05000305175781,94.16000366210938,89.02487182617188,977100,0.0,0.0
2024-06-11,93.5,93.7300033569336,92.27999877929688,92.69000244140625,87.63504028320312,812500,0.0,0.0
2024-06-12,93.19999694824219,93.5,92.4000015258789,92.91999816894531,87.85250091552734,1285900,0.0,0.0
2024-06-13,92.4000015258789,93.5,91.88999938964844,92.2300033569336,87.20012664794922,943600,0.0,0.0
2024-06-14,91.02999877929688,92.77999877929688,91.02999877929688,92.54000091552734,87.49321746826172,1351600,0.0,0.0
2024-06-17,92.69999694824219,92.88999938964844,91.87999725341797,92.47000122070312,87.42704010009766,1286300,0.0,0.0
2024-06-18,90.0,91.26000213623047,89.41000366210938,90.62999725341797,85.68739318847656,1248400,0.0,0.0
2024-06-20,91.12999725341797,91.58999633789062,90.41000366210938,91.52999877929688,86.53829956054688,1255000,0.0,0.0
2024-06-21,90.0,90.08000183105469,89.02999877929688,89.7300033569336,84.83646392822266,1756200,0.0,0.0
2024-06-24,89.5,92.06999969482422,89.20999908447266,91.16999816894531,86.19793701171875,1759700,0.0,0.0
2024-06-25,90.05000305175781,93.56999969482422,90.0,93.04000091552734,87.96595764160156,2092000,0.0,0.0
2024-06-26,96.0,96.77999877929688,94.94999694824219,96.73999786376953,91.46416473388672,2495600,0.0,0.0
2024-06-27,96.05999755859375,96.93000030517578,95.51000213623047,96.05999755859375,90.8212661743164,1787900,0.0,0.0
2024-06-28,95.30000305175781,96.31999969482422,95.0,95.58000183105469,90.367431640625,1954900,0.0,0.0
2024-07-01,96.43000030517578,96.76000213623047,95.94000244140625,96.45999908447266,91.1994400024414,1624500,0.0,0.0
2024-07-02,96.1500015258789,96.1500015258789,93.36000061035156,93.95999908447266,88.83578491210938,1305200,0.0,0.0
2024-07-03,95.58000183105469,96.62000274658203,95.44000244140625,95.91999816894531,90.68889617919922,484300,0.0,0.0
2024-07-05,93.19999694824219,94.16000366210938,91.2699966430664,91.95999908447266,86.94485473632812,2061700,0.0,0.0
2024-07-08,91.37999725341797,92.19999694824219,90.61000061035156,91.7300033569336,86.72740173339844,1692700,0.0,0.0
2024-07-09,92.44999694824219,94.0999984741211,92.08999633789062,93.54000091552734,88.43869018554688,1768700,0.0,0.0
2024-07-10,91.01000213623047,91.58000183105469,90.08999633789062,90.12999725341797,85.21466064453125,2025500,0.0,0.0
2024-07-11,91.19999694824219,92.94000244140625,91.04000091552734,91.81999969482422,86.8125,1210100,0.0,0.0
2024-07-12,92.63999938964844,93.52999877929688,91.93000030517578,92.87999725341797,87.81468200683594,1239100,0.0,0.0
2024-07-15,92.37000274658203,94.3499984741211,92.30999755859375,93.73999786376953,88.62777709960938,2050800,0.0,0.0
2024-07-16,92.91999816894531,93.16999816894531,91.87000274658203,92.97000122070312,87.89977264404297,1207400,0.0,0.0
2024-07-17,93.37999725341797,93.8499984741211,92.41999816894531,92.94000244140625,87.87140655517578,639100,0.0,0.0
2024-07-18,93.18000030517578,93.22000122070312,92.20999908447266,92.55999755859375,87.51214599609375,1267700,0.0,0.0
2024-07-19,91.26000213623047,91.87999725341797,90.61000061035156,91.3499984741211,86.36811828613281,1387600,0.0,0.0
2024-07-22,93.13999938964844,94.5,93.13999938964844,93.4800033569336,88.38195037841797,1183900,0.0,0.0
2024-07-23,91.36000061035156,93.37999725341797,90.88999938964844,93.3499984741211,88.25904846191406,1936800,0.0,0.0
2024-07-24,95.41999816894531,96.18000030517578,93.88999938964844,94.43000030517578,89.2801513671875,1478700,0.0,0.0
2024-07-25,95.41000366210938,96.86000061035156,95.25,95.44999694824219,90.24452209472656,1686900,0.0,0.0
2024-07-26,92.27999877929688,93.20999908447266,91.22000122070312,92.58999633789062,87.54049682617188,1851800,0.0,0.0
2024-07-29,90.75,91.4800033569336,90.47000122070312,91.18000030517578,86.20738983154297,1906300,0.0,0.0
2024-07-30,91.05000305175781,92.19999694824219,89.83999633789062,91.6500015258789,86.6517562866211,2187600,0.0,0.0
2024-07-31,93.12000274658203,93.7300033569336,91.63999938964844,92.11000061035156,87.086669921875,1343600,0.0,0.0
2024-08-01,91.41999816894531,92.11000061035156,90.80999755859375,91.0999984741211,86.13175964355469,1110600,0.0,0.0
2024-08-02,89.83000183105469,90.1500015258789,89.33000183105469,89.97000122070312,85.06338500976562,1309200,0.0,0.0
2024-08-05,87.5,88.5,86.62999725341797,87.91000366210938,83.11573791503906,2243400,0.0,0.0
2024-08-06,86.33999633789062,87.44000244140625,86.01000213623047,86.66999816894531,81.94335174560547,2068600,0.0,0.0
2024-08-07,87.54000091552734,88.66999816894531,87.30999755859375,87.72000122070312,82.93608856201172,1623600,0.0,0.0
2024-08-08,87.87999725341797,89.7300033569336,87.5999984741211,89.61000061035156,84.7230224609375,1838500,0.0,0.0
2024-08-09,89.80000305175781,90.62000274658203,89.19999694824219,90.36000061035156,85.43211364746094,1110100,0.0,0.0
2024-08-12,90.47000122070312,90.4800033569336,89.54000091552734,89.55000305175781,84.66629791259766,1468600,0.0,0.0
2024-08-13,89.5999984741211,89.80999755859375,89.0,89.47000122070312,84.59066009521484,1003700,0.0,0.0
2024-08-14,87.04000091552734,88.25,86.98999786376953,87.69999694824219,82.91719055175781,1459800,0.0,0.0
2024-08-15,88.7300033569336,90.26000213623047,88.54000091552734,90.06999969482422,85.15792846679688,1380000,0.0,0.0
2024-08-16,88.9000015258789,90.41000366210938,88.81999969482422,89.91000366210938,85.00666046142578,1802600,0.0,0.0
2024-08-19,90.19999694824219,92.94999694824219,90.19999694824219,92.55000305175781,87.502685546875,1586500,0.0,0.0
2024-08-20,91.04000091552734,91.41000366210938,89.8499984741211,90.22000122070312,85.29974365234375,1475200,0.0,0.0
2024-08-21,90.87000274658203,92.68000030517578,90.56999969482422,92.58999633789062,87.54049682617188,1435100,0.0,0.0
2024-08-22,85.43000030517578,85.69999694824219,80.83000183105469,82.25,77.764404296875,7253800,0.0,0.0
2024-08-23,82.37000274658203,82.5199966430664,80.62999725341797,82.08000183105469,77.60368347167969,3422900,0.0,0.0
2024-08-26,81.48999786376953,82.58999633789062,81.27999877929688,82.48999786376953,77.9913101196289,1872400,0.0,0.0
2024-08-27,83.63999938964844,84.33999633789062,83.08000183105469,83.52999877929688,78.97460174560547,1328900,0.0,0.0
2024-08-28,82.63999938964844,83.23999786376953,80.30000305175781,80.37000274658203,75.98694610595703,1806600,0.0,0.0
2024-08-29,81.19000244140625,81.5,80.47000122070312,80.52999877929688,76.13821411132812,1854100,0.0,0.0
2024-08-30,81.80999755859375,81.80999755859375,80.18000030517578,80.44000244140625,76.0531234741211,1863200,0.0,0.0
2024-09-03,78.9000015258789,78.9000015258789,77.56999969482422,78.0,73.74617767333984,2539800,0.0,0.0
2024-09-04,79.0,80.22000122070312,78.9000015258789,79.55999755859375,75.22109985351562,1364800,0.0,0.0
2024-09-05,79.88999938964844,79.91000366210938,78.33999633789062,78.56999969482422,74.28508758544922,1370400,0.0,0.0
2024-09-06,78.0199966430664,78.26000213623047,77.19000244140625,77.58000183105469,73.7574462890625,1209300,0.435,0.0
2024-09-09,77.27999877929688,77.94999694824219,77.08000183105469,77.55999755859375,73.73841857910156,812000,0.0,0.0
2024-09-10,77.0,77.2699966430664,75.8499984741211,76.41999816894531,72.65459442138672,1815300,0.0,0.0
2024-09-11,77.06999969482422,78.47000122070312,76.5,78.16999816894531,74.318359375,1524200,0.0,0.0
2024-09-12,77.93000030517578,78.27999877929688,76.95999908447266,77.18000030517578,73.37714385986328,1020500,0.0,0.0
2024-09-13,76.9800033569336,77.76000213623047,76.9800033569336,77.31999969482422,73.51025390625,1022000,0.0,0.0
2024-09-16,77.37000274658203,77.69999694824219,76.5999984741211,76.77999877929688,72.99686431884766,1393700,0.0,0.0
2024-09-17,77.2300033569336,78.33000183105469,76.98999786376953,77.0199966430664,73.22502899169922,747100,0.0,0.0
2024-09-18,77.29000091552734,78.0,76.63999938964844,76.69999694824219,72.9207992553711,505500,0.0,0.0
2024-09-19,78.88999938964844,79.58999633789062,78.0,79.45999908447266,75.5447998046875,1199400,0.0,0.0
2024-09-20,79.66999816894531,80.05000305175781,78.81999969482422,78.9000015258789,75.01240539550781,1172200,0.0,0.0
2024-09-23,79.83000183105469,81.6500015258789,79.4000015258789,80.48999786376953,76.52405548095703,1530100,0.0,0.0
2024-09-24,85.94000244140625,87.08999633789062,84.47000122070312,86.9800033569336,82.69427490234375,2755300,0.0,0.0
2024-09-25,86.0999984741211,87.86000061035156,85.83999633789062,86.88999938964844,82.60871124267578,1798400,0.0,0.0
2024-09-26,94.30999755859375,94.4800033569336,89.30999755859375,91.12999725341797,86.63980102539062,4529800,0.0,0.0
2024-09-27,93.01000213623047,94.88999938964844,92.58000183105469,93.58000183105469,88.96908569335938,3327100,0.0,0.0
2024-09-30,97.16000366210938,97.19000244140625,93.41999816894531,93.51000213623047,88.90252685546875,3249400,0.0,0.0
2024-10-01,93.6500015258789,96.69000244140625,92.79000091552734,96.63999938964844,91.8782958984375,2423900,0.0,0.0
2024-10-02,103.0,104.4000015258789,100.45999908447266,104.26000213623047,99.12285614013672,4519100,0.0,0.0
2024-10-03,101.73999786376953,104.08000183105469,101.30000305175781,101.45999908447266,96.4608154296875,2542200,0.0,0.0
2024-10-04,103.0,103.30999755859375,100.5999984741211,102.33000183105469,97.28794860839844,1439600,0.0,0.0
2024-10-07,101.8499984741211,102.83000183105469,97.8499984741211,99.55000305175781,94.64492797851562,3046600,0.0,0.0
2024-10-08,93.55000305175781,95.66999816894531,93.0,94.43000030517578,89.7771987915039,2327800,0.0,0.0
2024-10-09,88.87999725341797,90.2699966430664,87.41000366210938,89.08000183105469,84.6907958984375,2897800,0.0,0.0
2024-10-10,88.7699966430664,89.36000061035156,87.08000183105469,88.08999633789062,83.74959564208984,1772700,0.0,0.0
2024-10-11,86.93000030517578,88.88999938964844,86.55000305175781,88.3499984741211,83.99677276611328,1258000,0.0,0.0
2024-10-14,85.4000015258789,86.98999786376953,84.75,85.01000213623047,80.82134246826172,1876200,0.0,0.0
2024-10-15,83.45999908447266,84.55999755859375,81.7699966430664,82.05000305175781,78.0072021484375,2100200,0.0,0.0
2024-10-16,83.0,83.38999938964844,81.75,81.86000061035156,77.82655334472656,1484900,0.0,0.0
2024-10-17,80.0,80.48999786376953,79.25,79.7300033569336,75.80149841308594,1937600,0.0,0.0
2024-10-18,84.19999694824219,84.56999969482422,82.25,82.41999816894531,78.35896301269531,1827000,0.0,0.0
2024-10-21,80.44999694824219,81.58999633789062,80.44999694824219,81.29000091552734,77.28462982177734,1231400,0.0,0.0
2024-10-22,80.5,81.48999786376953,80.30000305175781,81.04000091552734,77.04695892333984,1066500,0.0,0.0
2024-10-23,81.04000091552734,81.04000091552734,79.72000122070312,80.05000305175781,76.10574340820312,1338400,0.0,0.0
2024-10-24,79.5199966430664,79.76000213623047,78.27999877929688,78.88999938964844,75.00289916992188,887600,0.0,0.0
2024-10-25,79.62999725341797,80.62000274658203,78.80999755859375,79.73999786376953,75.8110122680664,1159500,0.0,0.0
2024-10-28,79.9000015258789,81.6500015258789,79.61000061035156,81.08000183105469,77.08499908447266,1131700,0.0,0.0
2024-10-29,83.06999969482422,83.19999694824219,82.0199966430664,82.31999969482422,78.26388549804688,1233100,0.0,0.0
2024-10-30,80.4800033569336,81.38999938964844,80.01000213623047,80.69999694824219,76.72370147705078,895500,0.0,0.0
2024-10-31,80.51000213623047,80.76000213623047,79.83000183105469,80.51000213623047,76.5430679321289,1011900,0.0,0.0
2024-11-01,80.33999633789062,80.33999633789062,79.0999984741211,79.12000274658203,75.2215576171875,933300,0.0,0.0
2024-11-04,79.8499984741211,80.86000061035156,78.98999786376953,79.04000091552734,75.14550018310547,1358700,0.0,0.0
2024-11-05,79.88999938964844,80.83999633789062,79.58999633789062,80.18000030517578,76.22933197021484,1257100,0.0,0.0
2024-11-06,79.5999984741211,80.62000274658203,78.19000244140625,80.0,76.0582046508789,1010200,0.0,0.0
2024-11-07,81.55000305175781,81.93000030517578,80.44000244140625,81.16000366210938,77.16104125976562,1888800,0.0,0.0
2024-11-08,76.68000030517578,77.23999786376953,76.18000030517578,76.76000213623047,72.97784423828125,2541000,0.0,0.0
2024-11-11,77.5,77.80999755859375,77.01000213623047,77.61000061035156,73.78596496582031,1267100,0.0,0.0
2024-11-12,77.83999633789062,78.58999633789062,76.9800033569336,78.47000122070312,74.60359191894531,1743700,0.0,0.0
2024-11-13,77.36000061035156,77.56999969482422,75.87999725341797,76.27999877929688,72.52149200439453,1662200,0.0,0.0
2024-11-14,81.02999877929688,84.61000061035156,80.88999938964844,84.22000122070312,80.07026672363281,4748100,0.0,0.0
2024-11-15,85.97000122070312,86.79000091552734,83.43000030517578,85.48999786376953,81.27769470214844,2041900,0.0,0.0
2024-11-18,87.19999694824219,89.25,87.05000305175781,88.26000213623047,83.91121673583984,2002400,0.0,0.0
2024-11-19,86.12999725341797,86.72000122070312,85.45999908447266,85.68000030517578,81.45833587646484,1532800,0.0,0.0
2024-11-20,86.54000091552734,87.61000061035156,85.8499984741211,87.52999877929688,83.21717071533203,1641300,0.0,0.0
2024-11-21,87.48999786376953,88.8499984741211,87.33999633789062,88.63999938964844,84.27247619628906,1228400,0.0,0.0
2024-11-22,87.5199966430664,88.16999816894531,86.36000061035156,86.44999694824219,82.19038391113281,1991100,0.0,0.0
2024-11-25,86.16000366210938,86.62000274658203,85.36000061035156,85.4000015258789,81.192138671875,1634400,0.0,0.0
2024-11-26,86.08000183105469,86.4800033569336,84.97000122070312,86.20999908447266,81.96222686767578,1155600,0.0,0.0
2024-11-27,87.05000305175781,87.66000366210938,86.11000061035156,86.55999755859375,82.29497528076172,724400,0.0,0.0
2024-11-29,86.63999938964844,88.0,85.94000244140625,87.4800033569336,83.58970642089844,607600,0.435,0.0
2024-12-02,88.5,89.04000091552734,87.81999969482422,88.87000274658203,84.91789245605469,1237900,0.0,0.0
2024-12-03,88.69999694824219,89.98999786376953,88.52999877929688,89.36000061035156,85.38611602783203,1243800,0.0,0.0
2024-12-04,91.02999877929688,91.48999786376953,90.18000030517578,90.79000091552734,86.75250244140625,2265800,0.0,0.0
2024-12-05,91.12999725341797,91.37999725341797,90.0,90.36000061035156,86.34164428710938,2226800,0.0,0.0
2024-12-06,91.94000244140625,92.22000122070312,91.2300033569336,91.29000091552734,87.23028564453125,1100000,0.0,0.0
2024-12-09,100.0,102.4000015258789,99.0,100.95999908447266,96.47024536132812,3078800,0.0,0.0
2024-12-10,97.47000122070312,97.47000122070312,95.80000305175781,96.4800033569336,92.18948364257812,1305300,0.0,0.0
2024-12-11,95.87999725341797,96.9800033569336,95.44999694824219,96.9000015258789,92.5907974243164,936100,0.0,0.0
2024-12-12,95.95999908447266,97.19000244140625,95.8499984741211,96.27999877929688,91.99837493896484,706100,0.0,0.0
2024-12-13,93.95999908447266,95.62999725341797,93.77999877929688,95.44999694824219,91.20528411865234,1277200,0.0,0.0
2024-12-16,93.0199966430664,94.58000183105469,92.93000030517578,93.33999633789062,89.1891098022461,1040100,0.0,0.0
2024-12-17,93.01000213623047,94.33000183105469,92.63999938964844,93.62999725341797,89.46622467041016,1320700,0.0,0.0
2024-12-18,93.44999694824219,93.69000244140625,91.04000091552734,91.4000015258789,87.33539581298828,956100,0.0,0.0
2024-12-19,92.19000244140625,92.73999786376953,91.66999816894531,91.80999755859375,87.72715759277344,716800,0.0,0.0
2024-12-20,91.80000305175781,92.9000015258789,91.48999786376953,92.08999633789062,87.99468994140625,642400,0.0,0.0
2024-12-23,92.7300033569336,93.29000091552734,91.72000122070312,92.37000274658203,88.26225280761719,799400,0.0,0.0
2024-12-24,92.94000244140625,93.18000030517578,92.12999725341797,92.22000122070312,88.1189193725586,236200,0.0,0.0
2024-12-26,91.91000366210938,92.6500015258789,91.47000122070312,92.30999755859375,88.20491790771484,357600,0.0,0.0
2024-12-27,91.79000091552734,91.98999786376953,91.0,91.4800033569336,87.41183471679688,459500,0.0,0.0
2024-12-30,90.30000305175781,90.51000213623047,89.02999877929688,89.25,85.28099822998047,701600,0.0,0.0
2024-12-31,89.02999877929688,89.80999755859375,88.69000244140625,89.20999908447266,85.24278259277344,611200,0.0,0.0
2025-01-02,88.51000213623047,89.83999633789062,87.66999816894531,87.76000213623047,83.85726165771484,767300,0.0,0.0
2025-01-03,88.33000183105469,89.12999725341797,88.0,88.25,84.32545471191406,685400,0.0,0.0
2025-01-06,89.88999938964844,90.72000122070312,87.7300033569336,88.22000122070312,84.29680633544922,1209100,0.0,0.0
2025-01-07,89.06999969482422,90.91000366210938,89.02999877929688,89.72000122070312,85.7301025390625,1190200,0.0,0.0
2025-01-08,91.08000183105469,92.29000091552734,90.26000213623047,92.27999877929688,88.17625427246094,1065700,0.0,0.0
2025-01-10,93.5999984741211,93.68000030517578,90.2699966430664,91.11000061035156,87.05828094482422,1732600,0.0,0.0
2025-01-13,94.69000244140625,95.91000366210938,93.23999786376953,94.25,90.05865478515625,2423700,0.0,0.0
2025-01-14,95.5,96.1500015258789,94.5,96.02999877929688,91.75948333740234,1409700,0.0,0.0
2025-01-15,99.69999694824219,104.80000305175781,99.25,103.91999816894531,99.2986068725586,3377100,0.0,0.0
2025-01-16,100.1500015258789,100.43000030517578,98.5999984741211,99.30999755859375,94.89361572265625,2095700,0.0,0.0
2025-01-17,99.62000274658203,99.87000274658203,97.63999938964844,99.76000213623047,95.32361602783203,1599400,0.0,0.0
2025-01-21,100.5999984741211,101.4000015258789,98.2699966430664,100.70999908447266,96.23135375976562,1810500,0.0,0.0
2025-01-22,100.08999633789062,100.30999755859375,98.83000183105469,99.5199966430664,95.09428405761719,930200,0.0,0.0
2025-01-23,99.77999877929688,100.1500015258789,98.5199966430664,99.44999694824219,95.02739715576172,1015000,0.0,0.0
2025-01-24,101.87999725341797,103.83000183105469,101.08000183105469,103.18000030517578,98.5915298461914,1196200,0.0,0.0
2025-01-27,101.94000244140625,103.33999633789062,101.29000091552734,101.94999694824219,97.41621398925781,991600,0.0,0.0
2025-01-28,102.13999938964844,103.45999908447266,100.0999984741211,103.41999816894531,98.82084655761719,1033200,0.0,0.0
2025-01-29,103.58999633789062,103.81999969482422,100.83999633789062,100.88999938964844,96.40335845947266,755400,0.0,0.0
2025-01-30,101.05000305175781,105.58000183105469,101.05000305175781,104.87999725341797,100.21592712402344,1019300,0.0,0.0
2025-01-31,104.55999755859375,104.87999725341797,102.16000366210938,102.8499984741211,98.27619934082031,1233900,0.0,0.0
2025-02-03,101.05000305175781,104.72000122070312,100.58000183105469,103.66999816894531,99.05973815917969,1126900,0.0,0.0
2025-02-04,102.08000183105469,103.5,101.05000305175781,101.20999908447266,96.7091293334961,1280200,0.0,0.0
2025-02-05,102.29000091552734,102.5,100.6500015258789,101.2699966430664,96.76646423339844,1042100,0.0,0.0
2025-02-06,103.48999786376953,104.0999984741211,102.68000030517578,103.20999908447266,98.62019348144531,797300,0.0,0.0
2025-02-07,105.5,105.79000091552734,103.36000061035156,104.16999816894531,99.5374984741211,697100,0.0,0.0
2025-02-10,106.11000061035156,106.5,104.26000213623047,104.93000030517578,100.26370239257812,1131300,0.0,0.0
2025-02-11,103.8499984741211,106.16000366210938,103.55999755859375,105.48999786376953,100.79879760742188,1117300,0.0,0.0
2025-02-12,106.05000305175781,110.1500015258789,105.62999725341797,109.13999938964844,104.28646087646484,1561300,0.0,0.0
2025-02-13,104.87000274658203,105.12000274658203,101.93000030517578,104.80999755859375,100.1490249633789,1903700,0.0,0.0
2025-02-14,105.47000122070312,106.0999984741211,103.1500015258789,103.5,98.89728546142578,1496700,0.0,0.0
2025-02-18,105.56999969482422,105.94999694824219,103.7300033569336,104.62999725341797,99.97703552246094,2193000,0.0,0.0
2025-02-19,103.87999725341797,104.37999725341797,102.5,104.16999816894531,99.5374984741211,1040300,0.0,0.0
2025-02-20,99.12000274658203,102.61000061035156,98.37000274658203,101.41999816894531,96.9097900390625,2009800,0.0,0.0
2025-02-21,103.47000122070312,104.29000091552734,101.88999938964844,103.22000122070312,98.62974548339844,1507200,0.0,0.0
2025-02-24,100.5,100.5999984741211,96.72000122070312,98.88999938964844,94.4923095703125,2495800,0.0,0.0
2025-02-25,99.5999984741211,100.30999755859375,98.66999816894531,99.61000061035156,95.1802749633789,1170800,0.0,0.0
2025-02-26,102.2300033569336,103.4000015258789,100.55000305175781,101.2699966430664,96.76646423339844,1382800,0.0,0.0
2025-02-27,100.69000244140625,101.06999969482422,98.9000015258789,100.44999694824219,95.98292541503906,1016600,0.0,0.0
2025-02-28,99.69999694824219,101.18000030517578,98.61000061035156,99.72000122070312,95.28539276123047,1529900,0.0,0.0
2025-03-03,98.33000183105469,100.0999984741211,96.51000213623047,96.62999725341797,92.33280181884766,1322000,0.0,0.0
2025-03-04,99.55999755859375,101.66999816894531,98.58999633789062,100.5999984741211,96.12625885009766,1824500,0.0,0.0
2025-03-05,101.98999786376953,103.70999908447266,101.80000305175781,103.16000366210938,98.5724105834961,1671200,0.0,0.0
2025-03-06,104.16000366210938,105.16999816894531,101.72000122070312,101.98999786376953,98.6207504272461,2439200,1.22,0.0
2025-03-07,103.0,103.69999694824219,100.76000213623047,102.77999877929688,99.38465881347656,1693800,0.0,0.0
2025-03-10,103.25,104.04000091552734,102.05999755859375,102.4000015258789,99.01722717285156,1958200,0.0,0.0
2025-03-11,104.2699966430664,105.93000030517578,103.70999908447266,104.41999816894531,100.97048950195312,1773800,0.0,0.0
2025-03-12,104.5,105.0,102.91999816894531,104.87999725341797,101.41529846191406,1090700,0.0,0.0
2025-03-13,103.87000274658203,104.27999877929688,103.08000183105469,103.54000091552734,100.11956024169922,819400,0.0,0.0
2025-03-14,104.0,104.5,102.02999877929688,102.80000305175781,99.40399932861328,870100,0.0,0.0
2025-03-17,101.19999694824219,102.54000091552734,100.5,101.98999786376953,98.6207504272461,2458300,0.0,0.0
2025-03-18,102.0,102.02999877929688,99.83999633789062,100.47000122070312,97.1509780883789,1359500,0.0,0.0
2025-03-19,102.5,102.97000122070312,101.45999908447266,101.91000366210938,98.54340362548828,1122200,0.0,0.0
2025-03-20,99.94999694824219,100.69000244140625,99.44000244140625,99.97000122070312,96.66748809814453,1036600,0.0,0.0
2025-03-21,96.66999816894531,97.69000244140625,96.19999694824219,97.05000305175781,93.84396362304688,1666000,0.0,0.0
2025-03-24,99.77999877929688,101.0999984741211,99.5999984741211,99.93000030517578,96.6288070678711,1399700,0.0,0.0
2025-03-25,99.69999694824219,100.30000305175781,98.94999694824219,99.73999786376953,96.4450912475586,697800,0.0,0.0
2025-03-26,100.30000305175781,101.51000213623047,99.94000244140625,100.79000091552734,97.46040344238281,772900,0.0,0.0
2025-03-27,100.87000274658203,102.4800033569336,100.73999786376953,101.75,98.38868713378906,561200,0.0,0.0
2025-03-28,101.0,101.52999877929688,100.45999908447266,100.72000122070312,97.39270782470703,743400,0.0,0.0
2025-03-31,101.19000244140625,103.20999908447266,100.5,102.91999816894531,99.52003479003906,990200,0.0,0.0
2025-04-01,105.4800033569336,106.4000015258789,104.80000305175781,106.3499984741211,102.83672332763672,1251900,0.0,0.0
2025-04-02,105.2300033569336,106.66999816894531,104.5999984741211,106.4000015258789,102.88507080078125,650700,0.0,0.0
2025-04-03,105.0,105.98999786376953,104.31999969482422,104.94000244140625,101.47332000732422,1093200,0.0,0.0
2025-04-04,98.9800033569336,100.20999908447266,96.93000030517578,98.86000061035156,95.59415435791016,3078200,0.0,0.0
2025-04-07,89.61000061035156,95.70999908447266,89.22000122070312,92.3499984741211,89.29920959472656,4200500,0.0,0.0
2025-04-08,94.73999786376953,95.5999984741211,89.9000015258789,91.37000274658203,88.35159301757812,2985500,0.0,0.0
2025-04-09,91.27999877929688,93.87000274658203,88.54000091552734,93.76000213623047,90.66264343261719,4958300,0.0,0.0
2025-04-10,94.58000183105469,96.33000183105469,93.0199966430664,94.30000305175781,91.18479919433594,1913600,0.0,0.0
2025-04-11,95.5199966430664,99.69000244140625,95.0199966430664,99.3499984741211,96.06796264648438,2376000,0.0,0.0
2025-04-14,99.66000366210938,100.80999755859375,98.36000061035156,99.31999969482422,96.0389633178711,1435500,0.0,0.0
2025-04-15,97.69999694824219,98.76000213623047,96.68000030517578,98.02999877929688,94.79157257080078,874000,0.0,0.0
2025-04-16,97.38999938964844,98.83000183105469,96.87999725341797,97.41000366210938,94.19207000732422,1061500,0.0,0.0
2025-04-17,101.75,102.87000274658203,98.70999908447266,98.7300033569336,95.46846008300781,1353000,0.0,0.0
2025-04-21,98.37000274658203,99.68000030517578,98.36000061035156,99.63999938964844,96.34839630126953,926300,0.0,0.0
2025-04-22,101.37000274658203,103.11000061035156,100.83000183105469,102.06999969482422,98.69811248779297,4620900,0.0,0.0
2025-04-23,102.5999984741211,104.48999786376953,101.51000213623047,103.70999908447266,100.28394317626953,1912600,0.0,0.0
2025-04-24,103.97000122070312,106.11000061035156,103.45999908447266,105.91000366210938,102.41126251220703,2663600,0.0,0.0
2025-04-25,105.66999816894531,106.80000305175781,105.22000122070312,105.86000061035156,102.3629150390625,712800,0.0,0.0
2025-04-28,105.19999694824219,105.98999786376953,104.56999969482422,105.22000122070312,101.74406433105469,2576800,0.0,0.0
2025-04-29,105.5,106.44000244140625,105.22000122070312,106.36000061035156,102.84640502929688,662500,0.0,0.0
2025-04-30,105.9000015258789,107.16000366210938,105.83999633789062,107.05999755859375,103.52326965332031,549300,0.0,0.0
2025-05-01,107.05999755859375,107.69000244140625,106.62000274658203,106.7699966430664,103.24283599853516,464800,0.0,0.0
2025-05-02,109.0,109.56999969482422,108.36000061035156,109.05999755859375,105.45719909667969,599000,0.0,0.0
2025-05-05,108.70999908447266,110.66000366210938,108.38999938964844,109.80000305175781,106.1727523803711,696800,0.0,0.0
2025-05-06,108.7300033569336,109.73999786376953,108.69999694824219,108.97000122070312,105.37018585205078,1372700,0.0,0.0
2025-05-07,108.62999725341797,108.69000244140625,106.4000015258789,106.4800033569336,102.96243286132812,773000,0.0,0.0
2025-05-08,106.5,107.08000183105469,105.47000122070312,106.48999786376953,102.97210693359375,660000,0.0,0.0
2025-05-09,106.0,106.9800033569336,103.2300033569336,103.44000244140625,100.02286529541016,906300,0.0,0.0
2025-05-12,107.08000183105469,107.66000366210938,105.45999908447266,106.81999969482422,103.29119873046875,1099600,0.0,0.0
2025-05-13,105.5,107.19999694824219,105.0,106.4000015258789,102.88507080078125,681200,0.0,0.0
2025-05-14,106.94000244140625,107.16999816894531,105.45999908447266,107.11000061035156,103.57162475585938,762200,0.0,0.0
2025-05-15,115.8499984741211,123.55999755859375,115.75,122.76000213623047,118.70463562011719,4246300,0.0,0.0
2025-05-16,122.61000061035156,122.61000061035156,119.08000183105469,119.58000183105469,115.62967681884766,2017200,0.0,0.0
2025-05-19,118.0,119.2300033569336,116.25,119.0999984741211,115.16552734375,1793900,0.0,0.0
2025-05-20,119.91000366210938,121.1500015258789,119.73999786376953,120.98999786376953,116.99309539794922,1089700,0.0,0.0
2025-05-21,120.69999694824219,121.6500015258789,120.02999877929688,120.52999877929688,116.54829406738281,845000,0.0,0.0
2025-05-22,119.69000244140625,119.80999755859375,118.9000015258789,119.0199966430664,115.08817291259766,680200,0.0,0.0
2025-05-23,119.37999725341797,119.75,118.43000030517578,119.75,115.79405212402344,1023300,0.0,0.0
2025-05-27,121.94999694824219,124.41999816894531,121.5199966430664,124.29000091552734,120.18408966064453,1515100,0.0,0.0
2025-05-28,125.0,126.0,123.56999969482422,123.86000061035156,119.76828002929688,1116600,0.0,0.0
2025-05-29,126.01000213623047,126.80999755859375,123.91999816894531,124.2699966430664,120.16474151611328,1359100,0.0,0.0
2025-05-30,121.95999908447266,122.19000244140625,119.80000305175781,121.76000213623047,118.38066864013672,1603800,0.675,0.0
2025-06-02,122.30999755859375,123.4800033569336,122.2699966430664,123.19999694824219,119.78070068359375,801100,0.0,0.0
2025-06-03,125.80999755859375,126.5,125.37999725341797,126.05999755859375,122.56131744384766,1882700,0.0,0.0
2025-06-04,126.5,127.66999816894531,126.48999786376953,127.22000122070312,123.68914031982422,942500,0.0,0.0
2025-06-05,128.0,129.0800018310547,127.56999969482422,128.6300048828125,125.06000518798828,944900,0.0,0.0
2025-06-06,126.4000015258789,127.05000305175781,125.0199966430664,127.0199966430664,123.49468231201172,609500,0.0,0.0
2025-06-09,130.02000427246094,130.6999969482422,129.52000427246094,130.19000244140625,126.57671356201172,891100,0.0,0.0
2025-06-10,130.00999450683594,131.33999633789062,129.6699981689453,131.33999633789062,127.69477081298828,574900,0.0,0.0
2025-06-11,132.75,133.8000030517578,132.3800048828125,132.97000122070312,129.27955627441406,1136200,0.0,0.0
2025-06-12,132.1300048828125,133.25999450683594,131.9600067138672,132.75999450683594,129.07537841796875,1035200,0.0,0.0
2025-06-13,131.08999633789062,131.6999969482422,129.36000061035156,129.3800048828125,125.7891845703125,1330500,0.0,0.0
2025-06-16,130.85000610351562,132.0399932861328,130.33999633789062,131.0800018310547,127.44200897216797,864400,0.0,0.0
2025-06-17,130.33999633789062,130.6999969482422,129.60000610351562,129.61000061035156,126.01280975341797,739500,0.0,0.0
2025-06-18,129.99000549316406,130.00999450683594,128.33999633789062,128.6699981689453,125.09888458251953,907200,0.0,0.0
2025-06-20,129.52000427246094,130.07000732421875,128.4600067138672,128.6300048828125,125.06000518798828,1468300,0.0,0.0
2025-06-23,128.3000030517578,130.38999938964844,127.58999633789062,130.3300018310547,126.71282196044922,512600,0.0,0.0
2025-06-24,132.39999389648438,134.1199951171875,132.24000549316406,134.0500030517578,130.32957458496094,992900,0.0,0.0
2025-06-25,133.82000732421875,134.0,133.0,133.16000366210938,129.4642791748047,672600,0.0,0.0
2025-06-26,133.25,133.7899932861328,132.57000732421875,132.9199981689453,129.23094177246094,853600,0.0,0.0
2025-06-27,132.24000549316406,133.11000061035156,132.2100067138672,132.64999389648438,128.9684295654297,627600,0.0,0.0
2025-06-30,133.8699951171875,135.22999572753906,133.1199951171875,134.5800018310547,130.8448486328125,775100,0.0,0.0
2025-07-01,134.5800018310547,135.32000732421875,133.89999389648438,134.77999877929688,131.039306640625,610600,0.0,0.0
2025-07-02,132.38999938964844,133.1699981689453,131.77999877929688,133.0,129.30870056152344,466100,0.0,0.0
2025-07-03,132.5500030517578,133.19000244140625,132.07000732421875,132.85000610351562,129.16287231445312,377800,0.0,0.0
2025-07-07,132.50999450683594,134.27999877929688,132.50999450683594,133.02999877929688,129.33786010742188,631100,0.0,0.0
2025-07-08,134.8800048828125,135.10000610351562,133.22000122070312,133.27999877929688,129.58094787597656,382500,0.0,0.0
2025-07-09,131.02999877929688,131.16000366210938,129.16000366210938,130.25,126.63504028320312,670400,0.0,0.0
2025-07-10,128.9199981689453,129.52000427246094,126.45999908447266,127.58000183105469,124.03914642333984,1460200,0.0,0.0
2025-07-11,128.3699951171875,128.86000061035156,127.70999908447266,128.27999877929688,124.7197036743164,533100,0.0,0.0
2025-07-14,128.47999572753906,130.0,128.1999969482422,129.89999389648438,126.29474639892578,419900,0.0,0.0
2025-07-15,132.52000427246094,133.5,131.6199951171875,133.1300048828125,129.43511962890625,751400,0.0,0.0
2025-07-16,132.88999938964844,132.92999267578125,131.02999877929688,132.61000061035156,128.92955017089844,522500,0.0,0.0
2025-07-17,132.3800048828125,133.3000030517578,131.99000549316406,133.19000244140625,129.4934539794922,720500,0.0,0.0
2025-07-18,135.8800048828125,136.8800048828125,135.5399932861328,136.1199951171875,132.34210205078125,636900,0.0,0.0
2025-07-21,136.49000549316406,137.72000122070312,136.35000610351562,137.35000610351562,133.5380096435547,510200,0.0,0.0
2025-07-22,138.9499969482422,139.69000244140625,137.11000061035156,139.49000549316406,135.61859130859375,728400,0.0,0.0
2025-07-23,140.16000366210938,141.4499969482422,140.0800018310547,140.55999755859375,136.65887451171875,482700,0.0,0.0
2025-07-24,136.8000030517578,137.14999389648438,135.10000610351562,136.3000030517578,132.51712036132812,714700,0.0,0.0
2025-07-25,135.1300048828125,136.08999633789062,134.9199981689453,135.47999572753906,131.71986389160156,370700,0.0,0.0
2025-07-28,133.0800018310547,133.50999450683594,131.5500030517578,131.8800048828125,128.21981811523438,546800,0.0,0.0
2025-07-29,131.8800048828125,132.17999267578125,130.99000549316406,131.52999877929688,127.87950134277344,751200,0.0,0.0
2025-07-30,130.0,131.52999877929688,129.82000732421875,130.32000732421875,126.7031021118164,515500,0.0,0.0
2025-07-31,130.1300048828125,130.80999755859375,129.24000549316406,130.3000030517578,126.68364715576172,678400,0.0,0.0
2025-08-01,127.77999877929688,127.91000366210938,125.80000305175781,127.30999755859375,123.7766342163086,660100,0.0,0.0
2025-08-04,131.5,131.72000122070312,130.27999877929688,130.27999877929688,126.66421508789062,536700,0.0,0.0
2025-08-05,131.77999877929688,132.3699951171875,131.17999267578125,131.2899932861328,127.64617156982422,743400,0.0,0.0
2025-08-06,131.9199981689453,132.38999938964844,129.8699951171875,131.6300048828125,127.97675323486328,717900,0.0,0.0
2025-08-07,132.0,132.75999450683594,130.3699951171875,130.9199981689453,127.28643035888672,760600,0.0,0.0
2025-08-08,130.5,130.7100067138672,127.94000244140625,128.6199951171875,125.05027770996094,817300,0.0,0.0
2025-08-11,128.5,129.02999877929688,127.66000366210938,128.8800048828125,125.30307006835938,762100,0.0,0.0
2025-08-12,130.8699951171875,131.52000427246094,130.10000610351562,130.97000122070312,127.33505249023438,997200,0.0,0.0
2025-08-13,139.08999633789062,139.22000122070312,133.39999389648438,134.89999389648438,131.1559600830078,1976600,0.0,0.0
2025-08-14,123.0,132.97000122070312,122.23999786376953,129.6699981689453,126.07113647460938,2169400,0.0,0.0
2025-08-15,128.92999267578125,130.5500030517578,128.6999969482422,129.22000122070312,125.63362884521484,954000,0.0,0.0
2025-08-18,130.9199981689453,131.99000549316406,130.1699981689453,130.3000030517578,126.68364715576172,899400,0.0,0.0
2025-08-19,128.75999450683594,129.72999572753906,127.69999694824219,128.32000732421875,124.75860595703125,598100,0.0,0.0
2025-08-20,129.52000427246094,130.61000061035156,128.88999938964844,130.52000427246094,126.89753723144531,399900,0.0,0.0
2025-08-21,129.92999267578125,132.11000061035156,129.92999267578125,131.8699951171875,128.21005249023438,539200,0.0,0.0
2025-08-22,130.80999755859375,132.63999938964844,130.00999450683594,131.88999938964844,128.22950744628906,747900,0.0,0.0
2025-08-25,136.89999389648438,138.3300018310547,135.22999572753906,135.60000610351562,131.8365478515625,1537000,0.0,0.0
2025-08-26,138.0,139.1999969482422,136.9499969482422,137.0500030517578,133.246337890625,1196300,0.0,0.0
2025-08-27,135.0,135.77999877929688,134.25999450683594,135.07000732421875,131.32127380371094,651000,0.0,0.0
2025-08-28,136.1199951171875,137.89999389648438,135.9199981689453,137.66000366210938,134.40658569335938,647100,0.57,0.0
2025-08-29,137.30999755859375,137.30999755859375,135.66000366210938,136.19000244140625,132.97132873535156,446900,0.0,0.0
2025-09-02,135.5,136.05999755859375,134.10000610351562,135.7100067138672,132.50265502929688,787800,0.0,0.0
2025-09-03,135.72999572753906,136.4199981689453,134.6199951171875,134.83999633789062,131.65322875976562,547000,0.0,0.0
2025-09-04,133.3300018310547,133.88999938964844,131.91000366210938,133.13999938964844,129.993408203125,463000,0.0,0.0
2025-09-05,135.0,135.33999633789062,133.50999450683594,134.27000427246094,131.09669494628906,378800,0.0,0.0
2025-09-08,140.8800048828125,144.0500030517578,140.5399932861328,144.0,140.59674072265625,1141900,0.0,0.0
2025-09-09,143.72000122070312,145.08999633789062,143.58999633789062,143.89999389648438,140.4990997314453,530500,0.0,0.0
2025-09-10,145.5399932861328,145.89999389648438,144.52999877929688,145.75,142.3053741455078,480300,0.0,0.0
2025-09-11,148.17999267578125,150.13999938964844,147.69000244140625,150.10000610351562,146.55258178710938,731000,0.0,0.0
2025-09-12,151.16000366210938,152.91000366210938,151.0,152.8000030517578,149.18875122070312,706300,0.0,0.0
2025-09-15,155.0,155.74000549316406,154.35000610351562,154.8300018310547,151.17079162597656,604600,0.0,0.0
2025-09-16,156.0800018310547,157.66000366210938,155.9199981689453,157.07000732421875,153.35784912109375,798900,0.0,0.0
2025-09-17,158.1999969482422,159.5500030517578,157.6199951171875,159.33999633789062,155.57418823242188,768000,0.0,0.0
2025-09-18,154.0399932861328,155.52000427246094,152.83999633789062,152.89999389648438,149.28639221191406,753200,0.0,0.0
2025-09-19,152.7899932861328,154.1199951171875,151.8000030517578,152.0500030517578,148.45648193359375,739800,0.0,0.0
2025-09-22,150.22999572753906,153.33999633789062,150.22999572753906,152.35000610351562,148.74940490722656,605500,0.0,0.0
2025-09-23,152.42999267578125,154.52000427246094,152.1699981689453,152.94000244140625,149.32545471191406,538000,0.0,0.0
2025-09-24,152.0500030517578,152.3800048828125,144.85000610351562,150.13999938964844,146.59164428710938,855000,0.0,0.0
2025-09-25,150.13999938964844,151.64999389648438,148.8000030517578,150.88999938964844,147.3238983154297,562500,0.0,0.0
2025-09-26,148.27999877929688,148.92999267578125,146.52999877929688,147.6199951171875,144.1311798095703,877700,0.0,0.0
2025-09-29,149.47999572753906,152.0399932861328,149.22999572753906,151.36000061035156,147.7827911376953,815700,0.0,0.0
2025-09-30,151.86000061035156,152.3300018310547,150.60000610351562,151.99000549316406,148.3979034423828,421200,0.0,0.0
2025-10-01,151.97000122070312,152.8000030517578,149.5,150.02000427246094,146.47447204589844,979500,0.0,0.0
2025-10-02,154.05999755859375,154.41000366210938,152.33999633789062,153.22999572753906,149.6085968017578,460500,0.0,0.0
2025-10-03,152.4199981689453,152.69000244140625,150.88999938964844,151.57000732421875,147.9878387451172,383800,0.0,0.0
2025-10-06,149.3800048828125,151.72000122070312,148.9199981689453,151.0399932861328,147.47035217285156,304100,0.0,0.0
2025-10-07,151.0399932861328,151.1999969482422,149.39999389648438,149.58999633789062,146.05462646484375,304100,0.0,0.0
2025-10-08,154.0,155.0,153.2100067138672,153.92999267578125,150.2920379638672,394900,0.0,0.0
2025-10-09,154.07000732421875,154.72999572753906,151.10000610351562,151.63999938964844,148.05618286132812,374700,0.0,0.0
2025-10-10,154.44000244140625,156.44000244140625,145.24000549316406,146.91000366210938,143.43795776367188,1472700,0.0,0.0
2025-10-13,150.19000244140625,150.27999877929688,148.39999389648438,149.3699951171875,145.83981323242188,727800,0.0,0.0
2025-10-14,146.77000427246094,148.25999450683594,145.8699951171875,145.99000549316406,142.5397186279297,533700,0.0,0.0
2025-10-15,149.0,149.1300048828125,146.92999267578125,148.4199981689453,144.91226196289062,778800,0.0,0.0
2025-10-16,148.6300048828125,150.77000427246094,148.16000366210938,148.60000610351562,145.08802795410156,449500,0.0,0.0
2025-10-17,145.69000244140625,149.16000366210938,145.16000366210938,148.2100067138672,144.7072296142578,841400,0.0,0.0
2025-10-20,150.1300048828125,153.10000610351562,149.61000061035156,152.85000610351562,149.23757934570312,548000,0.0,0.0
2025-10-21,152.50999450683594,153.5399932861328,150.5,151.86000061035156,148.27098083496094,662000,0.0,0.0
2025-10-22,147.72000122070312,149.1999969482422,143.58999633789062,145.00999450683594,141.58287048339844,927500,0.0,0.0
2025-10-23,146.0,148.3800048828125,145.9600067138672,147.11000061035156,143.63323974609375,585600,0.0,0.0
2025-10-24,148.72999572753906,148.72999572753906,146.5,146.7100067138672,143.24269104003906,397800,0.0,0.0
2025-10-27,147.9600067138672,148.74000549316406,145.88999938964844,146.0399932861328,142.58853149414062,920200,0.0,0.0
2025-10-28,145.7899932861328,145.7899932861328,143.1999969482422,145.1699981689453,141.73907470703125,520500,0.0,0.0
2025-10-29,146.0,146.02000427246094,143.99000549316406,145.0,141.57310485839844,464400,0.0,0.0
2025-10-30,141.42999267578125,142.16000366210938,138.8699951171875,139.0500030517578,135.7637176513672,983400,0.0,0.0
2025-10-31,139.55999755859375,140.64999389648438,138.2899932861328,140.10000610351562,136.78892517089844,730100,0.0,0.0
2025-11-03,141.60000610351562,141.97999572753906,140.14999389648438,141.10000610351562,137.76527404785156,355100,0.0,0.0
2025-11-04,139.25999450683594,139.8000030517578,137.8699951171875,138.38999938964844,135.1193389892578,488200,0.0,0.0
2025-11-05,139.69000244140625,140.4600067138672,138.66000366210938,139.10000610351562,135.8125457763672,533000,0.0,0.0
2025-11-06,141.72000122070312,142.0,139.1199951171875,139.27000427246094,135.97853088378906,746700,0.0,0.0
2025-11-07,139.38999938964844,139.5500030517578,137.92999267578125,138.99000549316406,135.7051544189453,798600,0.0,0.0
2025-11-10,141.30999755859375,142.0,139.3300018310547,140.30999755859375,136.99392700195312,412300,0.0,0.0
2025-11-11,141.0800018310547,143.57000732421875,140.7899932861328,142.33999633789062,138.97598266601562,623000,0.0,0.0
2025-11-12,142.33999633789062,142.5500030517578,140.97000122070312,142.3699951171875,139.0052490234375,546700,0.0,0.0
2025-11-13,143.36000061035156,143.58999633789062,141.1199951171875,141.8000030517578,138.44873046875,620700,0.0,0.0
2025-11-14,140.0500030517578,142.61000061035156,139.35000610351562,140.1300048828125,136.8181915283203,601800,0.0,0.0
2025-11-17,139.07000732421875,139.64999389648438,137.63999938964844,137.72999572753906,134.47491455078125,965100,0.0,0.0
2025-11-18,136.7100067138672,140.13999938964844,136.7100067138672,139.19000244140625,135.90042114257812,982000,0.0,0.0
2025-11-19,137.94000244140625,137.94000244140625,133.1999969482422,133.4199981689453,130.26678466796875,2095500,0.0,0.0
2025-11-20,130.30999755859375,138.5500030517578,129.00999450683594,133.9499969482422,130.78424072265625,1512100,0.0,0.0
2025-11-21,132.2100067138672,136.1300048828125,131.0,133.5800018310547,130.42300415039062,1608300,0.0,0.0
2025-11-24,139.25,140.00999450683594,138.5399932861328,139.1999969482422,135.91017150878906,907400,0.0,0.0
2025-11-25,140.27000427246094,140.77999877929688,139.1199951171875,139.97000122070312,136.6619873046875,624700,0.0,0.0
2025-11-26,138.25,139.27999877929688,136.66000366210938,137.58999633789062,134.3382110595703,484200,0.0,0.0
2025-11-28,137.77999877929688,138.61000061035156,137.13999938964844,138.0500030517578,134.78736877441406,469200,0.0,0.0
2025-12-01,142.64999389648438,146.6699981689453,142.58999633789062,144.9499969482422,141.52427673339844,1081200,0.0,0.0
2025-12-02,144.11000061035156,144.2100067138672,141.22000122070312,142.3000030517578,138.93690490722656,674200,0.0,0.0
2025-12-03,139.36000061035156,141.0500030517578,137.25,140.92999267578125,137.5992889404297,620100,0.0,0.0
2025-12-04,140.9600067138672,140.9600067138672,138.58999633789062,139.74000549316406,136.43743896484375,577300,0.0,0.0
2025-12-05,139.58999633789062,140.88999938964844,139.11000061035156,139.77999877929688,137.03543090820312,304900,0.57,0.0
2025-12-08,138.94000244140625,139.0500030517578,136.30999755859375,136.86000061035156,134.17276000976562,620200,0.0,0.0
2025-12-09,136.25999450683594,136.9600067138672,135.77999877929688,136.75999450683594,134.07472229003906,469800,0.0,0.0
2025-12-10,136.19000244140625,136.82000732421875,135.82000732421875,136.07000732421875,133.39828491210938,281500,0.0,0.0
2025-12-11,135.36000061035156,136.77999877929688,134.42999267578125,136.25999450683594,133.5845489501953,672700,0.0,0.0
2025-12-12,140.5500030517578,140.8699951171875,138.47999572753906,139.13999938964844,136.4080047607422,755000,0.0,0.0
2025-12-15,139.60000610351562,139.8800048828125,138.02000427246094,138.1999969482422,135.4864501953125,396300,0.0,0.0
2025-12-16,134.97000122070312,136.05999755859375,134.47999572753906,135.63999938964844,132.97671508789062,458200,0.0,0.0
2025-12-17,136.0500030517578,136.1300048828125,133.75999450683594,133.8300018310547,131.20225524902344,386500,0.0,0.0
2025-12-18,136.00999450683594,136.88999938964844,135.33999633789062,135.35000610351562,132.6924285888672,399300,0.0,0.0
2025-12-19,137.75999450683594,138.57000732421875,137.0800018310547,137.44000244140625,134.7413787841797,528500,0.0,0.0
2025-12-22,138.36000061035156,138.5800018310547,137.7100067138672,138.27000427246094,135.5550994873047,428400,0.0,0.0
2025-12-23,137.0800018310547,138.08999633789062,136.8000030517578,138.0399932861328,135.32960510253906,342800,0.0,0.0
2025-12-24,137.72999572753906,138.02000427246094,136.3800048828125,137.16000366210938,134.46688842773438,203800,0.0,0.0
2025-12-26,138.22000122070312,138.39999389648438,137.1999969482422,138.07000732421875,135.35902404785156,140500,0.0,0.0
2025-12-29,138.02999877929688,139.33999633789062,137.77999877929688,139.33999633789062,136.6040802001953,506200,0.0,0.0
2025-12-30,141.92999267578125,142.74000549316406,140.39999389648438,140.4499969482422,137.69227600097656,578300,0.0,0.0
2025-12-31,137.49000549316406,138.88999938964844,137.16000366210938,137.6199951171875,134.91783142089844,348300,0.0,0.0
2026-01-02,146.36000061035156,149.11000061035156,145.97000122070312,147.55999755859375,144.66268920898438,861500,0.0,0.0
2026-01-05,142.44000244140625,145.22000122070312,140.3699951171875,145.05999755859375,142.21176147460938,805500,0.0,0.0
2026-01-06,146.52999877929688,147.80999755859375,145.58999633789062,146.10000610351562,143.23133850097656,537600,0.0,0.0
2026-01-07,142.2899932861328,142.5500030517578,140.13999938964844,141.5500030517578,138.77069091796875,599900,0.0,0.0
2026-01-08,141.4199981689453,142.22000122070312,140.30999755859375,141.8699951171875,139.0843963623047,358500,0.0,0.0
2026-01-09,139.42999267578125,139.42999267578125,137.61000061035156,139.19000244140625,136.45703125,405500,0.0,0.0
2026-01-12,142.27999877929688,146.25,142.27999877929688,145.77999877929688,142.91761779785156,680800,0.0,0.0
2026-01-13,143.72000122070312,144.1999969482422,142.39999389648438,142.91000366210938,140.10398864746094,386400,0.0,0.0
2026-01-14,140.64999389648438,140.8699951171875,138.61000061035156,139.0,136.270751953125,695100,0.0,0.0
2026-01-15,137.3699951171875,137.58999633789062,135.7100067138672,136.10000610351562,133.4276885986328,747100,0.0,0.0
2026-01-16,138.00999450683594,139.5500030517578,136.72999572753906,137.97000122070312,135.26097106933594,606200,0.0,0.0
2026-01-20,137.3699951171875,137.83999633789062,136.05999755859375,137.14999389648438,134.4570770263672,837000,0.0,0.0
2026-01-21,133.30999755859375,133.30999755859375,130.69000244140625,131.57000732421875,128.98663330078125,880600,0.0,0.0
2026-01-22,133.85000610351562,134.27000427246094,132.77000427246094,132.83999633789062,130.23170471191406,664900,0.0,0.0
2026-01-23,132.0,132.36000061035156,131.25999450683594,132.24000549316406,129.64349365234375,365700,0.0,0.0
2026-01-26,132.63999938964844,134.22999572753906,132.4199981689453,132.75999450683594,130.1532745361328,542300,0.0,0.0
2026-01-27,132.75999450683594,132.82000732421875,131.47999572753906,131.86000061035156,129.2709503173828,480000,0.0,0.0
2026-01-28,134.83999633789062,135.94000244140625,133.5800018310547,133.77999877929688,131.1532440185547,457800,0.0,0.0
2026-01-29,133.07000732421875,133.1300048828125,130.05999755859375,132.10000610351562,129.50624084472656,545000,0.0,0.0
2026-01-30,131.11000061035156,133.4499969482422,126.66999816894531,128.8300018310547,126.30044555664062,1883900,0.0,0.0
2026-02-02,127.37999725341797,130.4199981689453,126.9800033569336,129.0800018310547,126.5455322265625,767000,0.0,0.0
2026-02-03,126.79000091552734,128.39999389648438,125.70999908447266,128.36000061035156,125.83966827392578,1097100,0.0,0.0
2026-02-04,123.0999984741211,123.16999816894531,119.16000366210938,121.41000366210938,119.02613830566406,1665600,0.0,0.0
2026-02-05,122.44000244140625,123.19999694824219,120.26000213623047,120.30000305175781,117.93792724609375,895100,0.0,0.0
2026-02-06,122.13999938964844,122.94000244140625,121.37999725341797,122.91999816894531,120.50647735595703,788400,0.0,0.0
2026-02-09,123.12000274658203,124.05999755859375,122.66999816894531,123.52999877929688,121.10450744628906,432600,0.0,0.0
2026-02-10,123.80000305175781,125.4800033569336,122.51000213623047,123.5199966430664,121.09469604492188,1067700,0.0,0.0
2026-02-11,121.55000305175781,125.0,118.36000061035156,118.5,116.17327117919922,2736800,0.0,0.0
2026-02-12,118.93000030517578,119.06999969482422,116.6500015258789,118.16999816894531,115.84974670410156,1050600,0.0,0.0
2026-02-13,118.63999938964844,120.8499984741211,118.16999816894531,120.61000061035156,118.2418441772461,1023800,0.0,0.0
2026-02-17,119.4800033569336,120.66000366210938,118.8499984741211,119.5,117.15363311767578,513300,0.0,0.0
2026-02-18,120.41000366210938,120.66000366210938,119.22000122070312,119.69000244140625,117.33990478515625,437500,0.0,0.0
2026-02-19,120.0,120.0,118.86000061035156,119.16000366210938,116.8203125,460000,0.0,0.0
2026-02-20,115.4800033569336,118.83999633789062,115.0199966430664,118.41000366210938,116.08503723144531,955600,0.0,0.0
2026-02-23,116.66000366210938,117.38999938964844,116.16000366210938,116.33000183105469,114.0458755493164,496800,0.0,0.0
2026-02-24,115.19000244140625,117.29000091552734,114.87000274658203,117.18000030517578,114.87918853759766,477900,0.0,0.0
2026-02-25,114.02999877929688,115.91999816894531,113.80999755859375,115.62000274658203,113.34982299804688,963300,0.0,0.0
2026-02-26,113.19000244140625,115.44999694824219,113.0,115.44000244140625,113.17334747314453,1153100,0.0,0.0
2026-02-27,114.20999908447266,115.18000030517578,113.83000183105469,114.97000122070312,112.71257781982422,914000,0.0,0.0
2026-03-02,114.19000244140625,115.22000122070312,113.1500015258789,115.19000244140625,112.92826843261719,960700,0.0,0.0
2026-03-03,111.83000183105469,116.2699966430664,111.4800033569336,115.55999755859375,113.2909927368164,1855100,0.0,0.0
2026-03-04,117.27999877929688,117.72000122070312,115.9000015258789,117.08000183105469,114.7811508178711,1408200,0.0,0.0
2026-03-05,114.68000030517578,116.45999908447266,112.88999938964844,113.98999786376953,111.75181579589844,1432800,0.0,0.0
2026-03-06,117.56999969482422,119.12999725341797,117.04000091552734,117.81999969482422,115.50662231445312,1536900,0.0,0.0
2026-03-09,116.87000274658203,117.72000122070312,116.19000244140625,117.69000244140625,115.3791732788086,969800,0.0,0.0
2026-03-10,119.4000015258789,119.87000274658203,117.0,117.75,115.43799591064453,1043000,0.0,0.0
2026-03-11,117.27999877929688,117.6500015258789,114.81999969482422,115.26000213623047,112.99688720703125,695400,0.0,0.0
2026-03-12,116.45999908447266,117.23999786376953,115.44000244140625,116.2699966430664,113.98705291748047,843100,0.0,0.0
2026-03-13,117.86000061035156,119.0,116.88999938964844,117.51000213623047,115.20271301269531,900400,0.0,0.0
2026-03-16,118.80000305175781,119.91000366210938,118.33999633789062,119.54000091552734,118.36125183105469,966800,1.16,0.0
2026-03-17,119.54000091552734,119.94000244140625,118.69000244140625,118.87000274658203,117.69786071777344,777100,0.0,0.0
2026-03-18,117.95999908447266,119.1500015258789,116.9800033569336,117.0,115.84629821777344,792100,0.0,0.0
2026-03-19,116.1500015258789,117.31999969482422,114.6500015258789,116.33000183105469,115.18290710449219,879400,0.0,0.0
2026-03-20,115.97000122070312,116.05999755859375,113.72000122070312,113.77999877929688,112.65804290771484,925900,0.0,0.0
2026-03-23,113.98999786376953,115.55999755859375,113.2300033569336,113.37999725341797,112.2619857788086,705200,0.0,0.0
2026-03-24,112.1500015258789,112.55999755859375,111.62000274658203,112.13999938964844,111.03421783447266,654000,0.0,0.0
2026-03-25,112.80000305175781,113.37999725341797,111.58000183105469,113.05999755859375,111.94514465332031,618300,0.0,0.0
2026-03-26,109.51000213623047,111.08000183105469,108.83999633789062,109.94000244140625,108.85591888427734,480500,0.0,0.0
2026-03-27,109.19000244140625,110.2699966430664,109.08999633789062,109.26000213623047,108.1826171875,466800,0.0,0.0
2026-03-30,110.45999908447266,110.97000122070312,109.69000244140625,110.02999877929688,108.94502258300781,528400,0.0,0.0
2026-03-31,109.18000030517578,111.9800033569336,108.66999816894531,111.94000244140625,110.83618927001953,677400,0.0,0.0
2026-04-01,112.31999969482422,113.2300033569336,112.01000213623047,112.66000366210938,111.5490951538086,378300,0.0,0.0
2026-04-02,111.62999725341797,113.44000244140625,110.8499984741211,112.80999755859375,111.6976089477539,490000,0.0,0.0
2026-04-06,113.0,113.70999908447266,112.12000274658203,112.62999725341797,111.5193862915039,273700,0.0,0.0
2026-04-07,112.1500015258789,112.58999633789062,111.08000183105469,112.5,111.39067077636719,495400,0.0,0.0
2026-04-08,114.91000366210938,115.27999877929688,113.27999877929688,114.04000091552734,112.91548919677734,559200,0.0,0.0
2026-04-09,113.05000305175781,113.55000305175781,111.7699966430664,113.25,112.1332778930664,682200,0.0,0.0
2026-04-10,113.91000366210938,114.54000091552734,112.44000244140625,112.72000122070312,111.60850524902344,861100,0.0,0.0
2026-04-13,111.95999908447266,113.44000244140625,111.95999908447266,113.41000366210938,112.29169464111328,472300,0.0,0.0
2026-04-14,112.45999908447266,114.26000213623047,112.3499984741211,113.5999984741211,112.47982025146484,727900,0.0,0.0
2026-04-15,114.12999725341797,116.16999816894531,113.61000061035156,115.87000274658203,114.7274398803711,688800,0.0,0.0
2026-04-16,119.19000244140625,119.48999786376953,118.12999725341797,118.37999725341797,117.21268463134766,543400,0.0,0.0
2026-04-17,118.0,119.19999694824219,117.68000030517578,118.19999694824219,117.03446197509766,654400,0.0,0.0
2026-04-20,117.8499984741211,118.68000030517578,117.58000183105469,118.20999908447266,117.04436492919922,540500,0.0,0.0
2026-04-21,116.9000015258789,117.30999755859375,114.51000213623047,114.80999755859375,113.67788696289062,749600,0.0,0.0
2026-04-22,113.48999786376953,113.95999908447266,113.04000091552734,113.2699966430664,112.15306854248047,449800,0.0,0.0
2026-04-23,110.19000244140625,110.73999786376953,108.75,109.54000091552734,108.45985412597656,613100,0.0,0.0
2026-04-24,109.41999816894531,110.72000122070312,109.30000305175781,110.58000183105469,109.48960876464844,606200,0.0,0.0
2026-04-27,110.54000091552734,112.0199966430664,110.33999633789062,111.36000061035156,110.26190948486328,1070600,0.0,0.0
2026-04-28,110.73999786376953,112.16000366210938,110.44999694824219,111.76000213623047,110.65796661376953,604200,0.0,0.0
2026-04-29,111.26000213623047,114.33999633789062,109.79000091552734,113.48999786376953,112.37090301513672,1425300,0.0,0.0
2026-04-30,114.44999694824219,117.62999725341797,114.22000122070312,117.51000213623047,116.35126495361328,911500,0.0,0.0
2026-05-01,117.6500015258789,119.18000030517578,117.18000030517578,117.9800033569336,116.81663513183594,787400,0.0,0.0
2026-05-04,116.5,117.19999694824219,115.4000015258789,116.25,115.10369110107422,693000,0.0,0.0
2026-05-05,115.98999786376953,116.33999633789062,115.01000213623047,115.0999984741211,113.96502685546875,676900,0.0,0.0
2026-05-06,115.91000366210938,118.55000305175781,115.91000366210938,118.37000274658203,117.20278930664062,732600,0.0,0.0
2026-05-07,119.30999755859375,119.33000183105469,117.06999969482422,117.11000061035156,115.95521545410156,689500,0.0,0.0
2026-05-08,117.37999725341797,117.7300033569336,115.43000030517578,115.91000366210938,114.76705169677734,655400,0.0,0.0
2026-05-11,116.31999969482422,117.38999938964844,116.04000091552734,116.20999908447266,115.0640869140625,598700,0.0,0.0
2026-05-12,118.98999786376953,119.5,116.81999969482422,117.01000213623047,115.856201171875,804200,0.0,0.0
2026-05-13,117.20999908447266,120.72000122070312,117.0,119.86000061035156,118.67809295654297,1168100,0.0,0.0
2026-05-14,116.80000305175781,117.5199966430664,115.31999969482422,116.27999877929688,115.13339233398438,874800,0.0,0.0
2026-05-15,114.80000305175781,114.87999725341797,112.44000244140625,113.37999725341797,112.2619857788086,815500,0.0,0.0
2026-05-18,112.51000213623047,114.0199966430664,112.01000213623047,113.61000061035156,112.4897232055664,710100,0.0,0.0
2026-05-19,113.7300033569336,114.94000244140625,112.98999786376953,114.48999786376953,113.36104583740234,651800,0.0,0.0
2026-05-20,115.06999969482422,117.2699966430664,114.44000244140625,116.81999969482422,115.66807556152344,1248200,0.0,0.0
2026-05-21,111.54000091552734,114.81999969482422,106.05999755859375,114.33999633789062,113.2125244140625,5074200,0.0,0.0
2026-05-22,114.27999877929688,117.79000091552734,113.72000122070312,116.55000305175781,115.4007339477539,1897800,0.0,0.0
2026-05-26,119.91999816894531,124.20999908447266,118.66000366210938,123.33999633789062,122.12377166748047,1623900,0.0,0.0
2026-05-27,123.38999938964844,126.68000030517578,122.91999816894531,123.91999816894531,122.69805908203125,1426000,0.0,0.0
2026-05-28,122.23999786376953,124.5,121.73999786376953,124.0199966430664,122.79707336425781,913600,0.0,0.0
2026-05-29,123.44999694824219,124.70999908447266,122.2300033569336,122.81999969482422,121.6089096069336,775700,0.0,0.0
2026-06-01,123.19000244140625,123.94999694824219,121.55000305175781,123.2699966430664,122.0544662475586,1020400,0.0,0.0
2026-06-02,125.94999694824219,126.0,124.12999725341797,124.75,123.5198745727539,993600,0.0,0.0
2026-06-03,124.0,124.0,122.51000213623047,122.63999938964844,121.43067932128906,584000,0.0,0.0
2026-06-04,123.5199966430664,124.4800033569336,122.7300033569336,122.7300033569336,121.51979064941406,419300,0.0,0.0
2026-06-05,120.01000213623047,120.66000366210938,118.80000305175781,119.4800033569336,118.99996185302734,1486700,0.72,0.0
2026-06-08,119.45999908447266,120.66999816894531,118.66999816894531,118.69999694824219,118.22309112548828,502000,0.0,0.0
2026-06-09,119.44999694824219,121.04000091552734,119.0999984741211,120.7300033569336,120.24494171142578,833200,0.0,0.0
2026-06-10,123.33000183105469,126.73999786376953,122.95999908447266,125.5199966430664,125.01568603515625,1020600,0.0,0.0
2026-06-11,125.29000091552734,126.22000122070312,123.79000091552734,125.61000061035156,125.10533142089844,1270300,0.0,0.0
2026-06-12,126.97000122070312,127.33000183105469,125.56999969482422,125.81999969482422,125.31448364257812,520400,0.0,0.0
2026-06-15,127.55000305175781,127.94000244140625,125.81999969482422,125.93000030517578,125.42404174804688,771300,0.0,0.0
2026-06-16,124.37000274658203,124.80999755859375,121.26000213623047,121.80999755859375,121.32059478759766,1718100,0.0,0.0
2026-06-17,123.44999694824219,124.72000122070312,120.58999633789062,120.9000015258789,120.41425323486328,2681600,0.0,0.0
2026-06-18,121.08999633789062,122.5,121.08999633789062,121.33000183105469,120.842529296875,689900,0.0,0.0
2026-06-22,120.79000091552734,122.87000274658203,120.63999938964844,121.56999969482422,121.08155822753906,640400,0.0,0.0
2026-06-23,118.77999877929688,120.12000274658203,118.0,119.25,118.77088165283203,499700,0.0,0.0
2026-06-24,118.31999969482422,119.12000274658203,117.41000366210938,117.63999938964844,117.16735076904297,426800,0.0,0.0
2026-06-25,115.77999877929688,115.95999908447266,114.0999984741211,114.81999969482422,114.35868072509766,546900,0.0,0.0
2026-06-26,118.55000305175781,124.0,118.44000244140625,123.70999908447266,123.21295928955078,1625300,0.0,0.0
2026-06-29,126.62999725341797,129.9499969482422,126.55999755859375,129.16000366210938,128.6410675048828,1329700,0.0,0.0
2026-06-30,128.8300018310547,129.80999755859375,127.37000274658203,128.13999938964844,127.62516021728516,833900,0.0,0.0
2026-07-01,128.33999633789062,130.0,127.69000244140625,129.6999969482422,129.17889404296875,930900,0.0,0.0
2026-07-02,128.1999969482422,128.92999267578125,126.19000244140625,127.23999786376953,126.72877502441406,1040300,0.0,0.0
2026-07-06,130.10000610351562,131.24000549316406,128.75999450683594,130.99000549316406,130.46371459960938,1221000,0.0,0.0
2026-07-07,131.1300048828125,132.32000732421875,130.63999938964844,130.82000732421875,130.29440307617188,523900,0.0,0.0
2026-07-08,135.92999267578125,136.66000366210938,133.10000610351562,133.27999877929688,132.7445068359375,1202600,0.0,0.0
2026-07-09,134.44000244140625,135.8000030517578,133.1699981689453,133.91000366210938,133.37197875976562,1033800,0.0,0.0
2026-07-10,131.1999969482422,131.6199951171875,127.69000244140625,128.02999877929688,127.5156021118164,1045300,0.0,0.0
2026-07-13,131.89999389648438,132.8300018310547,130.80999755859375,131.42999267578125,130.9019317626953,982800,0.0,0.0
2026-07-14,130.7100067138672,130.7100067138672,127.2699966430664,128.38999938964844,127.87416076660156,1881500,0.0,0.0
2026-07-15,128.55999755859375,130.91000366210938,128.55999755859375,129.75999450683594,129.2386474609375,916300,0.0,0.0
2026-07-16,130.17999267578125,130.64999389648438,129.16000366210938,130.3300018310547,129.80636596679688,779300,0.0,0.0
2026-07-17,130.42999267578125,131.6699981689453,129.50999450683594,131.2899932861328,130.7624969482422,924600,0.0,0.0
2026-07-20,134.52000427246094,135.3000030517578,133.52000427246094,134.1999969482422,133.6608123779297,770100,0.0,0.0
2026-07-21,131.82000732421875,132.6999969482422,129.1999969482422,129.5500030517578,129.0294952392578,1378300,0.0,0.0
2026-07-22,123.55000305175781,123.80999755859375,120.37999725341797,121.20999908447266,120.72300720214844,1679100,0.0,0.0
2026-07-23,120.37000274658203,121.30000305175781,119.58000183105469,120.18000030517578,119.6971435546875,696000,0.0,0.0
2026-07-24,119.9000015258789,120.63999938964844,118.80999755859375,119.55000305175781,119.0696792602539,423900,0.0,0.0
2026-07-27,122.68000030517578,124.81999969482422,121.8499984741211,123.7699966430664,123.27272033691406,746000,0.0,0.0
2026-07-28,127.1500015258789,128.4199981689453,126.80999755859375,127.3499984741211,126.83833312988281,711800,0.0,0.0
2026-07-29,128.97999572753906,130.97000122070312,128.60000610351562,129.6199951171875,129.09921264648438,516600,0.0,0.0
2026-07-30,130.4199981689453,132.25,129.6199951171875,131.89999389648438,131.37005615234375,900000,0.0,0.0
2026-07-31,132.41000366210938,133.4499969482422,131.83999633789062,133.27000427246094,132.73455810546875,677400,0.0,0.0
2026-08-03,132.91000366210938,132.91000366210938,131.39999389648438,131.5800018310547,131.0513458251953,551300,0.0,0.0
2026-08-04,130.32000732421875,130.8800048828125,129.5500030517578,130.60000610351562,130.07528686523438,725700,0.0,0.0
2026-08-05,129.00999450683594,129.00999450683594,127.4800033569336,128.11000061035156,127.59528350830078,629500,0.0,0.0
2026-08-06,128.75999450683594,130.3800048828125,128.74000549316406,130.36000061035156,129.83624267578125,405500,0.0,0.0
2026-08-07,131.05999755859375,132.27000427246094,130.75999450683594,132.22000122070312,131.6887664794922,502700,0.0,0.0
2026-08-10,130.50999450683594,133.6699981689453,130.02000427246094,133.41000366210938,132.87399291992188,481500,0.0,0.0
2026-08-11,129.05999755859375,129.8000030517578,127.80000305175781,127.88999938964844,127.37616729736328,683600,0.0,0.0
2026-08-12,122.0,124.97000122070312,121.80000305175781,124.11000061035156,123.61135864257812,1373000,0.0,0.0
2026-08-13,122.44000244140625,123.05999755859375,121.51000213623047,122.6500015258789,122.15721893310547,1108000,0.0,0.0
2026-08-14,124.48999786376953,125.68000030517578,123.44999694824219,125.12000274658203,124.61730194091797,1062000,0.0,0.0
2026-08-17,124.47000122070312,125.19999694824219,123.72000122070312,124.4000015258789,123.90019226074219,955000,0.0,0.0
2026-08-18,123.1500015258789,126.06999969482422,123.1500015258789,124.75,124.24878692626953,861600,0.0,0.0
2026-08-19,124.77999877929688,127.41000366210938,124.08999633789062,127.25,126.73873901367188,1226800,0.0,0.0
2026-08-20,120.58999633789062,122.87000274658203,119.38999938964844,119.80999755859375,119.32862854003906,1496700,0.0,0.0
2026-08-21,128.9499969482422,129.3300018310547,127.06999969482422,128.1699981689453,127.65503692626953,1302100,0.0,0.0
2026-08-24,125.08999633789062,125.56999969482422,122.87999725341797,122.97000122070312,122.47593688964844,766300,0.0,0.0
2026-08-25,127.51000213623047,128.97000122070312,127.05000305175781,128.8000030517578,128.2825164794922,943600,0.0,0.0
2026-08-26,125.5,126.0999984741211,123.16000366210938,123.43000030517578,122.93408966064453,746300,0.0,0.0
2026-08-27,122.5,123.23999786376953,121.87999725341797,122.69000244140625,122.19705963134766,543100,0.0,0.0
2026-08-28,123.83000183105469,123.83000183105469,121.93000030517578,122.76000213623047,122.26677703857422,519700,0.0,0.0
2026-08-31,122.95999908447266,123.37000274658203,121.5999984741211,121.77999877929688,121.29071807861328,394300,0.0,0.0
2026-09-01,120.19999694824219,121.54000091552734,119.80000305175781,120.06999969482422,119.58758544921875,496500,0.0,0.0
2026-09-02,119.56999969482422,120.91999816894531,119.41999816894531,119.47000122070312,118.98999786376953,497200,0.0,0.0
2026-09-03,116.72000122070312,117.30000305175781,115.58999633789062,117.05000305175781,117.05000305175781,878900,0.48,0.0
2026-09-04,120.02999877929688,120.43000030517578,118.75,119.29000091552734,119.29000091552734,734300,0.0,0.0
2026-09-08,119.86000061035156,120.30000305175781,118.91000366210938,119.44999694824219,119.44999694824219,1004100,0.0,0.0
2026-09-09,116.5199966430664,116.7699966430664,115.41999816894531,115.87999725341797,115.87999725341797,745900,0.0,0.0
2026-09-10,116.19999694824219,116.38999938964844,115.5199966430664,115.62999725341797,115.62999725341797,601100,0.0,0.0
2026-09-11,115.70999908447266,116.27999877929688,115.20999908447266,115.61000061035156,115.61000061035156,515000,0.0,0.0
2026-09-14,115.8499984741211,118.94000244140625,115.8499984741211,117.98999786376953,117.98999786376953,961100,0.0,0.0
2026-09-15,118.2300033569336,119.83999633789062,118.2300033569336,119.48999786376953,119.48999786376953,694100,0.0,0.0
2026-09-16,118.69999694824219,118.8499984741211,117.61000061035156,117.79000091552734,117.79000091552734,709600,0.0,0.0
2026-09-17,117.27999877929688,117.5,116.41000366210938,116.62000274658203,116.62000274658203,482300,0.0,0.0
2026-09-18,116.22000122070312,117.19999694824219,116.0999984741211,116.19000244140625,116.19000244140625,415100,0.0,0.0
2026-09-21,118.05999755859375,118.16000366210938,117.01000213623047,117.47000122070312,117.47000122070312,530700,0.0,0.0
2026-09-22,118.73999786376953,120.0999984741211,118.25,118.76000213623047,118.76000213623047,391900,0.0,0.0
2026-09-23,117.37000274658203,117.54000091552734,116.69999694824219,117.0199966430664,117.0199966430664,618500,0.0,0.0
2026-09-24,118.75,119.05999755859375,117.27999877929688,117.55999755859375,117.55999755859375,509100,0.0,0.0
2026-09-25,115.3499984741211,115.4800033569336,114.37999725341797,115.41000366210938,115.41000366210938,401500,0.0,0.0
2026-09-28,120.66000366210938,121.80000305175781,120.13999938964844,121.04000091552734,121.04000091552734,745600,0.0,0.0
2026-09-29,122.12999725341797,122.26000213623047,120.9000015258789,121.81999969482422,121.81999969482422,838000,0.0,0.0
2026-09-30,122.08000183105469,122.81999969482422,121.06999969482422,121.16000366210938,121.16000366210938,892200,0.0,0.0
2026-10-01,121.43000030517578,122.19999694824219,120.48999786376953,120.61000061035156,120.61000061035156,577900,0.0,0.0
2026-10-02,117.87000274658203,118.23999786376953,116.69999694824219,117.20999908447266,117.20999908447266,845300,0.0,0.0
2026-10-05,118.6500015258789,119.55999755859375,118.31999969482422,119.37999725341797,119.37999725341797,720000,0.0,0.0
2026-10-06,117.48999786376953,119.12000274658203,117.30999755859375,119.06999969482422,119.06999969482422,523300,0.0,0.0
