date,open,high,low,close,adj_close,volume,dividends,splits
2019-01-02,26.40999984741211,27.8799991607666,26.31999969482422,27.59000015258789,27.45656394958496,3340400,0.0,0.0
2019-01-03,27.260000228881836,27.56999969482422,26.780000686645508,26.959999084472656,26.82961082458496,3065300,0.0,0.0
2019-01-04,27.469999313354492,28.860000610351562,27.450000762939453,28.549999237060547,28.41192054748535,4038600,0.0,0.0
2019-01-07,28.549999237060547,29.600000381469727,28.25,29.18000030517578,29.038875579833984,3795800,0.0,0.0
2019-01-08,29.139999389648438,29.920000076293945,28.469999313354492,29.479999542236328,29.33742332458496,4255900,0.0,0.0
2019-01-09,29.799999237060547,30.399999618530273,29.559999465942383,30.18000030517578,30.034038543701172,4252600,0.0,0.0
2019-01-10,29.84000015258789,30.219999313354492,29.549999237060547,30.079999923706055,29.934520721435547,3064200,0.0,0.0
2019-01-11,30.0,30.440000534057617,29.670000076293945,29.81999969482422,29.675779342651367,3002600,0.0,0.0
2019-01-14,29.5,30.010000228881836,29.079999923706055,29.649999618530273,29.506601333618164,3386200,0.0,0.0
2019-01-15,29.770000457763672,30.549999237060547,29.770000457763672,30.530000686645508,30.38234519958496,3555600,0.0,0.0
2019-01-16,30.549999237060547,31.450000762939453,30.309999465942383,31.09000015258789,30.93963623046875,4160900,0.0,0.0
2019-01-17,30.950000762939453,32.04999923706055,30.950000762939453,31.610000610351562,31.457122802734375,5880500,0.0,0.0
2019-01-18,31.989999771118164,32.84000015258789,31.829999923706055,32.400001525878906,32.24330139160156,5506900,0.0,0.0
2019-01-22,31.969999313354492,32.0099983215332,30.690000534057617,30.959999084472656,30.810264587402344,5542100,0.0,0.0
2019-01-23,31.049999237060547,31.700000762939453,30.139999389648438,30.290000915527344,30.14350700378418,3926300,0.0,0.0
2019-01-24,30.489999771118164,31.729999542236328,30.34000015258789,31.690000534057617,31.53673553466797,4773400,0.0,0.0
2019-01-25,32.0,32.349998474121094,31.709999084472656,32.310001373291016,32.15373611450195,3881100,0.0,0.0
2019-01-28,32.0,32.40999984741211,31.770000457763672,31.889999389648438,31.735767364501953,3700800,0.0,0.0
2019-01-29,32.09000015258789,32.22999954223633,31.030000686645508,31.690000534057617,31.53673553466797,2791900,0.0,0.0
2019-01-30,32.0,32.4900016784668,31.709999084472656,32.43000030517578,32.273155212402344,2848200,0.0,0.0
2019-01-31,32.689998626708984,33.63999938964844,32.599998474121094,33.29999923706055,33.138946533203125,5515900,0.0,0.0
2019-02-01,33.279998779296875,34.0,33.25,33.529998779296875,33.367835998535156,3298100,0.0,0.0
2019-02-04,33.2400016784668,33.779998779296875,33.119998931884766,33.65999984741211,33.49720764160156,1975000,0.0,0.0
2019-02-05,34.09000015258789,34.720001220703125,33.91999816894531,34.2599983215332,34.094303131103516,3766200,0.0,0.0
2019-02-06,34.2400016784668,34.25,33.70000076293945,33.900001525878906,33.73604965209961,2241200,0.0,0.0
2019-02-07,33.619998931884766,33.619998931884766,31.90999984741211,32.099998474121094,31.94474983215332,4000400,0.0,0.0
2019-02-08,32.0099983215332,32.4900016784668,31.760000228881836,32.380001068115234,32.2234001159668,2479900,0.0,0.0
2019-02-11,32.75,33.2400016784668,32.310001373291016,33.0,32.84040069580078,2502900,0.0,0.0
2019-02-12,33.5099983215332,33.900001525878906,33.20000076293945,33.68000030517578,33.517112731933594,3666100,0.0,0.0
2019-02-13,33.56999969482422,34.22999954223633,33.529998779296875,33.869998931884766,33.70619201660156,2688300,0.0,0.0
2019-02-14,33.709999084472656,33.91999816894531,33.18000030517578,33.7400016784668,33.576820373535156,3166700,0.0,0.0
2019-02-15,33.83000183105469,33.93000030517578,33.220001220703125,33.31999969482422,33.158851623535156,2421100,0.0,0.0
2019-02-19,33.040000915527344,33.52000045776367,33.0099983215332,33.33000183105469,33.16880416870117,6380900,0.0,0.0
2019-02-20,33.61000061035156,34.41999816894531,33.5,33.79999923706055,33.63652801513672,5304500,0.0,0.0
2019-02-21,33.720001220703125,33.849998474121094,32.2599983215332,32.52000045776367,32.36272048950195,4975500,0.0,0.0
2019-02-22,32.68000030517578,33.290000915527344,32.15999984741211,32.790000915527344,32.63141632080078,6226900,0.0,0.0
2019-02-25,33.95000076293945,34.27000045776367,33.439998626708984,34.09000015258789,33.92512893676758,6512100,0.0,0.0
2019-02-26,33.720001220703125,34.40999984741211,33.43000030517578,34.189998626708984,34.02464294433594,3704500,0.0,0.0
2019-02-27,34.0,34.08000183105469,33.380001068115234,33.91999816894531,33.75594711303711,4103300,0.0,0.0
2019-02-28,33.9900016784668,34.33000183105469,33.470001220703125,34.130001068115234,33.964935302734375,4119600,0.0,0.0
2019-03-01,34.56999969482422,35.59000015258789,34.189998626708984,34.36000061035156,34.19382095336914,4825900,0.0,0.0
2019-03-04,34.709999084472656,35.439998626708984,34.38999938964844,34.9900016784668,34.820777893066406,9174500,0.0,0.0
2019-03-05,39.790000915527344,43.0,39.279998779296875,41.90999984741211,41.707305908203125,38509500,0.0,0.0
2019-03-06,41.0,42.86000061035156,40.54999923706055,42.59000015258789,42.38401794433594,17486200,0.0,0.0
2019-03-07,41.349998474121094,41.95000076293945,39.41999816894531,40.279998779296875,40.08518981933594,14802300,0.0,0.0
2019-03-08,38.529998779296875,41.0,38.529998779296875,40.810001373291016,40.61262893676758,8168300,0.0,0.0
2019-03-11,40.900001525878906,42.5,40.79999923706055,41.91999816894531,41.71725845336914,7086900,0.0,0.0
2019-03-12,42.0,42.52000045776367,41.04999923706055,41.380001068115234,41.17987060546875,5681800,0.0,0.0
2019-03-13,41.41999816894531,41.84000015258789,41.189998626708984,41.63999938964844,41.43861389160156,4995500,0.0,0.0
2019-03-14,41.0099983215332,42.189998626708984,40.880001068115234,41.279998779296875,41.080352783203125,3860600,0.0,0.0
2019-03-15,41.52000045776367,42.13999938964844,41.369998931884766,41.66999816894531,41.468467712402344,5154200,0.0,0.0
2019-03-18,41.720001220703125,42.459999084472656,41.58000183105469,42.40999984741211,42.20488739013672,5081000,0.0,0.0
2019-03-19,42.27000045776367,42.5,41.38999938964844,41.939998626708984,41.737159729003906,3278400,0.0,0.0
2019-03-20,41.40999984741211,41.75,40.58000183105469,41.47999954223633,41.27938461303711,3576700,0.0,0.0
2019-03-21,41.06999969482422,41.84000015258789,40.779998779296875,41.790000915527344,41.587886810302734,3318100,0.0,0.0
2019-03-22,41.38999938964844,41.56999969482422,39.959999084472656,40.2599983215332,40.065284729003906,3845900,0.0,0.0
2019-03-25,39.880001068115234,41.290000915527344,39.619998931884766,41.279998779296875,41.080352783203125,4599100,0.0,0.0
2019-03-26,41.279998779296875,41.439998626708984,40.400001525878906,40.790000915527344,40.59272384643555,3277100,0.0,0.0
2019-03-27,41.040000915527344,43.0,40.83000183105469,42.310001373291016,42.10537338256836,8445900,0.0,0.0
2019-03-28,42.16999816894531,43.54999923706055,42.09000015258789,43.470001220703125,43.259765625,7551300,0.0,0.0
2019-03-29,43.720001220703125,44.77000045776367,43.61000061035156,43.689998626708984,43.47869873046875,5734600,0.0,0.0
2019-04-01,44.5,45.43000030517578,44.20000076293945,45.189998626708984,44.97144317626953,7600000,0.0,0.0
2019-04-02,45.0,45.439998626708984,44.400001525878906,44.619998931884766,44.40420150756836,3590300,0.0,0.0
2019-04-03,44.790000915527344,45.790000915527344,44.61000061035156,45.130001068115234,44.91173553466797,4537900,0.0,0.0
2019-04-04,44.709999084472656,45.29999923706055,43.86000061035156,44.43000030517578,44.215118408203125,4627900,0.0,0.0
2019-04-05,44.349998474121094,45.7599983215332,44.310001373291016,45.75,45.52873611450195,4008900,0.0,0.0
2019-04-08,45.5,46.119998931884766,44.900001525878906,46.0099983215332,45.7874755859375,4640400,0.0,0.0
2019-04-09,45.0,45.720001220703125,44.65999984741211,45.36000061035156,45.140621185302734,5163300,0.0,0.0
2019-04-10,45.29999923706055,45.54999923706055,44.45000076293945,44.970001220703125,44.75251007080078,3056800,0.0,0.0
2019-04-11,44.709999084472656,44.869998931884766,44.2400016784668,44.29999923706055,44.08574676513672,2786700,0.0,0.0
2019-04-12,45.47999954223633,46.5,44.88999938964844,44.97999954223633,44.76245880126953,4197900,0.0,0.0
2019-04-15,44.970001220703125,45.04999923706055,43.720001220703125,44.130001068115234,43.91657257080078,3084000,0.0,0.0
2019-04-16,44.9900016784668,44.9900016784668,44.13999938964844,44.33000183105469,44.115604400634766,2150100,0.0,0.0
2019-04-17,44.66999816894531,44.72999954223633,43.5,43.95000076293945,43.73744201660156,3863500,0.0,0.0
2019-04-18,44.0099983215332,44.529998779296875,43.63999938964844,44.43000030517578,44.215118408203125,3049900,0.0,0.0
2019-04-22,43.900001525878906,43.900001525878906,43.18000030517578,43.529998779296875,43.3194694519043,3418900,0.0,0.0
2019-04-23,43.130001068115234,43.86000061035156,42.7400016784668,43.84000015258789,43.62797164916992,5065400,0.0,0.0
2019-04-24,43.45000076293945,43.9900016784668,42.060001373291016,42.939998626708984,42.732322692871094,3924000,0.0,0.0
2019-04-25,42.59000015258789,42.790000915527344,41.880001068115234,42.5,42.29445266723633,4045500,0.0,0.0
2019-04-26,42.84000015258789,43.33000183105469,42.41999816894531,43.279998779296875,43.0706787109375,2055000,0.0,0.0
2019-04-29,43.439998626708984,44.06999969482422,43.27000045776367,44.0099983215332,43.797149658203125,2120400,0.0,0.0
2019-04-30,43.65999984741211,44.349998474121094,43.349998474121094,44.04999923706055,43.83695602416992,1915900,0.0,0.0
2019-05-01,44.31999969482422,44.59000015258789,43.43000030517578,43.540000915527344,43.32942581176758,1908300,0.0,0.0
2019-05-02,43.279998779296875,43.869998931884766,42.88999938964844,43.290000915527344,43.08063507080078,1975700,0.0,0.0
2019-05-03,43.290000915527344,44.279998779296875,43.20000076293945,44.18000030517578,43.96632766723633,2081200,0.0,0.0
2019-05-06,41.93000030517578,42.15999984741211,40.900001525878906,41.95000076293945,41.74711608886719,6668700,0.0,0.0
2019-05-07,41.959999084472656,42.15999984741211,40.380001068115234,41.040000915527344,40.841514587402344,5109900,0.0,0.0
2019-05-08,40.810001373291016,41.189998626708984,40.290000915527344,40.63999938964844,40.44344711303711,2895500,0.0,0.0
2019-05-09,39.95000076293945,40.88999938964844,39.209999084472656,40.630001068115234,40.43349838256836,5686500,0.0,0.0
2019-05-10,41.220001220703125,41.400001525878906,39.119998931884766,40.0,39.80654525756836,4841700,0.0,0.0
2019-05-13,38.560001373291016,39.06999969482422,38.0,38.06999969482422,37.88587951660156,5484900,0.0,0.0
2019-05-14,38.54999923706055,39.029998779296875,37.58000183105469,38.849998474121094,38.662105560302734,4034400,0.0,0.0
2019-05-15,38.970001220703125,39.43000030517578,38.2599983215332,38.959999084472656,38.77157211303711,2850400,0.0,0.0
2019-05-16,39.060001373291016,39.95000076293945,38.45000076293945,38.810001373291016,38.6223030090332,3064000,0.0,0.0
2019-05-17,38.119998931884766,38.25,36.5,36.70000076293945,36.52250671386719,7147900,0.0,0.0
2019-05-20,35.970001220703125,36.459999084472656,35.47999954223633,36.040000915527344,35.86569595336914,4939500,0.0,0.0
2019-05-21,36.5,38.720001220703125,36.20000076293945,37.88999938964844,37.706748962402344,7611500,0.0,0.0
2019-05-22,37.599998474121094,38.369998931884766,37.34000015258789,37.65999984741211,37.47786331176758,6626300,0.0,0.0
2019-05-23,36.400001525878906,36.66999816894531,34.869998931884766,36.459999084472656,36.28366470336914,8974700,0.0,0.0
2019-05-24,37.09000015258789,37.459999084472656,35.08000183105469,35.18000030517578,35.009857177734375,4762400,0.0,0.0
2019-05-28,35.40999984741211,35.9900016784668,34.310001373291016,34.36000061035156,34.19382095336914,6759200,0.0,0.0
2019-05-29,34.09000015258789,34.279998779296875,33.16999816894531,34.06999969482422,33.90522384643555,5473500,0.0,0.0
2019-05-30,33.790000915527344,34.900001525878906,33.5,34.68000030517578,34.51227569580078,3261600,0.0,0.0
2019-05-31,34.09000015258789,34.83000183105469,33.9900016784668,34.560001373291016,34.39285659790039,2852900,0.0,0.0
2019-06-03,34.4900016784668,34.7599983215332,33.65999984741211,33.959999084472656,33.79575729370117,4113600,0.0,0.0
2019-06-04,33.970001220703125,35.0099983215332,33.75,34.869998931884766,34.70135498046875,3409700,0.0,0.0
2019-06-05,35.209999084472656,35.36000061035156,33.04999923706055,33.72999954223633,33.56686782836914,4949400,0.0,0.0
2019-06-06,33.58000183105469,34.0,33.38999938964844,33.58000183105469,33.41759490966797,2619800,0.0,0.0
2019-06-07,33.720001220703125,34.25,33.5099983215332,33.95000076293945,33.785804748535156,3379300,0.0,0.0
2019-06-10,34.41999816894531,35.7400016784668,34.130001068115234,35.099998474121094,34.930240631103516,4791400,0.0,0.0
2019-06-11,35.900001525878906,36.79999923706055,35.54999923706055,36.189998626708984,36.01496887207031,5026600,0.0,0.0
2019-06-12,35.220001220703125,35.5,34.63999938964844,35.20000076293945,35.02975845336914,3843100,0.0,0.0
2019-06-13,35.279998779296875,35.68000030517578,34.34000015258789,34.540000915527344,34.37295150756836,3191400,0.0,0.0
2019-06-14,34.16999816894531,34.29999923706055,33.25,33.470001220703125,33.308128356933594,4854800,0.0,0.0
2019-06-17,33.79999923706055,34.20000076293945,33.45000076293945,33.86000061035156,33.69623947143555,3129000,0.0,0.0
2019-06-18,34.189998626708984,36.06999969482422,34.18000030517578,35.9900016784668,35.815940856933594,6818700,0.0,0.0
2019-06-19,36.29999923706055,36.88999938964844,35.959999084472656,36.630001068115234,36.452842712402344,3952400,0.0,0.0
2019-06-20,37.52000045776367,38.11000061035156,36.45000076293945,36.47999954223633,36.30356979370117,4793700,0.0,0.0
2019-06-21,36.04999923706055,36.59000015258789,36.0,36.04999923706055,35.875648498535156,4087800,0.0,0.0
2019-06-24,36.04999923706055,36.529998779296875,35.83000183105469,36.43000030517578,36.25381088256836,3166300,0.0,0.0
2019-06-25,36.220001220703125,36.369998931884766,34.720001220703125,35.0,34.830726623535156,3039400,0.0,0.0
2019-06-26,35.58000183105469,37.0,35.52000045776367,36.790000915527344,36.6120719909668,4687900,0.0,0.0
2019-06-27,37.0099983215332,37.5099983215332,36.77000045776367,37.11000061035156,36.93052291870117,3521000,0.0,0.0
2019-06-28,37.38999938964844,37.38999938964844,36.56999969482422,36.90999984741211,36.73148727416992,3177600,0.0,0.0
2019-07-01,38.58000183105469,39.689998626708984,38.29999923706055,38.65999984741211,38.473026275634766,6679600,0.0,0.0
2019-07-02,38.43000030517578,39.29999923706055,38.31999969482422,38.880001068115234,38.69196319580078,3248500,0.0,0.0
2019-07-03,38.959999084472656,39.0099983215332,38.16999816894531,38.689998626708984,38.50288009643555,1687000,0.0,0.0
2019-07-05,38.20000076293945,38.66999816894531,38.04999923706055,38.56999969482422,38.383460998535156,1528000,0.0,0.0
2019-07-08,38.040000915527344,38.13999938964844,36.7400016784668,36.79999923706055,36.62202072143555,2826600,0.0,0.0
2019-07-09,36.68000030517578,37.970001220703125,36.529998779296875,37.939998626708984,37.756507873535156,3228200,0.0,0.0
2019-07-10,38.459999084472656,38.880001068115234,37.790000915527344,37.959999084472656,37.77640914916992,2547000,0.0,0.0
2019-07-11,37.959999084472656,38.099998474121094,37.209999084472656,37.38999938964844,37.20916748046875,1610800,0.0,0.0
2019-07-12,37.709999084472656,37.849998474121094,37.040000915527344,37.25,37.06984329223633,1877200,0.0,0.0
2019-07-15,37.54999923706055,37.630001068115234,36.959999084472656,37.349998474121094,37.16936111450195,2339300,0.0,0.0
2019-07-16,37.470001220703125,37.470001220703125,36.84000015258789,36.86000061035156,36.681732177734375,1627300,0.0,0.0
2019-07-17,37.38999938964844,38.959999084472656,37.2599983215332,37.599998474121094,37.41815185546875,3487200,0.0,0.0
2019-07-18,37.689998626708984,38.040000915527344,37.33000183105469,38.0099983215332,37.826168060302734,2224400,0.0,0.0
2019-07-19,38.25,38.95000076293945,37.970001220703125,38.15999984741211,37.97544479370117,3270000,0.0,0.0
2019-07-22,38.060001373291016,38.63999938964844,38.0,38.560001373291016,38.373512268066406,2588300,0.0,0.0
2019-07-23,38.689998626708984,40.90999984741211,38.689998626708984,40.7599983215332,40.5628662109375,6605400,0.0,0.0
2019-07-24,40.5,40.75,39.95000076293945,40.279998779296875,40.08518981933594,3194400,0.0,0.0
2019-07-25,40.27000045776367,40.72999954223633,39.90999984741211,40.33000183105469,40.13494873046875,3035900,0.0,0.0
2019-07-26,40.4900016784668,40.529998779296875,38.9900016784668,39.189998626708984,39.00046157836914,4050000,0.0,0.0
2019-07-29,39.11000061035156,39.5,38.529998779296875,39.33000183105469,39.13978576660156,1691600,0.0,0.0
2019-07-30,38.93000030517578,39.29999923706055,38.630001068115234,39.209999084472656,39.020362854003906,2064600,0.0,0.0
2019-07-31,39.150001525878906,39.369998931884766,38.349998474121094,38.97999954223633,38.79147720336914,2541400,0.0,0.0
2019-08-01,38.97999954223633,39.869998931884766,37.04999923706055,37.290000915527344,37.10965347290039,4450400,0.0,0.0
2019-08-02,36.90999984741211,37.04999923706055,35.849998474121094,36.439998626708984,36.26375961303711,3562700,0.0,0.0
2019-08-05,34.66999816894531,35.0099983215332,32.720001220703125,33.5,33.337982177734375,8965400,0.0,0.0
2019-08-06,34.150001525878906,34.77000045776367,33.91999816894531,33.9900016784668,33.82561492919922,3559500,0.0,0.0
2019-08-07,33.33000183105469,34.29999923706055,32.869998931884766,34.150001525878906,33.984840393066406,2830900,0.0,0.0
2019-08-08,34.5,35.0,34.09000015258789,34.9900016784668,34.820777893066406,2299800,0.0,0.0
2019-08-09,34.4900016784668,34.619998931884766,33.709999084472656,33.93000030517578,33.76590347290039,1654800,0.0,0.0
2019-08-12,33.25,33.34000015258789,32.72999954223633,32.7400016784668,32.58165740966797,4947300,0.0,0.0
2019-08-13,32.779998779296875,34.20000076293945,32.13999938964844,33.439998626708984,33.27827072143555,3581300,0.0,0.0
2019-08-14,32.83000183105469,32.83000183105469,31.639999389648438,32.130001068115234,31.974607467651367,3742200,0.0,0.0
2019-08-15,32.5099983215332,32.900001525878906,31.84000015258789,32.36000061035156,32.203495025634766,2257900,0.0,0.0
2019-08-16,33.16999816894531,33.779998779296875,32.79999923706055,33.529998779296875,33.367835998535156,2853800,0.0,0.0
2019-08-19,34.47999954223633,35.369998931884766,34.380001068115234,35.29999923706055,35.129276275634766,4894200,0.0,0.0
2019-08-20,34.790000915527344,35.599998474121094,34.790000915527344,35.2599983215332,35.0894660949707,2659500,0.0,0.0
2019-08-21,35.65999984741211,35.70000076293945,34.619998931884766,34.70000076293945,34.53217697143555,2158500,0.0,0.0
2019-08-22,34.5,34.599998474121094,32.959999084472656,33.31999969482422,33.158851623535156,3242200,0.0,0.0
2019-08-23,33.029998779296875,33.36000061035156,31.93000030517578,32.13999938964844,31.98455810546875,3708000,0.0,0.0
2019-08-26,32.529998779296875,32.810001373291016,31.84000015258789,31.860000610351562,31.705913543701172,3467000,0.0,0.0
2019-08-27,31.8799991607666,32.119998931884766,31.18000030517578,31.389999389648438,31.23818588256836,3794600,0.0,0.0
2019-08-28,31.3799991607666,31.989999771118164,31.010000228881836,31.68000030517578,31.526782989501953,2908100,0.0,0.0
2019-08-29,32.209999084472656,32.31999969482422,31.75,31.8700008392334,31.715866088867188,5245800,0.0,0.0
2019-08-30,32.189998626708984,32.7400016784668,31.979999542236328,32.380001068115234,32.2234001159668,5355400,0.0,0.0
2019-09-03,32.27000045776367,32.27000045776367,31.360000610351562,31.579999923706055,31.42726707458496,5091900,0.0,0.0
2019-09-04,32.77000045776367,33.33000183105469,32.349998474121094,32.869998931884766,32.71102523803711,6412100,0.0,0.0
2019-09-05,33.11000061035156,34.849998474121094,33.11000061035156,34.099998474121094,33.93507766723633,6191200,0.0,0.0
2019-09-06,34.20000076293945,35.150001525878906,33.880001068115234,34.93000030517578,34.76106643676758,4623800,0.0,0.0
2019-09-09,34.75,35.16999816894531,34.349998474121094,35.11000061035156,34.9401969909668,4763800,0.0,0.0
2019-09-10,34.20000076293945,35.470001220703125,33.54999923706055,34.16999816894531,34.004737854003906,9638900,0.0,0.0
2019-09-11,34.40999984741211,36.599998474121094,34.119998931884766,36.119998931884766,35.945308685302734,7223800,0.0,0.0
2019-09-12,36.40999984741211,36.40999984741211,34.7599983215332,34.83000183105469,34.66155242919922,4971500,0.0,0.0
2019-09-13,35.459999084472656,36.130001068115234,35.31999969482422,36.0099983215332,35.83584213256836,3453800,0.0,0.0
2019-09-16,34.93000030517578,35.65999984741211,34.91999816894531,35.630001068115234,35.457679748535156,2605400,0.0,0.0
2019-09-17,35.5,35.5,34.91999816894531,35.2400016784668,35.0695686340332,3316600,0.0,0.0
2019-09-18,35.20000076293945,35.5,33.77000045776367,34.029998779296875,33.86541748046875,4094300,0.0,0.0
2019-09-19,34.02000045776367,34.38999938964844,33.099998474121094,33.20000076293945,33.039432525634766,5420500,0.0,0.0
2019-09-20,33.31999969482422,33.63999938964844,32.81999969482422,33.08000183105469,32.920013427734375,5073200,0.0,0.0
2019-09-23,32.9900016784668,33.0,31.889999389648438,32.040000915527344,31.88504409790039,4196600,0.0,0.0
2019-09-24,32.119998931884766,32.5,31.6299991607666,31.75,31.596445083618164,4512000,0.0,0.0
2019-09-25,31.5,32.209999084472656,31.239999771118164,32.150001525878906,31.9945125579834,3636700,0.0,0.0
2019-09-26,30.889999389648438,31.25,29.649999618530273,29.809999465942383,29.66582679748535,11287100,0.0,0.0
2019-09-27,29.329999923706055,30.700000762939453,28.549999237060547,29.020000457763672,28.879648208618164,32913100,0.0,0.0
2019-09-30,29.3799991607666,29.790000915527344,28.979999542236328,29.290000915527344,29.148344039916992,7583400,0.0,0.0
2019-10-01,29.56999969482422,30.1299991607666,29.40999984741211,29.84000015258789,29.695682525634766,5795100,0.0,0.0
2019-10-02,29.729999542236328,30.459999084472656,29.579999923706055,29.940000534057617,29.795198440551758,15701100,0.0,0.0
2019-10-03,30.260000228881836,31.06999969482422,29.959999084472656,30.799999237060547,30.651039123535156,5994100,0.0,0.0
2019-10-04,30.799999237060547,31.200000762939453,30.030000686645508,30.350000381469727,30.203216552734375,4251000,0.0,0.0
2019-10-07,30.09000015258789,30.799999237060547,29.450000762939453,29.979999542236328,29.835004806518555,5839200,0.0,0.0
2019-10-08,29.510000228881836,29.549999237060547,28.579999923706055,28.850000381469727,28.71047019958496,6160800,0.0,0.0
2019-10-09,29.309999465942383,29.450000762939453,28.829999923706055,29.030000686645508,28.88960075378418,3547400,0.0,0.0
2019-10-10,29.010000228881836,29.6299991607666,29.0,29.3799991607666,29.237905502319336,5421900,0.0,0.0
2019-10-11,30.469999313354492,31.3700008392334,30.200000762939453,30.579999923706055,30.432104110717773,5312600,0.0,0.0
2019-10-14,30.729999542236328,31.110000610351562,30.450000762939453,30.540000915527344,30.392297744750977,2362600,0.0,0.0
2019-10-15,30.719999313354492,31.43000030517578,30.510000228881836,30.860000610351562,30.710750579833984,2134200,0.0,0.0
2019-10-16,30.770000457763672,30.989999771118164,30.420000076293945,30.84000015258789,30.690845489501953,3646700,0.0,0.0
2019-10-17,31.200000762939453,31.31999969482422,30.31999969482422,30.420000076293945,30.272876739501953,2564400,0.0,0.0
2019-10-18,30.420000076293945,30.8799991607666,29.360000610351562,29.3799991607666,29.237905502319336,5005000,0.0,0.0
2019-10-21,29.59000015258789,30.790000915527344,29.510000228881836,30.280000686645508,30.133554458618164,3178100,0.0,0.0
2019-10-22,30.399999618530273,30.940000534057617,30.34000015258789,30.670000076293945,30.52166748046875,3526400,0.0,0.0
2019-10-23,30.34000015258789,31.06999969482422,30.149999618530273,30.290000915527344,30.14350700378418,3007200,0.0,0.0
2019-10-24,30.3700008392334,30.780000686645508,29.829999923706055,30.600000381469727,30.452007293701172,3150600,0.0,0.0
2019-10-25,30.360000610351562,31.139999389648438,30.239999771118164,30.81999969482422,30.670942306518555,3331500,0.0,0.0
2019-10-28,31.110000610351562,31.780000686645508,30.979999542236328,31.3799991607666,31.228233337402344,2828500,0.0,0.0
2019-10-29,31.290000915527344,31.65999984741211,30.889999389648438,31.540000915527344,31.387460708618164,2370400,0.0,0.0
2019-10-30,31.6200008392334,32.36000061035156,31.459999084472656,32.31999969482422,32.16368865966797,4030300,0.0,0.0
2019-10-31,32.43000030517578,33.09000015258789,32.119998931884766,32.9900016784668,32.830448150634766,6427300,0.0,0.0
2019-11-01,33.54999923706055,33.86000061035156,32.9900016784668,33.790000915527344,33.62657928466797,5251700,0.0,0.0
2019-11-04,34.099998474121094,35.2400016784668,34.099998474121094,34.93000030517578,34.76106643676758,6811300,0.0,0.0
2019-11-05,35.0,35.95000076293945,34.91999816894531,35.75,35.57709884643555,2325200,0.0,0.0
2019-11-06,35.75,35.86000061035156,34.849998474121094,35.04999923706055,34.88048553466797,3210400,0.0,0.0
2019-11-07,35.81999969482422,35.849998474121094,34.70000076293945,34.93000030517578,34.76106643676758,2867300,0.0,0.0
2019-11-08,35.209999084472656,35.2400016784668,33.709999084472656,34.16999816894531,34.004737854003906,3750500,0.0,0.0
2019-11-11,33.2400016784668,33.88999938964844,33.06999969482422,33.880001068115234,33.71614456176758,2500300,0.0,0.0
2019-11-12,34.0,34.08000183105469,33.560001373291016,33.77000045776367,33.60667419433594,1370500,0.0,0.0
2019-11-13,33.70000076293945,33.70000076293945,32.36000061035156,32.75,32.591609954833984,4576600,0.0,0.0
2019-11-14,32.4900016784668,32.5,30.860000610351562,31.299999237060547,31.14862060546875,6184600,0.0,0.0
2019-11-15,31.649999618530273,32.06999969482422,31.040000915527344,31.139999389648438,30.989395141601562,3292400,0.0,0.0
2019-11-18,31.110000610351562,31.770000457763672,30.979999542236328,31.43000030517578,31.277992248535156,2769100,0.0,0.0
2019-11-19,31.8700008392334,32.029998779296875,31.440000534057617,31.610000610351562,31.457122802734375,3028600,0.0,0.0
2019-11-20,31.65999984741211,31.709999084472656,30.729999542236328,31.010000228881836,30.860023498535156,3744900,0.0,0.0
2019-11-21,30.899999618530273,31.09000015258789,30.290000915527344,31.010000228881836,30.860023498535156,2687300,0.0,0.0
2019-11-22,31.329999923706055,32.40999984741211,31.25,32.33000183105469,32.173641204833984,3088600,0.0,0.0
2019-11-25,32.68000030517578,33.16999816894531,32.459999084472656,32.810001373291016,32.65132141113281,3775500,0.0,0.0
2019-11-26,32.709999084472656,32.9900016784668,32.34000015258789,32.88999938964844,32.73093032836914,4318600,0.0,0.0
2019-11-27,33.0,33.4900016784668,32.86000061035156,33.130001068115234,32.96977233886719,1603600,0.0,0.0
2019-11-29,32.88999938964844,33.25,32.68000030517578,33.2400016784668,33.07923889160156,2510600,0.0,0.0
2019-12-02,33.150001525878906,33.380001068115234,31.729999542236328,31.8799991607666,31.725814819335938,4538000,0.0,0.0
2019-12-03,31.450000762939453,31.670000076293945,31.0,31.479999542236328,31.32775115966797,3576500,0.0,0.0
2019-12-04,31.639999389648438,31.920000076293945,31.25,31.68000030517578,31.526782989501953,2345200,0.0,0.0
2019-12-05,31.68000030517578,32.470001220703125,31.549999237060547,32.220001220703125,32.06417465209961,2287000,0.0,0.0
2019-12-06,32.65999984741211,33.40999984741211,32.56999969482422,32.869998931884766,32.71102523803711,2350700,0.0,0.0
2019-12-09,32.56999969482422,32.95000076293945,32.04999923706055,32.06999969482422,31.914897918701172,2026000,0.0,0.0
2019-12-10,32.2400016784668,32.29999923706055,31.670000076293945,31.850000381469727,31.695960998535156,2167200,0.0,0.0
2019-12-11,32.0,32.20000076293945,31.8799991607666,31.969999313354492,31.815380096435547,1103100,0.0,0.0
2019-12-12,32.20000076293945,33.33000183105469,31.989999771118164,33.209999084472656,33.049381256103516,3768800,0.0,0.0
2019-12-13,33.52000045776367,34.279998779296875,33.470001220703125,33.779998779296875,33.61662673950195,3912300,0.0,0.0
2019-12-16,33.95000076293945,34.4900016784668,33.91999816894531,34.09000015258789,33.92512893676758,2621300,0.0,0.0
2019-12-17,34.130001068115234,34.52000045776367,33.83000183105469,34.0,33.83556365966797,2756800,0.0,0.0
2019-12-18,33.900001525878906,34.369998931884766,33.77000045776367,34.310001373291016,34.144065856933594,2672200,0.0,0.0
2019-12-19,34.20000076293945,34.29999923706055,33.83000183105469,34.15999984741211,33.994789123535156,2574600,0.0,0.0
2019-12-20,34.2400016784668,34.79999923706055,34.06999969482422,34.56999969482422,34.40280532836914,6062800,0.0,0.0
2019-12-23,34.810001373291016,35.0,34.58000183105469,34.65999984741211,34.49237060546875,2348400,0.0,0.0
2019-12-24,34.349998474121094,34.63999938964844,34.18000030517578,34.470001220703125,34.30329132080078,501700,0.0,0.0
2019-12-26,34.4900016784668,34.7599983215332,34.349998474121094,34.56999969482422,34.40280532836914,741500,0.0,0.0
2019-12-27,34.75,34.849998474121094,34.47999954223633,34.61000061035156,34.44261169433594,1360800,0.0,0.0
2019-12-30,34.68000030517578,34.720001220703125,34.099998474121094,34.20000076293945,34.03459548950195,1676600,0.0,0.0
2019-12-31,34.0,34.060001373291016,33.47999954223633,33.540000915527344,33.37778854370117,1802200,0.0,0.0
2020-01-02,34.939998626708984,37.27000045776367,34.5,36.970001220703125,36.79119873046875,6972300,0.0,0.0
2020-01-03,36.09000015258789,36.70000076293945,35.95000076293945,36.18000030517578,36.00502014160156,2573300,0.0,0.0
2020-01-06,35.7599983215332,35.90999984741211,35.150001525878906,35.689998626708984,35.51738739013672,2401700,0.0,0.0
2020-01-07,35.75,37.84000015258789,35.439998626708984,37.33000183105469,37.14945983886719,8586000,0.0,0.0
2020-01-08,37.09000015258789,37.459999084472656,36.709999084472656,36.869998931884766,36.691680908203125,4393000,0.0,0.0
2020-01-09,37.4900016784668,37.95000076293945,36.84000015258789,37.119998931884766,36.94047164916992,3354700,0.0,0.0
2020-01-10,37.959999084472656,37.9900016784668,36.4900016784668,36.70000076293945,36.52250671386719,3441400,0.0,0.0
2020-01-13,37.2400016784668,38.0,37.0099983215332,37.650001525878906,37.46791076660156,6015900,0.0,0.0
2020-01-14,37.279998779296875,38.5099983215332,36.90999984741211,38.5,38.31380081176758,5215700,0.0,0.0
2020-01-15,38.38999938964844,38.5099983215332,37.41999816894531,37.560001373291016,37.37834548950195,5319900,0.0,0.0
2020-01-16,38.150001525878906,38.45000076293945,37.529998779296875,38.45000076293945,38.264041900634766,5131000,0.0,0.0
2020-01-17,38.599998474121094,38.95000076293945,38.119998931884766,38.939998626708984,38.751670837402344,6914000,0.0,0.0
2020-01-21,34.560001373291016,35.90999984741211,33.56999969482422,35.86000061035156,35.68656921386719,24179900,0.0,0.0
2020-01-22,35.709999084472656,36.290000915527344,34.43000030517578,34.45000076293945,34.28338623046875,15775700,0.0,0.0
2020-01-23,33.65999984741211,34.380001068115234,33.130001068115234,34.2599983215332,34.094303131103516,9334800,0.0,0.0
2020-01-24,33.130001068115234,33.349998474121094,31.5,31.899999618530273,31.74571990966797,13495300,0.0,0.0
2020-01-27,28.969999313354492,32.7599983215332,28.920000076293945,31.450000762939453,31.297897338867188,21277800,0.0,0.0
2020-01-28,32.060001373291016,33.31999969482422,31.489999771118164,32.95000076293945,32.79064178466797,11283500,0.0,0.0
2020-01-29,33.599998474121094,33.599998474121094,32.400001525878906,32.86000061035156,32.70107650756836,7073500,0.0,0.0
2020-01-30,31.889999389648438,33.22999954223633,31.600000381469727,33.15999984741211,32.99962615966797,8371900,0.0,0.0
2020-01-31,32.5099983215332,32.95000076293945,31.81999969482422,32.130001068115234,31.974607467651367,9182000,0.0,0.0
2020-02-03,32.119998931884766,33.2599983215332,31.520000457763672,32.34000015258789,32.183589935302734,8148600,0.0,0.0
2020-02-04,33.02000045776367,34.27000045776367,32.83000183105469,34.099998474121094,33.93507766723633,8488600,0.0,0.0
2020-02-05,35.0,35.099998474121094,33.13999938964844,33.93000030517578,33.76590347290039,7004500,0.0,0.0
2020-02-06,34.04999923706055,34.40999984741211,33.380001068115234,34.06999969482422,33.90522384643555,7409000,0.0,0.0
2020-02-07,33.59000015258789,33.970001220703125,33.02000045776367,33.869998931884766,33.70619201660156,5379400,0.0,0.0
2020-02-10,33.5,33.560001373291016,32.40999984741211,32.65999984741211,32.502044677734375,7287500,0.0,0.0
2020-02-11,33.0099983215332,34.15999984741211,33.0099983215332,33.790000915527344,33.62657928466797,6153200,0.0,0.0
2020-02-12,34.130001068115234,34.689998626708984,33.84000015258789,34.310001373291016,34.144065856933594,6652200,0.0,0.0
2020-02-13,33.599998474121094,33.79999923706055,33.279998779296875,33.689998626708984,33.527061462402344,3830400,0.0,0.0
2020-02-14,33.810001373291016,33.84000015258789,33.2599983215332,33.41999816894531,33.258365631103516,1879600,0.0,0.0
2020-02-18,33.22999954223633,33.689998626708984,32.779998779296875,33.63999938964844,33.47730255126953,3948400,0.0,0.0
2020-02-19,34.0,35.04999923706055,33.900001525878906,34.790000915527344,34.621742248535156,5141100,0.0,0.0
2020-02-20,34.95000076293945,35.54999923706055,33.849998474121094,33.86000061035156,33.69623947143555,4591100,0.0,0.0
2020-02-21,33.7599983215332,33.779998779296875,32.70000076293945,33.060001373291016,32.90011215209961,5721300,0.0,0.0
2020-02-24,31.3799991607666,31.8700008392334,31.0,31.260000228881836,31.108814239501953,8189800,0.0,0.0
2020-02-25,31.8700008392334,31.989999771118164,29.959999084472656,30.149999618530273,30.004182815551758,9215600,0.0,0.0
2020-02-26,30.559999465942383,31.260000228881836,30.229999542236328,30.25,30.10369873046875,4949100,0.0,0.0
2020-02-27,29.989999771118164,30.90999984741211,29.420000076293945,30.010000228881836,29.86486053466797,8096200,0.0,0.0
2020-02-28,29.329999923706055,30.3799991607666,29.309999465942383,30.360000610351562,30.213167190551758,6733900,0.0,0.0
2020-03-02,30.6299991607666,30.700000762939453,29.780000686645508,30.5,30.352489471435547,5142300,0.0,0.0
2020-03-03,30.5,30.959999084472656,29.709999084472656,29.940000534057617,29.795198440551758,9520300,0.0,0.0
2020-03-04,30.3799991607666,30.780000686645508,30.06999969482422,30.549999237060547,30.40224838256836,4511400,0.0,0.0
2020-03-05,29.8700008392334,30.790000915527344,29.649999618530273,29.950000762939453,29.805150985717773,7733800,0.0,0.0
2020-03-06,28.709999084472656,30.110000610351562,28.600000381469727,29.6200008392334,29.476747512817383,8652800,0.0,0.0
2020-03-09,27.799999237060547,28.670000076293945,26.850000381469727,26.899999618530273,26.769901275634766,12680100,0.0,0.0
2020-03-10,28.149999618530273,29.100000381469727,27.479999542236328,29.030000686645508,28.88960075378418,7802900,0.0,0.0
2020-03-11,27.540000915527344,28.31999969482422,27.420000076293945,27.549999237060547,27.416757583618164,7701700,0.0,0.0
2020-03-12,25.350000381469727,26.8700008392334,25.25,25.90999984741211,25.78468894958496,12434000,0.0,0.0
2020-03-13,27.0,27.1200008392334,23.579999923706055,25.06999969482422,24.94875144958496,16398400,0.0,0.0
2020-03-16,22.209999084472656,24.239999771118164,20.309999465942383,22.540000915527344,22.430988311767578,9885200,0.0,0.0
2020-03-17,22.709999084472656,23.989999771118164,22.530000686645508,23.100000381469727,22.988279342651367,6594000,0.0,0.0
2020-03-18,21.780000686645508,22.8799991607666,20.100000381469727,21.6299991607666,21.525388717651367,13422400,0.0,0.0
2020-03-19,21.399999618530273,24.110000610351562,21.020000457763672,23.049999237060547,22.938520431518555,9543700,0.0,0.0
2020-03-20,24.15999984741211,25.420000076293945,22.719999313354492,22.770000457763672,22.659875869750977,11880900,0.0,0.0
2020-03-23,22.6200008392334,23.260000228881836,21.489999771118164,22.079999923706055,21.97321319580078,8189300,0.0,0.0
2020-03-24,23.110000610351562,24.440000534057617,22.90999984741211,23.520000457763672,23.406248092651367,9394400,0.0,0.0
2020-03-25,23.760000228881836,25.09000015258789,23.260000228881836,24.079999923706055,23.963539123535156,10152300,0.0,0.0
2020-03-26,24.25,25.889999389648438,23.920000076293945,25.020000457763672,24.89899444580078,8907300,0.0,0.0
2020-03-27,24.260000228881836,24.389999389648438,23.399999618530273,23.459999084472656,23.346538543701172,5343200,0.0,0.0
2020-03-30,23.190000534057617,23.450000762939453,21.56999969482422,22.510000228881836,22.401132583618164,8439200,0.0,0.0
2020-03-31,22.09000015258789,23.799999237060547,22.0,23.450000762939453,23.33658790588379,7007600,0.0,0.0
2020-04-01,22.610000610351562,22.969999313354492,21.8700008392334,22.149999618530273,22.04287338256836,6041200,0.0,0.0
2020-04-02,22.09000015258789,22.940000534057617,21.8799991607666,22.360000610351562,22.251859664916992,3980600,0.0,0.0
2020-04-03,22.149999618530273,22.469999313354492,21.530000686645508,22.010000228881836,21.90355110168457,4978200,0.0,0.0
2020-04-06,22.989999771118164,23.59000015258789,22.81999969482422,23.450000762939453,23.33658790588379,5834500,0.0,0.0
2020-04-07,24.5,25.15999984741211,24.0,24.43000030517578,24.311847686767578,8387400,0.0,0.0
2020-04-08,24.549999237060547,24.959999084472656,24.06999969482422,24.510000228881836,24.391460418701172,4491800,0.0,0.0
2020-04-09,25.0,25.280000686645508,24.309999465942383,24.81999969482422,24.699960708618164,9087800,0.0,0.0
2020-04-13,24.670000076293945,24.729999542236328,23.90999984741211,24.049999237060547,23.933683395385742,3628300,0.0,0.0
2020-04-14,24.5,24.600000381469727,23.790000915527344,23.860000610351562,23.744604110717773,7710400,0.0,0.0
2020-04-15,23.049999237060547,23.5,23.0,23.469999313354492,23.356489181518555,4789700,0.0,0.0
2020-04-16,24.0,24.0,23.049999237060547,23.239999771118164,23.127601623535156,5260400,0.0,0.0
2020-04-17,24.0,24.010000228881836,23.360000610351562,23.850000381469727,23.73465347290039,6118200,0.0,0.0
2020-04-20,23.100000381469727,23.920000076293945,22.8700008392334,23.65999984741211,23.545570373535156,7956600,0.0,0.0
2020-04-21,23.329999923706055,23.65999984741211,23.100000381469727,23.25,23.137554168701172,5484900,0.0,0.0
2020-04-22,23.59000015258789,23.780000686645508,22.920000076293945,23.0,22.888763427734375,6309500,0.0,0.0
2020-04-23,23.219999313354492,24.1200008392334,23.020000457763672,23.700000762939453,23.585378646850586,5936700,0.0,0.0
2020-04-24,24.0,24.290000915527344,23.450000762939453,23.780000686645508,23.66499137878418,5324300,0.0,0.0
2020-04-27,24.040000915527344,24.719999313354492,24.030000686645508,24.440000534057617,24.321800231933594,4665300,0.0,0.0
2020-04-28,24.920000076293945,25.149999618530273,24.18000030517578,24.469999313354492,24.351652145385742,5351100,0.0,0.0
2020-04-29,26.010000228881836,26.540000915527344,25.899999618530273,25.90999984741211,25.78468894958496,26568900,0.0,0.0
2020-04-30,26.030000686645508,26.729999542236328,25.510000228881836,25.760000228881836,25.635414123535156,9022000,0.0,0.0
2020-05-01,25.010000228881836,25.15999984741211,23.899999618530273,24.15999984741211,24.043153762817383,6275100,0.0,0.0
2020-05-04,24.15999984741211,24.600000381469727,23.68000030517578,24.040000915527344,23.923734664916992,6608000,0.0,0.0
2020-05-05,24.5,25.110000610351562,24.190000534057617,24.239999771118164,24.122766494750977,3200200,0.0,0.0
2020-05-06,24.5,24.670000076293945,23.959999084472656,24.260000228881836,24.142669677734375,3044200,0.0,0.0
2020-05-07,24.610000610351562,24.829999923706055,24.3700008392334,24.809999465942383,24.69000816345215,3663600,0.0,0.0
2020-05-08,25.110000610351562,25.649999618530273,24.920000076293945,25.1200008392334,24.998510360717773,5324100,0.0,0.0
2020-05-11,25.100000381469727,25.100000381469727,24.5,24.610000610351562,24.490976333618164,3289800,0.0,0.0
2020-05-12,24.920000076293945,24.920000076293945,24.06999969482422,24.110000610351562,23.99339485168457,5201000,0.0,0.0
2020-05-13,24.020000457763672,24.149999618530273,23.18000030517578,23.329999923706055,23.217166900634766,6882700,0.0,0.0
2020-05-14,23.0,23.65999984741211,22.350000381469727,23.65999984741211,23.545570373535156,4901500,0.0,0.0
2020-05-15,23.399999618530273,24.260000228881836,23.1200008392334,24.0,23.883926391601562,4614100,0.0,0.0
2020-05-18,24.600000381469727,25.6299991607666,24.520000457763672,25.530000686645508,25.40652847290039,10199700,0.0,0.0
2020-05-19,25.729999542236328,26.530000686645508,25.649999618530273,25.799999237060547,25.675220489501953,4955700,0.0,0.0
2020-05-20,26.0,26.520000457763672,25.049999237060547,25.719999313354492,25.59560775756836,6885000,0.0,0.0
2020-05-21,25.350000381469727,25.81999969482422,24.84000015258789,24.979999542236328,24.85918617248535,5514500,0.0,0.0
2020-05-22,24.5,24.780000686645508,23.530000686645508,23.799999237060547,23.684892654418945,6560500,0.0,0.0
2020-05-26,24.780000686645508,26.290000915527344,24.719999313354492,26.040000915527344,25.9140625,7945600,0.0,0.0
2020-05-27,26.280000686645508,26.579999923706055,25.299999237060547,25.829999923706055,25.705076217651367,5228700,0.0,0.0
2020-05-28,25.56999969482422,25.59000015258789,25.040000915527344,25.34000015258789,25.217445373535156,6140000,0.0,0.0
2020-05-29,25.190000534057617,26.68000030517578,24.209999084472656,26.56999969482422,26.441497802734375,13167500,0.0,0.0
2020-06-01,26.440000534057617,26.729999542236328,25.889999389648438,25.899999618530273,25.774738311767578,5906900,0.0,0.0
2020-06-02,26.049999237060547,26.81999969482422,25.899999618530273,26.649999618530273,26.52111053466797,5071900,0.0,0.0
2020-06-03,27.0,28.200000762939453,26.950000762939453,27.950000762939453,27.814823150634766,7004100,0.0,0.0
2020-06-04,28.049999237060547,28.530000686645508,27.75,28.100000381469727,27.96409797668457,6045100,0.0,0.0
2020-06-05,29.0,29.649999618530273,29.0,29.079999923706055,28.93935775756836,6156900,0.0,0.0
2020-06-08,29.309999465942383,30.0,29.190000534057617,29.520000457763672,29.377229690551758,3687600,0.0,0.0
2020-06-09,29.010000228881836,29.3700008392334,28.760000228881836,29.020000457763672,28.879648208618164,3843700,0.0,0.0
2020-06-10,29.100000381469727,29.1200008392334,27.979999542236328,28.020000457763672,27.884485244750977,4664500,0.0,0.0
2020-06-11,27.040000915527344,27.399999618530273,26.450000762939453,26.540000915527344,26.411643981933594,6569300,0.0,0.0
2020-06-12,27.299999237060547,27.489999771118164,26.290000915527344,27.139999389648438,27.008739471435547,6006400,0.0,0.0
2020-06-15,26.0,27.049999237060547,25.93000030517578,26.829999923706055,26.700239181518555,5239100,0.0,0.0
2020-06-16,27.670000076293945,27.950000762939453,25.860000610351562,25.969999313354492,25.844398498535156,8163800,0.0,0.0
2020-06-17,26.040000915527344,26.260000228881836,25.81999969482422,25.950000762939453,25.82449722290039,4863100,0.0,0.0
2020-06-18,26.329999923706055,26.579999923706055,26.010000228881836,26.09000015258789,25.96381950378418,3551100,0.0,0.0
2020-06-19,26.43000030517578,26.75,25.84000015258789,26.0,25.87425422668457,5774800,0.0,0.0
2020-06-22,26.200000762939453,26.31999969482422,25.6200008392334,26.290000915527344,26.162853240966797,4161600,0.0,0.0
2020-06-23,26.790000915527344,26.940000534057617,26.450000762939453,26.670000076293945,26.541013717651367,3201700,0.0,0.0
2020-06-24,26.299999237060547,26.469999313354492,25.639999389648438,25.809999465942383,25.68517303466797,4775600,0.0,0.0
2020-06-25,25.600000381469727,26.18000030517578,25.469999313354492,26.15999984741211,26.033479690551758,2900700,0.0,0.0
2020-06-26,26.0,26.1299991607666,25.799999237060547,26.010000228881836,25.884206771850586,2948400,0.0,0.0
2020-06-29,25.469999313354492,26.290000915527344,25.1299991607666,26.079999923706055,25.953866958618164,4307000,0.0,0.0
2020-06-30,26.0,26.190000534057617,25.790000915527344,25.920000076293945,25.794641494750977,3767900,0.0,0.0
2020-07-01,25.93000030517578,26.559999465942383,25.489999771118164,25.639999389648438,25.515995025634766,3700500,0.0,0.0
2020-07-02,26.360000610351562,27.31999969482422,26.190000534057617,26.559999465942383,26.43154525756836,5124700,0.0,0.0
2020-07-06,28.200000762939453,28.639999389648438,27.8799991607666,28.079999923706055,27.944194793701172,7109600,0.0,0.0
2020-07-07,27.25,27.479999542236328,26.950000762939453,27.040000915527344,26.909225463867188,3518800,0.0,0.0
2020-07-08,27.56999969482422,27.59000015258789,26.559999465942383,27.190000534057617,27.058500289916992,4827100,0.0,0.0
2020-07-09,27.690000534057617,27.889999389648438,26.84000015258789,26.899999618530273,26.769901275634766,6019000,0.0,0.0
2020-07-10,26.5,27.030000686645508,26.040000915527344,26.799999237060547,26.67038345336914,4814100,0.0,0.0
2020-07-13,27.0,27.40999984741211,26.670000076293945,26.84000015258789,26.71019172668457,5315900,0.0,0.0
2020-07-14,26.850000381469727,26.860000610351562,25.860000610351562,26.100000381469727,25.973770141601562,6055900,0.0,0.0
2020-07-15,26.799999237060547,28.190000534057617,26.799999237060547,28.020000457763672,27.884485244750977,6450600,0.0,0.0
2020-07-16,26.889999389648438,27.06999969482422,26.43000030517578,26.90999984741211,26.77985191345215,4991300,0.0,0.0
2020-07-17,27.110000610351562,27.200000762939453,26.8700008392334,27.079999923706055,26.94902992248535,2492000,0.0,0.0
2020-07-20,27.200000762939453,27.68000030517578,26.799999237060547,26.920000076293945,26.789804458618164,3254700,0.0,0.0
2020-07-21,27.31999969482422,28.049999237060547,27.280000686645508,27.520000457763672,27.386903762817383,4260700,0.0,0.0
2020-07-22,27.31999969482422,27.3799991607666,26.670000076293945,27.280000686645508,27.14806365966797,5504400,0.0,0.0
2020-07-23,27.010000228881836,27.3799991607666,26.690000534057617,26.829999923706055,26.700239181518555,4136300,0.0,0.0
2020-07-24,26.3799991607666,27.170000076293945,26.350000381469727,27.100000381469727,26.968935012817383,5227300,0.0,0.0
2020-07-27,26.899999618530273,27.920000076293945,26.81999969482422,27.850000381469727,27.715307235717773,4297400,0.0,0.0
2020-07-28,30.850000381469727,30.899999618530273,27.360000610351562,27.719999313354492,27.585935592651367,17568300,0.0,0.0
2020-07-29,28.0,28.25,27.56999969482422,27.950000762939453,27.814823150634766,5006600,0.0,0.0
2020-07-30,27.540000915527344,27.68000030517578,27.25,27.459999084472656,27.327192306518555,3559000,0.0,0.0
2020-07-31,27.31999969482422,27.440000534057617,26.75,27.200000762939453,27.068450927734375,3546800,0.0,0.0
2020-08-03,27.459999084472656,28.0,27.290000915527344,27.889999389648438,27.75511360168457,5551300,0.0,0.0
2020-08-04,27.93000030517578,28.040000915527344,27.350000381469727,27.780000686645508,27.645645141601562,5241300,0.0,0.0
2020-08-05,27.8799991607666,28.15999984741211,27.760000228881836,28.030000686645508,27.894437789916992,3843800,0.0,0.0
2020-08-06,28.0,28.020000457763672,27.59000015258789,27.989999771118164,27.854629516601562,2486700,0.0,0.0
2020-08-07,27.65999984741211,28.079999923706055,27.3799991607666,27.81999969482422,27.68545150756836,3499100,0.0,0.0
2020-08-10,27.84000015258789,28.709999084472656,27.829999923706055,28.399999618530273,28.262645721435547,6805800,0.0,0.0
2020-08-11,28.6299991607666,29.350000381469727,28.610000610351562,28.65999984741211,28.52138900756836,5365900,0.0,0.0
2020-08-12,28.889999389648438,29.389999389648438,28.8799991607666,29.360000610351562,29.21800422668457,5218800,0.0,0.0
2020-08-13,29.489999771118164,29.6299991607666,28.510000228881836,28.700000762939453,28.56119728088379,3307500,0.0,0.0
2020-08-14,28.799999237060547,28.809999465942383,28.350000381469727,28.540000915527344,28.40196990966797,3297000,0.0,0.0
2020-08-17,28.809999465942383,28.809999465942383,28.270000457763672,28.290000915527344,28.153179168701172,2766700,0.0,0.0
2020-08-18,28.239999771118164,28.520000457763672,28.0,28.06999969482422,27.934242248535156,2803500,0.0,0.0
2020-08-19,28.0,28.25,27.59000015258789,27.809999465942383,27.675498962402344,2670100,0.0,0.0
2020-08-20,27.790000915527344,28.170000076293945,27.719999313354492,28.0,27.864582061767578,2247200,0.0,0.0
2020-08-21,27.790000915527344,28.219999313354492,27.790000915527344,28.1200008392334,27.98400115966797,2998600,0.0,0.0
2020-08-24,28.510000228881836,28.959999084472656,28.389999389648438,28.579999923706055,28.441776275634766,4267900,0.0,0.0
2020-08-25,28.489999771118164,28.829999923706055,28.40999984741211,28.75,28.61095428466797,5443100,0.0,0.0
2020-08-26,28.700000762939453,28.760000228881836,28.260000228881836,28.600000381469727,28.461679458618164,7781200,0.0,0.0
2020-08-27,28.959999084472656,29.139999389648438,28.420000076293945,29.030000686645508,28.88960075378418,4215200,0.0,0.0
2020-08-28,29.100000381469727,30.950000762939453,29.0,30.6299991607666,30.481861114501953,6636500,0.0,0.0
2020-08-31,29.65999984741211,30.940000534057617,29.649999618530273,30.239999771118164,30.093748092651367,5929400,0.0,0.0
2020-09-01,30.760000228881836,30.760000228881836,29.709999084472656,30.649999618530273,30.50176429748535,4323200,0.0,0.0
2020-09-02,30.65999984741211,31.020000457763672,30.15999984741211,30.600000381469727,30.452007293701172,4648300,0.0,0.0
2020-09-03,30.190000534057617,30.770000457763672,29.399999618530273,30.110000610351562,29.96437644958496,4593400,0.0,0.0
2020-09-04,29.889999389648438,30.770000457763672,29.889999389648438,30.65999984741211,30.511716842651367,4638800,0.0,0.0
2020-09-08,29.8700008392334,30.65999984741211,29.520000457763672,30.190000534057617,30.043991088867188,4218800,0.0,0.0
2020-09-09,30.170000076293945,30.25,29.530000686645508,29.639999389648438,29.49664878845215,3743200,0.0,0.0
2020-09-10,29.729999542236328,29.8700008392334,28.56999969482422,28.889999389648438,28.750276565551758,4562400,0.0,0.0
2020-09-11,28.979999542236328,29.059999465942383,28.479999542236328,28.760000228881836,28.620906829833984,3659400,0.0,0.0
2020-09-14,29.389999389648438,29.81999969482422,29.020000457763672,29.40999984741211,29.26776123046875,4089500,0.0,0.0
2020-09-15,29.510000228881836,29.68000030517578,28.8799991607666,29.030000686645508,28.88960075378418,2338600,0.0,0.0
2020-09-16,29.239999771118164,29.450000762939453,28.899999618530273,29.360000610351562,29.21800422668457,3183700,0.0,0.0
2020-09-17,28.799999237060547,29.68000030517578,28.6200008392334,29.68000030517578,29.536457061767578,3591200,0.0,0.0
2020-09-18,29.959999084472656,29.959999084472656,29.0,29.43000030517578,29.28766632080078,4315100,0.0,0.0
2020-09-21,28.979999542236328,29.040000915527344,27.989999771118164,28.229999542236328,28.093467712402344,3442300,0.0,0.0
2020-09-22,28.010000228881836,28.200000762939453,27.56999969482422,27.959999084472656,27.82477378845215,3426300,0.0,0.0
2020-09-23,28.170000076293945,28.709999084472656,27.649999618530273,27.65999984741211,27.526226043701172,4096700,0.0,0.0
2020-09-24,27.549999237060547,28.149999618530273,27.31999969482422,27.75,27.61579132080078,5617800,0.0,0.0
2020-09-25,29.049999237060547,30.59000015258789,29.0,30.149999618530273,30.004182815551758,8366300,0.0,0.0
2020-09-28,30.5,32.11000061035156,30.5,32.0,31.84523582458496,7540400,0.0,0.0
2020-09-29,31.399999618530273,31.829999923706055,30.899999618530273,31.270000457763672,31.11876678466797,4872700,0.0,0.0
2020-09-30,31.399999618530273,31.739999771118164,30.899999618530273,31.139999389648438,30.989395141601562,3849900,0.0,0.0
2020-10-01,31.329999923706055,31.469999313354492,31.1200008392334,31.290000915527344,31.138669967651367,2196300,0.0,0.0
2020-10-02,30.489999771118164,31.25,30.389999389648438,31.030000686645508,30.879928588867188,2286800,0.0,0.0
2020-10-05,31.270000457763672,31.600000381469727,30.940000534057617,31.239999771118164,31.088911056518555,3119200,0.0,0.0
2020-10-06,31.389999389648438,32.52000045776367,31.290000915527344,32.029998779296875,31.875089645385742,4998100,0.0,0.0
2020-10-07,32.20000076293945,33.22999954223633,32.13999938964844,32.470001220703125,32.312965393066406,2921400,0.0,0.0
2020-10-08,32.970001220703125,33.099998474121094,32.56999969482422,32.7400016784668,32.58165740966797,2550700,0.0,0.0
2020-10-09,32.90999984741211,32.939998626708984,32.150001525878906,32.16999816894531,32.01441192626953,2770600,0.0,0.0
2020-10-12,32.34000015258789,32.66999816894531,32.02000045776367,32.459999084472656,32.303009033203125,3581600,0.0,0.0
2020-10-13,32.47999954223633,32.4900016784668,30.209999084472656,30.25,30.10369873046875,6221000,0.0,0.0
2020-10-14,30.649999618530273,30.649999618530273,29.540000915527344,29.84000015258789,29.695682525634766,3435900,0.0,0.0
2020-10-15,29.5,29.799999237060547,29.34000015258789,29.75,29.606117248535156,2515000,0.0,0.0
2020-10-16,29.989999771118164,30.1200008392334,29.670000076293945,29.90999984741211,29.765344619750977,2978500,0.0,0.0
2020-10-19,30.239999771118164,30.350000381469727,29.770000457763672,30.190000534057617,30.043991088867188,2568500,0.0,0.0
2020-10-20,30.219999313354492,30.670000076293945,29.93000030517578,30.079999923706055,29.934520721435547,2588800,0.0,0.0
2020-10-21,30.1200008392334,30.15999984741211,29.270000457763672,30.040000915527344,29.894716262817383,3458200,0.0,0.0
2020-10-22,30.020000457763672,30.790000915527344,29.84000015258789,30.739999771118164,30.59132957458496,3492900,0.0,0.0
2020-10-23,30.989999771118164,31.459999084472656,30.520000457763672,31.219999313354492,31.069007873535156,3273600,0.0,0.0
2020-10-26,31.040000915527344,31.09000015258789,30.06999969482422,30.360000610351562,30.213167190551758,3894400,0.0,0.0
2020-10-27,30.420000076293945,30.530000686645508,29.469999313354492,29.489999771118164,29.347373962402344,4306800,0.0,0.0
2020-10-28,29.209999084472656,29.780000686645508,28.829999923706055,29.329999923706055,29.188148498535156,3969500,0.0,0.0
2020-10-29,29.68000030517578,30.229999542236328,29.260000228881836,29.469999313354492,29.327470779418945,3098500,0.0,0.0
2020-10-30,29.09000015258789,29.360000610351562,28.510000228881836,28.760000228881836,28.620906829833984,3722300,0.0,0.0
2020-11-02,29.3700008392334,29.440000534057617,28.690000534057617,29.31999969482422,29.178197860717773,3442100,0.0,0.0
2020-11-03,29.110000610351562,29.31999969482422,28.90999984741211,29.149999618530273,29.00901985168457,2493200,0.0,0.0
2020-11-04,29.700000762939453,30.760000228881836,29.459999084472656,30.540000915527344,30.392297744750977,3034000,0.0,0.0
2020-11-05,30.809999465942383,32.599998474121094,30.799999237060547,32.27000045776367,32.113929748535156,4533000,0.0,0.0
2020-11-06,31.43000030517578,32.2400016784668,31.420000076293945,32.119998931884766,31.96465492248535,2391100,0.0,0.0
2020-11-09,35.79999923706055,37.45000076293945,35.65999984741211,36.56999969482422,36.39313507080078,12573200,0.0,0.0
2020-11-10,35.47999954223633,36.560001373291016,35.130001068115234,36.130001068115234,35.95526123046875,7019900,0.0,0.0
2020-11-11,35.43000030517578,36.09000015258789,33.040000915527344,35.5,35.32830810546875,7181500,0.0,0.0
2020-11-12,35.65999984741211,35.65999984741211,33.869998931884766,33.91999816894531,33.75594711303711,4523100,0.0,0.0
2020-11-13,34.060001373291016,34.70000076293945,33.290000915527344,34.650001525878906,34.482421875,5510600,0.0,0.0
2020-11-16,35.33000183105469,35.41999816894531,33.90999984741211,34.540000915527344,34.37295150756836,3499900,0.0,0.0
2020-11-17,34.90999984741211,35.18000030517578,34.40999984741211,35.0099983215332,34.840675354003906,3405900,0.0,0.0
2020-11-18,35.0,35.0,33.599998474121094,33.689998626708984,33.527061462402344,4959700,0.0,0.0
2020-11-19,33.59000015258789,34.099998474121094,33.34000015258789,33.68000030517578,33.517112731933594,4216400,0.0,0.0
2020-11-20,34.15999984741211,34.15999984741211,33.41999816894531,33.720001220703125,33.55691909790039,3049500,0.0,0.0
2020-11-23,34.08000183105469,34.099998474121094,33.279998779296875,33.65999984741211,33.49720764160156,4321100,0.0,0.0
2020-11-24,34.400001525878906,34.47999954223633,33.439998626708984,33.84000015258789,33.67633819580078,2879700,0.0,0.0
2020-11-25,33.900001525878906,34.13999938964844,32.959999084472656,33.33000183105469,33.16880416870117,3131900,0.0,0.0
2020-11-27,33.4900016784668,34.22999954223633,33.34000015258789,34.209999084472656,34.04454803466797,2181500,0.0,0.0
2020-11-30,33.68000030517578,34.4900016784668,33.529998779296875,33.59000015258789,33.427547454833984,6420400,0.0,0.0
2020-12-01,33.83000183105469,34.75,33.400001525878906,34.40999984741211,34.24357986450195,3980900,0.0,0.0
2020-12-02,34.119998931884766,34.20000076293945,32.5,33.150001525878906,32.98967361450195,6422000,0.0,0.0
2020-12-03,33.779998779296875,35.58000183105469,33.470001220703125,35.220001220703125,35.04966354370117,5595800,0.0,0.0
2020-12-04,35.13999938964844,35.400001525878906,33.790000915527344,35.060001373291016,34.890438079833984,3398500,0.0,0.0
2020-12-07,35.150001525878906,35.52000045776367,34.25,34.4900016784668,34.32319641113281,2285200,0.0,0.0
2020-12-08,34.33000183105469,34.4900016784668,33.7400016784668,34.45000076293945,34.28338623046875,2699800,0.0,0.0
2020-12-09,34.459999084472656,34.900001525878906,33.810001373291016,33.959999084472656,33.79575729370117,2186500,0.0,0.0
2020-12-10,33.70000076293945,34.45000076293945,33.41999816894531,34.209999084472656,34.04454803466797,1861200,0.0,0.0
2020-12-11,34.279998779296875,34.279998779296875,32.83000183105469,32.959999084472656,32.80059051513672,3005200,0.0,0.0
2020-12-14,33.20000076293945,34.09000015258789,33.0099983215332,33.86000061035156,33.69623947143555,3244900,0.0,0.0
2020-12-15,34.130001068115234,34.380001068115234,33.68000030517578,34.15999984741211,33.994789123535156,2117600,0.0,0.0
2020-12-16,34.4900016784668,35.27000045776367,34.439998626708984,35.13999938964844,34.97005081176758,3545400,0.0,0.0
2020-12-17,35.040000915527344,35.189998626708984,34.369998931884766,34.90999984741211,34.74116134643555,2219300,0.0,0.0
2020-12-18,35.040000915527344,35.06999969482422,34.13999938964844,34.61000061035156,34.44261169433594,3597100,0.0,0.0
2020-12-21,33.34000015258789,33.7400016784668,33.06999969482422,33.599998474121094,33.437496185302734,3379600,0.0,0.0
2020-12-22,33.72999954223633,33.75,32.849998474121094,32.95000076293945,32.79064178466797,1671500,0.0,0.0
2020-12-23,32.959999084472656,33.060001373291016,32.38999938964844,32.630001068115234,32.472190856933594,2742000,0.0,0.0
2020-12-24,32.220001220703125,32.29999923706055,31.579999923706055,31.989999771118164,31.835283279418945,4290600,0.0,0.0
2020-12-28,32.34000015258789,32.36000061035156,31.190000534057617,31.899999618530273,31.74571990966797,3456000,0.0,0.0
2020-12-29,32.0,32.15999984741211,31.739999771118164,32.029998779296875,31.875089645385742,2510500,0.0,0.0
2020-12-30,32.060001373291016,33.52000045776367,32.04999923706055,33.25,33.08919143676758,2188800,0.0,0.0
2020-12-31,33.45000076293945,33.77000045776367,32.880001068115234,33.72999954223633,33.56686782836914,2394500,0.0,0.0
2021-01-04,33.84000015258789,34.380001068115234,32.95000076293945,33.5,33.337982177734375,5922300,0.0,0.0
2021-01-05,33.45000076293945,34.84000015258789,33.349998474121094,34.25,34.084354400634766,3613000,0.0,0.0
2021-01-06,33.630001068115234,34.20000076293945,33.279998779296875,33.59000015258789,33.427547454833984,4797200,0.0,0.0
2021-01-07,33.40999984741211,33.58000183105469,32.41999816894531,33.20000076293945,33.039432525634766,2792800,0.0,0.0
2021-01-08,33.599998474121094,34.08000183105469,33.34000015258789,33.75,33.58677291870117,3815600,0.0,0.0
2021-01-11,33.970001220703125,34.16999816894531,32.97999954223633,33.11000061035156,32.949867248535156,4498700,0.0,0.0
2021-01-12,33.150001525878906,33.34000015258789,32.310001373291016,32.65999984741211,32.502044677734375,2967500,0.0,0.0
2021-01-13,32.63999938964844,33.380001068115234,32.5099983215332,32.97999954223633,32.82049560546875,1911000,0.0,0.0
2021-01-14,33.130001068115234,33.529998779296875,32.869998931884766,33.0,32.84040069580078,2129900,0.0,0.0
2021-01-15,33.290000915527344,33.439998626708984,32.70000076293945,33.130001068115234,32.96977233886719,2728800,0.0,0.0
2021-01-19,33.0,33.75,32.959999084472656,33.66999816894531,33.50715637207031,4157300,0.0,0.0
2021-01-20,33.81999969482422,34.59000015258789,33.560001373291016,34.58000183105469,34.41276168823242,5151000,0.0,0.0
2021-01-21,33.689998626708984,34.06999969482422,33.150001525878906,33.689998626708984,33.527061462402344,5885400,0.0,0.0
2021-01-22,33.5,33.619998931884766,32.61000061035156,33.58000183105469,33.41759490966797,3295900,0.0,0.0
2021-01-25,33.4900016784668,33.880001068115234,32.439998626708984,32.779998779296875,32.621463775634766,2455800,0.0,0.0
2021-01-26,32.72999954223633,32.7599983215332,31.850000381469727,31.969999313354492,31.815380096435547,4193100,0.0,0.0
2021-01-27,31.600000381469727,32.560001373291016,31.0,31.829999923706055,31.676057815551758,10118000,0.0,0.0
2021-01-28,32.349998474121094,33.099998474121094,31.530000686645508,32.599998474121094,32.44233322143555,4307300,0.0,0.0
2021-01-29,32.119998931884766,32.34000015258789,31.06999969482422,31.829999923706055,31.676057815551758,3687700,0.0,0.0
2021-02-01,32.220001220703125,32.40999984741211,30.989999771118164,31.149999618530273,30.999345779418945,7021900,0.0,0.0
2021-02-02,31.760000228881836,32.349998474121094,31.25,32.0099983215332,31.855186462402344,6918600,0.0,0.0
2021-02-03,31.690000534057617,32.099998474121094,31.239999771118164,31.860000610351562,31.705913543701172,6632700,0.0,0.0
2021-02-04,32.209999084472656,32.84000015258789,31.950000762939453,32.790000915527344,32.63141632080078,3585600,0.0,0.0
2021-02-05,33.04999923706055,35.13999938964844,33.0,34.91999816894531,34.7511100769043,6035300,0.0,0.0
2021-02-08,34.900001525878906,35.779998779296875,34.58000183105469,35.400001525878906,35.22879409790039,3200900,0.0,0.0
2021-02-09,34.79999923706055,35.7400016784668,34.619998931884766,35.5,35.32830810546875,2354200,0.0,0.0
2021-02-10,36.0,37.08000183105469,35.779998779296875,36.5,36.32347106933594,2775800,0.0,0.0
2021-02-11,36.68000030517578,37.70000076293945,36.56999969482422,37.58000183105469,37.398250579833984,2954500,0.0,0.0
2021-02-12,37.27000045776367,37.7599983215332,36.869998931884766,37.0099983215332,36.83100509643555,1685500,0.0,0.0
2021-02-16,37.9900016784668,38.790000915527344,37.779998779296875,38.61000061035156,38.42326736450195,3629500,0.0,0.0
2021-02-17,39.099998474121094,39.099998474121094,37.619998931884766,38.15999984741211,37.97544479370117,2951000,0.0,0.0
2021-02-18,37.529998779296875,38.22999954223633,36.900001525878906,37.9900016784668,37.80626678466797,3467000,0.0,0.0
2021-02-19,38.5099983215332,41.040000915527344,38.459999084472656,38.9900016784668,38.801429748535156,6908800,0.0,0.0
2021-02-22,39.709999084472656,40.27000045776367,38.900001525878906,40.0,39.80654525756836,4898400,0.0,0.0
2021-02-23,41.70000076293945,41.849998474121094,39.91999816894531,40.90999984741211,40.71214294433594,9994600,0.0,0.0
2021-02-24,41.38999938964844,41.38999938964844,39.90999984741211,40.689998626708984,40.49320602416992,3592100,0.0,0.0
2021-02-25,41.0,41.150001525878906,39.310001373291016,39.58000183105469,39.38857650756836,6754900,0.0,0.0
2021-02-26,39.0,40.029998779296875,38.720001220703125,39.45000076293945,39.25920486450195,5182300,0.0,0.0
2021-03-01,40.4900016784668,40.4900016784668,39.29999923706055,39.7599983215332,39.56770324707031,4207600,0.0,0.0
2021-03-02,39.75,40.38999938964844,39.650001525878906,39.779998779296875,39.587608337402344,6122500,0.0,0.0
2021-03-03,39.90999984741211,40.47999954223633,39.5099983215332,39.79999923706055,39.60750961303711,8070300,0.0,0.0
2021-03-04,40.97999954223633,41.0,38.599998474121094,39.060001373291016,38.87109375,9487000,0.0,0.0
2021-03-05,39.54999923706055,40.08000183105469,38.869998931884766,39.7400016784668,39.54780578613281,7497000,0.0,0.0
2021-03-08,39.279998779296875,39.7400016784668,38.630001068115234,39.16999816894531,38.98055648803711,4880100,0.0,0.0
2021-03-09,39.720001220703125,41.0,39.619998931884766,40.189998626708984,39.99562454223633,9968800,0.0,0.0
2021-03-10,40.75,40.75,38.90999984741211,39.54999923706055,39.35871887207031,6248800,0.0,0.0
2021-03-11,40.0,41.470001220703125,39.83000183105469,41.40999984741211,41.20972442626953,6632600,0.0,0.0
2021-03-12,40.75,43.97999954223633,40.75,43.380001068115234,43.17020034790039,9903900,0.0,0.0
2021-03-15,43.79999923706055,44.65999984741211,43.380001068115234,43.86000061035156,43.64787673950195,5834600,0.0,0.0
2021-03-16,44.189998626708984,45.08000183105469,43.90999984741211,44.56999969482422,44.35444259643555,4437200,0.0,0.0
2021-03-17,44.02000045776367,45.189998626708984,43.5,44.119998931884766,43.9066162109375,6054300,0.0,0.0
2021-03-18,43.68000030517578,43.970001220703125,41.9900016784668,42.119998931884766,41.916290283203125,4629100,0.0,0.0
2021-03-19,41.58000183105469,42.060001373291016,41.08000183105469,41.900001525878906,41.697357177734375,4425000,0.0,0.0
2021-03-22,42.400001525878906,42.630001068115234,41.130001068115234,41.209999084472656,41.01069259643555,3103100,0.0,0.0
2021-03-23,40.970001220703125,40.970001220703125,39.650001525878906,39.7400016784668,39.54780578613281,3548900,0.0,0.0
2021-03-24,39.310001373291016,39.52000045776367,37.689998626708984,37.88999938964844,37.706748962402344,4538100,0.0,0.0
2021-03-25,37.75,38.58000183105469,37.25,37.900001525878906,37.71670150756836,4438900,0.0,0.0
2021-03-26,38.13999938964844,39.150001525878906,36.150001525878906,37.279998779296875,37.09969711303711,5940500,0.0,0.0
2021-03-29,37.5,38.31999969482422,36.790000915527344,38.18000030517578,37.99534606933594,6340000,0.0,0.0
2021-03-30,37.93000030517578,39.72999954223633,37.93000030517578,39.560001373291016,39.368675231933594,5260000,0.0,0.0
2021-03-31,39.91999816894531,40.0,39.16999816894531,39.630001068115234,39.43833541870117,5204200,0.0,0.0
2021-04-01,40.720001220703125,40.7599983215332,39.619998931884766,40.13999938964844,39.945865631103516,4196400,0.0,0.0
2021-04-05,40.790000915527344,40.790000915527344,39.40999984741211,39.689998626708984,39.498043060302734,2695700,0.0,0.0
2021-04-06,40.150001525878906,40.88999938964844,40.0099983215332,40.18000030517578,39.98567581176758,2713600,0.0,0.0
2021-04-07,39.810001373291016,40.099998474121094,38.189998626708984,38.810001373291016,38.6223030090332,6364000,0.0,0.0
2021-04-08,38.709999084472656,39.0,37.970001220703125,38.54999923706055,38.363555908203125,3776200,0.0,0.0
2021-04-09,38.5,38.5,37.060001373291016,37.209999084472656,37.03003692626953,3993900,0.0,0.0
2021-04-12,37.029998779296875,37.060001373291016,35.09000015258789,35.20000076293945,35.02975845336914,11068700,0.0,0.0
2021-04-13,35.119998931884766,35.45000076293945,34.84000015258789,35.13999938964844,34.97005081176758,5013800,0.0,0.0
2021-04-14,35.52000045776367,36.439998626708984,35.27000045776367,35.66999816894531,35.49748611450195,5481900,0.0,0.0
2021-04-15,35.849998474121094,36.220001220703125,35.349998474121094,36.099998474121094,35.9254035949707,4827200,0.0,0.0
2021-04-16,36.310001373291016,36.86000061035156,36.220001220703125,36.5099983215332,36.33342361450195,6269200,0.0,0.0
2021-04-19,36.5099983215332,37.54999923706055,36.4900016784668,37.0099983215332,36.83100509643555,10099300,0.0,0.0
2021-04-20,37.2599983215332,37.619998931884766,35.790000915527344,36.61000061035156,36.43294143676758,4398100,0.0,0.0
2021-04-21,36.61000061035156,38.119998931884766,36.52000045776367,38.04999923706055,37.86597442626953,4924700,0.0,0.0
2021-04-22,38.5,39.02000045776367,38.27000045776367,38.33000183105469,38.144622802734375,3375200,0.0,0.0
2021-04-23,39.18000030517578,39.29999923706055,38.33000183105469,38.540000915527344,38.353607177734375,3162300,0.0,0.0
2021-04-26,38.54999923706055,39.220001220703125,38.369998931884766,39.16999816894531,38.98055648803711,1853500,0.0,0.0
2021-04-27,39.119998931884766,39.439998626708984,38.869998931884766,39.27000045776367,39.080074310302734,1719200,0.0,0.0
2021-04-28,39.59000015258789,40.84000015258789,39.56999969482422,40.72999954223633,40.53301239013672,4937800,0.0,0.0
2021-04-29,41.0,41.5,39.72999954223633,40.02000045776367,39.82645034790039,2702900,0.0,0.0
2021-04-30,39.130001068115234,39.5,38.849998474121094,39.08000183105469,38.890995025634766,2514500,0.0,0.0
2021-05-03,39.61000061035156,39.65999984741211,38.5099983215332,38.560001373291016,38.373512268066406,4724400,0.0,0.0
2021-05-04,38.349998474121094,38.560001373291016,37.400001525878906,38.38999938964844,38.20433044433594,3927500,0.0,0.0
2021-05-05,37.709999084472656,38.88999938964844,37.59000015258789,38.459999084472656,38.273990631103516,4622900,0.0,0.0
2021-05-06,39.09000015258789,40.029998779296875,38.93000030517578,39.290000915527344,39.099979400634766,4010600,0.0,0.0
2021-05-07,39.150001525878906,39.880001068115234,38.900001525878906,39.220001220703125,39.03031921386719,3267700,0.0,0.0
2021-05-10,38.599998474121094,38.66999816894531,36.63999938964844,36.810001373291016,36.63197326660156,4644000,0.0,0.0
2021-05-11,36.09000015258789,37.27000045776367,35.93000030517578,37.15999984741211,36.980281829833984,4317100,0.0,0.0
2021-05-12,37.0,37.27000045776367,35.93000030517578,36.130001068115234,35.95526123046875,3752600,0.0,0.0
2021-05-13,36.209999084472656,37.02000045776367,35.72999954223633,36.0099983215332,35.83584213256836,2798300,0.0,0.0
2021-05-14,36.4900016784668,37.630001068115234,36.31999969482422,37.5099983215332,37.32858657836914,4021700,0.0,0.0
2021-05-17,38.630001068115234,39.290000915527344,37.529998779296875,38.91999816894531,38.73176574707031,5660700,0.0,0.0
2021-05-18,39.310001373291016,40.0,39.29999923706055,39.439998626708984,39.24925231933594,5345000,0.0,0.0
2021-05-19,39.220001220703125,41.38999938964844,38.41999816894531,41.02000045776367,40.82161331176758,6143600,0.0,0.0
2021-05-20,40.7599983215332,41.709999084472656,40.52000045776367,41.29999923706055,41.100257873535156,4055800,0.0,0.0
2021-05-21,41.689998626708984,41.689998626708984,39.400001525878906,39.77000045776367,39.57765579223633,3200100,0.0,0.0
2021-05-24,40.099998474121094,40.15999984741211,39.060001373291016,39.34000015258789,39.14973831176758,3031200,0.0,0.0
2021-05-25,39.77000045776367,40.970001220703125,39.470001220703125,39.77000045776367,39.57765579223633,3877800,0.0,0.0
2021-05-26,39.86000061035156,40.790000915527344,39.86000061035156,40.66999816894531,40.47330093383789,3041000,0.0,0.0
2021-05-27,40.900001525878906,40.959999084472656,40.099998474121094,40.65999984741211,40.46335220336914,7377800,0.0,0.0
2021-05-28,40.79999923706055,41.90999984741211,40.689998626708984,41.849998474121094,41.6475944519043,4886100,0.0,0.0
2021-06-01,41.810001373291016,42.040000915527344,40.08000183105469,40.16999816894531,39.9757194519043,4961500,0.0,0.0
2021-06-02,40.040000915527344,40.290000915527344,39.52000045776367,39.68000030517578,39.488094329833984,2876700,0.0,0.0
2021-06-03,39.13999938964844,39.63999938964844,38.869998931884766,39.189998626708984,39.00046157836914,2447800,0.0,0.0
2021-06-04,39.58000183105469,39.59000015258789,38.970001220703125,39.2400016784668,39.05022048950195,3343800,0.0,0.0
2021-06-07,38.900001525878906,39.13999938964844,37.540000915527344,37.68000030517578,37.497764587402344,4354000,0.0,0.0
2021-06-08,37.91999816894531,38.349998474121094,37.310001373291016,37.470001220703125,37.288780212402344,3827600,0.0,0.0
2021-06-09,37.720001220703125,38.150001525878906,37.36000061035156,37.689998626708984,37.50771713256836,3611400,0.0,0.0
2021-06-10,37.720001220703125,37.91999816894531,36.86000061035156,37.380001068115234,37.19921875,5393100,0.0,0.0
2021-06-11,37.54999923706055,37.779998779296875,37.25,37.52000045776367,37.338539123535156,4343900,0.0,0.0
2021-06-14,37.58000183105469,37.779998779296875,36.75,37.189998626708984,37.0101318359375,4548200,0.0,0.0
2021-06-15,37.27000045776367,37.310001373291016,36.779998779296875,37.08000183105469,36.90066909790039,2405400,0.0,0.0
2021-06-16,37.459999084472656,38.06999969482422,36.97999954223633,37.45000076293945,37.26887893676758,4085500,0.0,0.0
2021-06-17,37.369998931884766,38.209999084472656,37.11000061035156,37.2599983215332,37.079795837402344,3486500,0.0,0.0
2021-06-18,37.349998474121094,37.38999938964844,36.790000915527344,36.880001068115234,36.70163345336914,5925400,0.0,0.0
2021-06-21,36.83000183105469,37.279998779296875,36.310001373291016,36.86000061035156,36.681732177734375,3008400,0.0,0.0
2021-06-22,36.5,36.77000045776367,35.77000045776367,36.689998626708984,36.512550354003906,4427400,0.0,0.0
2021-06-23,37.0,37.400001525878906,36.400001525878906,36.4900016784668,36.31352233886719,3597400,0.0,0.0
2021-06-24,36.70000076293945,37.0,36.47999954223633,36.7599983215332,36.58221435546875,2596600,0.0,0.0
2021-06-25,36.79999923706055,36.97999954223633,35.16999816894531,35.72999954223633,35.55719757080078,7425500,0.0,0.0
2021-06-28,35.599998474121094,36.099998474121094,34.650001525878906,35.59000015258789,35.41787338256836,5350000,0.0,0.0
2021-06-29,35.20000076293945,35.68000030517578,35.02000045776367,35.5099983215332,35.3382568359375,3245500,0.0,0.0
2021-06-30,35.5099983215332,36.22999954223633,35.150001525878906,35.459999084472656,35.28850173950195,2978800,0.0,0.0
2021-07-01,35.869998931884766,36.060001373291016,35.13999938964844,35.34000015258789,35.16908264160156,2476200,0.0,0.0
2021-07-02,35.380001068115234,35.689998626708984,35.11000061035156,35.4900016784668,35.318359375,1935000,0.0,0.0
2021-07-06,34.68000030517578,34.959999084472656,34.279998779296875,34.41999816894531,34.2535285949707,5154200,0.0,0.0
2021-07-07,34.20000076293945,34.560001373291016,33.34000015258789,33.439998626708984,33.27827072143555,3378300,0.0,0.0
2021-07-08,32.7400016784668,32.9900016784668,31.709999084472656,31.989999771118164,31.835283279418945,10049900,0.0,0.0
2021-07-09,32.31999969482422,32.4900016784668,31.610000610351562,32.18000030517578,32.02436447143555,4564900,0.0,0.0
2021-07-12,31.899999618530273,32.119998931884766,31.43000030517578,31.81999969482422,31.666105270385742,2504400,0.0,0.0
2021-07-13,32.029998779296875,32.61000061035156,32.0,32.13999938964844,31.98455810546875,2967000,0.0,0.0
2021-07-14,32.5,32.939998626708984,31.84000015258789,31.979999542236328,31.825332641601562,3953000,0.0,0.0
2021-07-15,32.0,32.27000045776367,31.170000076293945,31.600000381469727,31.44717025756836,5235700,0.0,0.0
2021-07-16,31.59000015258789,31.65999984741211,30.049999237060547,30.219999313354492,30.073843002319336,9061400,0.0,0.0
2021-07-19,29.8799991607666,29.899999618530273,28.690000534057617,28.860000610351562,28.720422744750977,11699200,0.0,0.0
2021-07-20,29.030000686645508,29.329999923706055,28.1299991607666,28.889999389648438,28.750276565551758,8040300,0.0,0.0
2021-07-21,28.989999771118164,29.510000228881836,28.920000076293945,29.15999984741211,29.018970489501953,5335400,0.0,0.0
2021-07-22,29.389999389648438,29.43000030517578,28.139999389648438,28.559999465942383,28.421873092651367,5875200,0.0,0.0
2021-07-23,28.149999618530273,28.170000076293945,26.93000030517578,27.229999542236328,27.098304748535156,10974600,0.0,0.0
2021-07-26,25.56999969482422,26.479999542236328,23.899999618530273,25.350000381469727,25.227397918701172,11676100,0.0,0.0
2021-07-27,24.739999771118164,26.239999771118164,24.700000762939453,25.989999771118164,25.864301681518555,12665300,0.0,0.0
2021-07-28,27.40999984741211,28.270000457763672,26.559999465942383,27.989999771118164,27.854629516601562,12431800,0.0,0.0
2021-07-29,28.600000381469727,28.899999618530273,26.8700008392334,27.739999771118164,27.605838775634766,11469000,0.0,0.0
2021-07-30,26.899999618530273,27.43000030517578,25.75,25.93000030517578,25.80459213256836,7880500,0.0,0.0
2021-08-02,26.149999618530273,26.719999313354492,25.920000076293945,25.989999771118164,25.864301681518555,5346000,0.0,0.0
2021-08-03,25.799999237060547,25.979999542236328,24.329999923706055,24.59000015258789,24.471073150634766,10187400,0.0,0.0
2021-08-04,24.709999084472656,25.059999465942383,24.09000015258789,24.18000030517578,24.06305694580078,6085000,0.0,0.0
2021-08-05,24.09000015258789,25.149999618530273,23.93000030517578,24.729999542236328,24.610395431518555,4012300,0.0,0.0
2021-08-06,25.190000534057617,25.299999237060547,24.520000457763672,24.670000076293945,24.55068588256836,3527500,0.0,0.0
2021-08-09,24.90999984741211,25.020000457763672,24.34000015258789,24.850000381469727,24.729816436767578,3113800,0.0,0.0
2021-08-10,25.049999237060547,25.1200008392334,24.360000610351562,24.6200008392334,24.50092887878418,4212600,0.0,0.0
2021-08-11,24.899999618530273,25.09000015258789,24.31999969482422,24.530000686645508,24.41136360168457,4385100,0.0,0.0
2021-08-12,24.25,24.350000381469727,23.610000610351562,23.989999771118164,23.87397575378418,5393500,0.0,0.0
2021-08-13,24.270000457763672,24.950000762939453,23.709999084472656,24.90999984741211,24.789525985717773,5542200,0.0,0.0
2021-08-16,24.770000457763672,24.90999984741211,24.459999084472656,24.850000381469727,24.729816436767578,5061400,0.0,0.0
2021-08-17,24.389999389648438,24.68000030517578,23.969999313354492,24.059999465942383,23.943635940551758,4267300,0.0,0.0
2021-08-18,24.31999969482422,25.559999465942383,24.0,25.18000030517578,25.05821990966797,6919700,0.0,0.0
2021-08-19,24.59000015258789,26.739999771118164,24.450000762939453,26.530000686645508,26.401691436767578,11857200,0.0,0.0
2021-08-20,26.489999771118164,27.06999969482422,25.5,26.290000915527344,26.162853240966797,7317800,0.0,0.0
2021-08-23,26.15999984741211,27.5,25.90999984741211,27.399999618530273,27.26748275756836,6158700,0.0,0.0
2021-08-24,28.549999237060547,29.049999237060547,28.079999923706055,28.760000228881836,28.620906829833984,7800000,0.0,0.0
2021-08-25,29.239999771118164,29.399999618530273,28.639999389648438,29.020000457763672,28.879648208618164,3738900,0.0,0.0
2021-08-26,28.719999313354492,29.100000381469727,28.420000076293945,28.709999084472656,28.57114601135254,2855400,0.0,0.0
2021-08-27,28.639999389648438,29.34000015258789,28.3700008392334,28.43000030517578,28.29250144958496,3250400,0.0,0.0
2021-08-30,28.389999389648438,28.969999313354492,27.780000686645508,28.59000015258789,28.45172882080078,3599000,0.0,0.0
2021-08-31,29.270000457763672,30.549999237060547,28.979999542236328,30.489999771118164,30.342538833618164,6504200,0.0,0.0
2021-09-01,31.010000228881836,32.099998474121094,30.850000381469727,31.690000534057617,31.53673553466797,6884500,0.0,0.0
2021-09-02,31.1200008392334,31.6200008392334,30.700000762939453,31.239999771118164,31.088911056518555,3552400,0.0,0.0
2021-09-03,30.760000228881836,31.540000915527344,30.719999313354492,31.420000076293945,31.268041610717773,4065000,0.0,0.0
2021-09-07,31.520000457763672,32.90999984741211,31.520000457763672,32.31999969482422,32.16368865966797,3487100,0.0,0.0
2021-09-08,32.220001220703125,32.63999938964844,31.440000534057617,32.18000030517578,32.02436447143555,3528300,0.0,0.0
2021-09-09,31.280000686645508,31.93000030517578,31.139999389648438,31.809999465942383,31.65615463256836,3196400,0.0,0.0
2021-09-10,32.0,32.470001220703125,30.649999618530273,30.90999984741211,30.760507583618164,7376900,0.0,0.0
2021-09-13,30.299999237060547,30.399999618530273,28.8700008392334,29.34000015258789,29.198101043701172,8698900,0.0,0.0
2021-09-14,29.270000457763672,29.56999969482422,28.059999465942383,28.399999618530273,28.262645721435547,5566700,0.0,0.0
2021-09-15,28.0,28.690000534057617,27.309999465942383,28.59000015258789,28.45172882080078,5599000,0.0,0.0
2021-09-16,27.8799991607666,28.899999618530273,27.649999618530273,28.610000610351562,28.47163200378418,4048300,0.0,0.0
2021-09-17,29.040000915527344,29.270000457763672,28.260000228881836,28.81999969482422,28.680614471435547,4541000,0.0,0.0
2021-09-20,27.899999618530273,28.280000686645508,26.920000076293945,27.959999084472656,27.82477378845215,6366500,0.0,0.0
2021-09-21,27.969999313354492,28.729999542236328,27.969999313354492,28.290000915527344,28.153179168701172,3099800,0.0,0.0
2021-09-22,28.729999542236328,29.399999618530273,28.559999465942383,28.920000076293945,28.780132293701172,3852600,0.0,0.0
2021-09-23,28.889999389648438,29.34000015258789,28.6200008392334,29.31999969482422,29.178197860717773,2794300,0.0,0.0
2021-09-24,29.09000015258789,29.100000381469727,27.690000534057617,29.06999969482422,28.929405212402344,4148200,0.0,0.0
2021-09-27,28.799999237060547,30.260000228881836,28.329999923706055,30.059999465942383,29.91461753845215,4293200,0.0,0.0
2021-09-28,29.520000457763672,30.850000381469727,29.510000228881836,30.010000228881836,29.86486053466797,4020500,0.0,0.0
2021-09-29,29.760000228881836,30.299999237060547,29.440000534057617,29.670000076293945,29.526504516601562,3112600,0.0,0.0
2021-09-30,29.799999237060547,31.040000915527344,29.690000534057617,30.75,30.601282119750977,6091900,0.0,0.0
2021-10-01,30.790000915527344,31.399999618530273,30.459999084472656,31.0,30.850072860717773,3557800,0.0,0.0
2021-10-04,31.0,31.0,30.09000015258789,30.329999923706055,30.183313369750977,3482900,0.0,0.0
2021-10-05,30.190000534057617,31.469999313354492,30.139999389648438,31.43000030517578,31.277992248535156,3298700,0.0,0.0
2021-10-06,30.860000610351562,31.43000030517578,30.719999313354492,31.1200008392334,30.969491958618164,2961200,0.0,0.0
2021-10-07,31.6200008392334,32.20000076293945,31.40999984741211,31.610000610351562,31.457122802734375,3743900,0.0,0.0
2021-10-08,31.6200008392334,32.13999938964844,31.43000030517578,31.81999969482422,31.666105270385742,2667000,0.0,0.0
2021-10-11,32.47999954223633,32.599998474121094,31.6299991607666,31.649999618530273,31.49692726135254,2418400,0.0,0.0
2021-10-12,31.56999969482422,32.470001220703125,31.549999237060547,31.670000076293945,31.51683235168457,4113100,0.0,0.0
2021-10-13,31.969999313354492,32.56999969482422,31.770000457763672,32.20000076293945,32.04426956176758,2560700,0.0,0.0
2021-10-14,32.400001525878906,32.65999984741211,31.84000015258789,32.13999938964844,31.98455810546875,3035500,0.0,0.0
2021-10-15,32.869998931884766,33.27000045776367,32.029998779296875,32.720001220703125,32.5617561340332,3943200,0.0,0.0
2021-10-18,32.5099983215332,32.58000183105469,31.360000610351562,31.81999969482422,31.666105270385742,3594200,0.0,0.0
2021-10-19,31.209999084472656,31.3700008392334,30.479999542236328,31.280000686645508,31.128719329833984,4800200,0.0,0.0
2021-10-20,31.34000015258789,31.600000381469727,30.43000030517578,31.190000534057617,31.039154052734375,3779000,0.0,0.0
2021-10-21,31.0,31.579999923706055,30.760000228881836,31.200000762939453,31.04910659790039,3351800,0.0,0.0
2021-10-22,31.110000610351562,31.56999969482422,30.34000015258789,30.440000534057617,30.292781829833984,3256000,0.0,0.0
2021-10-25,29.700000762939453,29.700000762939453,28.020000457763672,29.100000381469727,28.959260940551758,8640200,0.0,0.0
2021-10-26,29.079999923706055,29.139999389648438,28.399999618530273,28.860000610351562,28.720422744750977,5189000,0.0,0.0
2021-10-27,28.700000762939453,29.190000534057617,28.5,28.950000762939453,28.809988021850586,3749000,0.0,0.0
2021-10-28,28.549999237060547,29.09000015258789,28.350000381469727,28.8700008392334,28.730375289916992,5654400,0.0,0.0
2021-10-29,28.860000610351562,28.90999984741211,27.920000076293945,28.559999465942383,28.421873092651367,4950700,0.0,0.0
2021-11-01,28.40999984741211,29.559999465942383,28.299999237060547,29.420000076293945,29.277713775634766,4500600,0.0,0.0
2021-11-02,28.739999771118164,29.010000228881836,28.3700008392334,28.93000030517578,28.790082931518555,3816200,0.0,0.0
2021-11-03,28.850000381469727,29.09000015258789,28.600000381469727,28.6200008392334,28.481584548950195,6642500,0.0,0.0
2021-11-04,28.8799991607666,28.93000030517578,28.020000457763672,28.610000610351562,28.47163200378418,6081000,0.0,0.0
2021-11-05,29.440000534057617,30.530000686645508,29.360000610351562,30.209999084472656,30.063892364501953,6229100,0.0,0.0
2021-11-08,30.84000015258789,31.600000381469727,30.75,31.1200008392334,30.969491958618164,5808600,0.0,0.0
2021-11-09,31.030000686645508,31.040000915527344,30.049999237060547,30.40999984741211,30.26292610168457,3441900,0.0,0.0
2021-11-10,30.68000030517578,31.25,30.209999084472656,30.3799991607666,30.233070373535156,4019200,0.0,0.0
2021-11-11,30.6299991607666,31.3799991607666,30.079999923706055,30.940000534057617,30.790363311767578,3302900,0.0,0.0
2021-11-12,30.809999465942383,31.18000030517578,30.579999923706055,30.93000030517578,30.780410766601562,3180900,0.0,0.0
2021-11-15,31.149999618530273,31.40999984741211,30.799999237060547,30.8700008392334,30.720701217651367,1936400,0.0,0.0
2021-11-16,31.25,31.290000915527344,29.889999389648438,29.969999313354492,29.82505226135254,4052000,0.0,0.0
2021-11-17,29.799999237060547,29.93000030517578,28.920000076293945,29.3700008392334,29.227956771850586,3162300,0.0,0.0
2021-11-18,28.610000610351562,29.559999465942383,28.610000610351562,29.450000762939453,29.30756950378418,3991500,0.0,0.0
2021-11-19,29.190000534057617,29.790000915527344,28.84000015258789,29.030000686645508,28.88960075378418,3984500,0.0,0.0
2021-11-22,28.989999771118164,29.549999237060547,28.709999084472656,29.229999542236328,29.088632583618164,2848700,0.0,0.0
2021-11-23,29.329999923706055,29.770000457763672,29.0,29.280000686645508,29.138391494750977,2129300,0.0,0.0
2021-11-24,28.950000762939453,29.450000762939453,28.65999984741211,29.09000015258789,28.949310302734375,3581900,0.0,0.0
2021-11-26,27.200000762939453,27.90999984741211,26.100000381469727,27.850000381469727,27.715307235717773,6973300,0.0,0.0
2021-11-29,27.75,27.81999969482422,26.56999969482422,27.1200008392334,26.98883819580078,6641100,0.0,0.0
2021-11-30,27.100000381469727,27.6299991607666,26.8700008392334,27.5,27.36699867248535,7881000,0.0,0.0
2021-12-01,28.100000381469727,28.65999984741211,27.790000915527344,27.950000762939453,27.814823150634766,6829300,0.0,0.0
2021-12-02,28.200000762939453,29.3799991607666,28.170000076293945,28.770000457763672,28.630857467651367,6187100,0.0,0.0
2021-12-03,27.989999771118164,28.290000915527344,24.940000534057617,25.260000228881836,25.137832641601562,9609500,0.0,0.0
2021-12-06,25.010000228881836,26.68000030517578,24.649999618530273,26.649999618530273,26.52111053466797,5063100,0.0,0.0
2021-12-07,27.40999984741211,28.459999084472656,27.1299991607666,27.8700008392334,27.735210418701172,6022900,0.0,0.0
2021-12-08,27.549999237060547,27.790000915527344,26.65999984741211,27.079999923706055,26.94902992248535,4246700,0.0,0.0
2021-12-09,26.889999389648438,26.90999984741211,26.079999923706055,26.09000015258789,25.96381950378418,4034000,0.0,0.0
2021-12-10,26.149999618530273,26.399999618530273,25.549999237060547,26.010000228881836,25.884206771850586,9348400,0.0,0.0
2021-12-13,25.5,25.709999084472656,24.350000381469727,25.079999923706055,24.958703994750977,16740500,0.0,0.0
2021-12-14,24.950000762939453,25.920000076293945,24.649999618530273,24.989999771118164,24.869138717651367,6086800,0.0,0.0
2021-12-15,24.690000534057617,24.739999771118164,23.190000534057617,24.280000686645508,24.162572860717773,9744500,0.0,0.0
2021-12-16,24.469999313354492,24.68000030517578,22.25,22.450000762939453,22.3414249420166,8863300,0.0,0.0
2021-12-17,22.149999618530273,23.479999542236328,21.530000686645508,22.860000610351562,22.749441146850586,33844500,0.0,0.0
2021-12-20,22.1299991607666,22.350000381469727,21.399999618530273,21.739999771118164,21.634857177734375,5822000,0.0,0.0
2021-12-21,22.40999984741211,23.899999618530273,22.110000610351562,23.559999465942383,23.446054458618164,6169500,0.0,0.0
2021-12-22,22.899999618530273,23.469999313354492,22.579999923706055,22.8799991607666,22.76934242248535,4120500,0.0,0.0
2021-12-23,22.989999771118164,23.850000381469727,22.829999923706055,23.790000915527344,23.674943923950195,5621700,0.0,0.0
2021-12-27,23.469999313354492,23.940000534057617,23.270000457763672,23.56999969482422,23.45600700378418,3971700,0.0,0.0
2021-12-28,23.5,23.780000686645508,23.139999389648438,23.290000915527344,23.1773624420166,2622000,0.0,0.0
2021-12-29,23.549999237060547,23.549999237060547,22.489999771118164,22.8700008392334,22.7593936920166,4351800,0.0,0.0
2021-12-30,22.8799991607666,25.18000030517578,22.809999465942383,24.760000228881836,24.64025115966797,4631000,0.0,0.0
2021-12-31,24.559999465942383,25.290000915527344,24.40999984741211,24.6200008392334,24.50092887878418,3033100,0.0,0.0
2022-01-03,24.530000686645508,25.3799991607666,24.200000762939453,25.139999389648438,25.018413543701172,8366700,0.0,0.0
2022-01-04,25.510000228881836,25.860000610351562,24.75,25.690000534057617,25.565753936767578,5399600,0.0,0.0
2022-01-05,25.040000915527344,25.549999237060547,24.6299991607666,24.940000534057617,24.819381713867188,4599800,0.0,0.0
2022-01-06,25.190000534057617,25.899999618530273,24.760000228881836,25.190000534057617,25.068172454833984,4761200,0.0,0.0
2022-01-07,25.420000076293945,25.799999237060547,24.75,25.020000457763672,24.89899444580078,4358500,0.0,0.0
2022-01-10,25.3700008392334,25.3700008392334,23.139999389648438,23.229999542236328,23.117650985717773,8281800,0.0,0.0
2022-01-11,23.549999237060547,24.34000015258789,23.399999618530273,24.0,23.883926391601562,8198300,0.0,0.0
2022-01-12,25.079999923706055,25.200000762939453,24.229999542236328,24.860000610351562,24.739768981933594,5165400,0.0,0.0
2022-01-13,24.549999237060547,24.979999542236328,24.0,24.1299991607666,24.01329803466797,5448300,0.0,0.0
2022-01-14,24.329999923706055,24.93000030517578,23.579999923706055,23.719999313354492,23.60527992248535,5200900,0.0,0.0
2022-01-18,23.56999969482422,23.790000915527344,23.110000610351562,23.350000381469727,23.237070083618164,6515800,0.0,0.0
2022-01-19,23.65999984741211,24.280000686645508,23.440000534057617,23.469999313354492,23.356489181518555,3119700,0.0,0.0
2022-01-20,25.049999237060547,26.260000228881836,24.579999923706055,25.209999084472656,25.08807373046875,9981800,0.0,0.0
2022-01-21,25.649999618530273,26.489999771118164,25.479999542236328,25.770000457763672,25.645366668701172,9305700,0.0,0.0
2022-01-24,25.219999313354492,25.8700008392334,24.360000610351562,25.790000915527344,25.66526985168457,5817600,0.0,0.0
2022-01-25,25.139999389648438,25.729999542236328,25.079999923706055,25.469999313354492,25.346817016601562,4545100,0.0,0.0
2022-01-26,25.899999618530273,26.09000015258789,25.100000381469727,25.329999923706055,25.207494735717773,7306500,0.0,0.0
2022-01-27,25.68000030517578,25.68000030517578,24.309999465942383,24.350000381469727,24.232234954833984,3854400,0.0,0.0
2022-01-28,24.389999389648438,25.360000610351562,23.6299991607666,25.329999923706055,25.207494735717773,4749800,0.0,0.0
2022-01-31,25.84000015258789,26.770000457763672,25.68000030517578,26.610000610351562,26.481304168701172,3495000,0.0,0.0
2022-02-01,26.65999984741211,27.139999389648438,26.299999237060547,27.059999465942383,26.929126739501953,3863700,0.0,0.0
2022-02-02,27.200000762939453,27.200000762939453,26.290000915527344,26.290000915527344,26.162853240966797,2836200,0.0,0.0
2022-02-03,26.110000610351562,26.450000762939453,25.829999923706055,26.170000076293945,26.043432235717773,2662800,0.0,0.0
2022-02-04,26.299999237060547,27.239999771118164,26.170000076293945,27.139999389648438,27.008739471435547,4357200,0.0,0.0
2022-02-07,27.049999237060547,27.760000228881836,27.0,27.360000610351562,27.227676391601562,9323900,0.0,0.0
2022-02-08,27.5,28.579999923706055,27.049999237060547,28.459999084472656,28.322355270385742,6471500,0.0,0.0
2022-02-09,28.889999389648438,29.799999237060547,28.850000381469727,29.59000015258789,29.44689178466797,7341700,0.0,0.0
2022-02-10,29.290000915527344,30.15999984741211,29.260000228881836,29.84000015258789,29.695682525634766,5138200,0.0,0.0
2022-02-11,29.84000015258789,30.3799991607666,28.959999084472656,29.139999389648438,28.999067306518555,6760300,0.0,0.0
2022-02-14,28.649999618530273,29.65999984741211,28.600000381469727,29.579999923706055,29.436939239501953,5942900,0.0,0.0
2022-02-15,30.010000228881836,30.709999084472656,29.860000610351562,30.420000076293945,30.272876739501953,10123000,0.0,0.0
2022-02-16,30.030000686645508,30.260000228881836,29.6299991607666,30.010000228881836,29.86486053466797,7071000,0.0,0.0
2022-02-17,29.579999923706055,30.260000228881836,29.579999923706055,29.799999237060547,29.655874252319336,6584300,0.0,0.0
2022-02-18,29.1200008392334,29.709999084472656,28.440000534057617,28.56999969482422,28.43182373046875,7533100,0.0,0.0
2022-02-22,27.579999923706055,28.1299991607666,26.959999084472656,27.649999618530273,27.516273498535156,8745900,0.0,0.0
2022-02-23,27.889999389648438,27.889999389648438,26.139999389648438,27.020000457763672,26.88932228088379,8686300,0.0,0.0
2022-02-24,25.700000762939453,26.8799991607666,25.510000228881836,26.8700008392334,26.740047454833984,8282900,0.0,0.0
2022-02-25,26.969999313354492,27.06999969482422,26.170000076293945,26.959999084472656,26.82961082458496,5020800,0.0,0.0
2022-02-28,26.360000610351562,26.690000534057617,25.709999084472656,25.81999969482422,25.69512367248535,4666000,0.0,0.0
2022-03-01,25.799999237060547,26.5,25.59000015258789,25.790000915527344,25.66526985168457,4171500,0.0,0.0
2022-03-02,26.760000228881836,28.149999618530273,26.5,27.8700008392334,27.735210418701172,10017400,0.0,0.0
2022-03-03,28.100000381469727,28.399999618530273,26.5,26.989999771118164,26.859466552734375,8246500,0.0,0.0
2022-03-04,26.709999084472656,27.389999389648438,24.719999313354492,25.0,24.879091262817383,6246400,0.0,0.0
2022-03-07,24.0,24.3700008392334,22.15999984741211,22.190000534057617,22.08268165588379,10153700,0.0,0.0
2022-03-08,22.479999542236328,23.579999923706055,21.56999969482422,22.899999618530273,22.78924560546875,5770400,0.0,0.0
2022-03-09,23.770000457763672,24.709999084472656,23.770000457763672,24.139999389648438,24.02324867248535,4900300,0.0,0.0
2022-03-10,22.520000457763672,22.770000457763672,20.5,21.219999313354492,21.11737060546875,13223800,0.0,0.0
2022-03-11,21.559999465942383,21.65999984741211,19.360000610351562,19.3700008392334,19.27631950378418,13704400,0.0,0.0
2022-03-14,17.1299991607666,18.469999313354492,14.289999961853027,16.75,16.668991088867188,22156600,0.0,0.0
2022-03-15,15.930000305175781,18.530000686645508,15.3100004196167,18.18000030517578,18.09207534790039,14682900,0.0,0.0
2022-03-16,22.68000030517578,24.709999084472656,21.440000534057617,23.34000015258789,23.22711944580078,18891200,0.0,0.0
2022-03-17,22.06999969482422,22.799999237060547,21.420000076293945,22.309999465942383,22.20210075378418,9134400,0.0,0.0
2022-03-18,22.270000457763672,24.290000915527344,22.010000228881836,23.209999084472656,23.097745895385742,9666300,0.0,0.0
2022-03-21,22.0,22.709999084472656,21.0,22.520000457763672,22.41108512878418,9035000,0.0,0.0
2022-03-22,23.719999313354492,25.0,23.520000457763672,24.18000030517578,24.06305694580078,9882200,0.0,0.0
2022-03-23,23.489999771118164,24.829999923706055,23.110000610351562,24.020000457763672,23.903831481933594,7747800,0.0,0.0
2022-03-24,25.139999389648438,25.829999923706055,23.280000686645508,24.5,24.381507873535156,7124800,0.0,0.0
2022-03-25,23.219999313354492,23.639999389648438,21.899999618530273,22.440000534057617,22.331472396850586,8795300,0.0,0.0
2022-03-28,22.6200008392334,23.600000381469727,22.6200008392334,23.450000762939453,23.33658790588379,6004700,0.0,0.0
2022-03-29,24.84000015258789,25.84000015258789,24.200000762939453,24.229999542236328,24.11281394958496,5294100,0.0,0.0
2022-03-30,23.790000915527344,24.670000076293945,23.559999465942383,24.309999465942383,24.192426681518555,3072300,0.0,0.0
2022-03-31,23.65999984741211,24.110000610351562,22.799999237060547,23.1200008392334,23.0081844329834,3726300,0.0,0.0
2022-04-01,24.700000762939453,25.399999618530273,24.229999542236328,24.549999237060547,24.43126678466797,3940900,0.0,0.0
2022-04-04,25.3700008392334,25.43000030517578,24.15999984741211,24.3700008392334,24.252138137817383,3924500,0.0,0.0
2022-04-05,24.489999771118164,24.520000457763672,23.239999771118164,23.489999771118164,23.376392364501953,3486800,0.0,0.0
2022-04-06,23.190000534057617,23.56999969482422,22.1200008392334,23.40999984741211,23.29677963256836,3895200,0.0,0.0
2022-04-07,23.350000381469727,23.389999389648438,22.15999984741211,22.3700008392334,22.261810302734375,6467500,0.0,0.0
2022-04-08,22.290000915527344,22.540000915527344,21.899999618530273,22.06999969482422,21.963260650634766,4196500,0.0,0.0
2022-04-11,21.440000534057617,21.920000076293945,21.15999984741211,21.489999771118164,21.386066436767578,7855200,0.0,0.0
2022-04-12,22.149999618530273,23.030000686645508,21.8799991607666,22.1299991607666,22.02297019958496,4890300,0.0,0.0
2022-04-13,22.399999618530273,22.8700008392334,21.860000610351562,22.81999969482422,22.709632873535156,4991300,0.0,0.0
2022-04-14,22.940000534057617,23.559999465942383,22.8799991607666,23.139999389648438,23.028085708618164,2823000,0.0,0.0
2022-04-18,22.549999237060547,22.8700008392334,22.010000228881836,22.68000030517578,22.570310592651367,2438000,0.0,0.0
2022-04-19,22.489999771118164,22.84000015258789,22.200000762939453,22.760000228881836,22.64992332458496,2773200,0.0,0.0
2022-04-20,22.760000228881836,22.760000228881836,21.940000534057617,22.020000457763672,21.913503646850586,3202500,0.0,0.0
2022-04-21,22.049999237060547,22.25,21.1299991607666,21.549999237060547,21.445775985717773,4403300,0.0,0.0
2022-04-22,21.75,22.84000015258789,21.479999542236328,21.81999969482422,21.71446990966797,3923000,0.0,0.0
2022-04-25,20.90999984741211,21.68000030517578,20.15999984741211,21.6200008392334,21.515438079833984,6034800,0.0,0.0
2022-04-26,21.0,21.31999969482422,20.34000015258789,20.709999084472656,20.609838485717773,3749600,0.0,0.0
2022-04-27,21.030000686645508,22.1299991607666,20.81999969482422,21.670000076293945,21.565195083618164,3357300,0.0,0.0
2022-04-28,21.899999618530273,22.450000762939453,21.469999313354492,22.290000915527344,22.18219757080078,2613800,0.0,0.0
2022-04-29,23.799999237060547,24.979999542236328,23.579999923706055,23.649999618530273,23.535619735717773,6170600,0.0,0.0
2022-05-02,23.760000228881836,24.360000610351562,23.459999084472656,23.68000030517578,23.565475463867188,4212300,0.0,0.0
2022-05-03,24.0,24.670000076293945,23.489999771118164,23.540000915527344,23.4261531829834,3115900,0.0,0.0
2022-05-04,22.899999618530273,23.719999313354492,22.459999084472656,23.600000381469727,23.485862731933594,3127900,0.0,0.0
2022-05-05,22.6299991607666,23.079999923706055,21.75,22.420000076293945,22.311569213867188,3029400,0.0,0.0
2022-05-06,21.969999313354492,22.010000228881836,20.899999618530273,21.299999237060547,21.196985244750977,4105300,0.0,0.0
2022-05-09,20.719999313354492,20.719999313354492,19.510000228881836,19.709999084472656,19.614673614501953,5144300,0.0,0.0
2022-05-10,20.420000076293945,20.420000076293945,19.40999984741211,19.6200008392334,19.525110244750977,5133400,0.0,0.0
2022-05-11,20.299999237060547,20.979999542236328,19.530000686645508,19.989999771118164,19.893320083618164,5110200,0.0,0.0
2022-05-12,19.079999923706055,19.889999389648438,18.459999084472656,19.489999771118164,19.39573860168457,6862200,0.0,0.0
2022-05-13,20.0,21.239999771118164,19.84000015258789,20.8799991607666,20.779014587402344,7122500,0.0,0.0
2022-05-16,21.329999923706055,21.979999542236328,20.850000381469727,20.979999542236328,20.87853240966797,4176400,0.0,0.0
2022-05-17,22.09000015258789,22.520000457763672,21.31999969482422,21.649999618530273,21.545291900634766,3952400,0.0,0.0
2022-05-18,21.399999618530273,22.079999923706055,20.940000534057617,21.530000686645508,21.425872802734375,4177100,0.0,0.0
2022-05-19,21.139999389648438,21.549999237060547,20.90999984741211,20.979999542236328,20.87853240966797,6267800,0.0,0.0
2022-05-20,21.649999618530273,22.100000381469727,21.06999969482422,21.389999389648438,21.286548614501953,5459700,0.0,0.0
2022-05-23,21.360000610351562,21.420000076293945,20.049999237060547,20.329999923706055,20.23167610168457,6136300,0.0,0.0
2022-05-24,19.799999237060547,19.84000015258789,18.65999984741211,19.350000381469727,19.25641632080078,7763900,0.0,0.0
2022-05-25,19.670000076293945,20.049999237060547,19.229999542236328,19.56999969482422,19.475351333618164,6362600,0.0,0.0
2022-05-26,19.969999313354492,21.469999313354492,19.719999313354492,21.110000610351562,21.007904052734375,6445700,0.0,0.0
2022-05-27,21.489999771118164,21.510000228881836,20.829999923706055,21.299999237060547,21.196985244750977,5566900,0.0,0.0
2022-05-31,22.360000610351562,22.530000686645508,21.690000534057617,22.059999465942383,21.95330810546875,8490100,0.0,0.0
2022-06-01,22.34000015258789,22.760000228881836,21.309999465942383,21.780000686645508,21.674663543701172,4849900,0.0,0.0
2022-06-02,21.670000076293945,22.149999618530273,21.5,22.1200008392334,22.013019561767578,4804500,0.0,0.0
2022-06-03,21.68000030517578,22.09000015258789,21.149999618530273,21.729999542236328,21.62490463256836,4369700,0.0,0.0
2022-06-06,23.1200008392334,23.700000762939453,22.670000076293945,22.770000457763672,22.659875869750977,13053700,0.0,0.0
2022-06-07,22.549999237060547,23.459999084472656,22.350000381469727,23.299999237060547,23.18731117248535,4319300,0.0,0.0
2022-06-08,23.610000610351562,25.56999969482422,23.610000610351562,25.360000610351562,25.237350463867188,11135400,0.0,0.0
2022-06-09,23.979999542236328,24.059999465942383,22.850000381469727,23.040000915527344,22.928569793701172,6362100,0.0,0.0
2022-06-10,22.940000534057617,23.31999969482422,22.229999542236328,22.43000030517578,22.32151985168457,6626300,0.0,0.0
2022-06-13,21.299999237060547,21.510000228881836,20.31999969482422,20.540000915527344,20.440662384033203,5196100,0.0,0.0
2022-06-14,21.139999389648438,22.610000610351562,21.010000228881836,22.18000030517578,22.072729110717773,4039000,0.0,0.0
2022-06-15,22.31999969482422,22.719999313354492,21.84000015258789,21.920000076293945,21.81398582458496,5321100,0.0,0.0
2022-06-16,20.920000076293945,21.1200008392334,20.5,20.790000915527344,20.689453125,3547700,0.0,0.0
2022-06-17,21.719999313354492,21.979999542236328,21.1299991607666,21.350000381469727,21.24674415588379,5337000,0.0,0.0
2022-06-21,22.610000610351562,23.260000228881836,21.979999542236328,23.06999969482422,22.958423614501953,7212300,0.0,0.0
2022-06-22,22.579999923706055,23.510000228881836,22.360000610351562,22.81999969482422,22.709632873535156,4414200,0.0,0.0
2022-06-23,23.350000381469727,23.559999465942383,22.149999618530273,22.729999542236328,22.62006950378418,3213600,0.0,0.0
2022-06-24,23.56999969482422,24.020000457763672,23.260000228881836,23.649999618530273,23.535619735717773,3913900,0.0,0.0
2022-06-27,24.989999771118164,25.0,24.030000686645508,24.56999969482422,24.451169967651367,7046600,0.0,0.0
2022-06-28,27.940000534057617,29.309999465942383,26.799999237060547,27.219999313354492,27.08835220336914,23018000,0.0,0.0
2022-06-29,28.079999923706055,29.040000915527344,26.829999923706055,27.899999618530273,27.765064239501953,12563700,0.0,0.0
2022-06-30,27.219999313354492,27.479999542236328,26.239999771118164,27.450000762939453,27.317241668701172,8411400,0.0,0.0
2022-07-01,27.06999969482422,27.809999465942383,26.84000015258789,27.790000915527344,27.655597686767578,18314700,0.0,0.0
2022-07-05,26.709999084472656,26.8700008392334,25.6200008392334,26.0,25.87425422668457,7701400,0.0,0.0
2022-07-06,26.059999465942383,26.059999465942383,24.43000030517578,24.899999618530273,24.779573440551758,7908300,0.0,0.0
2022-07-07,25.530000686645508,26.780000686645508,25.399999618530273,26.6299991607666,26.501205444335938,7689600,0.0,0.0
2022-07-08,26.360000610351562,26.690000534057617,25.649999618530273,26.15999984741211,26.033479690551758,4092600,0.0,0.0
2022-07-11,24.670000076293945,24.850000381469727,23.8799991607666,24.510000228881836,24.391460418701172,6399800,0.0,0.0
2022-07-12,24.030000686645508,24.899999618530273,24.030000686645508,24.59000015258789,24.471073150634766,3455100,0.0,0.0
2022-07-13,24.579999923706055,26.5,24.260000228881836,26.110000610351562,25.983722686767578,6493700,0.0,0.0
2022-07-14,25.829999923706055,26.1200008392334,25.170000076293945,25.5,25.376672744750977,3428200,0.0,0.0
2022-07-15,24.799999237060547,25.450000762939453,24.489999771118164,25.360000610351562,25.237350463867188,3639000,0.0,0.0
2022-07-18,25.829999923706055,26.770000457763672,25.520000457763672,25.610000610351562,25.486141204833984,3318700,0.0,0.0
2022-07-19,25.700000762939453,27.139999389648438,25.700000762939453,26.739999771118164,26.610675811767578,5956300,0.0,0.0
2022-07-20,26.700000762939453,27.100000381469727,26.229999542236328,26.520000457763672,26.391738891601562,3353600,0.0,0.0
2022-07-21,26.84000015258789,27.239999771118164,26.5,27.030000686645508,26.899272918701172,3309700,0.0,0.0
2022-07-22,26.770000457763672,27.139999389648438,26.290000915527344,26.510000228881836,26.38178825378418,1961400,0.0,0.0
2022-07-25,26.559999465942383,26.889999389648438,26.280000686645508,26.829999923706055,26.700239181518555,3130700,0.0,0.0
2022-07-26,27.059999465942383,27.18000030517578,26.239999771118164,26.239999771118164,26.11309242248535,2660600,0.0,0.0
2022-07-27,26.65999984741211,26.899999618530273,26.020000457763672,26.549999237060547,26.421592712402344,2724100,0.0,0.0
2022-07-28,26.299999237060547,26.610000610351562,24.700000762939453,26.170000076293945,26.043432235717773,3627900,0.0,0.0
2022-07-29,25.18000030517578,26.06999969482422,25.15999984741211,25.780000686645508,25.655319213867188,4602100,0.0,0.0
2022-08-01,25.40999984741211,25.639999389648438,24.68000030517578,25.229999542236328,25.10797691345215,4185400,0.0,0.0
2022-08-02,24.43000030517578,25.770000457763672,24.420000076293945,25.299999237060547,25.17763900756836,3510100,0.0,0.0
2022-08-03,25.260000228881836,26.329999923706055,25.18000030517578,26.260000228881836,26.132997512817383,2167600,0.0,0.0
2022-08-04,26.989999771118164,27.389999389648438,26.389999389648438,26.799999237060547,26.67038345336914,2919200,0.0,0.0
2022-08-05,26.09000015258789,26.700000762939453,26.049999237060547,26.520000457763672,26.391738891601562,1744700,0.0,0.0
2022-08-08,26.520000457763672,27.030000686645508,25.329999923706055,25.420000076293945,25.297060012817383,3514700,0.0,0.0
2022-08-09,25.420000076293945,25.719999313354492,25.31999969482422,25.610000610351562,25.486141204833984,1976800,0.0,0.0
2022-08-10,25.799999237060547,25.850000381469727,25.100000381469727,25.360000610351562,25.237350463867188,3421100,0.0,0.0
2022-08-11,25.639999389648438,26.989999771118164,25.610000610351562,25.940000534057617,25.814544677734375,3586800,0.0,0.0
2022-08-12,25.299999237060547,26.290000915527344,25.15999984741211,26.280000686645508,26.15290069580078,1608600,0.0,0.0
2022-08-15,26.0,26.709999084472656,26.0,26.440000534057617,26.31212615966797,1935900,0.0,0.0
2022-08-16,26.110000610351562,26.65999984741211,26.110000610351562,26.559999465942383,26.43154525756836,2061700,0.0,0.0
2022-08-17,26.5,26.729999542236328,26.059999465942383,26.190000534057617,26.063335418701172,2674000,0.0,0.0
2022-08-18,25.959999084472656,26.1299991607666,25.520000457763672,25.93000030517578,25.80459213256836,1672400,0.0,0.0
2022-08-19,25.93000030517578,26.15999984741211,25.639999389648438,26.110000610351562,25.983722686767578,1854900,0.0,0.0
2022-08-22,26.0,26.959999084472656,25.760000228881836,26.559999465942383,26.43154525756836,4207000,0.0,0.0
2022-08-23,26.780000686645508,27.09000015258789,26.5,26.889999389648438,26.75994873046875,2793200,0.0,0.0
2022-08-24,26.610000610351562,28.09000015258789,26.5,27.860000610351562,27.72525978088379,5117700,0.0,0.0
2022-08-25,28.420000076293945,29.15999984741211,28.25,28.670000076293945,28.531341552734375,6235500,0.0,0.0
2022-08-26,29.93000030517578,30.040000915527344,28.34000015258789,28.8700008392334,28.730375289916992,5045400,0.0,0.0
2022-08-29,28.850000381469727,28.899999618530273,27.229999542236328,27.360000610351562,27.227676391601562,3807500,0.0,0.0
2022-08-30,27.110000610351562,27.93000030517578,24.3700008392334,25.520000457763672,25.396575927734375,7894600,0.0,0.0
2022-08-31,26.059999465942383,26.540000915527344,25.540000915527344,25.719999313354492,25.59560775756836,5580700,0.0,0.0
2022-09-01,24.8700008392334,25.690000534057617,24.510000228881836,25.68000030517578,25.555801391601562,3121800,0.0,0.0
2022-09-02,25.360000610351562,25.75,25.0,25.290000915527344,25.167688369750977,2779700,0.0,0.0
2022-09-06,25.290000915527344,25.440000534057617,24.549999237060547,24.90999984741211,24.789525985717773,2175100,0.0,0.0
2022-09-07,24.84000015258789,25.34000015258789,24.75,25.309999465942383,25.187591552734375,2162300,0.0,0.0
2022-09-08,24.639999389648438,25.170000076293945,24.360000610351562,25.100000381469727,24.978607177734375,2979900,0.0,0.0
2022-09-09,25.56999969482422,25.68000030517578,25.18000030517578,25.549999237060547,25.426429748535156,2139000,0.0,0.0
2022-09-12,25.780000686645508,26.59000015258789,25.649999618530273,25.959999084472656,25.83444595336914,2439200,0.0,0.0
2022-09-13,25.3799991607666,25.989999771118164,25.25,25.450000762939453,25.326915740966797,1851400,0.0,0.0
2022-09-14,25.549999237060547,26.040000915527344,25.360000610351562,25.940000534057617,25.814544677734375,1969600,0.0,0.0
2022-09-15,26.040000915527344,26.6200008392334,25.829999923706055,26.459999084472656,26.332029342651367,3669900,0.0,0.0
2022-09-16,25.59000015258789,25.799999237060547,23.809999465942383,25.1299991607666,25.008460998535156,7251300,0.0,0.0
2022-09-19,24.979999542236328,25.920000076293945,24.969999313354492,25.729999542236328,25.605560302734375,2973200,0.0,0.0
2022-09-20,26.799999237060547,27.709999084472656,26.610000610351562,26.700000762939453,26.57086944580078,7596300,0.0,0.0
2022-09-21,25.950000762939453,26.09000015258789,24.299999237060547,24.43000030517578,24.311847686767578,5484700,0.0,0.0
2022-09-22,25.0,26.559999465942383,24.799999237060547,25.600000381469727,25.47618865966797,7166200,0.0,0.0
2022-09-23,25.8799991607666,26.440000534057617,25.3799991607666,25.989999771118164,25.864301681518555,6555500,0.0,0.0
2022-09-26,27.3799991607666,28.1200008392334,27.290000915527344,27.3700008392334,27.237628936767578,8918400,0.0,0.0
2022-09-27,28.299999237060547,28.579999923706055,27.5,27.65999984741211,27.526226043701172,8224800,0.0,0.0
2022-09-28,27.100000381469727,28.579999923706055,27.079999923706055,28.299999237060547,28.163129806518555,5339600,0.0,0.0
2022-09-29,27.010000228881836,27.479999542236328,26.450000762939453,27.18000030517578,27.048547744750977,3513700,0.0,0.0
2022-09-30,26.579999923706055,27.639999389648438,26.5,27.309999465942383,27.17791748046875,5034100,0.0,0.0
2022-10-03,27.389999389648438,27.899999618530273,26.739999771118164,27.68000030517578,27.54612922668457,4126000,0.0,0.0
2022-10-04,28.459999084472656,29.260000228881836,28.420000076293945,28.690000534057617,28.551244735717773,6748900,0.0,0.0
2022-10-05,29.25,30.5,29.200000762939453,30.239999771118164,30.093748092651367,7977900,0.0,0.0
2022-10-06,30.309999465942383,30.329999923706055,29.399999618530273,29.459999084472656,29.317520141601562,3721200,0.0,0.0
2022-10-07,28.690000534057617,29.079999923706055,27.829999923706055,28.329999923706055,28.19298553466797,3874900,0.0,0.0
2022-10-10,27.079999923706055,27.200000762939453,26.0,26.600000381469727,26.47135353088379,14416300,0.0,0.0
2022-10-11,25.68000030517578,25.790000915527344,22.639999389648438,23.6299991607666,23.515714645385742,12100500,0.0,0.0
2022-10-12,23.979999542236328,24.280000686645508,23.5,23.860000610351562,23.744604110717773,2915000,0.0,0.0
2022-10-13,23.290000915527344,24.770000457763672,22.809999465942383,24.299999237060547,24.182476043701172,4805900,0.0,0.0
2022-10-14,24.979999542236328,25.209999084472656,23.670000076293945,23.670000076293945,23.555522918701172,2903300,0.0,0.0
2022-10-17,24.860000610351562,25.200000762939453,24.059999465942383,24.239999771118164,24.122766494750977,5271900,0.0,0.0
2022-10-18,25.149999618530273,25.290000915527344,24.290000915527344,24.530000686645508,24.41136360168457,3769800,0.0,0.0
2022-10-19,23.5,24.040000915527344,22.450000762939453,22.6200008392334,22.510601043701172,5112700,0.0,0.0
2022-10-20,23.219999313354492,24.200000762939453,23.010000228881836,23.260000228881836,23.147506713867188,4876900,0.0,0.0
2022-10-21,23.260000228881836,24.1299991607666,23.149999618530273,23.940000534057617,23.824216842651367,4303000,0.0,0.0
2022-10-24,20.829999923706055,21.0,19.25,20.360000610351562,20.261531829833984,11601900,0.0,0.0
2022-10-25,21.34000015258789,22.479999542236328,21.299999237060547,21.8799991607666,21.774179458618164,6816100,0.0,0.0
2022-10-26,22.649999618530273,23.719999313354492,22.530000686645508,23.31999969482422,23.20721435546875,6126400,0.0,0.0
2022-10-27,23.600000381469727,23.81999969482422,23.1200008392334,23.200000762939453,23.087797164916992,2949900,0.0,0.0
2022-10-28,22.059999465942383,22.84000015258789,21.899999618530273,22.829999923706055,22.719585418701172,4044600,0.0,0.0
2022-10-31,22.209999084472656,22.860000610351562,22.079999923706055,22.6299991607666,22.520551681518555,4808800,0.0,0.0
2022-11-01,25.0,25.450000762939453,24.31999969482422,24.540000915527344,24.421316146850586,6148300,0.0,0.0
2022-11-02,24.649999618530273,25.940000534057617,24.600000381469727,25.5,25.376672744750977,6921900,0.0,0.0
2022-11-03,24.8799991607666,26.760000228881836,24.8700008392334,26.520000457763672,26.391738891601562,6253400,0.0,0.0
2022-11-04,28.420000076293945,29.040000915527344,27.6200008392334,28.0,27.864582061767578,13298400,0.0,0.0
2022-11-07,28.040000915527344,28.6299991607666,26.959999084472656,26.989999771118164,26.859466552734375,8800800,0.0,0.0
2022-11-08,26.649999618530273,27.489999771118164,26.329999923706055,27.170000076293945,27.03859519958496,2230900,0.0,0.0
2022-11-09,25.969999313354492,26.110000610351562,24.649999618530273,25.0,24.879091262817383,4215700,0.0,0.0
2022-11-10,26.979999542236328,27.760000228881836,26.670000076293945,27.5,27.36699867248535,5946900,0.0,0.0
2022-11-11,29.06999969482422,30.139999389648438,28.729999542236328,28.84000015258789,28.700519561767578,9035900,0.0,0.0
2022-11-14,28.670000076293945,29.399999618530273,27.719999313354492,27.719999313354492,27.585935592651367,4452800,0.0,0.0
2022-11-15,29.700000762939453,31.149999618530273,29.100000381469727,29.280000686645508,29.138391494750977,11159000,0.0,0.0
2022-11-16,29.030000686645508,29.6299991607666,28.690000534057617,28.760000228881836,28.620906829833984,7172200,0.0,0.0
2022-11-17,28.290000915527344,30.020000457763672,27.920000076293945,29.170000076293945,29.02892303466797,8111300,0.0,0.0
2022-11-18,28.200000762939453,28.6299991607666,27.940000534057617,28.350000381469727,28.212888717651367,4914400,0.0,0.0
2022-11-21,27.25,28.440000534057617,27.110000610351562,27.5,27.36699867248535,9362200,0.0,0.0
2022-11-22,26.579999923706055,27.06999969482422,26.1299991607666,26.770000457763672,26.64052963256836,4235800,0.0,0.0
2022-11-23,27.190000534057617,27.299999237060547,26.520000457763672,27.110000610351562,26.978885650634766,4101300,0.0,0.0
2022-11-25,25.940000534057617,25.979999542236328,25.190000534057617,25.950000762939453,25.82449722290039,4101900,0.0,0.0
2022-11-28,26.84000015258789,28.309999465942383,26.270000457763672,28.110000610351562,27.974050521850586,9349000,0.0,0.0
2022-11-29,29.1200008392334,29.489999771118164,28.450000762939453,29.200000762939453,29.058778762817383,6248300,0.0,0.0
2022-11-30,30.920000076293945,32.189998626708984,30.920000076293945,31.950000762939453,31.79547882080078,12567500,0.0,0.0
2022-12-01,30.739999771118164,31.889999389648438,30.559999465942383,31.8700008392334,31.715866088867188,5592200,0.0,0.0
2022-12-02,31.979999542236328,32.63999938964844,31.25,32.2599983215332,32.10397720336914,8546800,0.0,0.0
2022-12-05,33.33000183105469,33.939998626708984,31.860000610351562,32.70000076293945,32.54185104370117,8699900,0.0,0.0
2022-12-06,32.83000183105469,33.40999984741211,32.52000045776367,33.11000061035156,32.949867248535156,4660300,0.0,0.0
2022-12-07,31.389999389648438,32.61000061035156,31.239999771118164,32.27000045776367,32.113929748535156,6046200,0.0,0.0
2022-12-08,33.16999816894531,34.150001525878906,33.16999816894531,33.70000076293945,33.53701400756836,7236400,0.0,0.0
2022-12-09,33.880001068115234,34.06999969482422,32.36000061035156,32.40999984741211,32.25325393676758,5379200,0.0,0.0
2022-12-12,33.20000076293945,33.349998474121094,32.650001525878906,33.150001525878906,32.98967361450195,5872700,0.0,0.0
2022-12-13,34.119998931884766,34.290000915527344,33.18000030517578,33.31999969482422,33.158851623535156,9518900,0.0,0.0
2022-12-14,33.5,34.869998931884766,33.33000183105469,34.40999984741211,34.24357986450195,15698100,0.0,0.0
2022-12-15,34.790000915527344,35.9900016784668,34.119998931884766,34.630001068115234,34.46251678466797,10697600,0.0,0.0
2022-12-16,35.0,35.91999816894531,34.72999954223633,34.81999969482422,34.65159606933594,8102500,0.0,0.0
2022-12-19,34.849998474121094,34.95000076293945,33.95000076293945,34.52000045776367,34.353050231933594,10100400,0.0,0.0
2022-12-20,33.47999954223633,34.619998931884766,33.45000076293945,34.5,34.33314514160156,5517400,0.0,0.0
2022-12-21,34.349998474121094,35.189998626708984,34.060001373291016,34.959999084472656,34.79092025756836,5355800,0.0,0.0
2022-12-22,35.0,35.38999938964844,34.52000045776367,34.81999969482422,34.65159606933594,3573300,0.0,0.0
2022-12-23,34.84000015258789,35.25,33.84000015258789,33.9900016784668,33.82561492919922,2559700,0.0,0.0
2022-12-27,34.900001525878906,35.599998474121094,34.02000045776367,35.459999084472656,35.28850173950195,8703600,0.0,0.0
2022-12-28,35.52000045776367,35.810001373291016,34.47999954223633,34.54999923706055,34.382904052734375,5988200,0.0,0.0
2022-12-29,34.5,35.11000061035156,33.90999984741211,34.72999954223633,34.56203079223633,4728400,0.0,0.0
2022-12-30,33.86000061035156,34.560001373291016,33.79999923706055,34.400001525878906,34.2336311340332,3057500,0.0,0.0
2023-01-03,35.0099983215332,35.970001220703125,34.959999084472656,35.689998626708984,35.51738739013672,5290100,0.0,0.0
2023-01-04,37.16999816894531,38.220001220703125,36.939998626708984,38.130001068115234,37.94559097290039,8778700,0.0,0.0
2023-01-05,37.83000183105469,38.709999084472656,37.63999938964844,38.29999923706055,38.11476516723633,5602600,0.0,0.0
2023-01-06,37.400001525878906,38.4900016784668,37.130001068115234,38.33000183105469,38.144622802734375,4771900,0.0,0.0
2023-01-09,39.0,39.0099983215332,36.849998474121094,37.68000030517578,37.497764587402344,9133500,0.0,0.0
2023-01-10,37.720001220703125,38.220001220703125,37.029998779296875,37.650001525878906,37.46791076660156,5040400,0.0,0.0
2023-01-11,36.70000076293945,37.119998931884766,36.41999816894531,36.52000045776367,36.34337615966797,4530000,0.0,0.0
2023-01-12,36.13999938964844,37.16999816894531,35.9900016784668,36.97999954223633,36.801151275634766,4395700,0.0,0.0
2023-01-13,37.52000045776367,38.40999984741211,37.38999938964844,37.529998779296875,37.348487854003906,3878200,0.0,0.0
2023-01-17,36.54999923706055,36.810001373291016,35.63999938964844,36.31999969482422,36.14434051513672,5104300,0.0,0.0
2023-01-18,36.84000015258789,37.22999954223633,36.06999969482422,36.369998931884766,36.19409942626953,5292000,0.0,0.0
2023-01-19,37.310001373291016,38.13999938964844,37.040000915527344,37.58000183105469,37.398250579833984,5013100,0.0,0.0
2023-01-20,38.79999923706055,39.09000015258789,38.02000045776367,38.279998779296875,38.09486389160156,4776200,0.0,0.0
2023-01-23,38.310001373291016,38.689998626708984,37.970001220703125,38.029998779296875,37.8460693359375,1625200,0.0,0.0
2023-01-24,37.619998931884766,38.7400016784668,37.5,38.630001068115234,38.443172454833984,3285900,0.0,0.0
2023-01-25,38.70000076293945,39.900001525878906,38.54999923706055,39.72999954223633,39.53784942626953,4101500,0.0,0.0
2023-01-26,40.06999969482422,40.08000183105469,39.5,40.060001373291016,39.86625671386719,4345000,0.0,0.0
2023-01-27,40.0,40.16999816894531,39.150001525878906,39.40999984741211,39.219398498535156,3559700,0.0,0.0
2023-01-30,37.61000061035156,37.880001068115234,37.09000015258789,37.45000076293945,37.26887893676758,6031600,0.0,0.0
2023-01-31,37.02000045776367,37.88999938964844,36.66999816894531,36.7599983215332,36.58221435546875,5202000,0.0,0.0
2023-02-01,37.90999984741211,39.220001220703125,37.0,37.63999938964844,37.45795822143555,4388400,0.0,0.0
2023-02-02,37.59000015258789,37.63999938964844,36.029998779296875,36.439998626708984,36.26375961303711,4502600,0.0,0.0
2023-02-03,36.31999969482422,36.4900016784668,35.47999954223633,35.77000045776367,35.59700393676758,4314300,0.0,0.0
2023-02-06,35.150001525878906,36.43000030517578,34.790000915527344,36.15999984741211,35.98511505126953,3776500,0.0,0.0
2023-02-07,37.11000061035156,37.36000061035156,36.84000015258789,37.08000183105469,36.90066909790039,4729200,0.0,0.0
2023-02-08,36.9900016784668,37.959999084472656,36.86000061035156,37.08000183105469,36.90066909790039,5441200,0.0,0.0
2023-02-09,37.95000076293945,38.439998626708984,37.43000030517578,37.689998626708984,37.50771713256836,5455200,0.0,0.0
2023-02-10,36.31999969482422,36.9900016784668,36.31999969482422,36.56999969482422,36.39313507080078,3862000,0.0,0.0
2023-02-13,37.25,38.189998626708984,37.029998779296875,37.849998474121094,37.66694259643555,5397100,0.0,0.0
2023-02-14,37.34000015258789,37.9900016784668,37.189998626708984,37.779998779296875,37.5972785949707,5045200,0.0,0.0
2023-02-15,37.310001373291016,37.849998474121094,36.7599983215332,37.83000183105469,37.64704132080078,3922900,0.0,0.0
2023-02-16,37.900001525878906,38.209999084472656,37.400001525878906,38.04999923706055,37.86597442626953,2817300,0.0,0.0
2023-02-17,36.849998474121094,37.08000183105469,36.349998474121094,36.470001220703125,36.293617248535156,2857400,0.0,0.0
2023-02-21,35.83000183105469,37.130001068115234,35.77000045776367,36.400001525878906,36.22395706176758,5853100,0.0,0.0
2023-02-22,36.790000915527344,36.9900016784668,36.209999084472656,36.77000045776367,36.592166900634766,2705100,0.0,0.0
2023-02-23,37.38999938964844,37.4900016784668,35.66999816894531,36.279998779296875,36.10453414916992,5874800,0.0,0.0
2023-02-24,35.09000015258789,35.27000045776367,34.38999938964844,34.790000915527344,34.621742248535156,3897400,0.0,0.0
2023-02-27,35.06999969482422,35.849998474121094,34.869998931884766,35.4900016784668,35.318359375,5171500,0.0,0.0
2023-02-28,35.5,36.4900016784668,35.22999954223633,35.54999923706055,35.37806701660156,5537300,0.0,0.0
2023-03-01,37.290000915527344,37.97999954223633,36.90999984741211,37.72999954223633,37.547523498535156,6144900,0.0,0.0
2023-03-02,37.29999923706055,37.880001068115234,36.88999938964844,37.869998931884766,37.68684387207031,4989100,0.0,0.0
2023-03-03,37.560001373291016,39.130001068115234,37.5,38.720001220703125,38.532737731933594,5935000,0.0,0.0
2023-03-06,39.5,39.529998779296875,38.5099983215332,38.61000061035156,38.42326736450195,7070700,0.0,0.0
2023-03-07,39.31999969482422,39.470001220703125,36.58000183105469,37.529998779296875,37.348487854003906,9306300,0.0,0.0
2023-03-08,37.72999954223633,37.75,36.400001525878906,36.939998626708984,36.7613410949707,5778000,0.0,0.0
2023-03-09,35.91999816894531,36.11000061035156,34.900001525878906,35.029998779296875,34.86058044433594,6179600,0.0,0.0
2023-03-10,35.97999954223633,36.900001525878906,35.70000076293945,36.08000183105469,35.9055061340332,4972000,0.0,0.0
2023-03-13,36.20000076293945,37.529998779296875,36.099998474121094,37.279998779296875,37.09969711303711,6988100,0.0,0.0
2023-03-14,37.4900016784668,37.849998474121094,36.95000076293945,37.810001373291016,37.62713623046875,4333200,0.0,0.0
2023-03-15,36.65999984741211,36.90999984741211,35.900001525878906,36.380001068115234,36.20405197143555,5341900,0.0,0.0
2023-03-16,36.43000030517578,37.400001525878906,36.20000076293945,37.38999938964844,37.20916748046875,3706300,0.0,0.0
2023-03-17,37.88999938964844,37.939998626708984,35.9900016784668,36.650001525878906,36.472747802734375,11709300,0.0,0.0
2023-03-20,35.209999084472656,36.77000045776367,35.06999969482422,36.439998626708984,36.26375961303711,7171900,0.0,0.0
2023-03-21,36.90999984741211,38.2599983215332,36.90999984741211,38.099998474121094,37.915733337402344,4663800,0.0,0.0
2023-03-22,38.099998474121094,38.220001220703125,37.130001068115234,37.189998626708984,37.0101318359375,3440000,0.0,0.0
2023-03-23,38.029998779296875,38.56999969482422,36.7599983215332,37.38999938964844,37.20916748046875,3379900,0.0,0.0
2023-03-24,36.9900016784668,37.06999969482422,36.099998474121094,36.220001220703125,36.04482650756836,4476300,0.0,0.0
2023-03-27,36.029998779296875,36.22999954223633,35.709999084472656,36.11000061035156,35.935359954833984,3306100,0.0,0.0
2023-03-28,36.77000045776367,37.11000061035156,35.59000015258789,35.75,35.57709884643555,4300500,0.0,0.0
2023-03-29,35.59000015258789,36.20000076293945,35.41999816894531,36.150001525878906,35.97516632080078,5320400,0.0,0.0
2023-03-30,36.189998626708984,37.400001525878906,36.06999969482422,36.97999954223633,36.801151275634766,5572500,0.0,0.0
2023-03-31,37.150001525878906,37.88999938964844,37.04999923706055,37.66999816894531,37.48781204223633,4379400,0.0,0.0
2023-04-03,37.720001220703125,37.90999984741211,37.0099983215332,37.400001525878906,37.219120025634766,2624000,0.0,0.0
2023-04-04,37.13999938964844,37.779998779296875,36.970001220703125,37.54999923706055,37.36839294433594,1733100,0.0,0.0
2023-04-05,37.43000030517578,37.43000030517578,36.36000061035156,36.7400016784668,36.562313079833984,1592000,0.0,0.0
2023-04-06,37.220001220703125,37.7599983215332,36.84000015258789,37.63999938964844,37.45795822143555,3217200,0.0,0.0
2023-04-10,37.439998626708984,38.02000045776367,37.22999954223633,37.79999923706055,37.617183685302734,2225200,0.0,0.0
2023-04-11,38.099998474121094,38.470001220703125,37.060001373291016,37.08000183105469,36.90066909790039,3033100,0.0,0.0
2023-04-12,36.70000076293945,36.810001373291016,35.16999816894531,35.2599983215332,35.0894660949707,6383700,0.0,0.0
2023-04-13,36.04999923706055,36.349998474121094,35.58000183105469,35.72999954223633,35.55719757080078,3079100,0.0,0.0
2023-04-14,35.5099983215332,35.599998474121094,35.02000045776367,35.47999954223633,35.30840301513672,3177600,0.0,0.0
2023-04-17,36.439998626708984,36.81999969482422,36.189998626708984,36.54999923706055,36.37322998046875,3359700,0.0,0.0
2023-04-18,36.81999969482422,37.81999969482422,36.72999954223633,37.650001525878906,37.46791076660156,3424800,0.0,0.0
2023-04-19,37.29999923706055,37.880001068115234,37.02000045776367,37.13999938964844,36.96037673950195,3040200,0.0,0.0
2023-04-20,36.83000183105469,37.66999816894531,36.65999984741211,36.959999084472656,36.781246185302734,2282200,0.0,0.0
2023-04-21,36.5,36.83000183105469,35.779998779296875,36.56999969482422,36.39313507080078,2607700,0.0,0.0
2023-04-24,36.0,36.099998474121094,35.099998474121094,35.790000915527344,35.616905212402344,4179600,0.0,0.0
2023-04-25,35.150001525878906,35.380001068115234,34.34000015258789,35.11000061035156,34.9401969909668,4765600,0.0,0.0
2023-04-26,35.4900016784668,35.790000915527344,34.81999969482422,34.91999816894531,34.7511100769043,2821700,0.0,0.0
2023-04-27,35.060001373291016,35.380001068115234,34.689998626708984,35.0099983215332,34.840675354003906,7128500,0.0,0.0
2023-04-28,35.029998779296875,35.779998779296875,34.56999969482422,35.5099983215332,35.3382568359375,3672800,0.0,0.0
2023-05-01,35.29999923706055,35.66999816894531,35.18000030517578,35.290000915527344,35.11932373046875,1811200,0.0,0.0
2023-05-02,34.86000061035156,35.02000045776367,33.56999969482422,34.52000045776367,34.353050231933594,3382000,0.0,0.0
2023-05-03,34.040000915527344,34.22999954223633,32.66999816894531,32.90999984741211,32.75083541870117,9337800,0.0,0.0
2023-05-04,32.84000015258789,33.4900016784668,32.66999816894531,32.939998626708984,32.78068923950195,3963400,0.0,0.0
2023-05-05,32.88999938964844,33.36000061035156,32.880001068115234,33.099998474121094,32.93991470336914,3744100,0.0,0.0
2023-05-08,33.150001525878906,33.34000015258789,32.91999816894531,33.150001525878906,32.98967361450195,3458400,0.0,0.0
2023-05-09,31.950000762939453,32.66999816894531,31.84000015258789,32.47999954223633,32.322914123535156,5484100,0.0,0.0
2023-05-10,32.7599983215332,32.810001373291016,32.130001068115234,32.52000045776367,32.36272048950195,3488600,0.0,0.0
2023-05-11,32.38999938964844,34.029998779296875,32.29999923706055,33.41999816894531,33.258365631103516,3745200,0.0,0.0
2023-05-12,33.27000045776367,33.5,32.81999969482422,33.04999923706055,32.89015579223633,4725500,0.0,0.0
2023-05-15,33.68000030517578,34.380001068115234,32.79999923706055,34.2400016784668,34.074405670166016,4844200,0.0,0.0
2023-05-16,33.59000015258789,33.959999084472656,33.130001068115234,33.95000076293945,33.785804748535156,2867300,0.0,0.0
2023-05-17,33.18000030517578,33.7599983215332,32.95000076293945,33.75,33.58677291870117,5318100,0.0,0.0
2023-05-18,34.43000030517578,34.439998626708984,33.150001525878906,33.56999969482422,33.40764236450195,5084400,0.0,0.0
2023-05-19,33.25,33.47999954223633,32.83000183105469,33.25,33.08919143676758,3298800,0.0,0.0
2023-05-22,34.09000015258789,34.27000045776367,33.810001373291016,33.90999984741211,33.74599838256836,5112500,0.0,0.0
2023-05-23,33.5099983215332,33.59000015258789,32.709999084472656,32.959999084472656,32.80059051513672,4355600,0.0,0.0
2023-05-24,32.400001525878906,32.59000015258789,31.43000030517578,32.02000045776367,31.86513900756836,6715100,0.0,0.0
2023-05-25,30.850000381469727,31.530000686645508,30.700000762939453,31.209999084472656,31.05905532836914,9250000,0.0,0.0
2023-05-26,31.450000762939453,31.770000457763672,31.059999465942383,31.489999771118164,31.33770179748535,4132900,0.0,0.0
2023-05-30,31.139999389648438,31.760000228881836,30.81999969482422,31.3799991607666,31.228233337402344,7417600,0.0,0.0
2023-05-31,32.0,32.36000061035156,31.209999084472656,31.579999923706055,31.42726707458496,17877000,0.0,0.0
2023-06-01,30.809999465942383,32.33000183105469,30.770000457763672,32.22999954223633,32.07412338256836,10803900,0.0,0.0
2023-06-02,33.470001220703125,34.560001373291016,33.470001220703125,34.41999816894531,34.2535285949707,7727700,0.0,0.0
2023-06-05,34.22999954223633,34.45000076293945,33.88999938964844,33.959999084472656,33.79575729370117,3773400,0.0,0.0
2023-06-06,34.41999816894531,35.630001068115234,34.31999969482422,35.119998931884766,34.95014572143555,4912600,0.0,0.0
2023-06-07,35.0099983215332,35.40999984741211,34.029998779296875,34.290000915527344,34.12416076660156,5297400,0.0,0.0
2023-06-08,35.720001220703125,36.189998626708984,35.220001220703125,36.150001525878906,35.97516632080078,12408600,0.0,0.0
2023-06-09,36.369998931884766,37.84000015258789,36.20000076293945,37.779998779296875,37.5972785949707,8656900,0.0,0.0
2023-06-12,37.2400016784668,37.689998626708984,36.75,36.790000915527344,36.6120719909668,7408000,0.0,0.0
2023-06-13,37.79999923706055,37.90999984741211,36.099998474121094,36.18000030517578,36.00502014160156,6982300,0.0,0.0
2023-06-14,35.5099983215332,36.349998474121094,35.5,35.91999816894531,35.74627685546875,5349800,0.0,0.0
2023-06-15,36.099998474121094,36.13999938964844,35.099998474121094,35.86000061035156,35.68656921386719,4595300,0.0,0.0
2023-06-16,36.0,36.130001068115234,35.63999938964844,36.0,35.825889587402344,4068300,0.0,0.0
2023-06-20,34.869998931884766,35.41999816894531,34.63999938964844,34.70000076293945,34.53217697143555,3329900,0.0,0.0
2023-06-21,34.970001220703125,35.400001525878906,34.720001220703125,35.209999084472656,35.039710998535156,6113000,0.0,0.0
2023-06-22,35.04999923706055,35.369998931884766,34.68000030517578,34.86000061035156,34.69140625,2842300,0.0,0.0
2023-06-23,34.959999084472656,35.220001220703125,34.029998779296875,34.279998779296875,34.11420822143555,3169500,0.0,0.0
2023-06-26,34.20000076293945,34.41999816894531,33.939998626708984,33.9900016784668,33.82561492919922,3186100,0.0,0.0
2023-06-27,35.0,35.150001525878906,34.630001068115234,34.880001068115234,34.711307525634766,2835400,0.0,0.0
2023-06-28,34.43000030517578,34.9900016784668,34.150001525878906,34.91999816894531,34.7511100769043,2523900,0.0,0.0
2023-06-29,34.400001525878906,34.880001068115234,34.38999938964844,34.66999816894531,34.5023193359375,3128900,0.0,0.0
2023-06-30,34.70000076293945,35.13999938964844,34.61000061035156,35.0,34.830726623535156,3342100,0.0,0.0
2023-07-03,35.560001373291016,35.7400016784668,35.04999923706055,35.209999084472656,35.039710998535156,2848000,0.0,0.0
2023-07-05,35.16999816894531,35.459999084472656,34.779998779296875,35.11000061035156,34.9401969909668,3312200,0.0,0.0
2023-07-06,34.189998626708984,34.540000915527344,33.41999816894531,33.720001220703125,33.55691909790039,4094300,0.0,0.0
2023-07-07,33.959999084472656,34.88999938964844,33.81999969482422,34.58000183105469,34.41276168823242,2332900,0.0,0.0
2023-07-10,34.2400016784668,35.34000015258789,34.16999816894531,35.2599983215332,35.0894660949707,2918000,0.0,0.0
2023-07-11,35.619998931884766,35.97999954223633,35.22999954223633,35.880001068115234,35.70647048950195,2608400,0.0,0.0
2023-07-12,36.63999938964844,37.470001220703125,36.2400016784668,37.18000030517578,37.00018310546875,5763500,0.0,0.0
2023-07-13,37.779998779296875,38.15999984741211,37.599998474121094,38.0099983215332,37.826168060302734,5529800,0.0,0.0
2023-07-14,37.29999923706055,37.349998474121094,36.36000061035156,36.90999984741211,36.73148727416992,3183900,0.0,0.0
2023-07-17,36.650001525878906,37.029998779296875,36.33000183105469,36.970001220703125,36.79119873046875,2742800,0.0,0.0
2023-07-18,36.939998626708984,37.29999923706055,36.0,36.09000015258789,35.91545486450195,2559800,0.0,0.0
2023-07-19,36.59000015258789,36.779998779296875,36.22999954223633,36.75,36.572261810302734,2147900,0.0,0.0
2023-07-20,36.650001525878906,36.93000030517578,36.27000045776367,36.540000915527344,36.36328125,6181300,0.0,0.0
2023-07-21,37.130001068115234,37.27000045776367,36.4900016784668,36.709999084472656,36.53245544433594,1676900,0.0,0.0
2023-07-24,36.2400016784668,38.5,36.06999969482422,37.900001525878906,37.71670150756836,3229700,0.0,0.0
2023-07-25,38.5,39.220001220703125,37.79999923706055,37.91999816894531,37.736602783203125,4324700,0.0,0.0
2023-07-26,37.47999954223633,38.5,37.38999938964844,38.41999816894531,38.23418426513672,2395700,0.0,0.0
2023-07-27,38.5,38.630001068115234,37.52000045776367,37.61000061035156,37.428104400634766,2292400,0.0,0.0
2023-07-28,39.16999816894531,39.77000045776367,39.0,39.560001373291016,39.368675231933594,3416600,0.0,0.0
2023-07-31,40.0,41.209999084472656,39.95000076293945,41.040000915527344,40.841514587402344,6641500,0.0,0.0
2023-08-01,40.31999969482422,40.970001220703125,40.11000061035156,40.36000061035156,40.16480255126953,2726500,0.0,0.0
2023-08-02,39.29999923706055,39.349998474121094,38.08000183105469,38.31999969482422,38.13467025756836,3240200,0.0,0.0
2023-08-03,39.04999923706055,39.90999984741211,39.04999923706055,39.7400016784668,39.54780578613281,3088100,0.0,0.0
2023-08-04,40.0,40.5,39.7400016784668,39.75,39.55775451660156,2578700,0.0,0.0
2023-08-07,40.439998626708984,40.5,39.970001220703125,40.459999084472656,40.264320373535156,2285500,0.0,0.0
2023-08-08,39.380001068115234,40.02000045776367,39.119998931884766,39.939998626708984,39.74683380126953,4204300,0.0,0.0
2023-08-09,40.86000061035156,41.16999816894531,40.59000015258789,40.880001068115234,40.682289123535156,5455200,0.0,0.0
2023-08-10,42.04999923706055,43.59000015258789,41.279998779296875,41.36000061035156,41.159969329833984,8836000,0.0,0.0
2023-08-11,40.2400016784668,40.720001220703125,39.95000076293945,40.52000045776367,40.324031829833984,4249700,0.0,0.0
2023-08-14,39.72999954223633,40.52000045776367,39.31999969482422,40.040000915527344,39.846351623535156,2776100,0.0,0.0
2023-08-15,39.97999954223633,40.119998931884766,39.209999084472656,39.61000061035156,39.41843032836914,2226200,0.0,0.0
2023-08-16,38.88999938964844,39.529998779296875,38.5,39.349998474121094,39.15968704223633,3879800,0.0,0.0
2023-08-17,40.040000915527344,40.2400016784668,38.40999984741211,38.47999954223633,38.29389572143555,5986100,0.0,0.0
2023-08-18,37.150001525878906,37.95000076293945,36.81999969482422,37.61000061035156,37.428104400634766,3734200,0.0,0.0
2023-08-21,37.43000030517578,38.22999954223633,37.380001068115234,37.70000076293945,37.517669677734375,5000900,0.0,0.0
2023-08-22,38.5,38.5,37.959999084472656,38.04999923706055,37.86597442626953,2490400,0.0,0.0
2023-08-23,38.65999984741211,39.849998474121094,38.560001373291016,39.33000183105469,39.13978576660156,3637400,0.0,0.0
2023-08-24,40.029998779296875,40.86000061035156,39.560001373291016,39.599998474121094,39.408477783203125,4251200,0.0,0.0
2023-08-25,39.279998779296875,39.459999084472656,38.27000045776367,39.150001525878906,38.96065902709961,3452600,0.0,0.0
2023-08-28,39.13999938964844,39.81999969482422,39.04999923706055,39.540000915527344,39.34877014160156,3345900,0.0,0.0
2023-08-29,40.0,40.18000030517578,39.59000015258789,39.97999954223633,39.78664016723633,2133100,0.0,0.0
2023-08-30,39.13999938964844,40.04999923706055,39.09000015258789,39.779998779296875,39.587608337402344,3209000,0.0,0.0
2023-08-31,39.7599983215332,39.810001373291016,39.099998474121094,39.310001373291016,39.1198844909668,2950400,0.0,0.0
2023-09-01,40.0,40.900001525878906,39.709999084472656,40.380001068115234,40.18470764160156,5599100,0.0,0.0
2023-09-05,38.5,38.869998931884766,37.04999923706055,38.2599983215332,38.07495880126953,8816900,0.0,0.0
2023-09-06,38.43000030517578,38.7400016784668,37.560001373291016,37.88999938964844,37.706748962402344,5332100,0.0,0.0
2023-09-07,36.349998474121094,36.40999984741211,35.4900016784668,35.849998474121094,35.676612854003906,5255200,0.0,0.0
2023-09-08,35.880001068115234,36.0099983215332,35.5,35.880001068115234,35.70647048950195,2267700,0.0,0.0
2023-09-11,36.29999923706055,36.56999969482422,35.72999954223633,35.9900016784668,35.815940856933594,5777300,0.0,0.0
2023-09-12,36.0,36.560001373291016,35.869998931884766,36.20000076293945,36.024925231933594,7036700,0.0,0.0
2023-09-13,36.029998779296875,36.099998474121094,35.52000045776367,35.849998474121094,35.676612854003906,5607300,0.0,0.0
2023-09-14,36.04999923706055,36.04999923706055,35.560001373291016,35.63999938964844,35.46763229370117,3159000,0.0,0.0
2023-09-15,36.02000045776367,36.400001525878906,35.869998931884766,35.90999984741211,35.736324310302734,3817600,0.0,0.0
2023-09-18,36.0,36.31999969482422,35.66999816894531,36.130001068115234,35.95526123046875,4999100,0.0,0.0
2023-09-19,36.099998474121094,36.279998779296875,35.75,36.0099983215332,35.83584213256836,3217600,0.0,0.0
2023-09-20,35.970001220703125,36.189998626708984,35.720001220703125,35.7599983215332,35.5870475769043,3115100,0.0,0.0
2023-09-21,35.33000183105469,35.650001525878906,35.130001068115234,35.41999816894531,35.248695373535156,4400100,0.0,0.0
2023-09-22,36.68000030517578,36.72999954223633,35.79999923706055,35.83000183105469,35.656715393066406,4165700,0.0,0.0
2023-09-25,35.0099983215332,35.90999984741211,35.0,35.84000015258789,35.666664123535156,2733900,0.0,0.0
2023-09-26,35.400001525878906,35.560001373291016,35.209999084472656,35.25,35.07951736450195,2425000,0.0,0.0
2023-09-27,35.209999084472656,35.4900016784668,35.04999923706055,35.43000030517578,35.25864791870117,2602900,0.0,0.0
2023-09-28,34.70000076293945,35.22999954223633,34.689998626708984,35.09000015258789,34.920291900634766,4226500,0.0,0.0
2023-09-29,35.689998626708984,35.79999923706055,34.93000030517578,34.970001220703125,34.800872802734375,3338200,0.0,0.0
2023-10-02,35.04999923706055,35.18000030517578,34.83000183105469,34.959999084472656,34.79092025756836,2268100,0.0,0.0
2023-10-03,34.2599983215332,34.27000045776367,33.02000045776367,33.2400016784668,33.07923889160156,7168600,0.0,0.0
2023-10-04,32.959999084472656,33.220001220703125,32.70000076293945,33.11000061035156,32.949867248535156,4880500,0.0,0.0
2023-10-05,32.810001373291016,33.18000030517578,32.7400016784668,33.18000030517578,33.019527435302734,4561100,0.0,0.0
2023-10-06,33.29999923706055,34.04999923706055,33.150001525878906,33.900001525878906,33.73604965209961,3420200,0.0,0.0
2023-10-09,33.09000015258789,33.40999984741211,32.900001525878906,33.29999923706055,33.138946533203125,3529800,0.0,0.0
2023-10-10,33.63999938964844,34.40999984741211,33.5099983215332,34.2400016784668,34.074405670166016,5051200,0.0,0.0
2023-10-11,34.349998474121094,34.529998779296875,33.970001220703125,34.459999084472656,34.293338775634766,4040000,0.0,0.0
2023-10-12,34.72999954223633,34.79999923706055,33.75,33.900001525878906,33.73604965209961,4039000,0.0,0.0
2023-10-13,33.380001068115234,33.720001220703125,32.97999954223633,33.040000915527344,32.88020706176758,2861700,0.0,0.0
2023-10-16,32.880001068115234,33.7599983215332,32.84000015258789,33.61000061035156,33.44744873046875,3134900,0.0,0.0
2023-10-17,32.83000183105469,33.380001068115234,32.83000183105469,33.150001525878906,32.98967361450195,2427700,0.0,0.0
2023-10-18,32.810001373291016,33.209999084472656,32.77000045776367,32.939998626708984,32.78068923950195,4635900,0.0,0.0
2023-10-19,32.650001525878906,33.27000045776367,32.470001220703125,33.04999923706055,32.89015579223633,6208300,0.0,0.0
2023-10-20,32.4900016784668,33.060001373291016,32.06999969482422,32.09000015258789,31.93480110168457,6042200,0.0,0.0
2023-10-23,32.04999923706055,33.869998931884766,31.989999771118164,33.810001373291016,33.646484375,5928800,0.0,0.0
2023-10-24,33.40999984741211,34.75,33.38999938964844,34.65999984741211,34.49237060546875,6142500,0.0,0.0
2023-10-25,34.18000030517578,34.720001220703125,34.11000061035156,34.540000915527344,34.37295150756836,3724500,0.0,0.0
2023-10-26,34.540000915527344,35.310001373291016,34.540000915527344,34.970001220703125,34.800872802734375,4053900,0.0,0.0
2023-10-27,35.58000183105469,35.869998931884766,34.279998779296875,35.31999969482422,35.14917755126953,3242500,0.0,0.0
2023-10-30,35.63999938964844,35.7400016784668,35.0,35.20000076293945,35.02975845336914,4236700,0.0,0.0
2023-10-31,34.52000045776367,34.599998474121094,33.529998779296875,34.0,33.83556365966797,5759800,0.0,0.0
2023-11-01,33.95000076293945,34.04999923706055,33.310001373291016,33.529998779296875,33.367835998535156,3542000,0.0,0.0
2023-11-02,33.63999938964844,33.66999816894531,32.619998931884766,33.09000015258789,32.92996597290039,5700300,0.0,0.0
2023-11-03,33.599998474121094,34.060001373291016,33.4900016784668,33.58000183105469,33.41759490966797,2489100,0.0,0.0
2023-11-06,34.2400016784668,34.369998931884766,33.900001525878906,34.0,33.83556365966797,1796000,0.0,0.0
2023-11-07,33.529998779296875,33.869998931884766,33.369998931884766,33.5,33.337982177734375,4020000,0.0,0.0
2023-11-08,33.29999923706055,33.900001525878906,33.25,33.529998779296875,33.367835998535156,2607600,0.0,0.0
2023-11-09,33.599998474121094,33.900001525878906,33.40999984741211,33.66999816894531,33.50715637207031,1764300,0.0,0.0
2023-11-10,33.439998626708984,33.91999816894531,33.290000915527344,33.90999984741211,33.74599838256836,1630700,0.0,0.0
2023-11-13,34.56999969482422,35.34000015258789,34.36000061035156,35.209999084472656,35.039710998535156,2298900,0.0,0.0
2023-11-14,35.36000061035156,35.65999984741211,35.29999923706055,35.36000061035156,35.188987731933594,3109600,0.0,0.0
2023-11-15,36.06999969482422,36.31999969482422,35.59000015258789,35.790000915527344,35.616905212402344,4111100,0.0,0.0
2023-11-16,34.91999816894531,35.709999084472656,34.869998931884766,35.36000061035156,35.188987731933594,3965900,0.0,0.0
2023-11-17,35.56999969482422,35.72999954223633,35.130001068115234,35.45000076293945,35.27854919433594,2541200,0.0,0.0
2023-11-20,35.779998779296875,36.709999084472656,35.70000076293945,36.66999816894531,36.49264907836914,5751400,0.0,0.0
2023-11-21,32.65999984741211,34.529998779296875,31.549999237060547,32.779998779296875,32.621463775634766,15296700,0.0,0.0
2023-11-22,34.060001373291016,35.40999984741211,34.0099983215332,34.93000030517578,34.76106643676758,12971600,0.0,0.0
2023-11-24,35.0,35.54999923706055,34.88999938964844,35.36000061035156,35.188987731933594,3957200,0.0,0.0
2023-11-27,35.369998931884766,35.599998474121094,35.25,35.52000045776367,35.34821319580078,4350200,0.0,0.0
2023-11-28,35.36000061035156,35.68000030517578,35.220001220703125,35.400001525878906,35.22879409790039,4848100,0.0,0.0
2023-11-29,34.81999969482422,35.16999816894531,34.25,34.470001220703125,34.30329132080078,6468800,0.0,0.0
2023-11-30,35.099998474121094,35.41999816894531,34.869998931884766,35.18000030517578,35.009857177734375,4238000,0.0,0.0
2023-12-01,34.43000030517578,34.5099983215332,33.7599983215332,34.13999938964844,33.974884033203125,4486400,0.0,0.0
2023-12-04,33.709999084472656,33.9900016784668,33.630001068115234,33.70000076293945,33.53701400756836,2573500,0.0,0.0
2023-12-05,33.0,33.130001068115234,32.41999816894531,32.939998626708984,32.78068923950195,6578700,0.0,0.0
2023-12-06,33.11000061035156,33.16999816894531,32.720001220703125,32.7599983215332,32.601558685302734,3552900,0.0,0.0
2023-12-07,32.880001068115234,33.2400016784668,32.72999954223633,33.02000045776367,32.86030197143555,2888500,0.0,0.0
2023-12-08,33.11000061035156,33.16999816894531,32.86000061035156,32.900001525878906,32.740882873535156,4244700,0.0,0.0
2023-12-11,32.77000045776367,33.4900016784668,32.65999984741211,33.38999938964844,33.228511810302734,4052200,0.0,0.0
2023-12-12,33.599998474121094,33.939998626708984,33.27000045776367,33.880001068115234,33.71614456176758,2541900,0.0,0.0
2023-12-13,33.97999954223633,33.97999954223633,33.13999938964844,33.47999954223633,33.318077087402344,3969900,0.0,0.0
2023-12-14,33.5,33.88999938964844,33.290000915527344,33.47999954223633,33.318077087402344,5150300,0.0,0.0
2023-12-15,33.689998626708984,34.18000030517578,33.439998626708984,33.7599983215332,33.59672164916992,2888800,0.0,0.0
2023-12-18,33.77000045776367,33.86000061035156,33.34000015258789,33.38999938964844,33.228511810302734,2113600,0.0,0.0
2023-12-19,33.79999923706055,34.31999969482422,33.72999954223633,34.2400016784668,34.074405670166016,2207200,0.0,0.0
2023-12-20,33.84000015258789,34.22999954223633,33.689998626708984,33.689998626708984,33.527061462402344,4992000,0.0,0.0
2023-12-21,33.9900016784668,34.709999084472656,33.91999816894531,34.689998626708984,34.52222442626953,4020300,0.0,0.0
2023-12-22,33.790000915527344,34.459999084472656,33.66999816894531,34.400001525878906,34.2336311340332,2504800,0.0,0.0
2023-12-26,34.220001220703125,34.52000045776367,33.939998626708984,34.040000915527344,33.875370025634766,2224900,0.0,0.0
2023-12-27,33.9900016784668,34.310001373291016,33.900001525878906,34.2400016784668,34.074405670166016,1765300,0.0,0.0
2023-12-28,34.95000076293945,35.7400016784668,34.95000076293945,35.27000045776367,35.099422454833984,3629600,0.0,0.0
2023-12-29,35.06999969482422,36.119998931884766,35.06999969482422,36.0099983215332,35.83584213256836,5350800,0.0,0.0
2024-01-02,35.66999816894531,35.959999084472656,35.369998931884766,35.65999984741211,35.48753356933594,2749300,0.0,0.0
2024-01-03,35.959999084472656,36.650001525878906,35.58000183105469,36.369998931884766,36.19409942626953,5235300,0.0,0.0
2024-01-04,36.630001068115234,39.11000061035156,36.54999923706055,38.45000076293945,38.264041900634766,7670100,0.0,0.0
2024-01-05,38.099998474121094,38.72999954223633,37.869998931884766,38.25,38.06501007080078,3200800,0.0,0.0
2024-01-08,37.439998626708984,37.939998626708984,37.06999969482422,37.86000061035156,37.67689514160156,3705300,0.0,0.0
2024-01-09,37.84000015258789,38.189998626708984,37.380001068115234,37.41999816894531,37.23902130126953,4142700,0.0,0.0
2024-01-10,38.0,38.13999938964844,37.220001220703125,37.220001220703125,37.03998947143555,5195000,0.0,0.0
2024-01-11,37.5,37.56999969482422,37.08000183105469,37.54999923706055,37.36839294433594,1710900,0.0,0.0
2024-01-12,37.31999969482422,37.63999938964844,37.11000061035156,37.2400016784668,37.05989456176758,2085200,0.0,0.0
2024-01-16,36.79999923706055,37.20000076293945,36.380001068115234,36.54999923706055,36.37322998046875,3203000,0.0,0.0
2024-01-17,35.689998626708984,36.0099983215332,35.34000015258789,35.90999984741211,35.736324310302734,3048400,0.0,0.0
2024-01-18,36.31999969482422,36.619998931884766,35.79999923706055,36.4900016784668,36.31352233886719,2609000,0.0,0.0
2024-01-19,35.65999984741211,36.16999816894531,35.34000015258789,35.939998626708984,35.766178131103516,2734600,0.0,0.0
2024-01-22,34.5,35.209999084472656,34.41999816894531,34.95000076293945,34.780967712402344,4310200,0.0,0.0
2024-01-23,36.09000015258789,36.66999816894531,35.650001525878906,36.04999923706055,35.875648498535156,4004700,0.0,0.0
2024-01-24,37.209999084472656,37.41999816894531,36.66999816894531,36.849998474121094,36.67177963256836,3374800,0.0,0.0
2024-01-25,37.38999938964844,37.47999954223633,36.91999816894531,37.209999084472656,37.03003692626953,2127000,0.0,0.0
2024-01-26,37.150001525878906,37.72999954223633,37.150001525878906,37.4900016784668,37.308685302734375,1684100,0.0,0.0
2024-01-29,37.81999969482422,37.869998931884766,36.61000061035156,37.09000015258789,36.91061782836914,3483600,0.0,0.0
2024-01-30,35.900001525878906,36.439998626708984,35.900001525878906,36.369998931884766,36.19409942626953,2915000,0.0,0.0
2024-01-31,35.95000076293945,37.04999923706055,35.939998626708984,36.560001373291016,36.383182525634766,4293500,0.0,0.0
2024-02-01,37.18000030517578,37.619998931884766,37.029998779296875,37.400001525878906,37.219120025634766,3902400,0.0,0.0
2024-02-02,36.58000183105469,37.029998779296875,36.58000183105469,37.0,36.82105255126953,4517400,0.0,0.0
2024-02-05,37.20000076293945,37.5099983215332,36.880001068115234,37.40999984741211,37.22907257080078,2193200,0.0,0.0
2024-02-06,38.849998474121094,39.79999923706055,38.439998626708984,39.47999954223633,39.289058685302734,6148000,0.0,0.0
2024-02-07,38.349998474121094,39.459999084472656,38.27000045776367,39.45000076293945,39.25920486450195,4550500,0.0,0.0
2024-02-08,38.95000076293945,39.099998474121094,38.7400016784668,38.9900016784668,38.801429748535156,3089400,0.0,0.0
2024-02-09,38.970001220703125,39.61000061035156,38.79999923706055,39.59000015258789,39.398529052734375,2002800,0.0,0.0
2024-02-12,39.7400016784668,40.61000061035156,39.61000061035156,40.0,39.80654525756836,3143300,0.0,0.0
2024-02-13,39.529998779296875,40.04999923706055,39.34000015258789,39.650001525878906,39.4582405090332,2227800,0.0,0.0
2024-02-14,40.5,40.66999816894531,40.27000045776367,40.61000061035156,40.41359329223633,2739700,0.0,0.0
2024-02-15,40.58000183105469,41.09000015258789,40.5099983215332,40.939998626708984,40.74199676513672,4009800,0.0,0.0
2024-02-16,41.66999816894531,42.04999923706055,41.15999984741211,41.25,41.050498962402344,2957300,0.0,0.0
2024-02-20,41.400001525878906,41.689998626708984,41.209999084472656,41.439998626708984,41.23957824707031,5044200,0.0,0.0
2024-02-21,42.0,42.27000045776367,41.5,41.90999984741211,41.707305908203125,6918900,0.0,0.0
2024-02-22,44.900001525878906,45.29999923706055,43.380001068115234,44.66999816894531,44.453956604003906,6851100,0.0,0.0
2024-02-23,46.41999816894531,47.45000076293945,45.849998474121094,47.34000015258789,47.111045837402344,9508200,0.0,0.0
2024-02-26,46.40999984741211,46.900001525878906,45.0,45.900001525878906,45.67801284790039,7781500,0.0,0.0
2024-02-27,45.2599983215332,45.2599983215332,43.619998931884766,44.31999969482422,44.10565185546875,6245100,0.0,0.0
2024-02-28,43.709999084472656,44.63999938964844,43.68000030517578,44.459999084472656,44.244972229003906,4370100,0.0,0.0
2024-02-29,45.349998474121094,45.63999938964844,44.38999938964844,44.470001220703125,44.25492858886719,5307900,0.0,0.0
2024-03-01,45.029998779296875,45.7400016784668,44.83000183105469,44.90999984741211,44.69279861450195,3114900,0.0,0.0
2024-03-04,44.20000076293945,44.279998779296875,42.529998779296875,42.58000183105469,42.37406921386719,5288500,0.0,0.0
2024-03-05,42.150001525878906,42.77000045776367,42.04999923706055,42.279998779296875,42.07551574707031,4211800,0.0,0.0
2024-03-06,43.119998931884766,43.630001068115234,42.68000030517578,43.119998931884766,42.91145324707031,4247900,0.0,0.0
2024-03-07,43.20000076293945,43.4900016784668,42.88999938964844,43.2599983215332,43.050777435302734,3249400,0.0,0.0
2024-03-08,43.5,44.150001525878906,43.2400016784668,43.40999984741211,43.20005416870117,4524400,0.0,0.0
2024-03-11,43.9900016784668,44.08000183105469,43.06999969482422,43.290000915527344,43.08063507080078,3116000,0.0,0.0
2024-03-12,44.0,44.439998626708984,43.9900016784668,44.279998779296875,44.06584548950195,2989800,0.0,0.0
2024-03-13,44.400001525878906,45.4900016784668,44.369998931884766,44.66999816894531,44.453956604003906,4333300,0.0,0.0
2024-03-14,43.869998931884766,44.0,43.439998626708984,43.869998931884766,43.6578254699707,2218600,0.0,0.0
2024-03-15,43.209999084472656,43.849998474121094,42.970001220703125,43.41999816894531,43.21000289916992,2620900,0.0,0.0
2024-03-18,43.5,44.2599983215332,43.43000030517578,44.25,44.03599166870117,3314200,0.0,0.0
2024-03-19,44.20000076293945,44.40999984741211,43.880001068115234,44.38999938964844,44.17531204223633,2693000,0.0,0.0
2024-03-20,44.15999984741211,44.849998474121094,44.0099983215332,44.5,44.28478240966797,3294800,0.0,0.0
2024-03-21,44.9900016784668,45.400001525878906,44.459999084472656,44.68000030517578,44.46390914916992,3171100,0.0,0.0
2024-03-22,44.93000030517578,45.439998626708984,44.83000183105469,45.02000045776367,44.80226516723633,3993000,0.0,0.0
2024-03-25,44.84000015258789,45.09000015258789,44.439998626708984,44.68000030517578,44.46390914916992,3213000,0.0,0.0
2024-03-26,45.0,45.04999923706055,44.63999938964844,44.650001525878906,44.43405532836914,2625700,0.0,0.0
2024-03-27,44.209999084472656,44.220001220703125,43.13999938964844,43.63999938964844,43.42893981933594,4462200,0.0,0.0
2024-03-28,43.75,44.560001373291016,43.75,43.88999938964844,43.677730560302734,3851000,0.0,0.0
2024-04-01,44.72999954223633,47.63999938964844,44.709999084472656,46.959999084472656,46.73288345336914,5131700,0.0,0.0
2024-04-02,47.65999984741211,49.220001220703125,47.65999984741211,48.90999984741211,48.67345428466797,6997000,0.0,0.0
2024-04-03,48.52000045776367,49.619998931884766,48.27000045776367,49.380001068115234,49.14118194580078,4338900,0.0,0.0
2024-04-04,49.47999954223633,49.720001220703125,47.84000015258789,47.9900016784668,47.757904052734375,3160600,0.0,0.0
2024-04-05,48.470001220703125,48.470001220703125,47.650001525878906,48.13999938964844,47.90717697143555,2136500,0.0,0.0
2024-04-08,48.43000030517578,49.369998931884766,48.119998931884766,48.81999969482422,48.58388900756836,4058500,0.0,0.0
2024-04-09,48.72999954223633,49.0099983215332,48.36000061035156,49.0,48.76301574707031,3319600,0.0,0.0
2024-04-10,49.22999954223633,49.91999816894531,48.43000030517578,48.75,48.514225006103516,2536400,0.0,0.0
2024-04-11,48.91999816894531,50.400001525878906,48.900001525878906,50.099998474121094,49.857696533203125,5529000,0.0,0.0
2024-04-12,49.47999954223633,49.77000045776367,48.52000045776367,48.849998474121094,48.61374282836914,3949900,0.0,0.0
2024-04-15,50.13999938964844,50.63999938964844,48.86000061035156,49.20000076293945,48.96205139160156,3021000,0.0,0.0
2024-04-16,49.54999923706055,49.70000076293945,48.66999816894531,48.66999816894531,48.43461227416992,4059300,0.0,0.0
2024-04-17,48.66999816894531,48.790000915527344,47.90999984741211,48.2599983215332,48.02659606933594,3114200,0.0,0.0
2024-04-18,49.45000076293945,49.45000076293945,48.59000015258789,48.720001220703125,48.484371185302734,1987500,0.0,0.0
2024-04-19,48.45000076293945,48.45000076293945,47.619998931884766,48.0,47.767852783203125,2237100,0.0,0.0
2024-04-22,48.470001220703125,49.45000076293945,48.31999969482422,49.349998474121094,49.111324310302734,4052700,0.0,0.0
2024-04-23,50.0,50.599998474121094,49.81999969482422,50.47999954223633,50.23585891723633,3368000,0.0,0.0
2024-04-24,50.79999923706055,51.2599983215332,50.29999923706055,50.599998474121094,50.35527801513672,3250100,0.0,0.0
2024-04-25,49.91999816894531,50.439998626708984,49.63999938964844,50.41999816894531,50.1761474609375,2555200,0.0,0.0
2024-04-26,51.7599983215332,51.88999938964844,50.349998474121094,50.599998474121094,50.35527801513672,4542400,0.0,0.0
2024-04-29,49.0,49.5099983215332,48.630001068115234,49.130001068115234,48.892391204833984,3834300,0.0,0.0
2024-04-30,48.88999938964844,49.220001220703125,48.2400016784668,48.2599983215332,48.02659606933594,2941600,0.0,0.0
2024-05-01,48.18000030517578,49.349998474121094,48.060001373291016,48.7400016784668,48.504276275634766,1722900,0.0,0.0
2024-05-02,50.099998474121094,51.290000915527344,49.79999923706055,50.939998626708984,50.693634033203125,4498700,0.0,0.0
2024-05-03,51.619998931884766,53.380001068115234,51.29999923706055,53.29999923706055,53.04222106933594,4988900,0.0,0.0
2024-05-06,53.400001525878906,54.290000915527344,53.119998931884766,53.869998931884766,53.60946273803711,3487800,0.0,0.0
2024-05-07,52.90999984741211,52.90999984741211,51.810001373291016,52.70000076293945,52.44512176513672,2807600,0.0,0.0
2024-05-08,52.41999816894531,53.560001373291016,52.380001068115234,53.290000915527344,53.03226852416992,3614800,0.0,0.0
2024-05-09,52.70000076293945,53.33000183105469,52.119998931884766,53.220001220703125,52.962608337402344,3757400,0.0,0.0
2024-05-10,53.38999938964844,53.959999084472656,53.150001525878906,53.560001373291016,53.30096435546875,3564700,0.0,0.0
2024-05-13,54.0,54.93000030517578,53.869998931884766,54.900001525878906,54.634483337402344,4473000,0.0,0.0
2024-05-14,54.0,55.720001220703125,53.88999938964844,55.70000076293945,55.43061447143555,3141600,0.0,0.0
2024-05-15,55.70000076293945,55.880001068115234,54.95000076293945,55.77000045776367,55.500274658203125,2544800,0.0,0.0
2024-05-16,55.5,56.45000076293945,55.369998931884766,56.40999984741211,56.13718032836914,3645100,0.0,0.0
2024-05-17,56.43000030517578,57.900001525878906,56.43000030517578,56.83000183105469,56.55514907836914,4218900,0.0,0.0
2024-05-20,56.5,58.0,56.290000915527344,57.04999923706055,56.77408218383789,4351500,0.0,0.0
2024-05-21,56.45000076293945,56.4900016784668,54.619998931884766,55.83000183105469,55.55998611450195,6450400,0.0,0.0
2024-05-22,55.86000061035156,56.08000183105469,53.66999816894531,54.5,54.23641586303711,4155100,0.0,0.0
2024-05-23,50.65999984741211,52.689998626708984,50.43000030517578,51.959999084472656,51.708702087402344,8866000,0.0,0.0
2024-05-24,52.060001373291016,53.130001068115234,52.060001373291016,52.75,52.49488067626953,2920700,0.0,0.0
2024-05-28,52.7400016784668,52.95000076293945,52.09000015258789,52.2599983215332,52.00724792480469,2731900,0.0,0.0
2024-05-29,50.72999954223633,51.61000061035156,50.560001373291016,51.380001068115234,51.131507873535156,2752500,0.0,0.0
2024-05-30,51.689998626708984,52.060001373291016,51.380001068115234,51.77000045776367,51.519622802734375,3322000,0.0,0.0
2024-05-31,50.61000061035156,51.63999938964844,50.54999923706055,51.5099983215332,51.2608757019043,3560100,0.0,0.0
2024-06-03,51.88999938964844,52.66999816894531,51.0,51.7400016784668,51.489768981933594,2540200,0.0,0.0
2024-06-04,49.70000076293945,50.810001373291016,49.68000030517578,50.15999984741211,49.91740798950195,4653000,0.0,0.0
2024-06-05,50.5,51.72999954223633,50.4900016784668,51.650001525878906,51.400203704833984,11613500,0.0,0.0
2024-06-06,52.209999084472656,52.43000030517578,51.81999969482422,52.04999923706055,51.79826736450195,2672200,0.0,0.0
2024-06-07,51.599998474121094,51.66999816894531,51.11000061035156,51.400001525878906,51.15141296386719,1944000,0.0,0.0
2024-06-10,51.2599983215332,51.9900016784668,51.0099983215332,51.63999938964844,51.3902473449707,2141800,0.0,0.0
2024-06-11,51.720001220703125,51.720001220703125,50.66999816894531,51.08000183105469,50.83295822143555,2549600,0.0,0.0
2024-06-12,51.20000076293945,51.20000076293945,50.619998931884766,50.779998779296875,50.53440856933594,2981400,0.0,0.0
2024-06-13,50.58000183105469,51.09000015258789,50.310001373291016,50.68000030517578,50.43489074707031,3628100,0.0,0.0
2024-06-14,50.15999984741211,50.439998626708984,49.75,50.27000045776367,50.02687454223633,2627500,0.0,0.0
2024-06-17,50.439998626708984,50.7400016784668,49.65999984741211,50.2400016784668,49.99702072143555,1991800,0.0,0.0
2024-06-18,49.5,50.31999969482422,49.41999816894531,49.95000076293945,49.70842361450195,2211200,0.0,0.0
2024-06-20,50.130001068115234,50.63999938964844,49.880001068115234,49.97999954223633,49.738277435302734,4291800,0.0,0.0
2024-06-21,49.25,49.97999954223633,48.15999984741211,48.349998474121094,48.11616134643555,4471300,0.0,0.0
2024-06-24,48.06999969482422,48.97999954223633,48.029998779296875,48.720001220703125,48.484371185302734,4269000,0.0,0.0
2024-06-25,48.630001068115234,49.20000076293945,48.29999923706055,48.470001220703125,48.23558044433594,2004700,0.0,0.0
2024-06-26,48.79999923706055,49.09000015258789,48.20000076293945,48.869998931884766,48.633644104003906,3214900,0.0,0.0
2024-06-27,48.11000061035156,48.2599983215332,47.45000076293945,47.5,47.27027130126953,2889000,0.0,0.0
2024-06-28,47.209999084472656,47.720001220703125,46.5,47.0,46.77268981933594,3632400,0.0,0.0
2024-07-01,47.29999923706055,47.58000183105469,46.790000915527344,47.54999923706055,47.320030212402344,1477200,0.0,0.0
2024-07-02,47.779998779296875,47.849998474121094,46.86000061035156,47.709999084472656,47.47925567626953,2167600,0.0,0.0
2024-07-03,48.66999816894531,49.880001068115234,48.52000045776367,49.65999984741211,49.41982650756836,2692700,0.0,0.0
2024-07-05,49.459999084472656,50.29999923706055,49.380001068115234,49.7599983215332,49.51934051513672,2482200,0.0,0.0
2024-07-08,49.52000045776367,49.689998626708984,49.040000915527344,49.560001373291016,49.320308685302734,3410200,0.0,0.0
2024-07-09,49.849998474121094,51.439998626708984,49.709999084472656,50.90999984741211,50.663780212402344,3345700,0.0,0.0
2024-07-10,50.40999984741211,50.43000030517578,48.900001525878906,48.9900016784668,48.75306701660156,3441800,0.0,0.0
2024-07-11,50.0,50.13999938964844,48.689998626708984,49.290000915527344,49.05161666870117,3068900,0.0,0.0
2024-07-12,50.540000915527344,51.060001373291016,50.029998779296875,50.27000045776367,50.02687454223633,2694800,0.0,0.0
2024-07-15,49.310001373291016,49.38999938964844,47.689998626708984,47.790000915527344,47.558868408203125,3275600,0.0,0.0
2024-07-16,47.459999084472656,47.970001220703125,47.02000045776367,47.58000183105469,47.34988784790039,2148500,0.0,0.0
2024-07-17,47.25,47.369998931884766,46.310001373291016,46.41999816894531,46.195491790771484,2902400,0.0,0.0
2024-07-18,46.18000030517578,46.279998779296875,44.83000183105469,45.33000183105469,45.11076736450195,3912700,0.0,0.0
2024-07-19,44.650001525878906,45.45000076293945,44.11000061035156,45.36000061035156,45.140621185302734,3329500,0.0,0.0
2024-07-22,46.56999969482422,47.689998626708984,46.56999969482422,47.29999923706055,47.07123947143555,2644800,0.0,0.0
2024-07-23,46.0099983215332,46.290000915527344,45.54999923706055,46.2599983215332,46.0362663269043,2868500,0.0,0.0
2024-07-24,45.630001068115234,46.09000015258789,45.04999923706055,45.279998779296875,45.06100845336914,2876900,0.0,0.0
2024-07-25,44.779998779296875,44.779998779296875,43.31999969482422,43.43000030517578,43.21995544433594,4974000,0.0,0.0
2024-07-26,43.16999816894531,43.66999816894531,42.65999984741211,43.349998474121094,43.140342712402344,3162400,0.0,0.0
2024-07-29,43.540000915527344,43.540000915527344,42.619998931884766,43.09000015258789,42.88159942626953,3644500,0.0,0.0
2024-07-30,42.2400016784668,42.70000076293945,41.689998626708984,41.970001220703125,41.76701736450195,5550900,0.0,0.0
2024-07-31,43.15999984741211,43.40999984741211,42.38999938964844,42.529998779296875,42.32430648803711,3163600,0.0,0.0
2024-08-01,42.06999969482422,42.279998779296875,40.45000076293945,41.13999938964844,40.94103240966797,4860200,0.0,0.0
2024-08-02,40.0,40.04999923706055,38.68000030517578,39.31999969482422,39.12983322143555,5797300,0.0,0.0
2024-08-05,38.619998931884766,41.02000045776367,38.22999954223633,40.310001373291016,40.115047454833984,3570100,0.0,0.0
2024-08-06,40.959999084472656,42.95000076293945,40.86000061035156,42.209999084472656,42.005855560302734,4878800,0.0,0.0
2024-08-07,42.75,43.0,40.720001220703125,40.97999954223633,40.781803131103516,3537900,0.0,0.0
2024-08-08,41.290000915527344,42.380001068115234,40.970001220703125,42.2599983215332,42.05561447143555,2901100,0.0,0.0
2024-08-09,42.0099983215332,42.25,41.290000915527344,41.880001068115234,41.677452087402344,2251800,0.0,0.0
2024-08-12,42.0,42.349998474121094,41.90999984741211,42.04999923706055,41.84663009643555,1913100,0.0,0.0
2024-08-13,42.689998626708984,42.689998626708984,41.790000915527344,42.150001525878906,41.94614791870117,2249000,0.0,0.0
2024-08-14,42.09000015258789,42.22999954223633,40.709999084472656,41.40999984741211,41.20972442626953,3015000,0.0,0.0
2024-08-15,41.81999969482422,42.29999923706055,41.68000030517578,42.0099983215332,41.80682373046875,1846300,0.0,0.0
2024-08-16,42.54999923706055,43.0,42.4900016784668,42.75,42.543243408203125,2498600,0.0,0.0
2024-08-19,42.619998931884766,43.18000030517578,42.619998931884766,42.90999984741211,42.70246887207031,2008100,0.0,0.0
2024-08-20,42.27000045776367,42.40999984741211,41.220001220703125,41.279998779296875,41.080352783203125,5217800,0.0,0.0
2024-08-21,42.18000030517578,43.2400016784668,42.06999969482422,42.9900016784668,42.78208541870117,4741400,0.0,0.0
2024-08-22,43.5,43.599998474121094,42.560001373291016,42.599998474121094,42.39397048950195,2499300,0.0,0.0
2024-08-23,42.29999923706055,42.75,42.029998779296875,42.18000030517578,41.97600173950195,2639200,0.0,0.0
2024-08-26,42.59000015258789,42.59000015258789,41.86000061035156,42.34000015258789,42.13522720336914,3542500,0.0,0.0
2024-08-27,46.45000076293945,46.66999816894531,45.11000061035156,45.970001220703125,45.74767303466797,9521400,0.0,0.0
2024-08-28,46.52000045776367,47.290000915527344,46.16999816894531,46.18000030517578,45.95665740966797,6096100,0.0,0.0
2024-08-29,47.470001220703125,48.060001373291016,46.630001068115234,46.72999954223633,46.50399398803711,4021400,0.0,0.0
2024-08-30,47.81999969482422,47.90999984741211,46.650001525878906,47.13999938964844,46.91201400756836,4750100,0.0,0.0
2024-09-03,46.66999816894531,47.65999984741211,46.66999816894531,47.33000183105469,47.101097106933594,4529700,0.0,0.0
2024-09-04,47.54999923706055,47.599998474121094,47.0,47.369998931884766,47.140899658203125,5806200,0.0,0.0
2024-09-05,47.689998626708984,48.27000045776367,47.54999923706055,47.720001220703125,47.48920822143555,4231600,0.0,0.0
2024-09-06,47.220001220703125,47.70000076293945,47.04999923706055,47.560001373291016,47.32998275756836,2562200,0.0,0.0
2024-09-09,47.369998931884766,47.63999938964844,47.0,47.2599983215332,47.031429290771484,2070400,0.0,0.0
2024-09-10,47.5099983215332,47.63999938964844,46.880001068115234,47.06999969482422,46.842350006103516,1536800,0.0,0.0
2024-09-11,47.2599983215332,47.52000045776367,46.880001068115234,47.279998779296875,47.051334381103516,2860200,0.0,0.0
2024-09-12,47.279998779296875,47.279998779296875,46.47999954223633,47.099998474121094,46.8722038269043,2998700,0.0,0.0
2024-09-13,47.150001525878906,47.34000015258789,47.0099983215332,47.290000915527344,47.06128692626953,1440900,0.0,0.0
2024-09-16,47.150001525878906,47.63999938964844,46.77000045776367,46.790000915527344,46.56370544433594,2546000,0.0,0.0
2024-09-17,46.9900016784668,47.38999938964844,46.56999969482422,46.650001525878906,46.42438507080078,1619500,0.0,0.0
2024-09-18,46.560001373291016,46.83000183105469,46.20000076293945,46.70000076293945,46.47414016723633,2569000,0.0,0.0
2024-09-19,47.900001525878906,48.56999969482422,47.040000915527344,47.439998626708984,47.2105598449707,2966100,0.0,0.0
2024-09-20,48.560001373291016,48.97999954223633,48.43000030517578,48.65999984741211,48.424659729003906,3706400,0.0,0.0
2024-09-23,49.150001525878906,49.720001220703125,49.0099983215332,49.09000015258789,48.85258102416992,4499000,0.0,0.0
2024-09-24,51.45000076293945,53.09000015258789,50.88999938964844,53.060001373291016,52.803382873535156,8357900,0.0,0.0
2024-09-25,50.93000030517578,51.56999969482422,50.41999816894531,51.08000183105469,50.83295822143555,16870900,0.0,0.0
2024-09-26,54.79999923706055,56.9900016784668,54.349998474121094,56.68000030517578,56.40587615966797,20825200,0.0,0.0
2024-09-27,58.02000045776367,61.65999984741211,57.709999084472656,61.31999969482422,61.023433685302734,15390200,0.0,0.0
2024-09-30,63.70000076293945,63.869998931884766,59.150001525878906,59.43000030517578,59.142574310302734,15436100,0.0,0.0
2024-10-01,59.790000915527344,62.529998779296875,59.529998779296875,62.5099983215332,62.20767593383789,7268300,0.0,0.0
2024-10-02,65.55000305175781,67.0199966430664,64.02999877929688,66.91999816894531,66.59634399414062,9463400,0.0,0.0
2024-10-03,63.65999984741211,65.7300033569336,63.58000183105469,64.62999725341797,64.31742095947266,5543500,0.0,0.0
2024-10-04,69.41999816894531,69.66999816894531,67.80999755859375,68.43000030517578,68.09904479980469,8153700,0.0,0.0
2024-10-07,69.12000274658203,69.30999755859375,66.61000061035156,68.3499984741211,68.0194320678711,6147000,0.0,0.0
2024-10-08,62.720001220703125,63.97999954223633,61.29999923706055,61.47999954223633,61.18265914916992,10420900,0.0,0.0
2024-10-09,60.04999923706055,63.02000045776367,59.869998931884766,62.38999938964844,62.0882568359375,9796400,0.0,0.0
2024-10-10,64.9000015258789,65.61000061035156,63.72999954223633,63.81999969482422,63.5113410949707,5890300,0.0,0.0
2024-10-11,62.70000076293945,65.38999938964844,62.47999954223633,65.02999877929688,64.71549224853516,3744100,0.0,0.0
2024-10-14,64.06999969482422,65.25,63.5099983215332,63.63999938964844,63.332210540771484,2825500,0.0,0.0
2024-10-15,61.0,61.33000183105469,57.810001373291016,58.02000045776367,57.73939514160156,8588800,0.0,0.0
2024-10-16,58.47999954223633,60.0099983215332,58.189998626708984,59.45000076293945,59.162479400634766,3002200,0.0,0.0
2024-10-17,58.13999938964844,58.45000076293945,57.54999923706055,58.0,57.71949005126953,3242300,0.0,0.0
2024-10-18,62.5099983215332,62.63999938964844,60.7599983215332,61.25,60.953773498535156,4236100,0.0,0.0
2024-10-21,60.349998474121094,60.650001525878906,59.79999923706055,60.5,60.2073974609375,1534800,0.0,0.0
2024-10-22,60.29999923706055,61.83000183105469,60.130001068115234,60.529998779296875,60.23725128173828,2507100,0.0,0.0
2024-10-23,60.93000030517578,61.83000183105469,60.849998474121094,61.439998626708984,61.142852783203125,3053200,0.0,0.0
2024-10-24,61.599998474121094,62.099998474121094,61.16999816894531,62.060001373291016,61.759857177734375,2142300,0.0,0.0
2024-10-25,62.06999969482422,62.20000076293945,61.470001220703125,61.849998474121094,61.55086898803711,1773800,0.0,0.0
2024-10-28,62.90999984741211,65.56999969482422,62.77000045776367,65.06999969482422,64.75529479980469,3776300,0.0,0.0
2024-10-29,65.5,65.73999786376953,64.83000183105469,64.88999938964844,64.57616424560547,5647200,0.0,0.0
2024-10-30,64.0,65.3499984741211,63.40999984741211,65.05999755859375,64.74534606933594,3761400,0.0,0.0
2024-10-31,64.76000213623047,65.0,63.900001525878906,64.4000015258789,64.08853912353516,2604200,0.0,0.0
2024-11-01,64.36000061035156,65.43000030517578,64.1500015258789,65.19000244140625,64.87471771240234,2987700,0.0,0.0
2024-11-04,66.91999816894531,69.44000244140625,66.91999816894531,67.23999786376953,66.91480255126953,3158300,0.0,0.0
2024-11-05,68.33999633789062,68.58999633789062,66.95999908447266,68.41999816894531,68.08909606933594,3927700,0.0,0.0
2024-11-06,67.19000244140625,67.5999984741211,65.70999908447266,67.05999755859375,66.73567199707031,2735100,0.0,0.0
2024-11-07,67.7300033569336,69.2699966430664,67.5199966430664,68.43000030517578,68.09904479980469,3770300,0.0,0.0
2024-11-08,65.44000244140625,67.37000274658203,65.29000091552734,65.4800033569336,65.16331481933594,3129900,0.0,0.0
2024-11-11,66.30000305175781,66.72000122070312,65.3499984741211,66.68000030517578,66.35751342773438,2170800,0.0,0.0
2024-11-12,64.37999725341797,64.73999786376953,63.33000183105469,64.0199966430664,63.71037292480469,3308800,0.0,0.0
2024-11-13,62.70000076293945,62.869998931884766,61.31999969482422,62.08000183105469,61.77975845336914,3168600,0.0,0.0
2024-11-14,60.959999084472656,61.0,59.54999923706055,59.93000030517578,59.64015579223633,3656800,0.0,0.0
2024-11-15,59.93000030517578,59.93000030517578,59.04999923706055,59.4900016784668,59.20228576660156,2742400,0.0,0.0
2024-11-18,60.91999816894531,61.68000030517578,60.38999938964844,61.31999969482422,61.023433685302734,3910000,0.0,0.0
2024-11-19,63.900001525878906,64.02999877929688,61.63999938964844,62.7400016784668,62.43656539916992,5735900,0.0,0.0
2024-11-20,64.0,65.37999725341797,63.91999816894531,64.79000091552734,64.47665405273438,4489100,0.0,0.0
2024-11-21,64.23999786376953,65.58000183105469,64.08000183105469,65.16999816894531,64.85481262207031,3300900,0.0,0.0
2024-11-22,64.0,64.5,63.58000183105469,63.63999938964844,63.332210540771484,3231500,0.0,0.0
2024-11-25,64.30000305175781,64.80000305175781,64.0,64.52999877929688,64.21791076660156,2807000,0.0,0.0
2024-11-26,63.97999954223633,63.97999954223633,62.810001373291016,62.900001525878906,62.595794677734375,3275100,0.0,0.0
2024-11-27,63.959999084472656,64.20999908447266,63.36000061035156,63.79999923706055,63.49143981933594,3702200,0.0,0.0
2024-11-29,65.0,65.63999938964844,64.2300033569336,64.6500015258789,64.33732604980469,2559400,0.0,0.0
2024-12-02,65.63999938964844,65.8499984741211,64.69999694824219,65.25,64.9344253540039,2688800,0.0,0.0
2024-12-03,66.0,68.5999984741211,65.87000274658203,68.02999877929688,67.70098114013672,6016400,0.0,0.0
2024-12-04,67.31999969482422,67.7300033569336,65.73999786376953,66.87999725341797,66.5565414428711,4834900,0.0,0.0
2024-12-05,66.30000305175781,67.52999877929688,66.30000305175781,67.20999908447266,66.88494873046875,3073400,0.0,0.0
2024-12-06,69.08999633789062,69.5999984741211,68.43000030517578,69.06999969482422,68.73595428466797,4401400,0.0,0.0
2024-12-09,74.69999694824219,77.18000030517578,74.5999984741211,75.05999755859375,74.69697570800781,7801900,0.0,0.0
2024-12-10,72.16000366210938,73.2699966430664,71.58000183105469,72.0,71.65177917480469,4264800,0.0,0.0
2024-12-11,71.62999725341797,72.83999633789062,71.37000274658203,72.80999755859375,72.4578628540039,2540000,0.0,0.0
2024-12-12,74.73999786376953,75.38999938964844,74.05999755859375,74.08000183105469,73.72172546386719,3302600,0.0,0.0
2024-12-13,72.31999969482422,72.80000305175781,71.69000244140625,72.55000305175781,72.19912719726562,2931100,0.0,0.0
2024-12-16,71.91000366210938,72.66999816894531,71.31999969482422,72.55999755859375,72.20906829833984,3464600,0.0,0.0
2024-12-17,73.25,74.69999694824219,72.23999786376953,74.61000061035156,74.24916076660156,3720900,0.0,0.0
2024-12-18,73.70999908447266,74.08999633789062,71.36000061035156,71.51000213623047,71.16415405273438,2692900,0.0,0.0
2024-12-19,71.79000091552734,72.5999984741211,71.0,72.56999969482422,72.21902465820312,2415800,0.0,0.0
2024-12-20,70.98999786376953,72.80000305175781,70.37000274658203,72.44000244140625,72.08965301513672,2127200,0.0,0.0
2024-12-23,72.0999984741211,73.08000183105469,71.61000061035156,73.0199966430664,72.6668472290039,1802400,0.0,0.0
2024-12-24,72.70999908447266,72.98999786376953,72.18000030517578,72.30999755859375,71.96028137207031,1038500,0.0,0.0
2024-12-26,72.30000305175781,73.37999725341797,72.2300033569336,73.05999755859375,72.70664978027344,1471500,0.0,0.0
2024-12-27,71.4800033569336,71.6500015258789,70.51000213623047,70.58999633789062,70.24859619140625,2185200,0.0,0.0
2024-12-30,69.22000122070312,69.33000183105469,68.5,68.61000061035156,68.2781753540039,2033400,0.0,0.0
2024-12-31,69.77999877929688,69.97000122070312,68.5999984741211,68.66000366210938,68.32793426513672,1093200,0.0,0.0
2025-01-02,66.41999816894531,66.81999969482422,64.68000030517578,64.7699966430664,64.45674133300781,3167000,0.0,0.0
2025-01-03,66.0,67.6500015258789,66.0,67.5999984741211,67.27305603027344,3104500,0.0,0.0
2025-01-06,67.69000244140625,67.86000061035156,65.30000305175781,65.33999633789062,65.02398681640625,2513300,0.0,0.0
2025-01-07,65.45999908447266,65.87999725341797,64.87999725341797,65.0,64.68563842773438,2591200,0.0,0.0
2025-01-08,65.41000366210938,65.73999786376953,64.37000274658203,64.9000015258789,64.58612060546875,3195300,0.0,0.0
2025-01-10,63.5,63.58000183105469,62.369998931884766,63.150001525878906,62.84458541870117,3135800,0.0,0.0
2025-01-13,63.630001068115234,64.5199966430664,63.369998931884766,63.709999084472656,63.40187454223633,2292400,0.0,0.0
2025-01-14,64.94999694824219,65.0999984741211,63.95000076293945,64.4000015258789,64.08853912353516,1951300,0.0,0.0
2025-01-15,65.31999969482422,65.3499984741211,64.5999984741211,65.0199966430664,64.70553588867188,1859800,0.0,0.0
2025-01-16,65.33999633789062,65.86000061035156,64.87000274658203,65.80999755859375,65.49171447753906,2148900,0.0,0.0
2025-01-17,66.58999633789062,68.69000244140625,66.3499984741211,67.16000366210938,66.83518981933594,2863600,0.0,0.0
2025-01-21,69.22000122070312,69.38999938964844,68.29000091552734,68.95999908447266,68.62648010253906,3064900,0.0,0.0
2025-01-22,67.83000183105469,68.06999969482422,66.02999877929688,66.87000274658203,66.54659271240234,2340400,0.0,0.0
2025-01-23,67.19000244140625,68.19999694824219,66.6500015258789,68.0,67.67112731933594,1952500,0.0,0.0
2025-01-24,69.87999725341797,71.66000366210938,69.37999725341797,71.5199966430664,71.1740951538086,2715600,0.0,0.0
2025-01-27,70.8499984741211,71.05000305175781,69.0199966430664,70.0,69.66145324707031,2383900,0.0,0.0
2025-01-28,69.72000122070312,71.44999694824219,68.86000061035156,71.44000244140625,71.09449005126953,1191600,0.0,0.0
2025-01-29,72.26000213623047,72.81999969482422,71.05000305175781,71.29000091552734,70.9452133178711,1137400,0.0,0.0
2025-01-30,71.23999786376953,74.1500015258789,71.23999786376953,73.5,73.14452362060547,1313500,0.0,0.0
2025-01-31,73.0,73.0199966430664,70.11000061035156,70.16999816894531,69.83062744140625,2128300,0.0,0.0
2025-02-03,71.27999877929688,73.41999816894531,70.19000244140625,72.02999877929688,71.68163299560547,2687000,0.0,0.0
2025-02-04,73.36000061035156,73.55999755859375,71.18000030517578,71.2699966430664,70.92530822753906,2297300,0.0,0.0
2025-02-05,68.94999694824219,69.83000183105469,68.38999938964844,68.81999969482422,68.4871597290039,3092600,0.0,0.0
2025-02-06,70.0,70.0,67.91999816894531,68.52999877929688,68.19856262207031,2485700,0.0,0.0
2025-02-07,68.73999786376953,69.79000091552734,68.22000122070312,69.22000122070312,68.88522338867188,3309400,0.0,0.0
2025-02-10,70.0,70.25,67.55999755859375,68.38999938964844,68.05924224853516,2730300,0.0,0.0
2025-02-11,65.66000366210938,67.12999725341797,62.869998931884766,65.69000244140625,65.37229919433594,2867900,0.0,0.0
2025-02-12,66.25,68.44000244140625,64.8499984741211,68.05999755859375,67.7308349609375,3346200,0.0,0.0
2025-02-13,67.19000244140625,69.79000091552734,67.19000244140625,69.73999786376953,69.4027099609375,2616600,0.0,0.0
2025-02-14,72.05999755859375,72.13999938964844,68.86000061035156,69.25,68.91507720947266,4309100,0.0,0.0
2025-02-18,68.0999984741211,68.22000122070312,66.16999816894531,67.16999816894531,66.84513854980469,4004800,0.0,0.0
2025-02-19,67.63999938964844,67.68000030517578,66.2699966430664,66.68000030517578,66.35751342773438,1988300,0.0,0.0
2025-02-20,66.37000274658203,67.20999908447266,63.70000076293945,66.11000061035156,65.79026794433594,5871300,0.0,0.0
2025-02-21,67.25,68.47000122070312,66.1500015258789,67.0199966430664,66.69586181640625,6201600,0.0,0.0
2025-02-24,67.41000366210938,67.41000366210938,64.51000213623047,64.66000366210938,64.34728240966797,6078500,0.0,0.0
2025-02-25,59.040000915527344,59.11000061035156,55.599998474121094,57.29999923706055,57.02287292480469,17805400,0.0,0.0
2025-02-26,60.81999969482422,60.93000030517578,58.36000061035156,58.61000061035156,58.326541900634766,12356000,0.0,0.0
2025-02-27,57.630001068115234,58.220001220703125,56.810001373291016,57.20000076293945,56.92335891723633,7802200,0.0,0.0
2025-02-28,55.720001220703125,57.95000076293945,55.689998626708984,56.68000030517578,56.40587615966797,5565200,0.0,0.0
2025-03-03,57.900001525878906,60.189998626708984,57.79999923706055,57.810001373291016,57.53041076660156,4787400,0.0,0.0
2025-03-04,57.59000015258789,60.2599983215332,57.25,59.36000061035156,59.072914123535156,5327900,0.0,0.0
2025-03-05,60.779998779296875,64.11000061035156,60.68000030517578,64.01000213623047,63.70042419433594,7482300,0.0,0.0
2025-03-06,63.90999984741211,64.83999633789062,63.130001068115234,63.52000045776367,63.21279525756836,7132400,0.0,0.0
2025-03-07,63.56999969482422,64.44000244140625,62.29999923706055,63.83000183105469,63.521297454833984,7695600,0.0,0.0
2025-03-10,63.04999923706055,64.19000244140625,62.02000045776367,62.220001220703125,61.91908264160156,4287000,0.0,0.0
2025-03-11,62.34000015258789,62.599998474121094,60.400001525878906,61.59000015258789,61.2921257019043,4726700,0.0,0.0
2025-03-12,60.5,61.630001068115234,59.31999969482422,61.619998931884766,61.32197952270508,4460400,0.0,0.0
2025-03-13,61.04999923706055,61.16999816894531,60.099998474121094,60.79999923706055,60.50594711303711,3151900,0.0,0.0
2025-03-14,62.63999938964844,63.5,61.97999954223633,62.029998779296875,61.72999954223633,2490100,0.0,0.0
2025-03-17,62.5099983215332,66.7300033569336,62.29999923706055,66.66999816894531,66.66999816894531,6333700,0.3,0.0
2025-03-18,66.54000091552734,67.0999984741211,65.70999908447266,66.08999633789062,66.08999633789062,3537400,0.0,0.0
2025-03-19,66.9000015258789,67.27999877929688,65.7699966430664,67.0,67.0,3928300,0.0,0.0
2025-03-20,64.48999786376953,64.8499984741211,63.72999954223633,64.52999877929688,64.52999877929688,3207600,0.0,0.0
2025-03-21,63.209999084472656,64.26000213623047,62.689998626708984,64.2300033569336,64.2300033569336,4119300,0.0,0.0
2025-03-24,65.1500015258789,65.2300033569336,63.45000076293945,63.90999984741211,63.90999984741211,3916700,0.0,0.0
2025-03-25,63.189998626708984,63.709999084472656,62.72999954223633,63.66999816894531,63.66999816894531,3324500,0.0,0.0
2025-03-26,63.459999084472656,63.900001525878906,62.5,63.11000061035156,63.11000061035156,2237200,0.0,0.0
2025-03-27,64.16999816894531,65.69000244140625,64.01000213623047,65.18000030517578,65.18000030517578,2253800,0.0,0.0
2025-03-28,64.80000305175781,65.18000030517578,62.63999938964844,62.68000030517578,62.68000030517578,2473600,0.0,0.0
2025-03-31,63.040000915527344,63.959999084472656,62.599998474121094,63.58000183105469,63.58000183105469,2478300,0.0,0.0
2025-04-01,63.25,64.13999938964844,62.470001220703125,63.16999816894531,63.16999816894531,2728100,0.0,0.0
2025-04-02,63.08000183105469,63.84000015258789,62.529998779296875,63.58000183105469,63.58000183105469,1584200,0.0,0.0
2025-04-03,62.38999938964844,62.40999984741211,61.119998931884766,61.20000076293945,61.20000076293945,3777900,0.0,0.0
2025-04-04,57.5,57.5,54.349998474121094,55.88999938964844,55.88999938964844,7866900,0.0,0.0
2025-04-07,53.04999923706055,57.189998626708984,52.52000045776367,53.54999923706055,53.54999923706055,8070100,0.0,0.0
2025-04-08,55.02000045776367,55.599998474121094,51.349998474121094,52.209999084472656,52.209999084472656,8348900,0.0,0.0
2025-04-09,53.189998626708984,55.59000015258789,51.970001220703125,54.790000915527344,54.790000915527344,8938900,0.0,0.0
2025-04-10,56.86000061035156,56.88999938964844,53.369998931884766,54.189998626708984,54.189998626708984,8818600,0.0,0.0
2025-04-11,54.25,54.91999816894531,52.63999938964844,54.72999954223633,54.72999954223633,5570100,0.0,0.0
2025-04-14,56.5,59.41999816894531,56.5,56.75,56.75,7496200,0.0,0.0
2025-04-15,56.369998931884766,57.0,56.34000015258789,56.470001220703125,56.470001220703125,3375000,0.0,0.0
2025-04-16,56.41999816894531,56.59000015258789,54.939998626708984,55.54999923706055,55.54999923706055,5100400,0.0,0.0
2025-04-17,56.939998626708984,57.70000076293945,54.61000061035156,54.849998474121094,54.849998474121094,6302800,0.0,0.0
2025-04-21,54.779998779296875,55.5099983215332,54.029998779296875,55.25,55.25,4171500,0.0,0.0
2025-04-22,56.5,57.66999816894531,56.5,56.869998931884766,56.869998931884766,4324900,0.0,0.0
2025-04-23,58.20000076293945,59.560001373291016,58.16999816894531,58.20000076293945,58.20000076293945,5096500,0.0,0.0
2025-04-24,57.61000061035156,58.650001525878906,57.36000061035156,57.65999984741211,57.65999984741211,2538900,0.0,0.0
2025-04-25,57.65999984741211,58.06999969482422,57.16999816894531,57.52000045776367,57.52000045776367,2965500,0.0,0.0
2025-04-28,58.08000183105469,59.099998474121094,58.08000183105469,58.619998931884766,58.619998931884766,2369100,0.0,0.0
2025-04-29,59.189998626708984,59.93000030517578,58.959999084472656,59.33000183105469,59.33000183105469,2720600,0.0,0.0
2025-04-30,59.540000915527344,59.709999084472656,58.650001525878906,58.9900016784668,58.9900016784668,2131700,0.0,0.0
2025-05-01,58.7599983215332,59.75,58.63999938964844,59.380001068115234,59.380001068115234,1436200,0.0,0.0
2025-05-02,60.900001525878906,60.93000030517578,59.720001220703125,60.16999816894531,60.16999816894531,2714900,0.0,0.0
2025-05-05,59.709999084472656,60.959999084472656,59.540000915527344,60.4900016784668,60.4900016784668,2191000,0.0,0.0
2025-05-06,60.9900016784668,62.38999938964844,60.83000183105469,61.220001220703125,61.220001220703125,3919100,0.0,0.0
2025-05-07,61.90999984741211,62.27000045776367,61.20000076293945,62.119998931884766,62.119998931884766,2452000,0.0,0.0
2025-05-08,62.279998779296875,62.54999923706055,61.41999816894531,61.970001220703125,61.970001220703125,1917300,0.0,0.0
2025-05-09,61.27000045776367,62.130001068115234,60.79999923706055,61.45000076293945,61.45000076293945,1684100,0.0,0.0
2025-05-12,64.5,65.81999969482422,64.19000244140625,65.5199966430664,65.5199966430664,3281300,0.0,0.0
2025-05-13,65.44000244140625,66.91999816894531,65.19999694824219,66.23999786376953,66.23999786376953,2016800,0.0,0.0
2025-05-14,66.44000244140625,66.61000061035156,65.52999877929688,66.37999725341797,66.37999725341797,2287400,0.0,0.0
2025-05-15,65.86000061035156,65.91999816894531,65.06999969482422,65.51000213623047,65.51000213623047,2833700,0.0,0.0
2025-05-16,65.0999984741211,65.43000030517578,64.5199966430664,64.97000122070312,64.97000122070312,2853800,0.0,0.0
2025-05-19,65.70999908447266,67.44000244140625,65.06999969482422,67.0999984741211,67.0999984741211,4345300,0.0,0.0
2025-05-20,63.650001525878906,64.19000244140625,61.279998779296875,63.380001068115234,63.380001068115234,7597600,0.0,0.0
2025-05-21,63.66999816894531,63.66999816894531,61.91999816894531,62.25,62.25,3801000,0.0,0.0
2025-05-22,61.619998931884766,62.08000183105469,60.849998474121094,61.060001373291016,61.060001373291016,3970700,0.0,0.0
2025-05-23,61.45000076293945,62.83000183105469,61.22999954223633,62.33000183105469,62.33000183105469,3004400,0.0,0.0
2025-05-27,62.33000183105469,63.0,61.619998931884766,61.75,61.75,2090900,0.0,0.0
2025-05-28,62.439998626708984,63.18000030517578,62.34000015258789,63.16999816894531,63.16999816894531,1671600,0.0,0.0
2025-05-29,64.80000305175781,65.25,63.880001068115234,64.55999755859375,64.55999755859375,2834200,0.0,0.0
2025-05-30,63.189998626708984,63.189998626708984,61.880001068115234,62.650001525878906,62.650001525878906,2154600,0.0,0.0
2025-06-02,62.849998474121094,63.91999816894531,62.849998474121094,63.650001525878906,63.650001525878906,1147400,0.0,0.0
2025-06-03,63.88999938964844,64.0,62.63999938964844,63.04999923706055,63.04999923706055,2279100,0.0,0.0
2025-06-04,61.29999923706055,61.970001220703125,60.689998626708984,61.630001068115234,61.630001068115234,3238700,0.0,0.0
2025-06-05,61.630001068115234,62.36000061035156,61.540000915527344,61.97999954223633,61.97999954223633,3799400,0.0,0.0
2025-06-06,59.97999954223633,60.779998779296875,59.43000030517578,60.61000061035156,60.61000061035156,3417500,0.0,0.0
2025-06-09,62.16999816894531,62.45000076293945,60.939998626708984,62.36000061035156,62.36000061035156,1909600,0.0,0.0
2025-06-10,62.16999816894531,62.5,61.31999969482422,61.959999084472656,61.959999084472656,2107400,0.0,0.0
2025-06-11,62.189998626708984,62.349998474121094,61.060001373291016,61.2599983215332,61.2599983215332,1610300,0.0,0.0
2025-06-12,61.060001373291016,61.13999938964844,60.70000076293945,60.91999816894531,60.91999816894531,2007600,0.0,0.0
2025-06-13,59.7599983215332,60.27000045776367,59.599998474121094,59.97999954223633,59.97999954223633,2857000,0.0,0.0
2025-06-16,60.63999938964844,61.27000045776367,60.439998626708984,60.45000076293945,60.45000076293945,1394500,0.0,0.0
2025-06-17,60.72999954223633,61.650001525878906,60.5,60.66999816894531,60.66999816894531,2766900,0.0,0.0
2025-06-18,58.290000915527344,58.599998474121094,56.369998931884766,56.540000915527344,56.540000915527344,6985400,0.0,0.0
2025-06-20,56.47999954223633,56.84000015258789,55.70000076293945,55.849998474121094,55.849998474121094,5511900,0.0,0.0
2025-06-23,56.130001068115234,57.66999816894531,55.83000183105469,57.61000061035156,57.61000061035156,3869000,0.0,0.0
2025-06-24,57.97999954223633,59.15999984741211,57.84000015258789,58.88999938964844,58.88999938964844,3953800,0.0,0.0
2025-06-25,58.970001220703125,59.61000061035156,58.810001373291016,59.369998931884766,59.369998931884766,3624100,0.0,0.0
2025-06-26,59.349998474121094,59.349998474121094,58.58000183105469,58.70000076293945,58.70000076293945,1625100,0.0,0.0
2025-06-27,58.52000045776367,58.79999923706055,58.15999984741211,58.66999816894531,58.66999816894531,874200,0.0,0.0
2025-06-30,58.16999816894531,58.970001220703125,57.81999969482422,58.63999938964844,58.63999938964844,1961300,0.0,0.0
2025-07-01,58.5,59.15999984741211,58.29999923706055,58.970001220703125,58.970001220703125,2068100,0.0,0.0
2025-07-02,59.09000015258789,59.349998474121094,58.7599983215332,59.119998931884766,59.119998931884766,1325800,0.0,0.0
2025-07-03,58.5,59.119998931884766,58.40999984741211,58.7400016784668,58.7400016784668,992100,0.0,0.0
2025-07-07,60.599998474121094,62.220001220703125,60.150001525878906,61.459999084472656,61.459999084472656,3606500,0.0,0.0
2025-07-08,61.099998474121094,61.11000061035156,60.380001068115234,60.540000915527344,60.540000915527344,2303300,0.0,0.0
2025-07-09,60.88999938964844,61.5,60.20000076293945,61.349998474121094,61.349998474121094,4096600,0.0,0.0
2025-07-10,62.0,62.650001525878906,61.540000915527344,61.869998931884766,61.869998931884766,1819400,0.0,0.0
2025-07-11,62.0,62.7400016784668,61.70000076293945,61.91999816894531,61.91999816894531,1730300,0.0,0.0
2025-07-14,61.97999954223633,62.43000030517578,61.54999923706055,61.65999984741211,61.65999984741211,1627700,0.0,0.0
2025-07-15,61.81999969482422,63.130001068115234,61.25,63.09000015258789,63.09000015258789,5410300,0.0,0.0
2025-07-16,63.52000045776367,64.2300033569336,62.939998626708984,63.029998779296875,63.029998779296875,3135200,0.0,0.0
2025-07-17,63.029998779296875,63.25,62.2599983215332,62.31999969482422,62.31999969482422,2585200,0.0,0.0
2025-07-18,63.22999954223633,63.900001525878906,62.790000915527344,63.61000061035156,63.61000061035156,4389400,0.0,0.0
2025-07-21,63.540000915527344,64.18000030517578,63.189998626708984,63.369998931884766,63.369998931884766,1530000,0.0,0.0
2025-07-22,63.0,63.84000015258789,62.439998626708984,63.29999923706055,63.29999923706055,1579700,0.0,0.0
2025-07-23,63.849998474121094,65.22000122070312,63.54999923706055,64.55000305175781,64.55000305175781,1945700,0.0,0.0
2025-07-24,64.56999969482422,64.9000015258789,64.12999725341797,64.54000091552734,64.54000091552734,1494800,0.0,0.0
2025-07-25,64.33000183105469,64.76000213623047,63.83000183105469,64.43000030517578,64.43000030517578,1195200,0.0,0.0
2025-07-28,63.72999954223633,64.16999816894531,63.13999938964844,63.5,63.5,2266500,0.0,0.0
2025-07-29,63.310001373291016,63.70000076293945,62.81999969482422,63.130001068115234,63.130001068115234,1702400,0.0,0.0
2025-07-30,62.810001373291016,63.15999984741211,61.470001220703125,61.72999954223633,61.72999954223633,2507200,0.0,0.0
2025-07-31,62.040000915527344,62.54999923706055,61.5,61.95000076293945,61.95000076293945,1855200,0.0,0.0
2025-08-01,61.2599983215332,61.40999984741211,59.86000061035156,60.630001068115234,60.630001068115234,2202200,0.0,0.0
2025-08-04,61.779998779296875,62.400001525878906,61.599998474121094,62.060001373291016,62.060001373291016,1196900,0.0,0.0
2025-08-05,61.84000015258789,62.119998931884766,61.11000061035156,61.16999816894531,61.16999816894531,1105900,0.0,0.0
2025-08-06,61.22999954223633,62.08000183105469,61.22999954223633,61.900001525878906,61.900001525878906,1512800,0.0,0.0
2025-08-07,62.58000183105469,63.150001525878906,61.59000015258789,62.15999984741211,62.15999984741211,1855000,0.0,0.0
2025-08-08,61.439998626708984,61.86000061035156,58.439998626708984,58.79999923706055,58.79999923706055,7013800,0.0,0.0
2025-08-11,60.0,60.130001068115234,59.38999938964844,59.47999954223633,59.47999954223633,4234200,0.0,0.0
2025-08-12,60.349998474121094,60.380001068115234,59.29999923706055,59.34000015258789,59.34000015258789,4310300,0.0,0.0
2025-08-13,61.75,62.279998779296875,61.56999969482422,61.86000061035156,61.86000061035156,5272200,0.0,0.0
2025-08-14,61.650001525878906,62.0,60.130001068115234,60.310001373291016,60.310001373291016,3597400,0.0,0.0
2025-08-15,62.400001525878906,62.79999923706055,61.900001525878906,62.369998931884766,62.369998931884766,4114900,0.0,0.0
2025-08-18,63.66999816894531,64.4000015258789,62.75,62.95000076293945,62.95000076293945,3838100,0.0,0.0
2025-08-19,64.2300033569336,64.93000030517578,64.16999816894531,64.86000061035156,64.86000061035156,4319400,0.0,0.0
2025-08-20,63.599998474121094,63.709999084472656,62.65999984741211,63.18000030517578,63.18000030517578,2384200,0.0,0.0
2025-08-21,63.279998779296875,64.13999938964844,63.279998779296875,63.619998931884766,63.619998931884766,1983000,0.0,0.0
2025-08-22,64.20999908447266,64.94999694824219,63.720001220703125,64.91999816894531,64.91999816894531,2899200,0.0,0.0
2025-08-25,65.68000030517578,66.5,65.5,65.93000030517578,65.93000030517578,2595700,0.0,0.0
2025-08-26,65.77999877929688,65.9800033569336,64.8499984741211,64.93000030517578,64.93000030517578,2168300,0.0,0.0
2025-08-27,64.62000274658203,65.4000015258789,63.939998626708984,65.29000091552734,65.29000091552734,2919600,0.0,0.0
2025-08-28,70.19000244140625,75.3499984741211,69.66999816894531,75.02999877929688,75.02999877929688,8970200,0.0,0.0
2025-08-29,74.98999786376953,75.69000244140625,73.5,73.75,73.75,4246400,0.0,0.0
2025-09-02,72.11000061035156,72.31999969482422,70.77999877929688,71.58999633789062,71.58999633789062,4391300,0.0,0.0
2025-09-03,71.08000183105469,71.76000213623047,70.6500015258789,71.2300033569336,71.2300033569336,2872800,0.0,0.0
2025-09-04,71.3499984741211,73.0,71.08000183105469,72.98999786376953,72.98999786376953,3729400,0.0,0.0
2025-09-05,73.1500015258789,73.75,72.56999969482422,72.79000091552734,72.79000091552734,4164700,0.0,0.0
2025-09-08,73.0,73.05000305175781,71.94999694824219,73.0199966430664,73.0199966430664,2805600,0.0,0.0
2025-09-09,72.0,72.51000213623047,71.86000061035156,72.4000015258789,72.4000015258789,2797600,0.0,0.0
2025-09-10,72.77999877929688,73.47000122070312,71.77999877929688,72.5,72.5,2724400,0.0,0.0
2025-09-11,73.5,74.8499984741211,73.2699966430664,74.83000183105469,74.83000183105469,3006800,0.0,0.0
2025-09-12,74.5,74.63999938964844,73.44999694824219,73.87000274658203,73.87000274658203,1368600,0.0,0.0
2025-09-15,73.94999694824219,74.83000183105469,73.86000061035156,74.12000274658203,74.12000274658203,1843100,0.0,0.0
2025-09-16,75.29000091552734,77.13999938964844,74.91999816894531,76.58000183105469,76.58000183105469,4321800,0.0,0.0
2025-09-17,77.44999694824219,77.87000274658203,76.16999816894531,76.79000091552734,76.79000091552734,4752300,0.0,0.0
2025-09-18,76.91000366210938,78.6500015258789,76.91000366210938,78.1500015258789,78.1500015258789,4128400,0.0,0.0
2025-09-19,78.20999908447266,78.55000305175781,77.25,78.5199966430664,78.5199966430664,2708400,0.0,0.0
2025-09-22,77.12000274658203,78.23999786376953,77.12000274658203,77.81999969482422,77.81999969482422,2150900,0.0,0.0
2025-09-23,77.08999633789062,77.5999984741211,76.5999984741211,76.70999908447266,76.70999908447266,2627000,0.0,0.0
2025-09-24,77.58999633789062,78.08000183105469,76.51000213623047,76.55000305175781,76.55000305175781,3154600,0.0,0.0
2025-09-25,76.55000305175781,76.55000305175781,75.37000274658203,75.70999908447266,75.70999908447266,1838400,0.0,0.0
2025-09-26,75.0,76.06999969482422,74.80999755859375,75.91999816894531,75.91999816894531,2311700,0.0,0.0
2025-09-29,77.05000305175781,77.83000183105469,76.05999755859375,76.13999938964844,76.13999938964844,1381300,0.0,0.0
2025-09-30,76.91000366210938,77.0,75.08999633789062,75.19999694824219,75.19999694824219,1903200,0.0,0.0
2025-10-01,75.11000061035156,75.68000030517578,74.52999877929688,74.94000244140625,74.94000244140625,2334200,0.0,0.0
2025-10-02,75.0,75.2300033569336,74.16999816894531,75.18000030517578,75.18000030517578,1554300,0.0,0.0
2025-10-03,73.97000122070312,74.0,73.12999725341797,73.31999969482422,73.31999969482422,1272500,0.0,0.0
2025-10-06,72.23999786376953,72.3499984741211,71.33999633789062,71.38999938964844,71.38999938964844,1797400,0.0,0.0
2025-10-07,71.93000030517578,72.16999816894531,70.93000030517578,71.62000274658203,71.62000274658203,1039900,0.0,0.0
2025-10-08,71.47000122070312,71.62000274658203,70.62000274658203,71.55000305175781,71.55000305175781,1732100,0.0,0.0
2025-10-09,72.06999969482422,72.5,70.51000213623047,71.11000061035156,71.11000061035156,2054900,0.0,0.0
2025-10-10,73.05999755859375,74.7699966430664,69.9000015258789,70.08000183105469,70.08000183105469,4214300,0.0,0.0
2025-10-13,72.0,72.3499984741211,70.47000122070312,70.75,70.75,1656100,0.0,0.0
2025-10-14,68.69000244140625,70.2699966430664,68.3499984741211,70.16000366210938,70.16000366210938,2058200,0.0,0.0
2025-10-15,70.8499984741211,70.91000366210938,69.58000183105469,69.80999755859375,69.80999755859375,1547800,0.0,0.0
2025-10-16,70.4800033569336,70.81999969482422,69.7699966430664,70.19000244140625,70.19000244140625,1158200,0.0,0.0
2025-10-17,69.69999694824219,70.4800033569336,69.5,70.13999938964844,70.13999938964844,2074600,0.0,0.0
2025-10-20,70.83999633789062,71.7699966430664,70.55000305175781,71.37999725341797,71.37999725341797,819600,0.0,0.0
2025-10-21,71.11000061035156,71.69000244140625,70.9000015258789,71.3499984741211,71.3499984741211,1895500,0.0,0.0
2025-10-22,70.30000305175781,71.5999984741211,70.30000305175781,70.7699966430664,70.7699966430664,957100,0.0,0.0
2025-10-23,71.0,71.58999633789062,70.37999725341797,71.08000183105469,71.08000183105469,978500,0.0,0.0
2025-10-24,72.29000091552734,73.16999816894531,72.29000091552734,72.79000091552734,72.79000091552734,1006500,0.0,0.0
2025-10-27,73.73999786376953,74.08999633789062,73.18000030517578,73.66999816894531,73.66999816894531,1116400,0.0,0.0
2025-10-28,73.26000213623047,73.44999694824219,72.11000061035156,72.36000061035156,72.36000061035156,1274900,0.0,0.0
2025-10-29,72.7300033569336,73.41999816894531,72.33999633789062,72.47000122070312,72.47000122070312,1107300,0.0,0.0
2025-10-30,70.6500015258789,71.4000015258789,70.4000015258789,70.55000305175781,70.55000305175781,1312400,0.0,0.0
2025-10-31,70.16999816894531,70.81999969482422,69.79000091552734,70.6500015258789,70.6500015258789,710700,0.0,0.0
2025-11-03,71.30000305175781,71.70999908447266,70.69999694824219,71.5,71.5,737800,0.0,0.0
2025-11-04,70.70999908447266,70.7699966430664,69.6500015258789,70.02999877929688,70.02999877929688,1241600,0.0,0.0
2025-11-05,69.41999816894531,70.7699966430664,69.41999816894531,70.48999786376953,70.48999786376953,1080600,0.0,0.0
2025-11-06,71.29000091552734,71.30999755859375,69.70999908447266,69.98999786376953,69.98999786376953,1395800,0.0,0.0
2025-11-07,69.7699966430664,70.27999877929688,69.23999786376953,70.2699966430664,70.2699966430664,1585600,0.0,0.0
2025-11-10,72.8499984741211,74.06999969482422,72.5199966430664,73.61000061035156,73.61000061035156,2592500,0.0,0.0
2025-11-11,73.1500015258789,74.22000122070312,72.45999908447266,73.87000274658203,73.87000274658203,1443200,0.0,0.0
2025-11-12,73.83999633789062,74.62000274658203,73.02999877929688,74.58999633789062,74.58999633789062,1427800,0.0,0.0
2025-11-13,74.36000061035156,75.5199966430664,74.25,74.5199966430664,74.5199966430664,2235900,0.0,0.0
2025-11-14,72.98999786376953,73.63999938964844,71.98999786376953,72.02999877929688,72.02999877929688,2041100,0.0,0.0
2025-11-17,71.5,72.44999694824219,70.19999694824219,70.88999938964844,70.88999938964844,1724800,0.0,0.0
2025-11-18,70.95999908447266,73.5,70.76000213623047,72.44000244140625,72.44000244140625,2788300,0.0,0.0
2025-11-19,73.30000305175781,73.44000244140625,72.08000183105469,72.44999694824219,72.44999694824219,2616800,0.0,0.0
2025-11-20,71.25,71.7300033569336,69.7699966430664,69.80999755859375,69.80999755859375,3306300,0.0,0.0
2025-11-21,68.6500015258789,70.11000061035156,68.6500015258789,69.8499984741211,69.8499984741211,4094600,0.0,0.0
2025-11-24,70.0,70.63999938964844,69.51000213623047,70.19000244140625,70.19000244140625,3355700,0.0,0.0
2025-11-25,70.6500015258789,70.88999938964844,70.0199966430664,70.30000305175781,70.30000305175781,1651800,0.0,0.0
2025-11-26,69.37999725341797,70.18000030517578,69.36000061035156,69.72000122070312,69.72000122070312,2118900,0.0,0.0
2025-11-28,69.0,70.0999984741211,69.0,69.91999816894531,69.91999816894531,1983300,0.0,0.0
2025-12-01,69.8499984741211,70.55000305175781,69.5,70.27999877929688,70.27999877929688,1924000,0.0,0.0
2025-12-02,70.0,70.44999694824219,69.80000305175781,70.19000244140625,70.19000244140625,1729400,0.0,0.0
2025-12-03,68.8499984741211,70.7699966430664,68.83000183105469,70.72000122070312,70.72000122070312,1934300,0.0,0.0
2025-12-04,71.36000061035156,71.98999786376953,70.9800033569336,71.12000274658203,71.12000274658203,904400,0.0,0.0
2025-12-05,70.98999786376953,72.08000183105469,70.62000274658203,71.75,71.75,1236800,0.0,0.0
2025-12-08,70.58999633789062,70.69000244140625,69.73999786376953,70.1500015258789,70.1500015258789,2461400,0.0,0.0
2025-12-09,69.45999908447266,70.19999694824219,69.18000030517578,70.12000274658203,70.12000274658203,3204500,0.0,0.0
2025-12-10,70.19999694824219,70.98999786376953,70.12999725341797,70.83000183105469,70.83000183105469,1328700,0.0,0.0
2025-12-11,70.08000183105469,70.47000122070312,69.86000061035156,70.12999725341797,70.12999725341797,1780300,0.0,0.0
2025-12-12,70.55999755859375,70.97000122070312,70.11000061035156,70.80000305175781,70.80000305175781,1764100,0.0,0.0
2025-12-15,71.0,72.06999969482422,70.72000122070312,71.38999938964844,71.38999938964844,1503900,0.0,0.0
2025-12-16,71.01000213623047,71.38999938964844,70.66999816894531,70.88999938964844,70.88999938964844,1009800,0.0,0.0
2025-12-17,72.0,73.19999694824219,71.69000244140625,71.8499984741211,71.8499984741211,3235700,0.0,0.0
2025-12-18,71.91000366210938,72.29000091552734,71.23999786376953,71.25,71.25,1038200,0.0,0.0
2025-12-19,71.7699966430664,72.87999725341797,71.29000091552734,72.22000122070312,72.22000122070312,1567300,0.0,0.0
2025-12-22,73.5,74.30000305175781,73.41000366210938,73.76000213623047,73.76000213623047,1901400,0.0,0.0
2025-12-23,73.38999938964844,73.45999908447266,72.30000305175781,72.4800033569336,72.4800033569336,1196800,0.0,0.0
2025-12-24,72.4800033569336,72.95999908447266,72.16999816894531,72.23999786376953,72.23999786376953,789900,0.0,0.0
2025-12-26,72.30999755859375,72.52999877929688,72.1500015258789,72.5,72.5,376400,0.0,0.0
2025-12-29,72.16999816894531,72.6500015258789,72.05000305175781,72.61000061035156,72.61000061035156,614500,0.0,0.0
2025-12-30,73.0,73.4800033569336,72.31999969482422,72.31999969482422,72.31999969482422,843200,0.0,0.0
2025-12-31,71.61000061035156,72.12999725341797,71.5,71.91000366210938,71.91000366210938,1052700,0.0,0.0
2026-01-02,74.0999984741211,74.80000305175781,73.91999816894531,74.48999786376953,74.48999786376953,1404300,0.0,0.0
2026-01-05,74.11000061035156,75.76000213623047,73.80999755859375,75.1500015258789,75.1500015258789,1310100,0.0,0.0
2026-01-06,77.05999755859375,77.61000061035156,76.05999755859375,76.0999984741211,76.0999984741211,1967300,0.0,0.0
2026-01-07,76.48999786376953,76.81999969482422,75.75,76.16000366210938,76.16000366210938,1092800,0.0,0.0
2026-01-08,76.6500015258789,77.6500015258789,76.6500015258789,76.81999969482422,76.81999969482422,1240800,0.0,0.0
2026-01-09,76.75,76.80999755859375,75.5199966430664,75.66000366210938,75.66000366210938,907100,0.0,0.0
2026-01-12,77.41000366210938,78.98999786376953,77.33999633789062,78.95999908447266,78.95999908447266,1903700,0.0,0.0
2026-01-13,78.12000274658203,78.47000122070312,75.44000244140625,75.68000030517578,75.68000030517578,2348800,0.0,0.0
2026-01-14,63.029998779296875,65.0,61.33000183105469,62.779998779296875,62.779998779296875,34048300,0.0,0.0
2026-01-15,60.97999954223633,62.290000915527344,60.709999084472656,61.29999923706055,61.29999923706055,9374400,0.0,0.0
2026-01-16,60.47999954223633,62.91999816894531,60.20000076293945,61.77000045776367,61.77000045776367,8407800,0.0,0.0
2026-01-20,61.31999969482422,61.959999084472656,60.13999938964844,60.470001220703125,60.470001220703125,6599500,0.0,0.0
2026-01-21,62.470001220703125,62.959999084472656,61.83000183105469,62.099998474121094,62.099998474121094,3703600,0.0,0.0
2026-01-22,61.95000076293945,62.599998474121094,61.63999938964844,62.099998474121094,62.099998474121094,5655900,0.0,0.0
2026-01-23,62.130001068115234,63.16999816894531,62.130001068115234,62.880001068115234,62.880001068115234,3445300,0.0,0.0
2026-01-26,62.7599983215332,63.9900016784668,62.7599983215332,63.970001220703125,63.970001220703125,3698500,0.0,0.0
2026-01-27,64.11000061035156,64.23999786376953,62.400001525878906,62.439998626708984,62.439998626708984,4354200,0.0,0.0
2026-01-28,62.720001220703125,63.130001068115234,62.11000061035156,62.400001525878906,62.400001525878906,4357100,0.0,0.0
2026-01-29,61.95000076293945,62.540000915527344,61.349998474121094,62.02000045776367,62.02000045776367,4825400,0.0,0.0
2026-01-30,61.91999816894531,61.9900016784668,60.720001220703125,61.369998931884766,61.369998931884766,2767100,0.0,0.0
2026-02-02,60.97999954223633,62.040000915527344,60.90999984741211,62.0099983215332,62.0099983215332,2373800,0.0,0.0
2026-02-03,61.72999954223633,62.0099983215332,60.20000076293945,60.47999954223633,60.47999954223633,3710800,0.0,0.0
2026-02-04,58.529998779296875,58.63999938964844,57.060001373291016,57.38999938964844,57.38999938964844,10221800,0.0,0.0
2026-02-05,57.290000915527344,58.16999816894531,56.95000076293945,57.349998474121094,57.349998474121094,3664500,0.0,0.0
2026-02-06,57.599998474121094,59.5099983215332,57.599998474121094,59.400001525878906,59.400001525878906,2959100,0.0,0.0
2026-02-09,58.400001525878906,59.040000915527344,58.099998474121094,58.58000183105469,58.58000183105469,3915700,0.0,0.0
2026-02-10,57.4900016784668,57.939998626708984,57.22999954223633,57.5,57.5,5005300,0.0,0.0
2026-02-11,57.369998931884766,57.970001220703125,56.52000045776367,57.939998626708984,57.939998626708984,4046700,0.0,0.0
2026-02-12,56.0,56.04999923706055,54.33000183105469,54.459999084472656,54.459999084472656,6621900,0.0,0.0
2026-02-13,53.52000045776367,54.47999954223633,53.29999923706055,54.43000030517578,54.43000030517578,4330000,0.0,0.0
2026-02-17,54.0099983215332,56.45000076293945,53.689998626708984,56.119998931884766,56.119998931884766,3565800,0.0,0.0
2026-02-18,56.29999923706055,56.63999938964844,55.97999954223633,56.630001068115234,56.630001068115234,4120400,0.0,0.0
2026-02-19,56.2400016784668,56.439998626708984,55.189998626708984,55.34000015258789,55.34000015258789,1770200,0.0,0.0
2026-02-20,53.529998779296875,54.650001525878906,53.150001525878906,54.56999969482422,54.56999969482422,3532300,0.0,0.0
2026-02-23,54.2400016784668,54.27000045776367,52.70000076293945,52.93000030517578,52.93000030517578,3440300,0.0,0.0
2026-02-24,52.810001373291016,54.060001373291016,52.33000183105469,53.77000045776367,53.77000045776367,3640300,0.0,0.0
2026-02-25,53.66999816894531,53.86000061035156,52.59000015258789,53.65999984741211,53.65999984741211,3829100,0.0,0.0
2026-02-26,52.18000030517578,52.81999969482422,51.560001373291016,52.27000045776367,52.27000045776367,6589100,0.0,0.0
2026-02-27,52.130001068115234,53.0,52.11000061035156,52.619998931884766,52.619998931884766,2981800,0.0,0.0
2026-03-02,51.0,51.7400016784668,50.70000076293945,51.47999954223633,51.47999954223633,3925600,0.0,0.0
2026-03-03,50.45000076293945,52.09000015258789,49.47999954223633,51.70000076293945,51.70000076293945,5380900,0.0,0.0
2026-03-04,51.54999923706055,51.560001373291016,50.18000030517578,50.86000061035156,50.86000061035156,2679900,0.0,0.0
2026-03-05,50.470001220703125,52.02000045776367,50.119998931884766,51.959999084472656,51.959999084472656,4951700,0.0,0.0
2026-03-06,52.91999816894531,54.2400016784668,52.68000030517578,54.0,54.0,5940900,0.0,0.0
2026-03-09,52.7599983215332,53.7599983215332,51.849998474121094,53.7400016784668,53.7400016784668,4281300,0.0,0.0
2026-03-10,53.880001068115234,54.0099983215332,52.7599983215332,53.18000030517578,53.18000030517578,2790600,0.0,0.0
2026-03-11,53.209999084472656,53.209999084472656,51.90999984741211,52.099998474121094,52.099998474121094,2264000,0.0,0.0
2026-03-12,52.15999984741211,52.34000015258789,51.900001525878906,51.93000030517578,51.93000030517578,2318600,0.0,0.0
2026-03-13,51.81999969482422,52.2599983215332,51.58000183105469,51.720001220703125,51.720001220703125,2570000,0.0,0.0
2026-03-16,52.36000061035156,52.880001068115234,52.20000076293945,52.25,52.25,2154900,0.0,0.0
2026-03-17,52.900001525878906,52.90999984741211,52.220001220703125,52.40999984741211,52.40999984741211,1149900,0.0,0.0
2026-03-18,52.04999923706055,52.630001068115234,51.88999938964844,51.959999084472656,51.959999084472656,1423100,0.0,0.0
2026-03-19,50.9900016784668,51.91999816894531,50.70000076293945,51.72999954223633,51.72999954223633,2128400,0.0,0.0
2026-03-20,51.61000061035156,51.709999084472656,51.040000915527344,51.060001373291016,51.060001373291016,2118400,0.0,0.0
2026-03-23,50.779998779296875,51.970001220703125,50.70000076293945,51.31999969482422,51.31999969482422,2926700,0.0,0.0
2026-03-24,50.779998779296875,51.349998474121094,50.5,51.18000030517578,51.18000030517578,2629200,0.0,0.0
2026-03-25,51.63999938964844,51.63999938964844,50.91999816894531,51.34000015258789,51.34000015258789,2147300,0.0,0.0
2026-03-26,50.08000183105469,50.849998474121094,49.939998626708984,50.220001220703125,50.220001220703125,2175700,0.0,0.0
2026-03-27,49.939998626708984,50.25,48.47999954223633,48.4900016784668,48.4900016784668,4408700,0.0,0.0
2026-03-30,48.689998626708984,49.5099983215332,48.689998626708984,49.16999816894531,49.16999816894531,3205700,0.0,0.0
2026-03-31,48.7599983215332,49.81999969482422,48.52000045776367,49.790000915527344,49.790000915527344,3146600,0.0,0.0
2026-04-01,50.25,50.459999084472656,49.22999954223633,49.790000915527344,49.790000915527344,2179400,0.0,0.0
2026-04-02,49.4900016784668,50.810001373291016,49.47999954223633,50.47999954223633,50.47999954223633,1372300,0.0,0.0
2026-04-06,50.0099983215332,50.7400016784668,49.939998626708984,50.09000015258789,50.09000015258789,1320600,0.0,0.0
2026-04-07,50.09000015258789,50.25,49.619998931884766,50.220001220703125,50.220001220703125,1450700,0.0,0.0
2026-04-08,52.0,52.90999984741211,51.72999954223633,51.869998931884766,51.869998931884766,3016500,0.0,0.0
2026-04-09,51.380001068115234,51.5,50.560001373291016,51.34000015258789,51.34000015258789,1742300,0.0,0.0
2026-04-10,51.5099983215332,51.79999923706055,51.16999816894531,51.31999969482422,51.31999969482422,1515200,0.0,0.0
2026-04-13,50.810001373291016,51.81999969482422,50.72999954223633,51.77000045776367,51.77000045776367,1505900,0.0,0.0
2026-04-14,51.209999084472656,52.66999816894531,51.20000076293945,52.56999969482422,52.56999969482422,2838100,0.0,0.0
2026-04-15,52.939998626708984,54.380001068115234,52.939998626708984,54.119998931884766,54.119998931884766,4688600,0.0,0.0
2026-04-16,55.029998779296875,55.25,54.400001525878906,54.689998626708984,54.689998626708984,4522200,0.0,0.0
2026-04-17,55.58000183105469,55.70000076293945,55.060001373291016,55.189998626708984,55.189998626708984,2568500,0.0,0.0
2026-04-20,54.099998474121094,55.040000915527344,53.95000076293945,55.0099983215332,55.0099983215332,2671600,0.0,0.0
2026-04-21,54.970001220703125,55.13999938964844,54.43000030517578,54.650001525878906,54.650001525878906,3843200,0.0,0.0
2026-04-22,54.18000030517578,54.34000015258789,53.54999923706055,53.95000076293945,53.95000076293945,3371800,0.0,0.0
2026-04-23,53.13999938964844,53.15999984741211,52.310001373291016,52.95000076293945,52.95000076293945,2836700,0.0,0.0
2026-04-24,53.13999938964844,53.13999938964844,52.689998626708984,53.11000061035156,53.11000061035156,1893900,0.0,0.0
2026-04-27,52.54999923706055,53.27000045776367,52.11000061035156,53.20000076293945,53.20000076293945,3980700,0.0,0.0
2026-04-28,52.7599983215332,53.22999954223633,52.33000183105469,52.34000015258789,52.34000015258789,2147400,0.0,0.0
2026-04-29,52.790000915527344,53.08000183105469,52.189998626708984,52.779998779296875,52.779998779296875,2203200,0.0,0.0
2026-04-30,53.869998931884766,54.41999816894531,53.33000183105469,54.209999084472656,54.209999084472656,2256500,0.0,0.0
2026-05-01,54.459999084472656,54.459999084472656,53.97999954223633,54.220001220703125,54.220001220703125,1416400,0.0,0.0
2026-05-04,53.349998474121094,53.43000030517578,52.709999084472656,52.810001373291016,52.810001373291016,2592500,0.0,0.0
2026-05-05,52.439998626708984,52.84000015258789,52.290000915527344,52.400001525878906,52.400001525878906,1840300,0.0,0.0
2026-05-06,52.79999923706055,54.5,52.400001525878906,54.45000076293945,54.45000076293945,2830400,0.0,0.0
2026-05-07,54.36000061035156,54.4900016784668,53.04999923706055,53.369998931884766,53.369998931884766,2247000,0.0,0.0
2026-05-08,53.310001373291016,53.75,52.63999938964844,52.68000030517578,52.68000030517578,2208200,0.0,0.0
2026-05-11,51.27000045776367,52.709999084472656,51.209999084472656,52.20000076293945,52.20000076293945,3470200,0.0,0.0
2026-05-12,51.900001525878906,52.20000076293945,51.11000061035156,52.0099983215332,52.0099983215332,3070900,0.0,0.0
2026-05-13,51.90999984741211,53.369998931884766,51.599998474121094,52.279998779296875,52.279998779296875,2901800,0.0,0.0
2026-05-14,50.880001068115234,51.189998626708984,50.18000030517578,50.279998779296875,50.279998779296875,2413400,0.0,0.0
2026-05-15,49.630001068115234,50.220001220703125,49.540000915527344,49.61000061035156,49.61000061035156,2419700,0.0,0.0
2026-05-18,48.9900016784668,49.65999984741211,48.63999938964844,49.31999969482422,49.31999969482422,3059900,0.0,0.0
2026-05-19,49.58000183105469,50.18000030517578,48.939998626708984,48.95000076293945,48.95000076293945,3058200,0.0,0.0
2026-05-20,48.5,48.56999969482422,47.470001220703125,48.560001373291016,48.560001373291016,4227700,0.0,0.0
2026-05-21,47.869998931884766,48.13999938964844,47.38999938964844,48.060001373291016,48.060001373291016,3907600,0.0,0.0
2026-05-22,46.5,47.4900016784668,45.91999816894531,46.369998931884766,46.369998931884766,5390900,0.0,0.0
2026-05-26,46.650001525878906,47.779998779296875,46.619998931884766,47.349998474121094,47.349998474121094,4163300,0.0,0.0
2026-05-27,47.119998931884766,48.040000915527344,46.9900016784668,47.810001373291016,47.810001373291016,2580200,0.0,0.0
2026-05-28,46.58000183105469,47.540000915527344,46.29999923706055,47.08000183105469,47.08000183105469,2890400,0.0,0.0
2026-05-29,47.02000045776367,48.22999954223633,46.720001220703125,47.43000030517578,47.43000030517578,3089800,0.0,0.0
2026-06-01,48.0,48.4900016784668,47.90999984741211,48.290000915527344,48.290000915527344,3080200,0.0,0.0
2026-06-02,49.150001525878906,49.34000015258789,48.43000030517578,48.470001220703125,48.470001220703125,2409700,0.0,0.0
2026-06-03,47.709999084472656,48.02000045776367,47.369998931884766,47.939998626708984,47.939998626708984,2451100,0.0,0.0
2026-06-04,48.310001373291016,49.22999954223633,47.959999084472656,48.060001373291016,48.060001373291016,2035600,0.0,0.0
2026-06-05,48.0,48.08000183105469,47.209999084472656,47.689998626708984,47.689998626708984,3656600,0.0,0.0
2026-06-08,47.70000076293945,47.90999984741211,47.040000915527344,47.209999084472656,47.209999084472656,2384600,0.0,0.0
2026-06-09,47.459999084472656,47.689998626708984,46.91999816894531,47.040000915527344,47.040000915527344,2583500,0.0,0.0
2026-06-10,48.130001068115234,48.83000183105469,47.650001525878906,47.970001220703125,47.970001220703125,2680000,0.0,0.0
2026-06-11,46.939998626708984,47.560001373291016,46.61000061035156,47.38999938964844,47.38999938964844,2812700,0.0,0.0
2026-06-12,47.439998626708984,47.560001373291016,46.400001525878906,46.470001220703125,46.470001220703125,2089400,0.0,0.0
2026-06-15,47.02000045776367,47.68000030517578,47.0099983215332,47.400001525878906,47.400001525878906,2177000,0.0,0.0
2026-06-16,46.84000015258789,47.119998931884766,45.880001068115234,46.22999954223633,46.22999954223633,3429200,0.0,0.0
2026-06-17,46.66999816894531,47.54999923706055,46.540000915527344,46.72999954223633,46.72999954223633,2502000,0.0,0.0
2026-06-18,45.95000076293945,46.27000045776367,45.0,45.099998474121094,45.099998474121094,5591100,0.0,0.0
2026-06-22,44.939998626708984,46.79999923706055,44.939998626708984,46.41999816894531,46.41999816894531,4277600,0.0,0.0
2026-06-23,45.4900016784668,45.59000015258789,44.630001068115234,45.5,45.5,3453800,0.0,0.0
2026-06-24,45.34000015258789,46.560001373291016,45.29999923706055,46.29999923706055,46.29999923706055,2924400,0.0,0.0
2026-06-25,40.15999984741211,40.619998931884766,38.040000915527344,40.4900016784668,40.4900016784668,14376300,0.0,0.0
2026-06-26,39.33000183105469,41.06999969482422,39.029998779296875,40.88999938964844,40.88999938964844,6730500,0.0,0.0
2026-06-29,41.18000030517578,41.2400016784668,39.900001525878906,39.959999084472656,39.959999084472656,5018500,0.0,0.0
2026-06-30,39.959999084472656,40.0,39.31999969482422,39.84000015258789,39.84000015258789,3433900,0.0,0.0
2026-07-01,39.81999969482422,41.56999969482422,39.790000915527344,41.08000183105469,41.08000183105469,2712200,0.0,0.0
2026-07-02,40.36000061035156,41.150001525878906,40.27000045776367,41.0,41.0,3613200,0.0,0.0
2026-07-06,40.9900016784668,41.59000015258789,40.47999954223633,40.97999954223633,40.97999954223633,2598100,0.0,0.0
2026-07-07,41.38999938964844,41.61000061035156,40.459999084472656,40.810001373291016,40.810001373291016,3249000,0.0,0.0
2026-07-08,41.619998931884766,42.16999816894531,41.31999969482422,41.380001068115234,41.380001068115234,2538600,0.0,0.0
2026-07-09,41.04999923706055,41.4900016784668,41.04999923706055,41.43000030517578,41.43000030517578,2059500,0.0,0.0
2026-07-10,42.08000183105469,42.900001525878906,41.630001068115234,42.79999923706055,42.79999923706055,3105400,0.0,0.0
2026-07-13,42.779998779296875,42.9900016784668,42.16999816894531,42.36000061035156,42.36000061035156,1563400,0.0,0.0
2026-07-14,42.400001525878906,42.849998474121094,42.29999923706055,42.40999984741211,42.40999984741211,2133700,0.0,0.0
2026-07-15,42.70000076293945,43.54999923706055,42.599998474121094,42.869998931884766,42.869998931884766,2056700,0.0,0.0
2026-07-16,44.099998474121094,44.220001220703125,43.5099983215332,43.75,43.75,3033900,0.0,0.0
2026-07-17,42.91999816894531,43.540000915527344,42.130001068115234,42.45000076293945,42.45000076293945,3965200,0.0,0.0
2026-07-20,44.779998779296875,44.939998626708984,43.33000183105469,44.189998626708984,44.189998626708984,4183800,0.0,0.0
2026-07-21,44.0099983215332,44.150001525878906,43.540000915527344,43.650001525878906,43.650001525878906,1887500,0.0,0.0
2026-07-22,43.47999954223633,43.47999954223633,42.5,42.58000183105469,42.58000183105469,2423900,0.0,0.0
2026-07-23,43.5099983215332,43.779998779296875,42.7599983215332,43.02000045776367,43.02000045776367,2686800,0.0,0.0
2026-07-24,43.400001525878906,44.060001373291016,43.369998931884766,43.63999938964844,43.63999938964844,2186700,0.0,0.0
2026-07-27,45.400001525878906,45.61000061035156,44.11000061035156,44.77000045776367,44.77000045776367,6308400,0.0,0.0
2026-07-28,44.5,45.7599983215332,44.220001220703125,45.310001373291016,45.310001373291016,4089000,0.0,0.0
2026-07-29,46.36000061035156,47.27000045776367,45.90999984741211,46.0,46.0,5892100,0.0,0.0
2026-07-30,46.31999969482422,46.54999923706055,45.470001220703125,46.47999954223633,46.47999954223633,3855900,0.0,0.0
2026-07-31,46.45000076293945,47.06999969482422,46.38999938964844,47.0099983215332,47.0099983215332,2500800,0.0,0.0
2026-08-03,46.5099983215332,47.47999954223633,46.349998474121094,47.29999923706055,47.29999923706055,4581700,0.0,0.0
2026-08-04,46.52000045776367,47.220001220703125,46.209999084472656,46.84000015258789,46.84000015258789,4034100,0.0,0.0
2026-08-05,47.04999923706055,47.09000015258789,45.900001525878906,45.959999084472656,45.959999084472656,2023000,0.0,0.0
2026-08-06,46.0,46.349998474121094,45.810001373291016,46.2400016784668,46.2400016784668,1536500,0.0,0.0
2026-08-07,45.95000076293945,46.279998779296875,45.68000030517578,46.13999938964844,46.13999938964844,1494700,0.0,0.0
2026-08-10,46.5,47.15999984741211,46.2400016784668,47.119998931884766,47.119998931884766,1456600,0.0,0.0
2026-08-11,46.04999923706055,46.540000915527344,45.779998779296875,46.20000076293945,46.20000076293945,1536900,0.0,0.0
2026-08-12,45.900001525878906,46.04999923706055,45.439998626708984,45.58000183105469,45.58000183105469,2935200,0.0,0.0
2026-08-13,45.20000076293945,45.290000915527344,44.70000076293945,45.02000045776367,45.02000045776367,2398400,0.0,0.0
2026-08-14,44.88999938964844,45.060001373291016,44.61000061035156,44.97999954223633,44.97999954223633,1196300,0.0,0.0
2026-08-17,44.86000061035156,45.150001525878906,44.25,44.849998474121094,44.849998474121094,2101000,0.0,0.0
2026-08-18,44.54999923706055,44.75,44.2599983215332,44.54999923706055,44.54999923706055,1940800,0.0,0.0
2026-08-19,45.18000030517578,46.66999816894531,45.18000030517578,46.5099983215332,46.5099983215332,3335800,0.0,0.0
2026-08-20,46.18000030517578,46.56999969482422,45.63999938964844,46.43000030517578,46.43000030517578,2118700,0.0,0.0
2026-08-21,46.529998779296875,46.529998779296875,45.88999938964844,46.11000061035156,46.11000061035156,1513600,0.0,0.0
2026-08-24,46.20000076293945,46.29999923706055,45.79999923706055,46.02000045776367,46.02000045776367,1847500,0.0,0.0
2026-08-25,45.540000915527344,46.029998779296875,45.400001525878906,45.97999954223633,45.97999954223633,1177300,0.0,0.0
2026-08-26,45.849998474121094,45.959999084472656,45.02000045776367,45.13999938964844,45.13999938964844,2398600,0.0,0.0
2026-08-27,44.939998626708984,44.9900016784668,44.4900016784668,44.61000061035156,44.61000061035156,2182100,0.0,0.0
2026-08-28,44.75,45.369998931884766,44.470001220703125,45.349998474121094,45.349998474121094,1806800,0.0,0.0
2026-08-31,45.65999984741211,45.97999954223633,44.63999938964844,44.650001525878906,44.650001525878906,1970300,0.0,0.0
2026-09-01,44.27000045776367,44.52000045776367,43.79999923706055,43.84000015258789,43.84000015258789,2160300,0.0,0.0
2026-09-02,43.86000061035156,44.369998931884766,43.59000015258789,43.630001068115234,43.630001068115234,2469800,0.0,0.0
2026-09-03,41.599998474121094,41.90999984741211,40.709999084472656,41.400001525878906,41.400001525878906,6876700,0.0,0.0
2026-09-04,41.400001525878906,41.68000030517578,40.93000030517578,41.029998779296875,41.029998779296875,3176400,0.0,0.0
2026-09-08,41.119998931884766,41.31999969482422,40.45000076293945,40.5,40.5,4615800,0.0,0.0
2026-09-09,40.33000183105469,40.36000061035156,39.0,39.189998626708984,39.189998626708984,5321700,0.0,0.0
2026-09-10,39.209999084472656,39.400001525878906,38.66999816894531,38.70000076293945,38.70000076293945,5059200,0.0,0.0
2026-09-11,39.0099983215332,39.27000045776367,38.90999984741211,39.02000045776367,39.02000045776367,4566500,0.0,0.0
2026-09-14,39.709999084472656,39.849998474121094,39.02000045776367,39.08000183105469,39.08000183105469,6372200,0.0,0.0
2026-09-15,40.040000915527344,40.13999938964844,39.08000183105469,39.25,39.25,6001300,0.0,0.0
2026-09-16,40.93000030517578,41.08000183105469,39.439998626708984,40.43000030517578,40.43000030517578,8115000,0.0,0.0
2026-09-17,40.790000915527344,40.83000183105469,40.060001373291016,40.36000061035156,40.36000061035156,4138900,0.0,0.0
2026-09-18,40.61000061035156,41.11000061035156,40.58000183105469,40.68000030517578,40.68000030517578,3841500,0.0,0.0
2026-09-21,41.0,41.130001068115234,40.400001525878906,40.650001525878906,40.650001525878906,3711900,0.0,0.0
2026-09-22,41.06999969482422,41.4900016784668,40.68000030517578,40.849998474121094,40.849998474121094,3142400,0.0,0.0
2026-09-23,41.0,41.08000183105469,40.11000061035156,40.630001068115234,40.630001068115234,5373200,0.0,0.0
2026-09-24,40.02000045776367,40.25,39.540000915527344,40.040000915527344,40.040000915527344,4548100,0.0,0.0
2026-09-25,39.54999923706055,39.72999954223633,39.27000045776367,39.43000030517578,39.43000030517578,2498100,0.0,0.0
2026-09-28,39.720001220703125,40.20000076293945,39.720001220703125,39.900001525878906,39.900001525878906,2617500,0.0,0.0
2026-09-29,39.130001068115234,39.15999984741211,38.43000030517578,38.63999938964844,38.63999938964844,4624600,0.0,0.0
2026-09-30,39.0099983215332,39.2400016784668,38.84000015258789,39.099998474121094,39.099998474121094,3636100,0.0,0.0
2026-10-01,39.189998626708984,39.529998779296875,38.70000076293945,38.7599983215332,38.7599983215332,2830700,0.0,0.0
2026-10-02,38.27000045776367,38.4900016784668,38.0099983215332,38.09000015258789,38.09000015258789,3389000,0.0,0.0
2026-10-05,38.40999984741211,38.84000015258789,38.16999816894531,38.790000915527344,38.790000915527344,3147100,0.0,0.0
2026-10-06,38.33000183105469,38.45000076293945,38.099998474121094,38.2599983215332,38.2599983215332,2274000,0.0,0.0
