date,open,high,low,close,adj_close,volume,dividends,splits
2019-01-02,33.22999954223633,34.47999954223633,33.189998626708984,34.220001220703125,31.30020523071289,1265600,0.0,0.0
2019-01-03,34.0,34.0,32.84000015258789,32.880001068115234,30.074541091918945,1246500,0.0,0.0
2019-01-04,33.43000030517578,34.0,33.36000061035156,33.810001373291016,30.92518424987793,1646500,0.0,0.0
2019-01-07,34.099998474121094,34.540000915527344,33.58000183105469,34.20000076293945,31.28190803527832,1820300,0.0,0.0
2019-01-08,34.47999954223633,34.5,33.29999923706055,33.58000183105469,30.714813232421875,1997500,0.0,0.0
2019-01-09,33.5099983215332,34.654998779296875,33.33000183105469,34.58000183105469,31.629486083984375,2176000,0.0,0.0
2019-01-10,34.4900016784668,34.83000183105469,34.060001373291016,34.459999084472656,31.519725799560547,1570300,0.0,0.0
2019-01-11,34.31999969482422,35.0,34.099998474121094,34.900001525878906,31.92217445373535,1197400,0.0,0.0
2019-01-14,34.459999084472656,34.709999084472656,33.75,34.09000015258789,31.181297302246094,1296400,0.0,0.0
2019-01-15,34.119998931884766,35.279998779296875,34.119998931884766,34.66999816894531,31.71180534362793,1559600,0.0,0.0
2019-01-16,34.72999954223633,35.349998474121094,34.5099983215332,34.939998626708984,31.958768844604492,1253200,0.0,0.0
2019-01-17,34.79999923706055,35.7400016784668,34.59000015258789,35.43000030517578,32.40695571899414,2365300,0.0,0.0
2019-01-18,35.75,36.63999938964844,35.459999084472656,36.15999984741211,33.07467269897461,1852200,0.0,0.0
2019-01-22,35.81999969482422,35.849998474121094,34.560001373291016,35.02000045776367,32.03194046020508,2393800,0.0,0.0
2019-01-23,35.0,35.119998931884766,33.81999969482422,34.2400016784668,31.318490982055664,1851600,0.0,0.0
2019-01-24,34.2599983215332,35.310001373291016,34.2599983215332,35.290000915527344,32.27891159057617,1848800,0.0,0.0
2019-01-25,35.5,36.279998779296875,35.06999969482422,35.40999984741211,32.388668060302734,1451400,0.0,0.0
2019-01-28,35.119998931884766,35.970001220703125,34.893001556396484,35.61000061035156,32.571598052978516,2267600,0.0,0.0
2019-01-29,35.70000076293945,36.25,35.41999816894531,35.9900016784668,32.9191780090332,1765100,0.0,0.0
2019-01-30,36.16999816894531,36.75,35.279998779296875,35.88999938964844,32.82771301269531,1783500,0.0,0.0
2019-01-31,36.060001373291016,36.54899978637695,35.70000076293945,36.45000076293945,33.33993911743164,2552500,0.0,0.0
2019-02-01,37.650001525878906,40.56999969482422,37.630001068115234,39.349998474121094,35.99248123168945,4764600,0.0,0.0
2019-02-04,39.709999084472656,40.29999923706055,38.93000030517578,39.25,35.901023864746094,2302800,0.0,0.0
2019-02-05,39.130001068115234,40.61000061035156,38.689998626708984,40.52000045776367,37.062660217285156,2808000,0.0,0.0
2019-02-06,40.5,41.48500061035156,40.459999084472656,41.11000061035156,37.60232925415039,2516800,0.0,0.0
2019-02-07,41.0,41.7400016784668,40.790000915527344,41.65999984741211,38.105403900146484,1752100,0.0,0.0
2019-02-08,41.31999969482422,41.5,40.08000183105469,40.45000076293945,36.998626708984375,3318100,0.0,0.0
2019-02-11,40.38999938964844,41.400001525878906,40.38999938964844,41.130001068115234,37.62061309814453,2709500,0.0,0.0
2019-02-12,41.02000045776367,41.599998474121094,41.02000045776367,41.31999969482422,37.79439926147461,2722100,0.0,0.0
2019-02-13,41.43000030517578,41.63999938964844,41.01499938964844,41.290000915527344,37.76694869995117,2460400,0.0,0.0
2019-02-14,41.040000915527344,41.349998474121094,40.470001220703125,40.970001220703125,37.47426223754883,3184400,0.0,0.0
2019-02-15,41.0,41.06999969482422,40.48500061035156,40.689998626708984,37.21814727783203,3217800,0.0,0.0
2019-02-19,40.790000915527344,41.439998626708984,40.540000915527344,41.189998626708984,37.67549133300781,2160700,0.0,0.0
2019-02-20,41.2400016784668,42.2400016784668,41.2400016784668,41.880001068115234,38.30662155151367,3659500,0.0,0.0
2019-02-21,41.619998931884766,41.900001525878906,41.38999938964844,41.7400016784668,38.17856979370117,1935300,0.0,0.0
2019-02-22,41.790000915527344,42.06999969482422,41.369998931884766,41.52000045776367,37.97733688354492,2681000,0.0,0.0
2019-02-25,41.72999954223633,42.04499816894531,41.099998474121094,41.650001525878906,38.096248626708984,1720600,0.0,0.0
2019-02-26,41.689998626708984,42.2400016784668,41.56999969482422,42.060001373291016,38.47127151489258,2311200,0.0,0.0
2019-02-27,41.95000076293945,42.189998626708984,41.470001220703125,41.540000915527344,38.10434341430664,2353400,0.12,0.0
2019-02-28,41.08000183105469,41.900001525878906,41.0099983215332,41.720001220703125,38.26945877075195,3078500,0.0,0.0
2019-03-01,42.08000183105469,42.08000183105469,41.38999938964844,41.400001525878906,37.97591781616211,1546400,0.0,0.0
2019-03-04,41.75,41.79999923706055,40.584999084472656,40.93000030517578,37.544795989990234,1924200,0.0,0.0
2019-03-05,41.0,42.0,40.720001220703125,41.599998474121094,38.15937805175781,2962900,0.0,0.0
2019-03-06,41.7400016784668,42.529998779296875,41.439998626708984,41.630001068115234,38.18690490722656,3186100,0.0,0.0
2019-03-07,41.5,41.59000015258789,40.7599983215332,40.880001068115234,37.49893569946289,1958400,0.0,0.0
2019-03-08,40.7599983215332,40.79999923706055,39.970001220703125,40.29999923706055,36.96689987182617,2093200,0.0,0.0
2019-03-11,40.31999969482422,41.040000915527344,40.279998779296875,40.7599983215332,37.38885498046875,2105100,0.0,0.0
2019-03-12,41.02000045776367,41.84000015258789,41.0,41.13999938964844,37.73741912841797,2358700,0.0,0.0
2019-03-13,40.59000015258789,41.279998779296875,40.59000015258789,41.0,37.609004974365234,3280400,0.0,0.0
2019-03-14,41.150001525878906,41.2599983215332,40.7599983215332,41.13999938964844,37.73741912841797,3834400,0.0,0.0
2019-03-15,41.439998626708984,42.79999923706055,41.31999969482422,42.70000076293945,39.16840744018555,7581100,0.0,0.0
2019-03-18,43.09000015258789,43.95000076293945,42.060001373291016,43.5,39.902244567871094,6545300,0.0,0.0
2019-03-19,43.68000030517578,44.06100082397461,43.45000076293945,43.5,39.902244567871094,2911100,0.0,0.0
2019-03-20,43.2599983215332,43.56999969482422,42.54999923706055,43.189998626708984,39.61787414550781,2187300,0.0,0.0
2019-03-21,43.16999816894531,43.76499938964844,42.91999816894531,43.22999954223633,39.654571533203125,1492400,0.0,0.0
2019-03-22,42.900001525878906,43.650001525878906,42.84000015258789,43.439998626708984,39.84720230102539,3786700,0.0,0.0
2019-03-25,43.279998779296875,43.43000030517578,42.83000183105469,43.310001373291016,39.72795867919922,1918600,0.0,0.0
2019-03-26,43.29999923706055,43.83000183105469,43.029998779296875,43.34000015258789,39.755470275878906,1956000,0.0,0.0
2019-03-27,43.45000076293945,44.41999816894531,43.34000015258789,44.18000030517578,40.52598571777344,2504400,0.0,0.0
2019-03-28,44.209999084472656,44.43000030517578,43.08000183105469,43.75,40.13155746459961,2462300,0.0,0.0
2019-03-29,44.0,44.939998626708984,43.95500183105469,44.90999984741211,41.19561767578125,2577000,0.0,0.0
2019-04-01,45.06999969482422,45.880001068115234,44.810001373291016,45.599998474121094,41.828556060791016,2930300,0.0,0.0
2019-04-02,45.599998474121094,45.619998931884766,45.22999954223633,45.41999816894531,41.66343688964844,1594100,0.0,0.0
2019-04-03,45.689998626708984,46.189998626708984,45.04999923706055,45.31999969482422,41.571712493896484,2191400,0.0,0.0
2019-04-04,45.38999938964844,45.38999938964844,44.29999923706055,44.529998779296875,40.847049713134766,2080100,0.0,0.0
2019-04-05,44.72999954223633,44.90999984741211,44.38999938964844,44.65999984741211,40.96629333496094,1802500,0.0,0.0
2019-04-08,44.5,44.5,44.11000061035156,44.150001525878906,40.49847412109375,1600400,0.0,0.0
2019-04-09,43.91999816894531,44.22999954223633,43.525001525878906,43.68000030517578,40.06735610961914,2067400,0.0,0.0
2019-04-10,43.84000015258789,44.0099983215332,42.529998779296875,43.599998474121094,39.993953704833984,2991300,0.0,0.0
2019-04-11,44.02000045776367,44.130001068115234,43.39500045776367,43.68000030517578,40.06735610961914,4872500,0.0,0.0
2019-04-12,44.0099983215332,44.88999938964844,43.9900016784668,44.5,40.81953048706055,3137600,0.0,0.0
2019-04-15,44.34000015258789,44.400001525878906,43.7400016784668,43.75,40.13155746459961,1804400,0.0,0.0
2019-04-16,43.880001068115234,44.380001068115234,43.720001220703125,44.2599983215332,40.59937286376953,1903300,0.0,0.0
2019-04-17,45.47999954223633,45.619998931884766,44.11000061035156,44.34000015258789,40.67276382446289,1680100,0.0,0.0
2019-04-18,44.61000061035156,45.369998931884766,44.400001525878906,45.2400016784668,41.49832534790039,1684700,0.0,0.0
2019-04-22,45.06999969482422,45.15999984741211,44.19300079345703,44.40999984741211,40.736968994140625,1193100,0.0,0.0
2019-04-23,44.310001373291016,44.52000045776367,44.0,44.31999969482422,40.654422760009766,2763000,0.0,0.0
2019-04-24,44.2599983215332,44.67499923706055,43.900001525878906,44.02000045776367,40.379234313964844,2707300,0.0,0.0
2019-04-25,44.369998931884766,44.79999923706055,43.900001525878906,44.68000030517578,40.984649658203125,1562200,0.0,0.0
2019-04-26,44.65999984741211,45.15999984741211,44.529998779296875,45.029998779296875,41.305694580078125,1820100,0.0,0.0
2019-04-29,45.0,45.11000061035156,44.36000061035156,44.75,41.048858642578125,3414400,0.0,0.0
2019-04-30,45.65999984741211,47.91999816894531,45.099998474121094,47.540000915527344,43.60810470581055,9720500,0.0,0.0
2019-05-01,47.470001220703125,47.849998474121094,45.2599983215332,45.5099983215332,41.745994567871094,4321100,0.0,0.0
2019-05-02,45.52000045776367,48.2599983215332,45.459999084472656,47.13999938964844,43.24118423461914,3618900,0.0,0.0
2019-05-03,47.29999923706055,48.27000045776367,47.189998626708984,47.36000061035156,43.44298553466797,2298300,0.0,0.0
2019-05-06,45.65999984741211,46.61000061035156,45.65999984741211,46.5,42.654117584228516,2077100,0.0,0.0
2019-05-07,46.16999816894531,46.66999816894531,45.939998626708984,46.209999084472656,42.38810348510742,2307700,0.0,0.0
2019-05-08,46.209999084472656,46.415000915527344,45.625,45.959999084472656,42.15877914428711,2095200,0.0,0.0
2019-05-09,45.59000015258789,45.59000015258789,44.439998626708984,44.709999084472656,41.01215744018555,2842200,0.0,0.0
2019-05-10,44.56999969482422,45.0,44.310001373291016,44.849998474121094,41.140586853027344,4094800,0.0,0.0
2019-05-13,43.97999954223633,44.0,42.349998474121094,42.650001525878906,39.12253952026367,4200400,0.0,0.0
2019-05-14,42.790000915527344,42.85499954223633,42.025001525878906,42.5,38.98495101928711,3018500,0.0,0.0
2019-05-15,42.5099983215332,42.720001220703125,42.369998931884766,42.38999938964844,38.8840446472168,3048900,0.0,0.0
2019-05-16,42.439998626708984,43.400001525878906,42.43000030517578,42.70000076293945,39.16840744018555,2692200,0.0,0.0
2019-05-17,41.56999969482422,41.61000061035156,40.939998626708984,41.43000030517578,38.00343704223633,3583100,0.0,0.0
2019-05-20,41.130001068115234,41.525001525878906,40.560001373291016,40.689998626708984,37.32463836669922,2693400,0.0,0.0
2019-05-21,40.95000076293945,41.279998779296875,40.529998779296875,41.279998779296875,37.865848541259766,2658200,0.0,0.0
2019-05-22,41.02000045776367,41.380001068115234,39.869998931884766,39.9900016784668,36.68254089355469,3314700,0.0,0.0
2019-05-23,39.47999954223633,40.04999923706055,39.189998626708984,39.43000030517578,36.16885757446289,3315400,0.0,0.0
2019-05-24,39.86000061035156,39.86000061035156,38.380001068115234,38.4900016784668,35.41438674926758,3426400,0.12,0.0
2019-05-28,38.599998474121094,39.5099983215332,38.560001373291016,38.70000076293945,35.60760498046875,6577500,0.0,0.0
2019-05-29,38.5,39.029998779296875,38.470001220703125,38.77000045776367,35.6719970703125,4051700,0.0,0.0
2019-05-30,38.93000030517578,39.36000061035156,38.83000183105469,39.29999923706055,36.15964889526367,2982800,0.0,0.0
2019-05-31,39.099998474121094,40.42499923706055,39.04999923706055,40.0099983215332,36.81291198730469,3458500,0.0,0.0
2019-06-03,39.93000030517578,40.84000015258789,39.685001373291016,40.75,37.49379348754883,3464100,0.0,0.0
2019-06-04,41.0099983215332,41.2400016784668,40.310001373291016,40.709999084472656,37.45698165893555,2539800,0.0,0.0
2019-06-05,41.02000045776367,41.52000045776367,41.0099983215332,41.349998474121094,38.045841217041016,2759700,0.0,0.0
2019-06-06,41.25,41.470001220703125,40.130001068115234,40.290000915527344,37.070556640625,3577800,0.0,0.0
2019-06-07,40.5099983215332,41.06999969482422,40.25,40.869998931884766,37.60419845581055,4368200,0.0,0.0
2019-06-10,41.18000030517578,42.20000076293945,41.11000061035156,41.380001068115234,38.07345962524414,3568900,0.0,0.0
2019-06-11,42.0,42.77000045776367,41.08000183105469,41.18000030517578,37.88942337036133,2958800,0.0,0.0
2019-06-12,41.099998474121094,41.619998931884766,40.63999938964844,41.189998626708984,37.898624420166016,2342500,0.0,0.0
2019-06-13,41.349998474121094,41.90999984741211,41.025001525878906,41.15999984741211,37.87102508544922,2129900,0.0,0.0
2019-06-14,41.029998779296875,41.58000183105469,41.0,41.15999984741211,37.87102508544922,1245500,0.0,0.0
2019-06-17,41.08000183105469,41.2400016784668,40.779998779296875,40.970001220703125,37.69621276855469,1099900,0.0,0.0
2019-06-18,41.25,42.66999816894531,41.220001220703125,42.560001373291016,39.1591682434082,2398500,0.0,0.0
2019-06-19,42.779998779296875,44.869998931884766,42.779998779296875,44.849998474121094,41.26616287231445,5905200,0.0,0.0
2019-06-20,45.13999938964844,46.34000015258789,45.13999938964844,46.22999954223633,42.53590393066406,3673700,0.0,0.0
2019-06-21,46.27000045776367,46.599998474121094,45.849998474121094,46.06999969482422,42.38867950439453,3727800,0.0,0.0
2019-06-24,46.25,46.25,45.68000030517578,45.939998626708984,42.269065856933594,1731700,0.0,0.0
2019-06-25,45.790000915527344,46.099998474121094,45.599998474121094,45.97999954223633,42.30587387084961,2036200,0.0,0.0
2019-06-26,46.29999923706055,46.58000183105469,45.849998474121094,46.33000183105469,42.62791061401367,2379400,0.0,0.0
2019-06-27,46.2400016784668,46.40999984741211,45.529998779296875,46.08000183105469,42.397884368896484,2877700,0.0,0.0
2019-06-28,46.119998931884766,46.31999969482422,45.7400016784668,46.20000076293945,42.50829315185547,7216900,0.0,0.0
2019-07-01,47.029998779296875,47.81999969482422,45.77000045776367,46.08000183105469,42.397884368896484,3097200,0.0,0.0
2019-07-02,46.09000015258789,46.20500183105469,43.900001525878906,44.47999954223633,40.92573165893555,3058200,0.0,0.0
2019-07-03,44.540000915527344,44.630001068115234,43.709999084472656,44.45000076293945,40.898136138916016,1672600,0.0,0.0
2019-07-05,44.41999816894531,44.84000015258789,44.025001525878906,44.38999938964844,40.842926025390625,1637700,0.0,0.0
2019-07-08,44.25,44.40999984741211,43.0099983215332,43.119998931884766,39.67441177368164,2381100,0.0,0.0
2019-07-09,43.209999084472656,43.560001373291016,42.869998931884766,43.29999923706055,39.84003829956055,2680900,0.0,0.0
2019-07-10,43.58000183105469,44.439998626708984,43.560001373291016,44.20000076293945,40.66811752319336,2842300,0.0,0.0
2019-07-11,44.29999923706055,44.650001525878906,44.119998931884766,44.43000030517578,40.87973403930664,1771800,0.0,0.0
2019-07-12,44.400001525878906,44.54999923706055,43.3849983215332,43.70000076293945,40.208065032958984,2206300,0.0,0.0
2019-07-15,43.95000076293945,44.72999954223633,43.93000030517578,44.18000030517578,40.64970779418945,1785300,0.0,0.0
2019-07-16,44.0,44.71500015258789,44.0,44.400001525878906,40.85212707519531,1337700,0.0,0.0
2019-07-17,44.400001525878906,44.880001068115234,44.13999938964844,44.36000061035156,40.815330505371094,1644700,0.0,0.0
2019-07-18,44.45000076293945,44.79199981689453,44.25,44.41999816894531,40.87052917480469,1910500,0.0,0.0
2019-07-19,44.7599983215332,44.95000076293945,44.34000015258789,44.34000015258789,40.79691696166992,1612500,0.0,0.0
2019-07-22,44.56999969482422,44.61000061035156,43.275001525878906,43.5099983215332,40.03325271606445,1846700,0.0,0.0
2019-07-23,43.529998779296875,43.715999603271484,43.18000030517578,43.630001068115234,40.14366149902344,1042800,0.0,0.0
2019-07-24,43.66999816894531,44.43000030517578,43.459999084472656,44.400001525878906,40.85212707519531,1747100,0.0,0.0
2019-07-25,44.52000045776367,44.970001220703125,44.20000076293945,44.83000183105469,41.247772216796875,2467300,0.0,0.0
2019-07-26,45.15999984741211,45.55500030517578,45.119998931884766,45.310001373291016,41.68941879272461,1765100,0.0,0.0
2019-07-29,45.130001068115234,45.5,44.86000061035156,45.43000030517578,41.79982376098633,1975300,0.0,0.0
2019-07-30,44.959999084472656,45.29999923706055,43.54999923706055,44.0,40.48408508300781,3350100,0.0,0.0
2019-07-31,45.29999923706055,46.59000015258789,44.529998779296875,45.5,41.86422348022461,4690300,0.0,0.0
2019-08-01,45.84000015258789,46.459999084472656,44.45000076293945,44.70000076293945,41.1281623840332,2483900,0.0,0.0
2019-08-02,44.619998931884766,45.5,44.2599983215332,45.16999816894531,41.560604095458984,1877300,0.0,0.0
2019-08-05,43.529998779296875,43.529998779296875,42.290000915527344,42.81999969482422,39.39838409423828,3439700,0.0,0.0
2019-08-06,43.470001220703125,44.810001373291016,43.28499984741211,44.65999984741211,41.091339111328125,3046100,0.0,0.0
2019-08-07,44.029998779296875,44.22999954223633,43.349998474121094,44.040000915527344,40.520896911621094,2031400,0.0,0.0
2019-08-08,44.290000915527344,45.04999923706055,43.900001525878906,44.849998474121094,41.26616287231445,2505300,0.0,0.0
2019-08-09,44.709999084472656,44.90999984741211,43.43000030517578,43.81999969482422,40.3184814453125,1877500,0.0,0.0
2019-08-12,43.619998931884766,43.720001220703125,42.72999954223633,43.029998779296875,39.59159469604492,1238100,0.0,0.0
2019-08-13,43.16999816894531,44.06999969482422,42.560001373291016,43.06999969482422,39.62841033935547,2347000,0.0,0.0
2019-08-14,42.2400016784668,42.689998626708984,41.58000183105469,41.81999969482422,38.4782829284668,1982900,0.0,0.0
2019-08-15,42.209999084472656,43.029998779296875,42.130001068115234,42.599998474121094,39.19596481323242,1862400,0.0,0.0
2019-08-16,42.86000061035156,44.25,42.849998474121094,44.11000061035156,40.585304260253906,2125100,0.0,0.0
2019-08-19,44.75,45.66999816894531,44.75,45.43000030517578,41.79982376098633,2492000,0.0,0.0
2019-08-20,45.189998626708984,45.790000915527344,45.119998931884766,45.66999816894531,42.0206413269043,1817200,0.0,0.0
2019-08-21,46.0,46.38999938964844,45.08000183105469,45.220001220703125,41.60661697387695,1425500,0.0,0.0
2019-08-22,45.15999984741211,45.70000076293945,44.040000915527344,44.11000061035156,40.585304260253906,2298400,0.0,0.0
2019-08-23,44.099998474121094,44.099998474121094,42.40999984741211,42.56999969482422,39.16836166381836,2387600,0.0,0.0
2019-08-26,42.939998626708984,43.2400016784668,42.20000076293945,42.31999969482422,39.048404693603516,1146000,0.12,0.0
2019-08-27,42.790000915527344,43.31999969482422,42.529998779296875,43.18000030517578,39.84193801879883,2617400,0.0,0.0
2019-08-28,43.060001373291016,44.19499969482422,42.83000183105469,44.18000030517578,40.76462936401367,1672000,0.0,0.0
2019-08-29,44.63999938964844,45.5,44.459999084472656,45.33000183105469,41.82571792602539,1461500,0.0,0.0
2019-08-30,45.470001220703125,46.08000183105469,45.02000045776367,45.43000030517578,41.9179801940918,1373200,0.0,0.0
2019-09-03,44.869998931884766,45.18000030517578,43.165000915527344,43.63999938964844,40.26637268066406,1733700,0.0,0.0
2019-09-04,44.029998779296875,44.41999816894531,43.81999969482422,44.31999969482422,40.89379119873047,1427700,0.0,0.0
2019-09-05,45.099998474121094,46.16999816894531,44.849998474121094,46.11000061035156,42.54541015625,1598000,0.0,0.0
2019-09-06,46.20000076293945,46.43000030517578,45.7400016784668,45.79999923706055,42.2593994140625,1226200,0.0,0.0
2019-09-09,45.75,46.11000061035156,45.2400016784668,45.66999816894531,42.139434814453125,1210900,0.0,0.0
2019-09-10,45.599998474121094,46.0099983215332,44.869998931884766,45.95000076293945,42.397789001464844,2252000,0.0,0.0
2019-09-11,45.650001525878906,46.36000061035156,44.93000030517578,46.34000015258789,42.75763702392578,1523100,0.0,0.0
2019-09-12,46.619998931884766,48.290000915527344,46.619998931884766,47.90999984741211,44.20626449584961,1734900,0.0,0.0
2019-09-13,47.7599983215332,48.36000061035156,46.45000076293945,46.599998474121094,42.997535705566406,1311300,0.0,0.0
2019-09-16,46.369998931884766,46.775001525878906,45.9900016784668,46.529998779296875,42.932945251464844,790900,0.0,0.0
2019-09-17,46.63999938964844,46.88999938964844,46.130001068115234,46.5,42.905277252197266,785300,0.0,0.0
2019-09-18,46.720001220703125,46.720001220703125,45.380001068115234,45.66999816894531,42.139434814453125,1123300,0.0,0.0
2019-09-19,45.68000030517578,46.0099983215332,45.34000015258789,45.7400016784668,42.20402145385742,1015100,0.0,0.0
2019-09-20,45.7599983215332,46.20000076293945,44.529998779296875,44.65999984741211,41.207515716552734,1598100,0.0,0.0
2019-09-23,44.720001220703125,45.90999984741211,44.54100036621094,45.58000183105469,42.05638885498047,1523800,0.0,0.0
2019-09-24,45.88999938964844,46.060001373291016,44.220001220703125,45.02000045776367,41.539676666259766,1507400,0.0,0.0
2019-09-25,45.060001373291016,45.47999954223633,44.349998474121094,45.400001525878906,41.89031219482422,1254700,0.0,0.0
2019-09-26,45.4900016784668,46.11000061035156,45.40999984741211,45.779998779296875,42.240928649902344,1310000,0.0,0.0
2019-09-27,45.849998474121094,46.33000183105469,43.939998626708984,44.95000076293945,41.47509765625,2561000,0.0,0.0
2019-09-30,45.09000015258789,45.66999816894531,44.959999084472656,45.43000030517578,41.9179801940918,1629100,0.0,0.0
2019-10-01,45.40999984741211,45.86000061035156,43.900001525878906,44.16999816894531,40.755393981933594,1233400,0.0,0.0
2019-10-02,43.900001525878906,44.060001373291016,43.150001525878906,43.349998474121094,39.9987907409668,1281800,0.0,0.0
2019-10-03,43.290000915527344,44.02000045776367,43.25,43.939998626708984,40.543174743652344,1280300,0.0,0.0
2019-10-04,43.95000076293945,44.38999938964844,43.630001068115234,43.81999969482422,40.43244552612305,1053100,0.0,0.0
2019-10-07,43.65999984741211,43.86000061035156,43.15999984741211,43.59000015258789,40.22023010253906,1263900,0.0,0.0
2019-10-08,43.380001068115234,43.61000061035156,42.48500061035156,42.5099983215332,39.223724365234375,1179500,0.0,0.0
2019-10-09,42.91999816894531,43.125,42.39099884033203,42.75,39.445167541503906,1362500,0.0,0.0
2019-10-10,42.63999938964844,43.599998474121094,42.25,43.0099983215332,39.6850700378418,1523900,0.0,0.0
2019-10-11,43.90999984741211,45.0,43.61000061035156,44.4900016784668,41.05065155029297,1149500,0.0,0.0
2019-10-14,44.22999954223633,44.33000183105469,43.09000015258789,43.20000076293945,39.86037826538086,1295800,0.0,0.0
2019-10-15,43.349998474121094,44.97999954223633,43.20000076293945,44.29999923706055,40.875343322753906,1779500,0.0,0.0
2019-10-16,44.150001525878906,44.54999923706055,43.7599983215332,43.83000183105469,40.441688537597656,1668500,0.0,0.0
2019-10-17,43.9900016784668,44.630001068115234,43.91999816894531,44.06999969482422,40.66311264038086,880800,0.0,0.0
2019-10-18,44.02000045776367,44.369998931884766,43.47999954223633,43.81999969482422,40.43244552612305,751000,0.0,0.0
2019-10-21,44.099998474121094,44.470001220703125,43.83000183105469,44.029998779296875,40.626220703125,1078600,0.0,0.0
2019-10-22,44.08000183105469,44.18000030517578,43.29999923706055,43.38999938964844,40.03569412231445,953100,0.0,0.0
2019-10-23,43.18000030517578,43.375,42.650001525878906,42.7599983215332,39.45438766479492,1646200,0.0,0.0
2019-10-24,43.0099983215332,43.72999954223633,42.71500015258789,43.13999938964844,39.80501174926758,1369900,0.0,0.0
2019-10-25,43.04999923706055,44.1150016784668,42.880001068115234,43.56999969482422,40.2017707824707,1327400,0.0,0.0
2019-10-28,44.45000076293945,44.900001525878906,43.369998931884766,43.5099983215332,40.14641571044922,1841200,0.0,0.0
2019-10-29,43.38999938964844,44.380001068115234,43.20000076293945,44.209999084472656,40.792301177978516,2300500,0.0,0.0
2019-10-30,43.0099983215332,44.790000915527344,42.61000061035156,44.02000045776367,40.61699295043945,4404800,0.0,0.0
2019-10-31,43.63999938964844,43.75,41.400001525878906,42.5,39.2144889831543,3461200,0.0,0.0
2019-11-01,42.81999969482422,42.91999816894531,41.22999954223633,41.439998626708984,38.236446380615234,3773000,0.0,0.0
2019-11-04,41.939998626708984,42.36000061035156,41.79999923706055,42.060001373291016,38.80850601196289,3186200,0.0,0.0
2019-11-05,42.25,42.81999969482422,41.810001373291016,42.7400016784668,39.43593978881836,3005900,0.0,0.0
2019-11-06,42.81999969482422,43.0,42.0099983215332,42.63999938964844,39.34367370605469,2839400,0.0,0.0
2019-11-07,43.119998931884766,43.77000045776367,42.97999954223633,43.52000045776367,40.1556396484375,3306300,0.0,0.0
2019-11-08,43.709999084472656,43.900001525878906,43.220001220703125,43.849998474121094,40.46012878417969,2482800,0.0,0.0
2019-11-11,43.380001068115234,43.70000076293945,43.029998779296875,43.630001068115234,40.257137298583984,1243100,0.0,0.0
2019-11-12,43.630001068115234,43.849998474121094,42.66999816894531,42.810001373291016,39.50053405761719,2609700,0.0,0.0
2019-11-13,42.5,42.72999954223633,42.40800094604492,42.65999984741211,39.36213302612305,1322300,0.0,0.0
2019-11-14,42.5,42.68000030517578,41.970001220703125,42.439998626708984,39.159141540527344,2964300,0.0,0.0
2019-11-15,42.650001525878906,43.47999954223633,42.47999954223633,42.790000915527344,39.48207473754883,1747400,0.0,0.0
2019-11-18,42.90999984741211,42.9900016784668,42.29999923706055,42.70000076293945,39.3990364074707,1571200,0.0,0.0
2019-11-19,42.810001373291016,43.33000183105469,42.5,43.27000045776367,39.92496109008789,1868800,0.0,0.0
2019-11-20,43.0099983215332,43.04499816894531,41.86000061035156,42.45000076293945,39.16836166381836,2033900,0.0,0.0
2019-11-21,42.27000045776367,42.435001373291016,41.7599983215332,42.13999938964844,38.88232421875,1241500,0.0,0.0
2019-11-22,42.75,42.75,42.130001068115234,42.279998779296875,39.01150131225586,1739900,0.0,0.0
2019-11-25,42.470001220703125,43.72999954223633,42.404998779296875,43.54999923706055,40.297698974609375,2654800,0.12,0.0
2019-11-26,43.7599983215332,44.75,43.630001068115234,44.4900016784668,41.1674919128418,4413000,0.0,0.0
2019-11-27,44.290000915527344,44.380001068115234,43.630001068115234,44.099998474121094,40.80661392211914,1293800,0.0,0.0
2019-11-29,43.86000061035156,44.560001373291016,43.45000076293945,44.52000045776367,41.195255279541016,1332100,0.0,0.0
2019-12-02,44.66999816894531,44.97999954223633,43.94499969482422,44.439998626708984,41.12123107910156,1796800,0.0,0.0
2019-12-03,44.0099983215332,44.2599983215332,43.79999923706055,44.09000015258789,40.7973747253418,2069200,0.0,0.0
2019-12-04,44.09000015258789,44.619998931884766,44.09000015258789,44.20000076293945,40.89915084838867,1405600,0.0,0.0
2019-12-05,44.369998931884766,44.84000015258789,44.07500076293945,44.72999954223633,41.38956069946289,2153400,0.0,0.0
2019-12-06,45.0,45.04999923706055,44.540000915527344,44.790000915527344,41.445098876953125,1583100,0.0,0.0
2019-12-09,44.709999084472656,45.380001068115234,44.494998931884766,45.279998779296875,41.89849853515625,2339800,0.0,0.0
2019-12-10,45.25,45.4900016784668,44.98500061035156,45.15999984741211,41.78746795654297,2866500,0.0,0.0
2019-12-11,45.349998474121094,46.0,45.2599983215332,45.970001220703125,42.5369758605957,1527500,0.0,0.0
2019-12-12,45.75,46.66999816894531,45.45000076293945,46.47999954223633,43.008880615234375,2039700,0.0,0.0
2019-12-13,46.779998779296875,47.41999816894531,46.54999923706055,47.279998779296875,43.74913024902344,1713900,0.0,0.0
2019-12-16,47.5,48.27000045776367,47.415000915527344,47.939998626708984,44.35984802246094,1949600,0.0,0.0
2019-12-17,47.900001525878906,48.06999969482422,47.5099983215332,47.75,44.184043884277344,2603600,0.0,0.0
2019-12-18,47.54999923706055,47.72999954223633,47.130001068115234,47.52000045776367,43.97121047973633,2183400,0.0,0.0
2019-12-19,47.709999084472656,47.9900016784668,47.43000030517578,47.959999084472656,44.37836456298828,1565200,0.0,0.0
2019-12-20,48.36000061035156,49.0,48.099998474121094,48.65999984741211,45.02607727050781,2503000,0.0,0.0
2019-12-23,48.689998626708984,48.77000045776367,48.150001525878906,48.31999969482422,44.71147155761719,1173000,0.0,0.0
2019-12-24,48.2400016784668,48.65999984741211,48.0099983215332,48.380001068115234,44.76699447631836,349000,0.0,0.0
2019-12-26,48.63999938964844,48.66999816894531,48.290000915527344,48.54999923706055,44.924293518066406,462900,0.0,0.0
2019-12-27,48.599998474121094,48.790000915527344,48.459999084472656,48.65999984741211,45.02607727050781,1198700,0.0,0.0
2019-12-30,48.72999954223633,48.72999954223633,48.04999923706055,48.130001068115234,44.53566360473633,1790000,0.0,0.0
2019-12-31,48.060001373291016,48.33000183105469,47.814998626708984,48.0099983215332,44.424617767333984,953100,0.0,0.0
2020-01-02,48.349998474121094,49.14500045776367,48.349998474121094,49.130001068115234,45.46097946166992,1968100,0.0,0.0
2020-01-03,48.400001525878906,48.63999938964844,48.0,48.41999816894531,44.803993225097656,1434200,0.0,0.0
2020-01-06,48.029998779296875,48.11000061035156,47.20000076293945,47.869998931884766,44.29507827758789,1292400,0.0,0.0
2020-01-07,48.400001525878906,48.400001525878906,47.58000183105469,47.93000030517578,44.3505973815918,1154200,0.0,0.0
2020-01-08,48.119998931884766,48.790000915527344,47.81999969482422,48.540000915527344,44.915042877197266,1097600,0.0,0.0
2020-01-09,49.20000076293945,49.380001068115234,48.47999954223633,48.5,44.878028869628906,1270900,0.0,0.0
2020-01-10,50.33000183105469,50.7400016784668,48.68000030517578,48.79999923706055,45.15562438964844,2505700,0.0,0.0
2020-01-13,48.900001525878906,49.05500030517578,48.130001068115234,48.130001068115234,44.53566360473633,1586700,0.0,0.0
2020-01-14,48.75,49.099998474121094,48.2400016784668,48.459999084472656,44.84101486206055,2040800,0.0,0.0
2020-01-15,48.560001373291016,49.0,48.244998931884766,48.650001525878906,45.01683044433594,1578500,0.0,0.0
2020-01-16,48.88999938964844,49.72999954223633,48.7599983215332,49.630001068115234,45.92363739013672,2101800,0.0,0.0
2020-01-17,50.0,50.599998474121094,49.77000045776367,49.849998474121094,46.1272087097168,1896800,0.0,0.0
2020-01-21,47.4900016784668,47.5,45.970001220703125,46.0,42.564727783203125,4229100,0.0,0.0
2020-01-22,47.0,47.79999923706055,46.65999984741211,46.9900016784668,43.480804443359375,4259300,0.0,0.0
2020-01-23,45.04999923706055,45.20000076293945,43.81999969482422,44.68000030517578,41.34331130981445,5444400,0.0,0.0
2020-01-24,44.77000045776367,45.099998474121094,43.619998931884766,44.25,40.94541549682617,3212200,0.0,0.0
2020-01-27,41.02000045776367,42.63999938964844,40.619998931884766,41.91999816894531,38.78942108154297,7312000,0.0,0.0
2020-01-28,43.060001373291016,45.349998474121094,43.007999420166016,45.04999923706055,41.68568420410156,7404000,0.0,0.0
2020-01-29,44.939998626708984,45.84000015258789,44.540000915527344,45.0099983215332,41.648651123046875,4414600,0.0,0.0
2020-01-30,43.939998626708984,44.29999923706055,43.35300064086914,44.0,40.714080810546875,3948600,0.0,0.0
2020-01-31,43.900001525878906,43.900001525878906,42.40999984741211,43.06999969482422,39.85354232788086,3253500,0.0,0.0
2020-02-03,43.060001373291016,43.5,42.88999938964844,43.119998931884766,39.899810791015625,3592000,0.0,0.0
2020-02-04,44.040000915527344,44.91999816894531,43.92499923706055,44.310001373291016,41.00093078613281,3485500,0.0,0.0
2020-02-05,44.880001068115234,44.88999938964844,44.084999084472656,44.459999084472656,41.13972473144531,2653200,0.0,0.0
2020-02-06,43.599998474121094,44.93000030517578,43.5099983215332,43.72999954223633,40.46425247192383,3986600,0.0,0.0
2020-02-07,43.040000915527344,43.15999984741211,42.5,42.709999084472656,39.52042770385742,4549700,0.0,0.0
2020-02-10,42.20000076293945,42.64500045776367,41.599998474121094,42.40999984741211,39.242835998535156,4177200,0.0,0.0
2020-02-11,42.86000061035156,44.22999954223633,42.849998474121094,43.810001373291016,40.53828430175781,5659100,0.0,0.0
2020-02-12,44.25,45.47999954223633,44.150001525878906,45.41999816894531,42.028045654296875,3515900,0.0,0.0
2020-02-13,44.88999938964844,45.27000045776367,44.400001525878906,45.0099983215332,41.648651123046875,2966300,0.0,0.0
2020-02-14,45.130001068115234,45.209999084472656,44.34000015258789,44.849998474121094,41.500614166259766,1987900,0.0,0.0
2020-02-18,44.79999923706055,45.05500030517578,44.439998626708984,44.79999923706055,41.454349517822266,4381900,0.0,0.0
2020-02-19,45.029998779296875,46.25,44.90999984741211,46.040000915527344,42.60175323486328,3243800,0.0,0.0
2020-02-20,46.060001373291016,46.7599983215332,45.70000076293945,46.04999923706055,42.61098861694336,3487100,0.0,0.0
2020-02-21,45.83000183105469,46.15999984741211,45.4900016784668,45.869998931884766,42.444435119628906,2740400,0.0,0.0
2020-02-24,43.83000183105469,44.63999938964844,43.439998626708984,44.11000061035156,40.81587219238281,3836800,0.0,0.0
2020-02-25,44.52000045776367,45.290000915527344,43.470001220703125,43.810001373291016,40.53828430175781,4149600,0.0,0.0
2020-02-26,43.90999984741211,44.452999114990234,43.28499984741211,43.5099983215332,40.26069259643555,4135900,0.0,0.0
2020-02-27,43.0,44.96500015258789,42.369998931884766,43.75,40.48275375366211,4660800,0.0,0.0
2020-02-28,42.599998474121094,43.790000915527344,42.2599983215332,43.790000915527344,40.5197639465332,5596200,0.0,0.0
2020-03-02,43.849998474121094,44.290000915527344,43.0099983215332,44.290000915527344,40.9824333190918,3540700,0.0,0.0
2020-03-03,44.27000045776367,45.04999923706055,43.66999816894531,44.77000045776367,41.53913497924805,2739100,0.12,0.0
2020-03-04,44.779998779296875,45.290000915527344,44.4900016784668,45.22999954223633,41.965938568115234,2556200,0.0,0.0
2020-03-05,44.45000076293945,45.04999923706055,43.470001220703125,44.16999816894531,40.982421875,2953200,0.0,0.0
2020-03-06,43.130001068115234,43.86000061035156,41.900001525878906,42.56999969482422,39.49789047241211,3561300,0.0,0.0
2020-03-09,40.790000915527344,43.040000915527344,40.41999816894531,42.93000030517578,39.831912994384766,3359500,0.0,0.0
2020-03-10,43.2599983215332,44.29999923706055,42.75,43.65999984741211,40.509239196777344,3656200,0.0,0.0
2020-03-11,42.90999984741211,43.36000061035156,40.970001220703125,41.779998779296875,38.76490783691406,3886400,0.0,0.0
2020-03-12,39.810001373291016,41.0099983215332,39.15999984741211,39.2400016784668,36.40821075439453,4883100,0.0,0.0
2020-03-13,40.83000183105469,41.959999084472656,39.939998626708984,41.72999954223633,38.7185173034668,3936900,0.0,0.0
2020-03-16,39.25,41.97999954223633,38.33000183105469,41.36000061035156,38.37520980834961,5142100,0.0,0.0
2020-03-17,41.150001525878906,44.099998474121094,39.724998474121094,43.939998626708984,40.76902770996094,5347800,0.0,0.0
2020-03-18,41.02000045776367,42.970001220703125,39.540000915527344,40.7599983215332,37.81851577758789,3515400,0.0,0.0
2020-03-19,40.5,43.11000061035156,39.540000915527344,40.0099983215332,37.122650146484375,3666600,0.0,0.0
2020-03-20,41.040000915527344,41.83000183105469,39.04999923706055,40.70000076293945,37.76284408569336,5471100,0.0,0.0
2020-03-23,41.43000030517578,43.060001373291016,39.86000061035156,41.2599983215332,38.28244400024414,4338500,0.0,0.0
2020-03-24,43.599998474121094,44.189998626708984,41.72999954223633,42.900001525878906,39.804080963134766,3388900,0.0,0.0
2020-03-25,43.470001220703125,46.25,42.54999923706055,44.459999084472656,41.25149154663086,3127200,0.0,0.0
2020-03-26,44.279998779296875,45.349998474121094,44.279998779296875,45.04999923706055,41.79893493652344,2320100,0.0,0.0
2020-03-27,44.02000045776367,44.189998626708984,41.70000076293945,42.560001373291016,39.488616943359375,3007300,0.0,0.0
2020-03-30,42.150001525878906,43.0,41.54999923706055,42.310001373291016,39.25666809082031,2288100,0.0,0.0
2020-03-31,41.880001068115234,43.755001068115234,41.33000183105469,42.630001068115234,39.55356979370117,2657700,0.0,0.0
2020-04-01,41.20000076293945,42.150001525878906,40.439998626708984,40.9900016784668,38.03192901611328,3219700,0.0,0.0
2020-04-02,40.939998626708984,42.41999816894531,40.04999923706055,42.0,38.96902847290039,3355200,0.0,0.0
2020-04-03,42.0,42.18000030517578,40.5,41.290000915527344,38.310264587402344,2830500,0.0,0.0
2020-04-06,42.0,43.84000015258789,41.81999969482422,43.66999816894531,40.518516540527344,2266200,0.0,0.0
2020-04-07,44.369998931884766,45.220001220703125,43.310001373291016,43.349998474121094,40.22159957885742,3297400,0.0,0.0
2020-04-08,43.150001525878906,44.970001220703125,43.150001525878906,44.849998474121094,41.61335372924805,2237900,0.0,0.0
2020-04-09,44.77000045776367,46.290000915527344,44.290000915527344,45.47999954223633,42.1978874206543,1916900,0.0,0.0
2020-04-13,45.29999923706055,45.81999969482422,44.470001220703125,45.75,42.448402404785156,958800,0.0,0.0
2020-04-14,46.33000183105469,47.0,45.779998779296875,45.9900016784668,42.67108154296875,1677500,0.0,0.0
2020-04-15,45.720001220703125,45.720001220703125,44.560001373291016,44.66999816894531,41.446346282958984,1567400,0.0,0.0
2020-04-16,44.849998474121094,45.0,43.52000045776367,43.56999969482422,40.425724029541016,3062000,0.0,0.0
2020-04-17,44.25,45.56999969482422,44.0099983215332,45.369998931884766,42.09583282470703,2765600,0.0,0.0
2020-04-20,45.220001220703125,45.66999816894531,44.810001373291016,45.209999084472656,41.947383880615234,4882700,0.0,0.0
2020-04-21,44.7599983215332,45.150001525878906,43.9900016784668,44.439998626708984,41.232940673828125,3098700,0.0,0.0
2020-04-22,44.9900016784668,45.970001220703125,44.869998931884766,45.65999984741211,42.36489486694336,2730400,0.0,0.0
2020-04-23,45.59000015258789,46.060001373291016,45.04999923706055,45.68000030517578,42.383460998535156,2605000,0.0,0.0
2020-04-24,45.5,46.0099983215332,43.7599983215332,43.95000076293945,40.7783088684082,2909300,0.0,0.0
2020-04-27,45.290000915527344,46.75,44.935001373291016,45.93000030517578,42.615421295166016,3196400,0.0,0.0
2020-04-28,46.709999084472656,47.380001068115234,45.529998779296875,45.900001525878906,42.587581634521484,2156900,0.0,0.0
2020-04-29,47.459999084472656,49.959999084472656,46.70000076293945,49.90999984741211,46.30820083618164,5042600,0.0,0.0
2020-04-30,49.22999954223633,50.040000915527344,48.29999923706055,48.459999084472656,44.96283721923828,3416600,0.0,0.0
2020-05-01,47.13999938964844,47.13999938964844,46.08000183105469,46.40999984741211,43.06077194213867,2683900,0.0,0.0
2020-05-04,46.06999969482422,46.20000076293945,45.13999938964844,45.630001068115234,42.337066650390625,2834700,0.0,0.0
2020-05-05,46.29999923706055,46.970001220703125,45.880001068115234,46.0,42.68036651611328,1124200,0.0,0.0
2020-05-06,46.5,47.43000030517578,46.5,47.220001220703125,43.81233215332031,2168500,0.0,0.0
2020-05-07,47.4900016784668,47.95000076293945,46.875,47.119998931884766,43.71954345703125,2098900,0.0,0.0
2020-05-08,47.560001373291016,48.599998474121094,47.470001220703125,48.54999923706055,45.04633712768555,1963400,0.0,0.0
2020-05-11,48.529998779296875,49.6349983215332,48.0099983215332,48.91999816894531,45.38964080810547,1941000,0.0,0.0
2020-05-12,49.2400016784668,49.779998779296875,48.970001220703125,48.970001220703125,45.436031341552734,2425000,0.0,0.0
2020-05-13,48.970001220703125,49.4900016784668,48.130001068115234,48.77000045776367,45.25046920776367,2207600,0.0,0.0
2020-05-14,48.02000045776367,49.15999984741211,47.5880012512207,48.810001373291016,45.28757858276367,2904200,0.0,0.0
2020-05-15,48.619998931884766,49.2140007019043,46.71500015258789,47.150001525878906,43.74737548828125,3192500,0.0,0.0
2020-05-18,48.220001220703125,48.35499954223633,46.29999923706055,46.560001373291016,43.199954986572266,2976900,0.0,0.0
2020-05-19,46.88999938964844,48.96500015258789,46.810001373291016,48.75,45.23190689086914,2553000,0.0,0.0
2020-05-20,49.380001068115234,49.89500045776367,49.18000030517578,49.47999954223633,45.90923309326172,2350200,0.0,0.0
2020-05-21,49.290000915527344,49.290000915527344,47.0,47.52000045776367,44.09067153930664,2976800,0.0,0.0
2020-05-22,46.61000061035156,46.61000061035156,43.5,43.630001068115234,40.48140335083008,4664600,0.0,0.0
2020-05-26,45.400001525878906,46.095001220703125,45.0,45.09000015258789,41.83603286743164,5022800,0.0,0.0
2020-05-27,45.83000183105469,46.189998626708984,44.59000015258789,45.09000015258789,41.83603286743164,3072400,0.0,0.0
2020-05-28,45.59000015258789,46.09000015258789,44.380001068115234,44.380001068115234,41.17727279663086,2361200,0.0,0.0
2020-05-29,44.349998474121094,46.349998474121094,44.11000061035156,46.34000015258789,42.9958381652832,4361200,0.0,0.0
2020-06-01,46.650001525878906,47.25,46.20000076293945,46.970001220703125,43.58037567138672,1801500,0.0,0.0
2020-06-02,47.20000076293945,47.540000915527344,46.66999816894531,47.529998779296875,44.09994888305664,2833300,0.0,0.0
2020-06-03,48.41999816894531,49.40999984741211,48.15999984741211,49.0,45.463871002197266,2494500,0.0,0.0
2020-06-04,48.61000061035156,49.790000915527344,48.310001373291016,49.61000061035156,46.029850006103516,2579200,0.0,0.0
2020-06-05,50.0,50.5,49.40999984741211,49.720001220703125,46.13190841674805,1849100,0.0,0.0
2020-06-08,50.0,51.52000045776367,49.880001068115234,51.4900016784668,47.774169921875,2078500,0.0,0.0
2020-06-09,51.099998474121094,51.36000061035156,50.29999923706055,50.939998626708984,47.26387023925781,1929200,0.0,0.0
2020-06-10,50.7400016784668,50.9900016784668,49.65999984741211,50.209999084472656,46.586551666259766,1460100,0.0,0.0
2020-06-11,49.15999984741211,49.88999938964844,48.439998626708984,48.72999954223633,45.21335220336914,1924600,0.0,0.0
2020-06-12,50.02000045776367,50.63999938964844,48.82500076293945,49.25,45.695838928222656,2351400,0.0,0.0
2020-06-15,47.880001068115234,47.90299987792969,46.66999816894531,47.529998779296875,44.09994888305664,3562200,0.0,0.0
2020-06-16,48.61000061035156,48.61000061035156,46.619998931884766,47.27000045776367,43.85871887207031,3302400,0.0,0.0
2020-06-17,49.13999938964844,51.529998779296875,48.02000045776367,50.68000030517578,47.02263259887695,5286100,0.0,0.0
2020-06-18,49.810001373291016,50.720001220703125,49.709999084472656,50.38999938964844,46.75355911254883,2132700,0.0,0.0
2020-06-19,52.02000045776367,52.61000061035156,51.20500183105469,51.310001373291016,47.60716247558594,2751500,0.0,0.0
2020-06-22,51.060001373291016,51.650001525878906,50.599998474121094,50.959999084472656,47.28242492675781,1658400,0.0,0.0
2020-06-23,51.2400016784668,51.36000061035156,50.43000030517578,50.810001373291016,47.143253326416016,1585400,0.0,0.0
2020-06-24,50.29999923706055,50.630001068115234,48.665000915527344,49.70000076293945,46.11335754394531,1755400,0.0,0.0
2020-06-25,49.59000015258789,50.040000915527344,48.95000076293945,49.81999969482422,46.22469711303711,1864900,0.0,0.0
2020-06-26,49.779998779296875,50.619998931884766,48.970001220703125,49.65999984741211,46.07624435424805,6619200,0.0,0.0
2020-06-29,49.41999816894531,49.529998779296875,48.36000061035156,48.970001220703125,45.436031341552734,1445300,0.0,0.0
2020-06-30,49.0,49.0,47.529998779296875,48.06999969482422,44.60098648071289,2702600,0.0,0.0
2020-07-01,48.06999969482422,48.619998931884766,47.65999984741211,47.66999816894531,44.2298469543457,1476500,0.0,0.0
2020-07-02,48.584999084472656,49.849998474121094,48.290000915527344,49.439998626708984,45.87211608886719,2529200,0.0,0.0
2020-07-06,50.66999816894531,51.25,49.75,50.439998626708984,46.79994201660156,2697300,0.0,0.0
2020-07-07,50.11000061035156,51.43000030517578,49.69499969482422,50.58000183105469,46.92985534667969,1979600,0.0,0.0
2020-07-08,51.0,51.540000915527344,50.349998474121094,51.11000061035156,47.421600341796875,1865300,0.0,0.0
2020-07-09,51.36000061035156,51.959999084472656,50.619998931884766,51.47999954223633,47.76490020751953,1746000,0.0,0.0
2020-07-10,51.209999084472656,51.400001525878906,50.560001373291016,51.38999938964844,47.681396484375,792600,0.0,0.0
2020-07-13,51.56999969482422,52.7400016784668,50.68000030517578,50.709999084472656,47.05046844482422,2053000,0.0,0.0
2020-07-14,50.2400016784668,50.619998931884766,49.5099983215332,50.560001373291016,46.911285400390625,1649900,0.0,0.0
2020-07-15,51.099998474121094,52.52000045776367,50.744998931884766,52.47999954223633,48.69272994995117,1559500,0.0,0.0
2020-07-16,51.209999084472656,51.9900016784668,51.1150016784668,51.77000045776367,48.03396224975586,1163800,0.0,0.0
2020-07-17,52.060001373291016,52.90999984741211,51.8380012512207,52.54999923706055,48.75767135620117,2052700,0.0,0.0
2020-07-20,52.810001373291016,53.70000076293945,52.61000061035156,53.15999984741211,49.32365798950195,1522200,0.0,0.0
2020-07-21,53.59000015258789,54.68000030517578,53.415000915527344,53.58000183105469,49.713348388671875,1332500,0.0,0.0
2020-07-22,53.66999816894531,53.91999816894531,53.150001525878906,53.33000183105469,49.48139190673828,946300,0.0,0.0
2020-07-23,53.31999969482422,53.7400016784668,52.04999923706055,52.5099983215332,48.72056579589844,961300,0.0,0.0
2020-07-24,51.5,52.7400016784668,51.21500015258789,52.63999938964844,48.841182708740234,1172400,0.0,0.0
2020-07-27,52.83000183105469,53.42499923706055,52.5,53.2400016784668,49.39788818359375,972500,0.0,0.0
2020-07-28,53.2400016784668,53.2400016784668,52.18000030517578,52.599998474121094,48.8040657043457,1640800,0.0,0.0
2020-07-29,52.209999084472656,53.86000061035156,52.209999084472656,53.75,49.8710823059082,2297300,0.0,0.0
2020-07-30,50.38999938964844,52.970001220703125,49.880001068115234,50.75,47.087589263916016,3609500,0.0,0.0
2020-07-31,50.5,52.0,50.060001373291016,51.2400016784668,47.542213439941406,2661700,0.0,0.0
2020-08-03,51.599998474121094,52.45000076293945,51.459999084472656,52.220001220703125,48.451499938964844,1359600,0.0,0.0
2020-08-04,52.43000030517578,52.96500015258789,51.880001068115234,52.63999938964844,48.841182708740234,1193700,0.0,0.0
2020-08-05,53.0,53.66999816894531,52.68000030517578,53.189998626708984,49.351497650146484,1109000,0.0,0.0
2020-08-06,53.72999954223633,54.28499984741211,53.189998626708984,54.2599983215332,50.344276428222656,1384500,0.0,0.0
2020-08-07,54.02000045776367,54.290000915527344,53.029998779296875,53.349998474121094,49.499942779541016,1548400,0.0,0.0
2020-08-10,53.38999938964844,53.77000045776367,52.75,52.90999984741211,49.091705322265625,1085400,0.0,0.0
2020-08-11,53.20000076293945,54.16999816894531,53.20000076293945,53.790000915527344,49.90819549560547,1581400,0.0,0.0
2020-08-12,54.0,54.959999084472656,53.83000183105469,54.91999816894531,50.95664978027344,1270300,0.0,0.0
2020-08-13,54.91999816894531,55.14500045776367,54.209999084472656,54.45000076293945,50.520565032958984,1469300,0.0,0.0
2020-08-14,54.40999984741211,54.70500183105469,54.119998931884766,54.5099983215332,50.57623291015625,1440500,0.0,0.0
2020-08-17,54.7599983215332,56.09000015258789,54.630001068115234,55.619998931884766,51.60612487792969,1340700,0.0,0.0
2020-08-18,55.79999923706055,55.939998626708984,54.79999923706055,55.75,51.72675323486328,1034600,0.0,0.0
2020-08-19,55.66999816894531,55.689998626708984,54.5,54.599998474121094,50.65974044799805,1241300,0.0,0.0
2020-08-20,54.529998779296875,54.529998779296875,53.7400016784668,53.95000076293945,50.056644439697266,1938000,0.0,0.0
2020-08-21,54.16999816894531,54.83399963378906,54.0099983215332,54.63999938964844,50.69684982299805,1278100,0.0,0.0
2020-08-24,55.04999923706055,55.40999984741211,54.290000915527344,54.59000015258789,50.65046310424805,846300,0.0,0.0
2020-08-25,55.0,55.2400016784668,54.814998626708984,55.06999969482422,51.0958251953125,874300,0.0,0.0
2020-08-26,55.16999816894531,55.790000915527344,54.45000076293945,55.400001525878906,51.40200424194336,865500,0.0,0.0
2020-08-27,55.619998931884766,55.7400016784668,54.95000076293945,55.20000076293945,51.2164421081543,773100,0.0,0.0
2020-08-28,56.16999816894531,56.939998626708984,55.560001373291016,56.5,52.422630310058594,2300900,0.0,0.0
2020-08-31,58.04999923706055,59.349998474121094,57.595001220703125,57.709999084472656,53.54530334472656,3621000,0.0,0.0
2020-09-01,58.61000061035156,58.61000061035156,57.58000183105469,58.290000915527344,54.08344650268555,2429600,0.0,0.0
2020-09-02,58.5,58.68000030517578,57.540000915527344,57.93000030517578,53.749427795410156,2290400,0.0,0.0
2020-09-03,57.5,57.7599983215332,55.599998474121094,55.91999816894531,51.88447952270508,2508500,0.0,0.0
2020-09-04,54.29999923706055,54.33000183105469,52.099998474121094,53.81999969482422,49.93601989746094,5310900,0.0,0.0
2020-09-08,52.939998626708984,53.154998779296875,52.20000076293945,52.31999969482422,48.54428482055664,2654800,0.0,0.0
2020-09-09,52.08000183105469,53.56999969482422,52.08000183105469,53.20000076293945,49.36076736450195,3911200,0.0,0.0
2020-09-10,51.25,51.38999938964844,50.25,50.65999984741211,47.00407028198242,10557300,0.0,0.0
2020-09-11,51.0,51.9900016784668,51.0,51.36000061035156,47.6535530090332,8553000,0.0,0.0
2020-09-14,52.25,52.75,51.939998626708984,52.16999816894531,48.40510559082031,2648000,0.0,0.0
2020-09-15,52.34000015258789,52.54999923706055,51.59000015258789,52.0,48.24737548828125,2401900,0.0,0.0
2020-09-16,52.15999984741211,52.95000076293945,51.880001068115234,51.970001220703125,48.219539642333984,1763900,0.0,0.0
2020-09-17,51.52000045776367,52.029998779296875,51.435001373291016,52.0099983215332,48.25664520263672,2194800,0.0,0.0
2020-09-18,52.130001068115234,52.279998779296875,50.7400016784668,51.29999923706055,47.59789276123047,2539300,0.0,0.0
2020-09-21,50.290000915527344,51.0099983215332,49.810001373291016,50.720001220703125,47.059749603271484,1693300,0.0,0.0
2020-09-22,50.689998626708984,51.34000015258789,50.13999938964844,51.20000076293945,47.50510025024414,1663500,0.0,0.0
2020-09-23,50.869998931884766,50.959999084472656,50.150001525878906,50.36000061035156,46.72572326660156,2317600,0.0,0.0
2020-09-24,50.04999923706055,51.84000015258789,49.86000061035156,51.38999938964844,47.681396484375,2589900,0.0,0.0
2020-09-25,51.09000015258789,51.459999084472656,50.209999084472656,51.43000030517578,47.718509674072266,1467900,0.0,0.0
2020-09-28,51.869998931884766,52.04999923706055,51.52000045776367,52.0,48.24737548828125,1387400,0.0,0.0
2020-09-29,52.04999923706055,52.04999923706055,51.46500015258789,51.560001373291016,47.83912658691406,2374500,0.0,0.0
2020-09-30,51.939998626708984,53.130001068115234,51.84000015258789,52.95000076293945,49.128814697265625,2218500,0.0,0.0
2020-10-01,53.5,53.599998474121094,52.904998779296875,53.0,49.175201416015625,1061000,0.0,0.0
2020-10-02,52.220001220703125,53.43000030517578,52.194000244140625,52.97999954223633,49.156646728515625,723200,0.0,0.0
2020-10-05,53.16999816894531,53.720001220703125,52.790000915527344,53.54999923706055,49.68551254272461,1492800,0.0,0.0
2020-10-06,53.470001220703125,54.22999954223633,53.13999938964844,53.310001373291016,49.46282958984375,2461100,0.0,0.0
2020-10-07,53.79999923706055,53.915000915527344,52.650001525878906,53.369998931884766,49.51850891113281,1468700,0.0,0.0
2020-10-08,53.380001068115234,53.900001525878906,53.0099983215332,53.720001220703125,49.84325408935547,1225000,0.0,0.0
2020-10-09,53.959999084472656,54.70000076293945,53.5,53.9900016784668,50.093753814697266,1179800,0.0,0.0
2020-10-12,54.279998779296875,54.279998779296875,53.5,53.900001525878906,50.01025390625,1372500,0.0,0.0
2020-10-13,54.06999969482422,54.45000076293945,53.630001068115234,54.16999816894531,50.26076889038086,1460600,0.0,0.0
2020-10-14,53.939998626708984,54.16999816894531,53.25,53.40999984741211,49.55561828613281,2160100,0.0,0.0
2020-10-15,52.79999923706055,53.79999923706055,52.099998474121094,53.34000015258789,49.490665435791016,2357400,0.0,0.0
2020-10-16,53.65999984741211,54.16999816894531,53.439998626708984,53.47999954223633,49.62057113647461,2472200,0.0,0.0
2020-10-19,53.599998474121094,54.060001373291016,52.7599983215332,52.79999923706055,48.9896354675293,2133400,0.0,0.0
2020-10-20,53.119998931884766,54.09000015258789,53.119998931884766,53.72999954223633,49.85251998901367,2460500,0.0,0.0
2020-10-21,53.93000030517578,54.459999084472656,53.47999954223633,53.81999969482422,49.93601989746094,2003100,0.0,0.0
2020-10-22,54.11000061035156,54.939998626708984,53.61000061035156,54.70000076293945,50.752525329589844,2504000,0.0,0.0
2020-10-23,54.7400016784668,55.4900016784668,53.91999816894531,55.27000045776367,51.281375885009766,1630400,0.0,0.0
2020-10-26,54.72999954223633,55.220001220703125,54.04999923706055,54.630001068115234,50.68756866455078,1513400,0.0,0.0
2020-10-27,54.779998779296875,54.84000015258789,53.970001220703125,53.97999954223633,50.08448028564453,2451000,0.0,0.0
2020-10-28,53.220001220703125,53.54999923706055,52.220001220703125,52.220001220703125,48.451499938964844,2441000,0.0,0.0
2020-10-29,54.4900016784668,55.279998779296875,53.16999816894531,54.220001220703125,50.307159423828125,3938600,0.0,0.0
2020-10-30,53.88999938964844,54.060001373291016,52.95000076293945,53.22999954223633,49.388607025146484,3483200,0.0,0.0
2020-11-02,53.59000015258789,53.89500045776367,52.18000030517578,52.650001525878906,48.85047149658203,3736500,0.0,0.0
2020-11-03,52.630001068115234,53.400001525878906,52.5,53.150001525878906,49.31437683105469,3794500,0.0,0.0
2020-11-04,53.58000183105469,56.04999923706055,52.90999984741211,55.2400016784668,51.25355529785156,3502500,0.0,0.0
2020-11-05,55.66999816894531,56.15999984741211,55.040000915527344,56.02000045776367,51.97726058959961,2870700,0.0,0.0
2020-11-06,56.150001525878906,57.60499954223633,56.11000061035156,57.20000076293945,53.072105407714844,2250200,0.0,0.0
2020-11-09,58.5099983215332,58.97999954223633,57.36000061035156,57.369998931884766,53.22983932495117,3478900,0.0,0.0
2020-11-10,57.2599983215332,57.68000030517578,56.560001373291016,57.33000183105469,53.192726135253906,3261300,0.0,0.0
2020-11-11,57.619998931884766,59.04999923706055,57.48699951171875,58.84000015258789,54.59375,2069400,0.0,0.0
2020-11-12,58.470001220703125,59.05500030517578,57.689998626708984,57.70000076293945,53.53602600097656,1940900,0.0,0.0
2020-11-13,58.16999816894531,58.22999954223633,57.16999816894531,57.7599983215332,53.59169006347656,1233400,0.0,0.0
2020-11-16,58.2400016784668,58.4900016784668,57.84000015258789,58.04999923706055,53.86075973510742,1678600,0.0,0.0
2020-11-17,58.22999954223633,58.630001068115234,57.66899871826172,57.79999923706055,53.62880325317383,1710600,0.0,0.0
2020-11-18,58.4900016784668,60.08000183105469,58.347999572753906,59.810001373291016,55.49375915527344,5008200,0.0,0.0
2020-11-19,60.18000030517578,60.91999816894531,60.084999084472656,60.25,55.902000427246094,2696500,0.0,0.0
2020-11-20,60.02000045776367,60.970001220703125,59.7400016784668,60.11000061035156,55.7721061706543,1736300,0.0,0.0
2020-11-23,60.54999923706055,60.54999923706055,59.470001220703125,59.84000015258789,55.52158737182617,1661800,0.0,0.0
2020-11-24,60.060001373291016,60.79999923706055,59.95000076293945,60.369998931884766,56.12589645385742,2029200,0.12,0.0
2020-11-25,59.880001068115234,59.97999954223633,58.66999816894531,58.709999084472656,54.58259201049805,1794800,0.0,0.0
2020-11-27,58.75,59.15999984741211,58.20000076293945,58.400001525878906,54.29439926147461,1116100,0.0,0.0
2020-11-30,57.810001373291016,57.82500076293945,56.31999969482422,56.380001068115234,52.4163932800293,6564700,0.0,0.0
2020-12-01,57.65999984741211,58.70000076293945,57.279998779296875,58.16999816894531,54.08055877685547,2223000,0.0,0.0
2020-12-02,57.849998474121094,58.0,56.2599983215332,56.619998931884766,52.63951873779297,2597700,0.0,0.0
2020-12-03,57.2599983215332,57.79999923706055,56.599998474121094,56.810001373291016,52.816162109375,2290500,0.0,0.0
2020-12-04,57.400001525878906,57.72999954223633,56.290000915527344,56.7599983215332,52.76968002319336,2756200,0.0,0.0
2020-12-07,57.22999954223633,57.94499969482422,56.77000045776367,57.11000061035156,53.09507369995117,2727600,0.0,0.0
2020-12-08,56.88999938964844,57.2400016784668,56.599998474121094,57.209999084472656,53.188045501708984,1380000,0.0,0.0
2020-12-09,57.130001068115234,57.21500015258789,56.400001525878906,56.7599983215332,52.76968002319336,1535500,0.0,0.0
2020-12-10,56.939998626708984,57.97999954223633,56.83000183105469,57.36000061035156,53.3275032043457,1724700,0.0,0.0
2020-12-11,56.470001220703125,57.33000183105469,56.31999969482422,56.790000915527344,52.79757308959961,1306300,0.0,0.0
2020-12-14,57.0099983215332,57.290000915527344,56.56999969482422,56.75,52.76039505004883,1641800,0.0,0.0
2020-12-15,57.349998474121094,57.65999984741211,56.349998474121094,57.470001220703125,53.42976760864258,1426300,0.0,0.0
2020-12-16,57.68000030517578,58.369998931884766,57.369998931884766,57.81999969482422,53.75516891479492,1782200,0.0,0.0
2020-12-17,58.38999938964844,58.77000045776367,57.65999984741211,58.290000915527344,54.192115783691406,2593000,0.0,0.0
2020-12-18,58.400001525878906,58.77000045776367,57.68000030517578,58.2400016784668,54.14563751220703,2079400,0.0,0.0
2020-12-21,57.369998931884766,57.91999816894531,57.18000030517578,57.61000061035156,53.55992889404297,1172700,0.0,0.0
2020-12-22,57.38999938964844,57.47999954223633,56.369998931884766,57.209999084472656,53.188045501708984,1522700,0.0,0.0
2020-12-23,57.560001373291016,58.0,57.27000045776367,57.54999923706055,53.5041389465332,821900,0.0,0.0
2020-12-24,57.66999816894531,57.790000915527344,57.2599983215332,57.709999084472656,53.652896881103516,263700,0.0,0.0
2020-12-28,57.59000015258789,57.650001525878906,56.689998626708984,57.119998931884766,53.1043815612793,834000,0.0,0.0
2020-12-29,57.41999816894531,57.70000076293945,56.65999984741211,56.84000015258789,52.84405517578125,913700,0.0,0.0
2020-12-30,57.5099983215332,57.974998474121094,57.06999969482422,57.119998931884766,53.1043815612793,863100,0.0,0.0
2020-12-31,57.15999984741211,57.40999984741211,56.689998626708984,57.09000015258789,53.076480865478516,753700,0.0,0.0
2021-01-04,57.5099983215332,58.5,56.59000015258789,57.04999923706055,53.039283752441406,2235000,0.0,0.0
2021-01-05,57.45000076293945,58.36000061035156,57.43000030517578,58.209999084472656,54.11775207519531,1284200,0.0,0.0
2021-01-06,58.38999938964844,59.119998931884766,57.720001220703125,58.02000045776367,53.941097259521484,1417100,0.0,0.0
2021-01-07,57.77000045776367,58.310001373291016,56.86000061035156,58.060001373291016,53.978294372558594,2001700,0.0,0.0
2021-01-08,58.439998626708984,59.900001525878906,58.439998626708984,59.869998931884766,55.661041259765625,1657100,0.0,0.0
2021-01-11,59.83000183105469,61.18000030517578,59.470001220703125,59.779998779296875,55.577362060546875,1916300,0.0,0.0
2021-01-12,59.939998626708984,60.0099983215332,57.63999938964844,58.189998626708984,54.09914779663086,1776900,0.0,0.0
2021-01-13,57.790000915527344,58.52000045776367,57.40999984741211,58.40999984741211,54.30368423461914,1754500,0.0,0.0
2021-01-14,58.7400016784668,58.81999969482422,57.435001373291016,57.4900016784668,53.448368072509766,1257000,0.0,0.0
2021-01-15,57.369998931884766,57.540000915527344,56.7599983215332,57.15999984741211,53.14155960083008,1283600,0.0,0.0
2021-01-19,58.0,59.97999954223633,57.88999938964844,59.290000915527344,55.121822357177734,2408000,0.0,0.0
2021-01-20,59.560001373291016,59.86000061035156,58.72999954223633,59.040000915527344,54.889400482177734,2094300,0.0,0.0
2021-01-21,58.93000030517578,59.67499923706055,58.31999969482422,59.310001373291016,55.140419006347656,1194400,0.0,0.0
2021-01-22,59.11000061035156,59.11000061035156,58.11000061035156,58.720001220703125,54.591888427734375,1905700,0.0,0.0
2021-01-25,59.09000015258789,59.85499954223633,58.369998931884766,58.369998931884766,54.26648712158203,1440200,0.0,0.0
2021-01-26,58.349998474121094,59.43000030517578,57.65999984741211,59.34000015258789,55.16829299926758,1078700,0.0,0.0
2021-01-27,59.130001068115234,59.459999084472656,57.650001525878906,58.06999969482422,53.98758316040039,1479600,0.0,0.0
2021-01-28,58.0,58.0,56.36000061035156,57.02000045776367,53.01140213012695,1395200,0.0,0.0
2021-01-29,56.81999969482422,57.45000076293945,56.5099983215332,56.709999084472656,52.72320556640625,1523500,0.0,0.0
2021-02-01,57.29999923706055,58.040000915527344,57.08000183105469,57.779998779296875,53.71797561645508,1418300,0.0,0.0
2021-02-02,58.619998931884766,59.650001525878906,58.18000030517578,58.5,54.387359619140625,1591900,0.0,0.0
2021-02-03,58.5099983215332,59.9900016784668,57.119998931884766,57.279998779296875,53.25312423706055,2466300,0.0,0.0
2021-02-04,56.0,56.66999816894531,55.029998779296875,55.97999954223633,52.04450988769531,3190300,0.0,0.0
2021-02-05,56.58000183105469,57.90999984741211,56.470001220703125,57.38999938964844,53.35539627075195,2536800,0.0,0.0
2021-02-08,57.720001220703125,59.720001220703125,57.14500045776367,59.65999984741211,55.46580123901367,2910600,0.0,0.0
2021-02-09,59.91999816894531,62.474998474121094,59.599998474121094,61.060001373291016,56.767391204833984,2998100,0.0,0.0
2021-02-10,61.54999923706055,62.4900016784668,60.290000915527344,60.5,56.24675369262695,2839500,0.0,0.0
2021-02-11,60.83000183105469,61.959999084472656,60.599998474121094,61.75,57.40887451171875,1423000,0.0,0.0
2021-02-12,61.63999938964844,62.790000915527344,61.505001068115234,62.59000015258789,58.189823150634766,826300,0.0,0.0
2021-02-16,62.41999816894531,64.62999725341797,62.41999816894531,64.3499984741211,59.82609939575195,2931000,0.0,0.0
2021-02-17,64.06999969482422,64.63999938964844,63.5099983215332,64.18000030517578,59.668052673339844,2818000,0.0,0.0
2021-02-18,63.150001525878906,63.90999984741211,62.470001220703125,63.29999923706055,58.84989929199219,2250100,0.0,0.0
2021-02-19,63.7400016784668,64.19000244140625,62.47999954223633,62.560001373291016,58.161930084228516,2323600,0.0,0.0
2021-02-22,62.59000015258789,62.720001220703125,60.709999084472656,61.5,57.17645263671875,3029400,0.0,0.0
2021-02-23,61.33000183105469,61.33000183105469,59.4900016784668,60.119998931884766,55.893455505371094,4036100,0.0,0.0
2021-02-24,60.0,60.720001220703125,59.29999923706055,60.33000183105469,56.088714599609375,1931100,0.0,0.0
2021-02-25,60.47999954223633,60.93000030517578,59.400001525878906,60.15999984741211,55.9306640625,3844200,0.0,0.0
2021-02-26,59.77000045776367,60.84000015258789,59.38999938964844,59.84000015258789,55.63315200805664,3686800,0.0,0.0
2021-03-01,60.56999969482422,61.040000915527344,59.38999938964844,59.84000015258789,55.63315200805664,1845300,0.0,0.0
2021-03-02,59.470001220703125,59.880001068115234,59.150001525878906,59.310001373291016,55.25120544433594,3447900,0.12,0.0
2021-03-03,59.599998474121094,60.77000045776367,59.560001373291016,59.61000061035156,55.53068161010742,1565200,0.0,0.0
2021-03-04,59.79999923706055,61.099998474121094,58.93000030517578,59.18000030517578,55.13010787963867,3039600,0.0,0.0
2021-03-05,59.88999938964844,61.189998626708984,59.15599822998047,60.41999816894531,56.28524398803711,2356000,0.0,0.0
2021-03-08,60.41999816894531,61.5,60.22999954223633,60.970001220703125,56.797611236572266,2578500,0.0,0.0
2021-03-09,61.130001068115234,62.09000015258789,61.099998474121094,61.4900016784668,57.28202819824219,2093300,0.0,0.0
2021-03-10,61.560001373291016,61.70000076293945,60.209999084472656,60.63999938964844,56.49019241333008,2008500,0.0,0.0
2021-03-11,61.06999969482422,61.88999938964844,60.9900016784668,61.650001525878906,57.431068420410156,1522000,0.0,0.0
2021-03-12,61.369998931884766,61.435001373291016,60.599998474121094,61.18000030517578,56.99324035644531,1068000,0.0,0.0
2021-03-15,61.20000076293945,62.90999984741211,60.20000076293945,62.68000030517578,58.390586853027344,2255900,0.0,0.0
2021-03-16,62.630001068115234,63.349998474121094,61.9900016784668,62.150001525878906,57.8968620300293,1756200,0.0,0.0
2021-03-17,61.97999954223633,61.97999954223633,61.0,61.25,57.05845260620117,2382100,0.0,0.0
2021-03-18,61.06999969482422,61.33000183105469,60.04999923706055,60.54999923706055,56.40635681152344,1231500,0.0,0.0
2021-03-19,60.599998474121094,61.09000015258789,60.20000076293945,60.54999923706055,56.40635681152344,2612400,0.0,0.0
2021-03-22,60.91999816894531,61.83000183105469,60.619998931884766,61.15999984741211,56.97461700439453,1383200,0.0,0.0
2021-03-23,60.7599983215332,60.849998474121094,60.02000045776367,60.18000030517578,56.061683654785156,1305600,0.0,0.0
2021-03-24,60.04999923706055,60.66999816894531,59.5099983215332,60.290000915527344,56.164146423339844,2215200,0.0,0.0
2021-03-25,59.95000076293945,60.630001068115234,59.209999084472656,59.720001220703125,55.63315200805664,1662500,0.0,0.0
2021-03-26,59.650001525878906,60.0,58.310001373291016,59.41999816894531,55.35368347167969,1863000,0.0,0.0
2021-03-29,59.5,59.5,57.88999938964844,58.40999984741211,54.412803649902344,1881100,0.0,0.0
2021-03-30,58.040000915527344,59.16999816894531,58.0099983215332,58.630001068115234,54.61774444580078,1401400,0.0,0.0
2021-03-31,58.7599983215332,59.68000030517578,58.5,59.209999084472656,55.15805435180664,2761800,0.0,0.0
2021-04-01,59.93000030517578,59.95000076293945,59.0,59.130001068115234,55.083534240722656,1065500,0.0,0.0
2021-04-05,59.34000015258789,59.650001525878906,58.9900016784668,59.209999084472656,55.15805435180664,1189100,0.0,0.0
2021-04-06,59.439998626708984,60.27000045776367,59.25,59.869998931884766,55.77288055419922,2065000,0.0,0.0
2021-04-07,59.689998626708984,60.029998779296875,58.7599983215332,59.7599983215332,55.670413970947266,1637400,0.0,0.0
2021-04-08,60.380001068115234,61.09000015258789,59.9900016784668,60.189998626708984,56.070980072021484,1523400,0.0,0.0
2021-04-09,59.689998626708984,60.27000045776367,59.130001068115234,59.849998474121094,55.75425338745117,1408400,0.0,0.0
2021-04-12,59.68000030517578,60.13999938964844,59.58000183105469,60.029998779296875,55.92194366455078,1567300,0.0,0.0
2021-04-13,60.189998626708984,60.81999969482422,60.040000915527344,60.22999954223633,56.108253479003906,1356900,0.0,0.0
2021-04-14,59.970001220703125,60.400001525878906,59.560001373291016,59.869998931884766,55.77288055419922,930000,0.0,0.0
2021-04-15,60.029998779296875,60.2599983215332,59.56999969482422,59.79999923706055,55.70768356323242,1094300,0.0,0.0
2021-04-16,60.11000061035156,60.54999923706055,59.810001373291016,60.099998474121094,55.98714828491211,792700,0.0,0.0
2021-04-19,60.619998931884766,60.779998779296875,59.52000045776367,59.529998779296875,55.45615005493164,1163200,0.0,0.0
2021-04-20,59.08000183105469,59.35900115966797,58.220001220703125,59.0,54.96242141723633,3145300,0.0,0.0
2021-04-21,58.72999954223633,59.04999923706055,58.38999938964844,58.470001220703125,54.46870040893555,2346500,0.0,0.0
2021-04-22,58.45000076293945,59.08000183105469,57.91999816894531,58.7400016784668,54.720211029052734,3428900,0.0,0.0
2021-04-23,59.02000045776367,59.310001373291016,58.52000045776367,59.130001068115234,55.083534240722656,1536600,0.0,0.0
2021-04-26,59.54999923706055,60.380001068115234,59.130001068115234,59.93000030517578,55.82878875732422,3240900,0.0,0.0
2021-04-27,60.33000183105469,60.560001373291016,59.7599983215332,59.90999984741211,55.810157775878906,3185300,0.0,0.0
2021-04-28,61.470001220703125,63.720001220703125,61.099998474121094,63.41999816894531,59.07994842529297,3129400,0.0,0.0
2021-04-29,63.61000061035156,63.900001525878906,62.7400016784668,63.15999984741211,58.83774185180664,1780900,0.0,0.0
2021-04-30,63.029998779296875,63.7599983215332,62.689998626708984,62.91999816894531,58.614158630371094,1548900,0.0,0.0
2021-05-03,63.25,63.34000015258789,61.80500030517578,62.099998474121094,57.85027313232422,1994600,0.0,0.0
2021-05-04,62.18000030517578,62.349998474121094,61.2599983215332,61.61000061035156,57.39381408691406,2415600,0.0,0.0
2021-05-05,61.599998474121094,62.23500061035156,61.36000061035156,61.970001220703125,57.72917556762695,997800,0.0,0.0
2021-05-06,62.27000045776367,62.29999923706055,61.52000045776367,61.959999084472656,57.71985626220703,1653700,0.0,0.0
2021-05-07,61.95000076293945,62.599998474121094,61.689998626708984,62.11000061035156,57.85960006713867,2040300,0.0,0.0
2021-05-10,61.810001373291016,61.959999084472656,60.619998931884766,60.75,56.5926628112793,1553600,0.0,0.0
2021-05-11,60.34000015258789,61.9900016784668,60.2599983215332,61.81999969482422,57.58943557739258,1921700,0.0,0.0
2021-05-12,61.380001068115234,61.5,60.189998626708984,60.22999954223633,56.108253479003906,2303300,0.0,0.0
2021-05-13,60.65999984741211,61.76499938964844,60.5099983215332,61.27000045776367,57.077083587646484,2336200,0.0,0.0
2021-05-14,61.68000030517578,63.505001068115234,61.58000183105469,63.119998931884766,58.800479888916016,1915400,0.0,0.0
2021-05-17,62.650001525878906,63.83000183105469,62.650001525878906,63.459999084472656,59.11720657348633,1522900,0.0,0.0
2021-05-18,63.7400016784668,64.62000274658203,63.45000076293945,63.81999969482422,59.45257568359375,1950400,0.0,0.0
2021-05-19,63.470001220703125,65.1500015258789,63.119998931884766,65.0,60.55181884765625,3243400,0.0,0.0
2021-05-20,65.0,65.61000061035156,64.7300033569336,65.19000244140625,60.72882843017578,2935100,0.0,0.0
2021-05-21,65.18000030517578,65.4000015258789,64.58999633789062,65.05999755859375,60.60771560668945,1419900,0.0,0.0
2021-05-24,65.06999969482422,65.62999725341797,64.87000274658203,65.13999938964844,60.79438400268555,1218000,0.12,0.0
2021-05-25,65.58999633789062,65.8499984741211,65.04000091552734,65.19000244140625,60.84104537963867,1115000,0.0,0.0
2021-05-26,65.51000213623047,66.27999877929688,65.0,65.86000061035156,61.466339111328125,1358800,0.0,0.0
2021-05-27,66.12999725341797,67.12999725341797,65.93000030517578,67.06999969482422,62.59562683105469,4975500,0.0,0.0
2021-05-28,66.72000122070312,67.97000122070312,66.5199966430664,67.63999938964844,63.12760543823242,3122400,0.0,0.0
2021-06-01,68.20999908447266,69.41000366210938,67.88999938964844,68.69999694824219,64.11688995361328,3747000,0.0,0.0
2021-06-02,68.80000305175781,69.66999816894531,68.69999694824219,69.4000015258789,64.77020263671875,4003800,0.0,0.0
2021-06-03,69.0199966430664,69.19999694824219,67.63999938964844,67.79000091552734,63.267578125,1820500,0.0,0.0
2021-06-04,67.93000030517578,68.37999725341797,67.62999725341797,68.1500015258789,63.603580474853516,1111900,0.0,0.0
2021-06-07,68.1500015258789,68.80999755859375,68.0,68.80000305175781,64.21022033691406,1467600,0.0,0.0
2021-06-08,68.9800033569336,69.37999725341797,68.44999694824219,69.31999969482422,64.69551849365234,2451300,0.0,0.0
2021-06-09,69.4000015258789,69.58000183105469,68.55000305175781,68.5999984741211,64.02355194091797,2039200,0.0,0.0
2021-06-10,68.88999938964844,69.36000061035156,68.75499725341797,69.12999725341797,64.51820373535156,2664100,0.0,0.0
2021-06-11,69.12000274658203,69.43000030517578,69.02999877929688,69.33999633789062,64.71416473388672,878200,0.0,0.0
2021-06-14,69.41000366210938,69.54000091552734,68.79000091552734,69.08000183105469,64.47151947021484,1700900,0.0,0.0
2021-06-15,69.0,69.0,67.66999816894531,68.05000305175781,63.51026153564453,1359100,0.0,0.0
2021-06-16,67.94999694824219,68.01499938964844,66.86000061035156,67.0,62.530296325683594,1741500,0.0,0.0
2021-06-17,66.91000366210938,67.44000244140625,65.5999984741211,65.81999969482422,61.42901611328125,4096900,0.0,0.0
2021-06-18,66.33000183105469,66.62000274658203,65.16000366210938,65.80999755859375,61.41968536376953,3533300,0.0,0.0
2021-06-21,66.19999694824219,66.75,65.62000274658203,66.63999938964844,62.19430923461914,2434400,0.0,0.0
2021-06-22,66.38999938964844,66.91999816894531,66.38600158691406,66.5,62.06364440917969,1387000,0.0,0.0
2021-06-23,66.81999969482422,67.11000061035156,66.4000015258789,66.48999786376953,62.05430603027344,1164900,0.0,0.0
2021-06-24,66.72000122070312,67.44000244140625,66.5,66.9800033569336,62.511634826660156,1056700,0.0,0.0
2021-06-25,66.91999816894531,67.05000305175781,65.9800033569336,66.0,61.597007751464844,2353000,0.0,0.0
2021-06-28,66.18000030517578,66.375,65.23999786376953,65.72000122070312,61.33567810058594,1278300,0.0,0.0
2021-06-29,65.51000213623047,65.98999786376953,65.04000091552734,65.94000244140625,61.541011810302734,1216600,0.0,0.0
2021-06-30,65.87000274658203,66.6500015258789,65.79000091552734,66.25,61.830318450927734,2001200,0.0,0.0
2021-07-01,66.41000366210938,66.55000305175781,65.69999694824219,66.01000213623047,61.6063346862793,1239100,0.0,0.0
2021-07-02,66.0999984741211,66.5199966430664,65.94999694824219,66.29000091552734,61.867652893066406,1308200,0.0,0.0
2021-07-06,65.9800033569336,66.62000274658203,65.66999816894531,66.58000183105469,62.1383171081543,1540800,0.0,0.0
2021-07-07,66.20999908447266,66.91000366210938,66.0,66.58999633789062,62.14765548706055,1581900,0.0,0.0
2021-07-08,65.55999755859375,65.98999786376953,65.12000274658203,65.38999938964844,61.0276985168457,1749000,0.0,0.0
2021-07-09,65.83000183105469,65.8499984741211,65.30000305175781,65.36000061035156,60.99969482421875,1829800,0.0,0.0
2021-07-12,65.31999969482422,65.77999877929688,65.19999694824219,65.54000091552734,61.16769790649414,1297800,0.0,0.0
2021-07-13,65.73999786376953,66.04000091552734,65.31999969482422,65.33999633789062,60.981040954589844,1237100,0.0,0.0
2021-07-14,65.5,65.80000305175781,64.7300033569336,64.97000122070312,60.63572311401367,1728100,0.0,0.0
2021-07-15,64.94999694824219,65.5790023803711,64.77999877929688,65.30000305175781,60.94370651245117,1066000,0.0,0.0
2021-07-16,65.69999694824219,65.95999908447266,64.66999816894531,64.69999694824219,60.38372802734375,1237600,0.0,0.0
2021-07-19,64.0999984741211,64.48999786376953,63.279998779296875,63.779998779296875,59.525108337402344,1497100,0.0,0.0
2021-07-20,64.08999633789062,64.8550033569336,63.790000915527344,64.63999938964844,60.327728271484375,1626600,0.0,0.0
2021-07-21,64.83000183105469,65.66999816894531,64.54000091552734,65.19000244140625,60.84104537963867,1175100,0.0,0.0
2021-07-22,65.33000183105469,66.08999633789062,65.1500015258789,65.7300033569336,61.34501647949219,1145900,0.0,0.0
2021-07-23,65.36000061035156,66.26000213623047,65.13200378417969,66.16000366210938,61.746337890625,1489000,0.0,0.0
2021-07-26,65.44000244140625,65.91000366210938,64.27999877929688,64.48999786376953,60.187744140625,2538400,0.0,0.0
2021-07-27,61.29999923706055,61.680999755859375,59.849998474121094,61.25,57.16389083862305,5637600,0.0,0.0
2021-07-28,62.439998626708984,63.439998626708984,62.0,62.369998931884766,58.20917892456055,3174900,0.0,0.0
2021-07-29,61.29999923706055,62.65999984741211,60.54999923706055,62.400001525878906,58.23716735839844,3066500,0.0,0.0
2021-07-30,61.68000030517578,62.619998931884766,61.68000030517578,62.189998626708984,58.04117965698242,2305100,0.0,0.0
2021-08-02,62.415000915527344,62.72999954223633,60.91999816894531,61.880001068115234,57.75186538696289,3812000,0.0,0.0
2021-08-03,62.220001220703125,62.220001220703125,60.83000183105469,61.439998626708984,57.34120559692383,3697700,0.0,0.0
2021-08-04,61.7599983215332,62.560001373291016,61.5099983215332,62.470001220703125,58.30249786376953,2564200,0.0,0.0
2021-08-05,62.4900016784668,62.4900016784668,61.34000015258789,61.529998779296875,57.42520523071289,1879700,0.0,0.0
2021-08-06,61.72999954223633,62.10499954223633,61.54999923706055,61.7400016784668,57.62119674682617,1570700,0.0,0.0
2021-08-09,61.7599983215332,61.95000076293945,61.15999984741211,61.349998474121094,57.25720977783203,1411700,0.0,0.0
2021-08-10,61.5099983215332,61.58000183105469,60.66999816894531,61.099998474121094,57.023895263671875,2895600,0.0,0.0
2021-08-11,61.099998474121094,61.52000045776367,60.90999984741211,61.279998779296875,57.19188690185547,1568600,0.0,0.0
2021-08-12,60.7400016784668,61.20000076293945,60.310001373291016,61.150001525878906,57.070556640625,968700,0.0,0.0
2021-08-13,60.93000030517578,61.77000045776367,60.93000030517578,61.540000915527344,57.43454360961914,1780600,0.0,0.0
2021-08-16,61.349998474121094,61.54999923706055,60.619998931884766,60.77000045776367,56.71589660644531,1419800,0.0,0.0
2021-08-17,60.0,60.29999923706055,58.939998626708984,60.279998779296875,56.258602142333984,3633300,0.0,0.0
2021-08-18,60.52000045776367,60.900001525878906,59.029998779296875,59.130001068115234,55.18531799316406,2815500,0.0,0.0
2021-08-19,58.58000183105469,59.34000015258789,58.34000015258789,58.959999084472656,55.02665328979492,1992100,0.0,0.0
2021-08-20,58.83000183105469,59.310001373291016,58.68000030517578,59.16999816894531,55.22264099121094,1542400,0.0,0.0
2021-08-23,59.65999984741211,60.400001525878906,59.470001220703125,60.18000030517578,56.16526794433594,2313800,0.0,0.0
2021-08-24,60.439998626708984,61.310001373291016,60.400001525878906,61.0099983215332,57.05366134643555,2968700,0.12,0.0
2021-08-25,60.709999084472656,61.395999908447266,60.47999954223633,61.15999984741211,57.19393539428711,1916400,0.0,0.0
2021-08-26,61.189998626708984,61.54999923706055,60.15999984741211,60.29999923706055,56.38970184326172,2298000,0.0,0.0
2021-08-27,60.06999969482422,60.4900016784668,59.70000076293945,60.36000061035156,56.44581604003906,1283300,0.0,0.0
2021-08-30,60.45000076293945,60.91999816894531,60.18000030517578,60.54999923706055,56.62348937988281,2234100,0.0,0.0
2021-08-31,61.16999816894531,62.08000183105469,61.029998779296875,61.560001373291016,57.567996978759766,4013200,0.0,0.0
2021-09-01,61.75,62.779998779296875,61.75,62.08000183105469,58.05427169799805,2151900,0.0,0.0
2021-09-02,62.279998779296875,62.77000045776367,62.130001068115234,62.43000030517578,58.381591796875,1612800,0.0,0.0
2021-09-03,62.790000915527344,63.34000015258789,62.36000061035156,62.5,58.44703674316406,1384400,0.0,0.0
2021-09-07,62.93000030517578,63.45000076293945,62.279998779296875,62.470001220703125,58.41899108886719,2051000,0.0,0.0
2021-09-08,62.099998474121094,62.36000061035156,60.439998626708984,61.58000183105469,57.58670425415039,2496900,0.0,0.0
2021-09-09,61.189998626708984,62.04999923706055,60.880001068115234,61.470001220703125,57.48384094238281,2286200,0.0,0.0
2021-09-10,62.02000045776367,62.470001220703125,61.2599983215332,61.310001373291016,57.334205627441406,2186700,0.0,0.0
2021-09-13,61.20000076293945,61.9900016784668,60.939998626708984,61.939998626708984,57.92335510253906,1483400,0.0,0.0
2021-09-14,61.7599983215332,61.790000915527344,60.98500061035156,61.220001220703125,57.25004959106445,1169600,0.0,0.0
2021-09-15,58.099998474121094,58.869998931884766,57.0099983215332,57.599998474121094,53.86479568481445,4317300,0.0,0.0
2021-09-16,56.689998626708984,56.849998474121094,55.16999816894531,55.68000030517578,52.06930923461914,4596300,0.0,0.0
2021-09-17,55.529998779296875,55.900001525878906,54.849998474121094,54.849998474121094,51.293121337890625,4798900,0.0,0.0
2021-09-20,53.630001068115234,54.029998779296875,52.529998779296875,53.560001373291016,50.08677291870117,3567600,0.0,0.0
2021-09-21,53.900001525878906,54.88999938964844,53.79999923706055,54.150001525878906,50.63850784301758,3624500,0.0,0.0
2021-09-22,54.54999923706055,55.31999969482422,54.150001525878906,54.41999816894531,50.8910026550293,4981500,0.0,0.0
2021-09-23,54.849998474121094,56.540000915527344,54.84000015258789,56.439998626708984,52.78001022338867,6160800,0.0,0.0
2021-09-24,56.900001525878906,58.39500045776367,56.88999938964844,58.13999938964844,54.36977767944336,5070900,0.0,0.0
2021-09-27,58.0099983215332,58.849998474121094,58.0099983215332,58.68000030517578,54.874755859375,3840900,0.0,0.0
2021-09-28,58.63999938964844,59.18000030517578,58.52199935913086,58.88999938964844,55.071136474609375,3749800,0.0,0.0
2021-09-29,58.66999816894531,58.869998931884766,58.03499984741211,58.439998626708984,54.65031814575195,2948400,0.0,0.0
2021-09-30,59.22999954223633,59.79999923706055,58.09000015258789,58.11000061035156,54.34172821044922,3249100,0.0,0.0
2021-10-01,58.34000015258789,58.66999816894531,57.369998931884766,58.43000030517578,54.64097213745117,2418700,0.0,0.0
2021-10-04,57.779998779296875,58.11000061035156,57.15999984741211,57.900001525878906,54.14533996582031,2696100,0.0,0.0
2021-10-05,57.5099983215332,58.470001220703125,57.5099983215332,58.2599983215332,54.48198318481445,2712500,0.0,0.0
2021-10-06,57.939998626708984,58.400001525878906,57.38999938964844,58.380001068115234,54.59421920776367,1770100,0.0,0.0
2021-10-07,60.0099983215332,60.130001068115234,58.89500045776367,59.40999984741211,55.55741500854492,2492100,0.0,0.0
2021-10-08,59.31999969482422,59.755001068115234,58.91999816894531,59.29999923706055,55.454551696777344,1995500,0.0,0.0
2021-10-11,59.529998779296875,59.84000015258789,58.900001525878906,59.189998626708984,55.3516845703125,1634800,0.0,0.0
2021-10-12,58.9900016784668,59.540000915527344,58.02000045776367,58.34000015258789,54.556800842285156,2437400,0.0,0.0
2021-10-13,58.619998931884766,58.95000076293945,57.88999938964844,58.939998626708984,55.117897033691406,1507500,0.0,0.0
2021-10-14,58.900001525878906,59.58000183105469,58.79999923706055,59.560001373291016,55.697696685791016,1223000,0.0,0.0
2021-10-15,59.9900016784668,61.099998474121094,59.68000030517578,60.86000061035156,56.91339111328125,2131200,0.0,0.0
2021-10-18,60.970001220703125,61.130001068115234,60.459999084472656,60.88999938964844,56.94144058227539,1952500,0.0,0.0
2021-10-19,61.130001068115234,61.290000915527344,60.45000076293945,61.060001373291016,57.10041427612305,1547400,0.0,0.0
2021-10-20,60.5099983215332,61.189998626708984,60.130001068115234,60.43000030517578,56.51128005981445,1961300,0.0,0.0
2021-10-21,60.04999923706055,60.709999084472656,59.88999938964844,60.63999938964844,56.70765686035156,1940200,0.0,0.0
2021-10-22,60.529998779296875,60.9900016784668,60.209999084472656,60.470001220703125,56.54867172241211,1386500,0.0,0.0
2021-10-25,60.31999969482422,60.36000061035156,58.93000030517578,60.2599983215332,56.35230255126953,2005300,0.0,0.0
2021-10-26,60.27000045776367,60.369998931884766,58.97999954223633,59.34000015258789,55.4919548034668,2045200,0.0,0.0
2021-10-27,59.13999938964844,59.439998626708984,58.310001373291016,58.63999938964844,54.83735275268555,2248200,0.0,0.0
2021-10-28,58.790000915527344,59.25,57.22700119018555,57.88999938964844,54.13599395751953,2742600,0.0,0.0
2021-10-29,57.0099983215332,57.36000061035156,56.189998626708984,57.08000183105469,53.37852096557617,2479100,0.0,0.0
2021-11-01,57.029998779296875,58.5,56.720001220703125,58.2400016784668,54.46328353881836,3243800,0.0,0.0
2021-11-02,58.20000076293945,58.20000076293945,55.70000076293945,56.16999816894531,52.527523040771484,4134800,0.0,0.0
2021-11-03,56.41999816894531,57.66999816894531,56.25,57.31999969482422,53.60295104980469,2662900,0.0,0.0
2021-11-04,57.560001373291016,57.70000076293945,56.11000061035156,56.31999969482422,52.66780090332031,3034900,0.0,0.0
2021-11-05,57.15999984741211,58.25,56.970001220703125,57.02000045776367,53.3223991394043,2661800,0.0,0.0
2021-11-08,56.58000183105469,57.2400016784668,55.779998779296875,56.310001373291016,52.65843963623047,1929700,0.0,0.0
2021-11-09,56.68000030517578,56.68000030517578,55.16999816894531,55.189998626708984,51.61107635498047,1566700,0.0,0.0
2021-11-10,55.0,55.779998779296875,54.810001373291016,55.11000061035156,51.53626251220703,1383200,0.0,0.0
2021-11-11,55.27000045776367,55.6349983215332,54.834999084472656,55.06999969482422,51.49885559082031,1593400,0.0,0.0
2021-11-12,55.0,55.13999938964844,54.59000015258789,54.66999816894531,51.12480163574219,1541800,0.0,0.0
2021-11-15,54.84000015258789,55.189998626708984,54.58000183105469,54.81999969482422,51.265071868896484,1473700,0.0,0.0
2021-11-16,55.04999923706055,55.36000061035156,54.63999938964844,54.97999954223633,51.414703369140625,1753100,0.0,0.0
2021-11-17,54.91999816894531,55.22999954223633,54.099998474121094,54.560001373291016,51.02193069458008,1494000,0.0,0.0
2021-11-18,54.4900016784668,54.70000076293945,53.31999969482422,53.459999084472656,49.99325942993164,2015300,0.0,0.0
2021-11-19,53.290000915527344,53.83000183105469,52.880001068115234,53.4900016784668,50.02132034301758,2234300,0.0,0.0
2021-11-22,53.65999984741211,53.97999954223633,53.23500061035156,53.349998474121094,49.8903923034668,1620700,0.0,0.0
2021-11-23,53.33000183105469,53.54999923706055,52.619998931884766,53.0,49.674827575683594,1783800,0.12,0.0
2021-11-24,52.61000061035156,53.790000915527344,52.58000183105469,53.33000183105469,49.98411560058594,1413600,0.0,0.0
2021-11-26,52.4900016784668,52.599998474121094,50.595001220703125,51.119998931884766,47.91276931762695,2120000,0.0,0.0
2021-11-29,51.474998474121094,51.474998474121094,49.95500183105469,50.470001220703125,47.30355453491211,3367200,0.0,0.0
2021-11-30,50.15999984741211,50.959999084472656,49.84600067138672,50.099998474121094,46.95676803588867,4752600,0.0,0.0
2021-12-01,50.83000183105469,51.619998931884766,49.70000076293945,49.709999084472656,46.591243743896484,2462300,0.0,0.0
2021-12-02,50.16999816894531,50.92499923706055,49.470001220703125,50.09000015258789,46.9473991394043,2652300,0.0,0.0
2021-12-03,49.77000045776367,50.20000076293945,48.19200134277344,48.650001525878906,45.597740173339844,3149400,0.0,0.0
2021-12-06,48.81999969482422,51.040000915527344,48.81999969482422,50.86000061035156,47.669090270996094,3373700,0.0,0.0
2021-12-07,51.68000030517578,52.97999954223633,51.68000030517578,52.060001373291016,48.79380416870117,2100000,0.0,0.0
2021-12-08,52.0,52.244998931884766,51.4900016784668,51.72999954223633,48.4844970703125,1611600,0.0,0.0
2021-12-09,51.310001373291016,51.88999938964844,51.09000015258789,51.34000015258789,48.11897277832031,1456200,0.0,0.0
2021-12-10,51.38999938964844,51.494998931884766,50.349998474121094,50.650001525878906,47.47226333618164,2382400,0.0,0.0
2021-12-13,50.470001220703125,50.470001220703125,48.856998443603516,49.61000061035156,46.49751281738281,3216200,0.0,0.0
2021-12-14,49.029998779296875,49.79999923706055,48.56999969482422,48.61000061035156,45.56025695800781,1867800,0.0,0.0
2021-12-15,48.060001373291016,48.060001373291016,47.150001525878906,47.810001373291016,44.81044387817383,3505100,0.0,0.0
2021-12-16,48.11000061035156,49.189998626708984,47.900001525878906,48.720001220703125,45.66334915161133,2957700,0.0,0.0
2021-12-17,48.380001068115234,49.099998474121094,47.400001525878906,48.630001068115234,45.57899856567383,3466500,0.0,0.0
2021-12-20,47.33000183105469,48.130001068115234,46.90999984741211,47.20000076293945,44.23871612548828,2253300,0.0,0.0
2021-12-21,47.61000061035156,49.06999969482422,47.31999969482422,48.5,45.45716094970703,1586600,0.0,0.0
2021-12-22,48.25,48.474998474121094,47.83000183105469,47.91999816894531,44.913536071777344,1316000,0.0,0.0
2021-12-23,48.2599983215332,48.380001068115234,47.72999954223633,48.2400016784668,45.213462829589844,1159500,0.0,0.0
2021-12-27,48.04999923706055,48.32600021362305,47.689998626708984,48.20000076293945,45.17596435546875,1870200,0.0,0.0
2021-12-28,48.060001373291016,48.44499969482422,47.75,47.900001525878906,44.89479446411133,1577300,0.0,0.0
2021-12-29,47.849998474121094,48.040000915527344,47.0099983215332,47.38999938964844,44.416786193847656,1573300,0.0,0.0
2021-12-30,47.66999816894531,49.380001068115234,47.619998931884766,49.279998779296875,46.18821334838867,2787900,0.0,0.0
2021-12-31,49.060001373291016,50.34000015258789,49.060001373291016,49.84000015258789,46.71308135986328,2484000,0.0,0.0
2022-01-03,49.84000015258789,50.38999938964844,49.069000244140625,49.540000915527344,46.43190002441406,1715100,0.0,0.0
2022-01-04,49.650001525878906,49.68000030517578,48.720001220703125,49.0,45.925777435302734,2094300,0.0,0.0
2022-01-05,48.7400016784668,49.65999984741211,48.0099983215332,48.029998779296875,45.016632080078125,1778600,0.0,0.0
2022-01-06,48.33000183105469,49.02000045776367,47.6349983215332,48.709999084472656,45.653968811035156,1829300,0.0,0.0
2022-01-07,48.540000915527344,50.40999984741211,48.540000915527344,49.689998626708984,46.572486877441406,2493600,0.0,0.0
2022-01-10,49.72999954223633,49.939998626708984,47.72100067138672,48.38999938964844,45.35405349731445,2253400,0.0,0.0
2022-01-11,48.470001220703125,49.40999984741211,48.349998474121094,48.84000015258789,45.77581787109375,1991900,0.0,0.0
2022-01-12,48.61000061035156,49.43000030517578,47.95000076293945,48.47999954223633,45.43840789794922,2232000,0.0,0.0
2022-01-13,48.77000045776367,48.849998474121094,47.779998779296875,47.95000076293945,44.94165802001953,1954100,0.0,0.0
2022-01-14,48.0,48.2400016784668,45.599998474121094,46.52000045776367,43.60137176513672,4806100,0.0,0.0
2022-01-18,45.88999938964844,46.709999084472656,45.4900016784668,45.65999984741211,42.79533004760742,2573900,0.0,0.0
2022-01-19,45.79999923706055,46.45500183105469,45.459999084472656,45.529998779296875,42.67348098754883,2468500,0.0,0.0
2022-01-20,47.150001525878906,47.540000915527344,45.59000015258789,45.68000030517578,42.81407928466797,2684100,0.0,0.0
2022-01-21,46.22999954223633,46.4900016784668,45.41999816894531,45.66999816894531,42.80470275878906,2435000,0.0,0.0
2022-01-24,44.939998626708984,46.029998779296875,43.90999984741211,45.970001220703125,43.085880279541016,2308200,0.0,0.0
2022-01-25,45.459999084472656,46.29999923706055,44.900001525878906,45.619998931884766,42.75783157348633,2087700,0.0,0.0
2022-01-26,45.869998931884766,46.5,44.95000076293945,45.119998931884766,42.28920364379883,1409700,0.0,0.0
2022-01-27,45.36000061035156,45.58000183105469,44.40999984741211,44.61000061035156,41.81120300292969,1945300,0.0,0.0
2022-01-28,44.959999084472656,46.27000045776367,44.63999938964844,46.150001525878906,43.25458908081055,1868700,0.0,0.0
2022-01-31,46.630001068115234,48.25,46.38999938964844,48.16999816894531,45.147850036621094,2376300,0.0,0.0
2022-02-01,48.06999969482422,48.709999084472656,47.86000061035156,48.4900016784668,45.447776794433594,2282400,0.0,0.0
2022-02-02,48.4900016784668,48.540000915527344,47.599998474121094,47.75,44.75420379638672,1583000,0.0,0.0
2022-02-03,47.459999084472656,47.970001220703125,46.790000915527344,46.91999816894531,43.97628402709961,1381700,0.0,0.0
2022-02-04,46.459999084472656,47.790000915527344,46.09000015258789,47.5099983215332,44.52925491333008,1711600,0.0,0.0
2022-02-07,47.189998626708984,47.470001220703125,45.93000030517578,46.06999969482422,43.17959976196289,4480900,0.0,0.0
2022-02-08,45.970001220703125,46.709999084472656,45.72999954223633,46.619998931884766,43.695091247558594,2606500,0.0,0.0
2022-02-09,44.7599983215332,47.869998931884766,44.650001525878906,47.310001373291016,44.3418083190918,4801100,0.0,0.0
2022-02-10,47.5,50.4900016784668,47.279998779296875,50.15999984741211,47.01300048828125,5046500,0.0,0.0
2022-02-11,50.25,53.959999084472656,50.25,51.20000076293945,47.98775100708008,6661700,0.0,0.0
2022-02-14,50.84000015258789,51.61000061035156,50.279998779296875,50.47999954223633,47.31292724609375,3997200,0.0,0.0
2022-02-15,50.97999954223633,52.11000061035156,50.810001373291016,51.90999984741211,48.65321350097656,2172800,0.0,0.0
2022-02-16,52.16999816894531,52.7599983215332,51.875,52.400001525878906,49.11247253417969,2542000,0.0,0.0
2022-02-17,51.86000061035156,52.68000030517578,51.43000030517578,51.93000030517578,48.671958923339844,1790500,0.0,0.0
2022-02-18,51.709999084472656,52.880001068115234,51.58000183105469,52.41999816894531,49.1312141418457,1582200,0.0,0.0
2022-02-22,51.79999923706055,52.900001525878906,51.48500061035156,52.65999984741211,49.35615539550781,3586100,0.0,0.0
2022-02-23,52.900001525878906,53.029998779296875,50.22999954223633,51.2400016784668,48.025245666503906,3739400,0.0,0.0
2022-02-24,49.36000061035156,50.98500061035156,48.880001068115234,50.650001525878906,47.47226333618164,2447400,0.0,0.0
2022-02-25,50.97999954223633,52.060001373291016,50.65999984741211,52.04999923706055,48.784427642822266,1692700,0.0,0.0
2022-02-28,51.45000076293945,52.349998474121094,51.224998474121094,52.02000045776367,48.75630187988281,3647000,0.0,0.0
2022-03-01,51.810001373291016,52.619998931884766,51.375,52.04999923706055,48.784427642822266,1957600,0.0,0.0
2022-03-02,52.79999923706055,54.38999938964844,52.630001068115234,53.900001525878906,50.51836013793945,3391000,0.0,0.0
2022-03-03,54.08000183105469,54.130001068115234,51.790000915527344,52.099998474121094,48.8312873840332,2953700,0.0,0.0
2022-03-04,51.290000915527344,51.44499969482422,49.95000076293945,50.41999816894531,47.256690979003906,2727100,0.0,0.0
2022-03-07,50.0,50.0,46.560001373291016,46.720001220703125,43.893287658691406,3630100,0.12,0.0
2022-03-08,46.900001525878906,48.0099983215332,45.79999923706055,46.4900016784668,43.67721939086914,2379400,0.0,0.0
2022-03-09,47.810001373291016,50.130001068115234,47.560001373291016,49.810001373291016,46.79633712768555,2611400,0.0,0.0
2022-03-10,45.90999984741211,47.41999816894531,42.26499938964844,44.36000061035156,41.676090240478516,7230500,0.0,0.0
2022-03-11,45.189998626708984,45.70000076293945,37.40999984741211,37.47999954223633,35.21234130859375,12955500,0.0,0.0
2022-03-14,35.099998474121094,37.04999923706055,33.54999923706055,36.54999923706055,34.33860778808594,9446100,0.0,0.0
2022-03-15,37.02000045776367,40.56999969482422,36.65999984741211,39.56999969482422,37.1758918762207,7767600,0.0,0.0
2022-03-16,44.2599983215332,45.060001373291016,40.880001068115234,43.31999969482422,40.69900131225586,8337400,0.0,0.0
2022-03-17,43.099998474121094,43.86000061035156,41.0099983215332,43.33000183105469,40.708396911621094,4464900,0.0,0.0
2022-03-18,43.060001373291016,45.0,43.04999923706055,44.45000076293945,41.76063537597656,4076900,0.0,0.0
2022-03-21,43.400001525878906,44.400001525878906,41.86000061035156,42.52000045776367,39.9473991394043,1997400,0.0,0.0
2022-03-22,43.369998931884766,45.77000045776367,43.310001373291016,45.5099983215332,42.756500244140625,3679700,0.0,0.0
2022-03-23,44.540000915527344,44.970001220703125,42.72999954223633,43.220001220703125,40.60505294799805,2936900,0.0,0.0
2022-03-24,43.4900016784668,43.75,42.16999816894531,43.400001525878906,40.774169921875,2373600,0.0,0.0
2022-03-25,42.61000061035156,42.665000915527344,40.84000015258789,41.2599983215332,38.76363754272461,2349900,0.0,0.0
2022-03-28,41.06999969482422,42.619998931884766,41.060001373291016,42.18000030517578,39.62797927856445,1515700,0.0,0.0
2022-03-29,43.08000183105469,44.4900016784668,42.9900016784668,43.560001373291016,40.92448425292969,2183000,0.0,0.0
2022-03-30,43.11000061035156,44.20000076293945,43.029998779296875,43.709999084472656,41.065406799316406,1225800,0.0,0.0
2022-03-31,43.91999816894531,44.400001525878906,41.31999969482422,41.540000915527344,39.02669143676758,2961600,0.0,0.0
2022-04-01,43.70000076293945,44.65999984741211,43.13999938964844,44.09000015258789,41.42241668701172,2247900,0.0,0.0
2022-04-04,44.04999923706055,44.42499923706055,42.900001525878906,43.970001220703125,41.30968475341797,1939500,0.0,0.0
2022-04-05,43.36000061035156,43.81999969482422,42.400001525878906,42.540000915527344,39.96619415283203,1539200,0.0,0.0
2022-04-06,41.869998931884766,42.720001220703125,40.790000915527344,42.25,39.693748474121094,1650700,0.0,0.0
2022-04-07,41.77000045776367,42.70000076293945,41.709999084472656,41.77000045776367,39.24278259277344,1688500,0.0,0.0
2022-04-08,41.529998779296875,42.81999969482422,41.16999816894531,41.720001220703125,39.1958122253418,1449700,0.0,0.0
2022-04-11,41.0,42.150001525878906,40.029998779296875,40.59000015258789,38.134185791015625,2357100,0.0,0.0
2022-04-12,41.15999984741211,41.6150016784668,39.86000061035156,40.189998626708984,37.75837326049805,2220900,0.0,0.0
2022-04-13,40.79999923706055,42.630001068115234,40.349998474121094,41.97999954223633,39.4400749206543,1914200,0.0,0.0
2022-04-14,41.7599983215332,42.084999084472656,41.20000076293945,41.84000015258789,39.30854797363281,1392600,0.0,0.0
2022-04-18,41.5,42.77000045776367,41.27000045776367,42.560001373291016,39.984981536865234,1944200,0.0,0.0
2022-04-19,41.939998626708984,43.58000183105469,41.939998626708984,43.13999938964844,40.5298957824707,1817900,0.0,0.0
2022-04-20,43.560001373291016,43.77000045776367,42.720001220703125,43.40999984741211,40.7835578918457,1589800,0.0,0.0
2022-04-21,43.5,43.90999984741211,40.9900016784668,41.08000183105469,38.59453201293945,1568100,0.0,0.0
2022-04-22,41.43000030517578,41.900001525878906,40.540000915527344,40.91999816894531,38.4442138671875,1736700,0.0,0.0
2022-04-25,40.189998626708984,41.02000045776367,39.2599983215332,40.970001220703125,38.49118423461914,1767600,0.0,0.0
2022-04-26,40.959999084472656,40.959999084472656,39.14500045776367,39.380001068115234,36.99738693237305,2050100,0.0,0.0
2022-04-27,39.689998626708984,40.72999954223633,39.33000183105469,39.93000030517578,37.514102935791016,1636600,0.0,0.0
2022-04-28,41.5,41.72999954223633,40.209999084472656,41.0,38.519371032714844,1670000,0.0,0.0
2022-04-29,41.88999938964844,42.540000915527344,41.540000915527344,41.79999923706055,39.27096176147461,3175800,0.0,0.0
2022-05-02,41.54999923706055,42.25,40.6349983215332,41.810001373291016,39.28037643432617,1869500,0.0,0.0
2022-05-03,41.560001373291016,41.88999938964844,40.75,41.02000045776367,38.53816223144531,2047800,0.0,0.0
2022-05-04,41.650001525878906,42.790000915527344,40.58000183105469,42.560001373291016,39.984981536865234,1794400,0.0,0.0
2022-05-05,41.29999923706055,42.22999954223633,40.380001068115234,40.7400016784668,38.27509307861328,1440900,0.0,0.0
2022-05-06,40.130001068115234,40.869998931884766,39.41999816894531,40.209999084472656,37.77716827392578,1736400,0.0,0.0
2022-05-09,39.09000015258789,39.52000045776367,38.06999969482422,38.209999084472656,35.89817810058594,1858000,0.0,0.0
2022-05-10,38.54999923706055,40.130001068115234,38.459999084472656,38.90999984741211,36.55582046508789,2295200,0.0,0.0
2022-05-11,38.9900016784668,39.474998474121094,37.41999816894531,37.52000045776367,35.24991989135742,2402900,0.0,0.0
2022-05-12,37.439998626708984,38.099998474121094,36.04899978637695,37.470001220703125,35.20294952392578,1981600,0.0,0.0
2022-05-13,37.97999954223633,39.470001220703125,37.91999816894531,39.29999923706055,36.92222213745117,2201300,0.0,0.0
2022-05-16,39.38999938964844,40.2599983215332,39.13999938964844,39.45000076293945,37.063148498535156,1302700,0.0,0.0
2022-05-17,40.91999816894531,41.70000076293945,40.68000030517578,41.06999969482422,38.58513259887695,1965400,0.0,0.0
2022-05-18,40.689998626708984,41.43000030517578,39.83000183105469,40.880001068115234,38.40663146972656,2433600,0.0,0.0
2022-05-19,40.47999954223633,41.77000045776367,40.33000183105469,40.7599983215332,38.29389572143555,1951600,0.0,0.0
2022-05-20,41.66999816894531,42.380001068115234,41.0099983215332,42.189998626708984,39.63737487792969,3704000,0.0,0.0
2022-05-23,42.06999969482422,42.84000015258789,41.119998931884766,42.150001525878906,39.599796295166016,2263800,0.0,0.0
2022-05-24,41.11000061035156,41.470001220703125,39.7400016784668,40.349998474121094,37.90869903564453,2275300,0.0,0.0
2022-05-25,39.97999954223633,41.20000076293945,39.709999084472656,40.70000076293945,38.23751449584961,2727700,0.0,0.0
2022-05-26,40.779998779296875,43.209999084472656,40.75,43.029998779296875,40.42654800415039,2303700,0.0,0.0
2022-05-27,43.06999969482422,43.540000915527344,42.86000061035156,43.22999954223633,40.728031158447266,1507500,0.12,0.0
2022-05-31,45.20000076293945,48.900001525878906,45.08000183105469,45.459999084472656,42.82896041870117,9472400,0.0,0.0
2022-06-01,46.630001068115234,47.68000030517578,44.630001068115234,44.79999923706055,42.20716094970703,2878300,0.0,0.0
2022-06-02,44.79999923706055,45.11000061035156,43.349998474121094,44.77000045776367,42.178897857666016,3296800,0.0,0.0
2022-06-03,44.36000061035156,44.54999923706055,43.2400016784668,43.459999084472656,40.94470977783203,1394100,0.0,0.0
2022-06-06,45.779998779296875,46.97999954223633,45.005001068115234,45.36000061035156,42.73474884033203,2384400,0.0,0.0
2022-06-07,46.189998626708984,47.0,45.369998931884766,45.939998626708984,43.281185150146484,2077900,0.0,0.0
2022-06-08,46.2400016784668,47.58000183105469,46.2400016784668,47.38999938964844,44.64726257324219,2180200,0.0,0.0
2022-06-09,43.15999984741211,43.91999816894531,41.540000915527344,43.560001373291016,41.03893280029297,7011000,0.0,0.0
2022-06-10,43.29999923706055,44.459999084472656,42.209999084472656,42.86000061035156,40.37944412231445,3226800,0.0,0.0
2022-06-13,41.2400016784668,41.314998626708984,38.470001220703125,38.66999816894531,36.43193435668945,4266800,0.0,0.0
2022-06-14,40.779998779296875,41.0,39.65999984741211,40.459999084472656,38.11833953857422,3442100,0.0,0.0
2022-06-15,40.91999816894531,41.9900016784668,40.540000915527344,41.380001068115234,38.985103607177734,2494100,0.0,0.0
2022-06-16,40.16999816894531,40.599998474121094,39.58000183105469,39.81999969482422,37.515384674072266,2329900,0.0,0.0
2022-06-17,40.97999954223633,41.310001373291016,39.84000015258789,40.45000076293945,38.10892105102539,3133300,0.0,0.0
2022-06-21,41.2599983215332,41.845001220703125,40.900001525878906,41.66999816894531,39.25830841064453,2876200,0.0,0.0
2022-06-22,41.029998779296875,41.75,40.83000183105469,41.47999954223633,39.07931137084961,2584300,0.0,0.0
2022-06-23,42.0,42.790000915527344,41.65999984741211,42.689998626708984,40.21927261352539,3427000,0.0,0.0
2022-06-24,43.81999969482422,46.41999816894531,43.36000061035156,43.84000015258789,41.30271911621094,29052000,0.0,0.0
2022-06-27,45.54999923706055,46.21500015258789,45.22999954223633,46.0,43.337711334228516,3391500,0.0,0.0
2022-06-28,48.0,49.16999816894531,47.20000076293945,48.0099983215332,45.23138427734375,4488900,0.0,0.0
2022-06-29,47.56999969482422,48.0,46.61000061035156,47.61000061035156,44.854530334472656,3893600,0.0,0.0
2022-06-30,47.02000045776367,48.56999969482422,46.7400016784668,48.5,45.693031311035156,3777700,0.0,0.0
2022-07-01,48.279998779296875,50.63999938964844,47.689998626708984,50.619998931884766,47.69032287597656,4218600,0.0,0.0
2022-07-05,49.0,49.599998474121094,45.97600173950195,47.130001068115234,44.40230941772461,4236400,0.0,0.0
2022-07-06,47.45000076293945,47.939998626708984,45.88999938964844,47.630001068115234,44.87337112426758,2776800,0.0,0.0
2022-07-07,47.83000183105469,49.08000183105469,47.7599983215332,48.15999984741211,45.3726921081543,1995400,0.0,0.0
2022-07-08,48.2599983215332,48.61000061035156,47.900001525878906,48.310001373291016,45.51402282714844,1238500,0.0,0.0
2022-07-11,46.849998474121094,46.959999084472656,44.7599983215332,45.099998474121094,42.48979949951172,2661300,0.0,0.0
2022-07-12,44.86000061035156,46.79999923706055,44.709999084472656,46.33000183105469,43.64861297607422,3250500,0.0,0.0
2022-07-13,45.459999084472656,46.970001220703125,45.08000183105469,46.66999816894531,43.96893310546875,1307800,0.0,0.0
2022-07-14,46.439998626708984,46.5099983215332,45.70000076293945,45.81999969482422,43.16813278198242,1743100,0.0,0.0
2022-07-15,46.040000915527344,46.11000061035156,45.099998474121094,45.97999954223633,43.318870544433594,1412700,0.0,0.0
2022-07-18,46.529998779296875,47.38999938964844,45.93000030517578,46.0099983215332,43.347129821777344,1067100,0.0,0.0
2022-07-19,46.599998474121094,47.36000061035156,46.599998474121094,47.15999984741211,44.43057632446289,1287700,0.0,0.0
2022-07-20,47.43000030517578,47.68000030517578,46.595001220703125,46.779998779296875,44.07255554199219,1372000,0.0,0.0
2022-07-21,46.900001525878906,47.31999969482422,46.599998474121094,47.27000045776367,44.534202575683594,1201900,0.0,0.0
2022-07-22,47.41999816894531,47.88999938964844,45.959999084472656,46.099998474121094,43.43193054199219,1489100,0.0,0.0
2022-07-25,45.70000076293945,46.2400016784668,44.9900016784668,45.0,42.39558410644531,2632500,0.0,0.0
2022-07-26,45.15999984741211,45.689998626708984,45.040000915527344,45.45000076293945,42.819541931152344,2084500,0.0,0.0
2022-07-27,45.47999954223633,46.72999954223633,45.47999954223633,46.47999954223633,43.7899284362793,958800,0.0,0.0
2022-07-28,46.310001373291016,47.08000183105469,45.40999984741211,47.08000183105469,44.35520935058594,1822600,0.0,0.0
2022-07-29,48.900001525878906,50.720001220703125,47.81999969482422,48.709999084472656,45.890865325927734,3104000,0.0,0.0
2022-08-01,47.099998474121094,48.56999969482422,46.65399932861328,47.27000045776367,44.534202575683594,2172900,0.0,0.0
2022-08-02,46.45000076293945,48.27000045776367,46.099998474121094,48.0,45.22195816040039,2237700,0.0,0.0
2022-08-03,47.4900016784668,47.7400016784668,46.5099983215332,47.470001220703125,44.72264099121094,1400800,0.0,0.0
2022-08-04,48.9900016784668,49.369998931884766,48.38999938964844,49.150001525878906,46.30541229248047,1403000,0.0,0.0
2022-08-05,48.47999954223633,48.67499923706055,47.65999984741211,48.130001068115234,45.34443664550781,1125600,0.0,0.0
2022-08-08,47.33000183105469,48.9900016784668,47.119998931884766,48.04999923706055,45.26906967163086,1276600,0.0,0.0
2022-08-09,47.58000183105469,48.2400016784668,47.310001373291016,47.790000915527344,45.02412033081055,861300,0.0,0.0
2022-08-10,48.04999923706055,48.52000045776367,47.375,48.380001068115234,45.57996368408203,824700,0.0,0.0
2022-08-11,49.0,49.439998626708984,48.220001220703125,48.27000045776367,45.47633361816406,1032500,0.0,0.0
2022-08-12,48.11000061035156,48.40999984741211,47.849998474121094,48.06999969482422,45.287906646728516,1147900,0.0,0.0
2022-08-15,47.52000045776367,48.529998779296875,47.47999954223633,48.150001525878906,45.363285064697266,1601700,0.0,0.0
2022-08-16,47.849998474121094,48.34000015258789,47.709999084472656,48.0,45.22195816040039,1448900,0.0,0.0
2022-08-17,47.970001220703125,48.80500030517578,47.86000061035156,48.130001068115234,45.34443664550781,1392300,0.0,0.0
2022-08-18,47.45000076293945,48.04999923706055,46.400001525878906,46.900001525878906,44.18562316894531,6319600,0.0,0.0
2022-08-19,46.900001525878906,47.77000045776367,46.47999954223633,47.15999984741211,44.43057632446289,1884800,0.0,0.0
2022-08-22,47.7400016784668,48.290000915527344,46.79999923706055,48.060001373291016,45.27849197387695,3712100,0.0,0.0
2022-08-23,48.5099983215332,49.470001220703125,48.29999923706055,48.83000183105469,46.00392150878906,2286900,0.0,0.0
2022-08-24,48.099998474121094,48.224998474121094,46.77000045776367,48.09000015258789,45.41836929321289,2899300,0.12,0.0
2022-08-25,48.68000030517578,50.290000915527344,48.57500076293945,50.0099983215332,47.2317008972168,2316000,0.0,0.0
2022-08-26,52.0,52.0,49.369998931884766,49.45000076293945,46.70281219482422,2036700,0.0,0.0
2022-08-29,49.54999923706055,51.04999923706055,49.54999923706055,50.02000045776367,47.241153717041016,2022100,0.0,0.0
2022-08-30,50.58000183105469,50.630001068115234,48.4900016784668,48.869998931884766,46.15503692626953,2756100,0.0,0.0
2022-08-31,49.18000030517578,50.599998474121094,48.90999984741211,50.11000061035156,47.326148986816406,4245000,0.0,0.0
2022-09-01,49.380001068115234,49.470001220703125,48.18000030517578,48.63999938964844,45.93781280517578,2074600,0.0,0.0
2022-09-02,48.20000076293945,49.0099983215332,47.52000045776367,47.79999923706055,45.14448547363281,1816900,0.0,0.0
2022-09-06,48.54999923706055,48.790000915527344,47.68000030517578,47.93000030517578,45.26725769042969,2180700,0.0,0.0
2022-09-07,48.029998779296875,48.970001220703125,47.68000030517578,48.880001068115234,46.16448211669922,2166700,0.0,0.0
2022-09-08,48.599998474121094,49.560001373291016,48.25,49.5099983215332,46.75947952270508,1089700,0.0,0.0
2022-09-09,50.09000015258789,50.16999816894531,49.43000030517578,49.599998474121094,46.84446716308594,1035600,0.0,0.0
2022-09-12,49.599998474121094,49.720001220703125,48.7400016784668,49.5,46.750030517578125,1830100,0.0,0.0
2022-09-13,49.29999923706055,50.93000030517578,49.25,49.75,46.98615264892578,2362900,0.0,0.0
2022-09-14,50.0,50.20000076293945,49.2400016784668,49.810001373291016,47.042808532714844,2984500,0.0,0.0
2022-09-15,50.869998931884766,52.36000061035156,50.27000045776367,50.47999954223633,47.67559051513672,5619100,0.0,0.0
2022-09-16,49.5,50.130001068115234,48.974998474121094,49.779998779296875,47.01447296142578,7892400,0.0,0.0
2022-09-19,49.04999923706055,50.099998474121094,49.04999923706055,49.95000076293945,47.17502975463867,1698000,0.0,0.0
2022-09-20,49.470001220703125,50.959999084472656,49.470001220703125,49.88999938964844,47.11835861206055,1968300,0.0,0.0
2022-09-21,49.5099983215332,49.7400016784668,48.75,49.040000915527344,46.31559753417969,2314100,0.0,0.0
2022-09-22,48.70000076293945,49.369998931884766,47.52000045776367,47.599998474121094,44.95558547973633,2340800,0.0,0.0
2022-09-23,47.04999923706055,48.0099983215332,46.119998931884766,46.599998474121094,44.011138916015625,1461200,0.0,0.0
2022-09-26,46.439998626708984,47.18000030517578,46.20000076293945,46.27000045776367,43.69947814941406,1168600,0.0,0.0
2022-09-27,47.130001068115234,48.54999923706055,46.90999984741211,48.0,45.33336639404297,1998700,0.0,0.0
2022-09-28,47.38999938964844,49.57500076293945,46.970001220703125,49.34000015258789,46.59893035888672,2023100,0.0,0.0
2022-09-29,48.16999816894531,48.72999954223633,46.775001525878906,47.849998474121094,45.19169998168945,2685200,0.0,0.0
2022-09-30,47.59000015258789,49.08000183105469,47.130001068115234,47.33000183105469,44.70058822631836,2378800,0.0,0.0
2022-10-03,47.34000015258789,47.97999954223633,47.20000076293945,47.38999938964844,44.75725173950195,1764200,0.0,0.0
2022-10-04,48.060001373291016,50.10499954223633,47.7599983215332,49.939998626708984,47.16558837890625,1600800,0.0,0.0
2022-10-05,50.119998931884766,50.744998931884766,49.869998931884766,50.56999969482422,47.760589599609375,1482800,0.0,0.0
2022-10-06,50.0099983215332,50.619998931884766,49.65999984741211,49.900001525878906,47.1278190612793,1086900,0.0,0.0
2022-10-07,49.22999954223633,49.52000045776367,48.71099853515625,48.75,46.04169845581055,1009300,0.0,0.0
2022-10-10,48.529998779296875,48.79999923706055,47.439998626708984,47.779998779296875,45.125579833984375,1694200,0.0,0.0
2022-10-11,47.130001068115234,47.66999816894531,44.06999969482422,44.2400016784668,41.782257080078125,2916200,0.0,0.0
2022-10-12,44.16999816894531,44.810001373291016,43.55500030517578,44.77000045776367,42.282806396484375,2158100,0.0,0.0
2022-10-13,43.41999816894531,45.15999984741211,43.05500030517578,44.75,42.263916015625,1563600,0.0,0.0
2022-10-14,45.540000915527344,46.66999816894531,44.79499816894531,44.83000183105469,42.339481353759766,1942700,0.0,0.0
2022-10-17,45.86000061035156,47.154998779296875,45.65999984741211,47.0099983215332,44.39836502075195,1924800,0.0,0.0
2022-10-18,47.619998931884766,47.86000061035156,46.2599983215332,46.79999923706055,44.20003128051758,1143400,0.0,0.0
2022-10-19,45.63999938964844,46.58000183105469,44.970001220703125,45.099998474121094,42.59447479248047,1396600,0.0,0.0
2022-10-20,45.20000076293945,45.61000061035156,44.939998626708984,45.31999969482422,42.8022575378418,2503200,0.0,0.0
2022-10-21,44.95000076293945,45.31999969482422,44.5099983215332,45.13999938964844,42.63224792480469,2202300,0.0,0.0
2022-10-24,40.06999969482422,40.83000183105469,38.584999084472656,38.84000015258789,36.6822509765625,5777400,0.0,0.0
2022-10-25,39.689998626708984,40.95000076293945,39.41999816894531,40.90999984741211,38.63724899291992,4132800,0.0,0.0
2022-10-26,40.95000076293945,43.51499938964844,40.95000076293945,42.18000030517578,39.836700439453125,2031700,0.0,0.0
2022-10-27,42.0,42.099998474121094,41.34000015258789,41.40999984741211,39.109474182128906,1861900,0.0,0.0
2022-10-28,40.400001525878906,41.65999984741211,40.0,41.47999954223633,39.17558670043945,2178300,0.0,0.0
2022-10-31,40.81999969482422,41.86000061035156,40.43000030517578,41.349998474121094,39.05280685424805,2132200,0.0,0.0
2022-11-01,43.060001373291016,43.91999816894531,42.47999954223633,43.060001373291016,40.66781234741211,2305700,0.0,0.0
2022-11-02,47.36000061035156,47.959999084472656,45.599998474121094,46.31999969482422,43.7467041015625,4525500,0.0,0.0
2022-11-03,45.20000076293945,47.525001525878906,44.709999084472656,47.279998779296875,44.65336990356445,4977700,0.0,0.0
2022-11-04,50.630001068115234,51.29999923706055,48.81999969482422,49.939998626708984,47.16558837890625,4778200,0.0,0.0
2022-11-07,50.189998626708984,50.529998779296875,49.310001373291016,49.31999969482422,46.58003616333008,2920500,0.0,0.0
2022-11-08,49.310001373291016,50.439998626708984,49.220001220703125,50.29999923706055,47.505584716796875,1947200,0.0,0.0
2022-11-09,50.029998779296875,51.099998474121094,49.70500183105469,49.869998931884766,47.0994758605957,3187500,0.0,0.0
2022-11-10,51.29999923706055,51.84000015258789,50.290000915527344,51.0,48.16670227050781,1785000,0.0,0.0
2022-11-11,52.400001525878906,54.599998474121094,52.27000045776367,54.08000183105469,51.075599670410156,3213000,0.0,0.0
2022-11-14,53.88999938964844,54.41999816894531,52.42499923706055,52.779998779296875,49.847808837890625,2127600,0.0,0.0
2022-11-15,54.22999954223633,55.18000030517578,52.981998443603516,53.02000045776367,50.07448196411133,2815100,0.0,0.0
2022-11-16,51.790000915527344,54.14500045776367,51.40999984741211,53.61000061035156,50.63170623779297,3224800,0.0,0.0
2022-11-17,51.97999954223633,54.939998626708984,51.40999984741211,54.900001525878906,51.850040435791016,2601900,0.0,0.0
2022-11-18,54.31999969482422,54.61000061035156,52.34000015258789,52.810001373291016,49.87614822387695,1523700,0.0,0.0
2022-11-21,52.06999969482422,53.07500076293945,51.599998474121094,52.31999969482422,49.413368225097656,3090100,0.0,0.0
2022-11-22,51.86000061035156,52.52000045776367,51.13999938964844,52.220001220703125,49.318931579589844,1648700,0.0,0.0
2022-11-23,52.970001220703125,53.27000045776367,51.65999984741211,52.25,49.347259521484375,1460100,0.0,0.0
2022-11-25,51.599998474121094,51.875,50.279998779296875,50.56999969482422,47.760589599609375,1230800,0.0,0.0
2022-11-28,51.27000045776367,52.02000045776367,50.58000183105469,51.779998779296875,49.019683837890625,3252400,0.12,0.0
2022-11-29,53.869998931884766,54.02000045776367,52.810001373291016,53.43000030517578,50.581722259521484,3019900,0.0,0.0
2022-11-30,54.7599983215332,55.16999816894531,54.040000915527344,55.119998931884766,52.181636810302734,5799400,0.0,0.0
2022-12-01,54.4900016784668,55.505001068115234,53.709999084472656,54.779998779296875,51.859764099121094,1512500,0.0,0.0
2022-12-02,54.68000030517578,55.66999816894531,54.2400016784668,55.4900016784668,52.531925201416016,2012000,0.0,0.0
2022-12-05,56.66999816894531,57.11000061035156,55.18000030517578,55.470001220703125,52.51298522949219,2556400,0.0,0.0
2022-12-06,55.810001373291016,57.67900085449219,55.40999984741211,57.02000045776367,53.980350494384766,3661300,0.0,0.0
2022-12-07,55.599998474121094,57.119998931884766,55.459999084472656,55.599998474121094,52.636043548583984,2641000,0.0,0.0
2022-12-08,57.439998626708984,58.20000076293945,56.68000030517578,58.040000915527344,54.94597625732422,2501000,0.0,0.0
2022-12-09,57.7400016784668,57.7400016784668,56.07500076293945,56.529998779296875,53.51647186279297,1789000,0.0,0.0
2022-12-12,56.130001068115234,57.560001373291016,55.439998626708984,57.08000183105469,54.03715515136719,1793700,0.0,0.0
2022-12-13,58.0,58.189998626708984,56.56999969482422,57.11000061035156,54.06555938720703,1581400,0.0,0.0
2022-12-14,56.56999969482422,57.70000076293945,56.130001068115234,57.04999923706055,54.008758544921875,2184400,0.0,0.0
2022-12-15,57.0,57.5,55.52000045776367,55.779998779296875,52.80645751953125,1989500,0.0,0.0
2022-12-16,56.0099983215332,56.959999084472656,55.7599983215332,56.0,53.01472473144531,2335200,0.0,0.0
2022-12-19,55.45000076293945,55.900001525878906,55.11000061035156,55.84000015258789,52.86326217651367,968900,0.0,0.0
2022-12-20,55.119998931884766,55.935001373291016,55.0099983215332,55.40999984741211,52.45618438720703,1774300,0.0,0.0
2022-12-21,55.369998931884766,56.72999954223633,55.32500076293945,55.9900016784668,53.00525665283203,1899700,0.0,0.0
2022-12-22,57.189998626708984,57.61000061035156,55.599998474121094,56.22999954223633,53.23246765136719,1648900,0.0,0.0
2022-12-23,56.599998474121094,56.880001068115234,54.58000183105469,55.59000015258789,52.626583099365234,1182200,0.0,0.0
2022-12-27,56.40999984741211,57.13999938964844,56.20000076293945,56.77000045776367,53.74367904663086,836400,0.0,0.0
2022-12-28,56.720001220703125,57.08000183105469,55.67499923706055,55.779998779296875,52.80645751953125,1173300,0.0,0.0
2022-12-29,55.880001068115234,56.8650016784668,55.5099983215332,55.900001525878906,52.920066833496094,1831000,0.0,0.0
2022-12-30,55.0099983215332,55.54999923706055,54.349998474121094,54.650001525878906,51.736698150634766,1977900,0.0,0.0
2023-01-03,55.59000015258789,56.970001220703125,55.29999923706055,56.41999816894531,53.41233444213867,1388600,0.0,0.0
2023-01-04,57.45000076293945,58.66999816894531,56.779998779296875,58.650001525878906,55.52346420288086,2205100,0.0,0.0
2023-01-05,57.5099983215332,59.47999954223633,57.380001068115234,58.040000915527344,54.94597625732422,1599900,0.0,0.0
2023-01-06,56.15999984741211,58.099998474121094,55.78099822998047,58.02000045776367,54.92704391479492,2204800,0.0,0.0
2023-01-09,58.5,59.65999984741211,58.040000915527344,58.95000076293945,55.80746078491211,1915500,0.0,0.0
2023-01-10,59.27000045776367,60.2400016784668,58.72999954223633,59.16999816894531,56.0157356262207,1527200,0.0,0.0
2023-01-11,59.290000915527344,60.724998474121094,59.18000030517578,59.959999084472656,56.76361846923828,1972700,0.0,0.0
2023-01-12,58.970001220703125,60.43000030517578,58.880001068115234,60.08000183105469,56.877227783203125,1676900,0.0,0.0
2023-01-13,60.029998779296875,60.3650016784668,59.5,60.209999084472656,57.000301361083984,1691300,0.0,0.0
2023-01-17,59.0099983215332,59.79999923706055,57.0,57.09000015258789,54.046627044677734,3024300,0.0,0.0
2023-01-18,58.20000076293945,58.599998474121094,56.65999984741211,56.7599983215332,53.734214782714844,2449200,0.0,0.0
2023-01-19,57.09000015258789,58.56999969482422,56.900001525878906,58.20000076293945,55.09745407104492,1789500,0.0,0.0
2023-01-20,59.310001373291016,59.599998474121094,58.11000061035156,59.099998474121094,55.94947052001953,2133600,0.0,0.0
2023-01-23,59.13999938964844,61.130001068115234,59.13999938964844,60.88999938964844,57.644046783447266,1654500,0.0,0.0
2023-01-24,60.91999816894531,61.959999084472656,60.060001373291016,61.81999969482422,58.524471282958984,1568700,0.0,0.0
2023-01-25,61.970001220703125,62.04999923706055,60.25,61.16999816894531,57.909122467041016,1344500,0.0,0.0
2023-01-26,62.040000915527344,62.314998626708984,61.02000045776367,62.2400016784668,58.92208480834961,1487200,0.0,0.0
2023-01-27,62.61000061035156,62.63999938964844,61.540000915527344,62.220001220703125,58.90315246582031,1187600,0.0,0.0
2023-01-30,60.4900016784668,62.10499954223633,60.16999816894531,61.5099983215332,58.23100280761719,1986700,0.0,0.0
2023-01-31,61.0,61.900001525878906,60.43000030517578,61.61000061035156,58.32566452026367,1957700,0.0,0.0
2023-02-01,62.59000015258789,63.060001373291016,61.08000183105469,62.22999954223633,58.91261672973633,2247000,0.0,0.0
2023-02-02,61.79999923706055,61.91999816894531,59.77000045776367,60.060001373291016,56.858299255371094,2587600,0.0,0.0
2023-02-03,59.650001525878906,59.68000030517578,58.04999923706055,58.779998779296875,55.64652633666992,2620500,0.0,0.0
2023-02-06,57.79999923706055,58.70000076293945,56.81999969482422,58.459999084472656,55.34358596801758,3071200,0.0,0.0
2023-02-07,60.150001525878906,61.25,59.810001373291016,60.38999938964844,57.17069625854492,2321500,0.0,0.0
2023-02-08,58.689998626708984,60.525001525878906,58.08000183105469,60.0099983215332,56.81095886230469,2605400,0.0,0.0
2023-02-09,61.540000915527344,62.33000183105469,61.31999969482422,62.13999938964844,58.827415466308594,2416700,0.0,0.0
2023-02-10,61.41999816894531,62.02000045776367,60.2400016784668,61.16999816894531,57.909122467041016,2603100,0.0,0.0
2023-02-13,62.20000076293945,62.439998626708984,61.13999938964844,61.20000076293945,57.937522888183594,1374800,0.0,0.0
2023-02-14,60.54999923706055,61.040000915527344,59.75,60.47999954223633,57.25590896606445,1369800,0.0,0.0
2023-02-15,59.59000015258789,60.5,59.09000015258789,59.13999938964844,55.987335205078125,2241000,0.0,0.0
2023-02-16,59.31999969482422,60.70000076293945,59.279998779296875,60.380001068115234,57.16123580932617,2286400,0.0,0.0
2023-02-17,60.06999969482422,60.65999984741211,59.84000015258789,60.61000061035156,57.37897872924805,1357800,0.0,0.0
2023-02-21,60.540000915527344,61.36000061035156,60.400001525878906,60.650001525878906,57.416839599609375,1457100,0.0,0.0
2023-02-22,61.0,62.06999969482422,60.650001525878906,61.58000183105469,58.29726791381836,2038800,0.0,0.0
2023-02-23,62.38999938964844,62.4900016784668,59.970001220703125,60.25,57.03816223144531,2018500,0.0,0.0
2023-02-24,59.150001525878906,59.689998626708984,57.630001068115234,58.400001525878906,55.28679275512695,1876800,0.0,0.0
2023-02-27,58.88999938964844,59.06999969482422,58.0099983215332,59.04999923706055,55.90213394165039,1173800,0.0,0.0
2023-02-28,58.75,59.27000045776367,58.34000015258789,58.72999954223633,55.59919357299805,3326200,0.0,0.0
2023-03-01,60.709999084472656,61.30500030517578,60.33000183105469,60.540000915527344,57.31270980834961,1780300,0.0,0.0
2023-03-02,60.06999969482422,61.875,60.06999969482422,61.70000076293945,58.41087341308594,1684600,0.0,0.0
2023-03-03,61.619998931884766,62.099998474121094,61.31999969482422,62.09000015258789,58.78007507324219,1469500,0.0,0.0
2023-03-06,62.0,62.689998626708984,60.959999084472656,61.33000183105469,58.18241500854492,1762000,0.13,0.0
2023-03-07,61.150001525878906,62.04499816894531,60.29999923706055,60.70000076293945,57.58475112915039,1783200,0.0,0.0
2023-03-08,60.22999954223633,60.43000030517578,59.06999969482422,59.70000076293945,56.636070251464844,1140800,0.0,0.0
2023-03-09,59.66999816894531,60.0,57.54499816894531,57.63999938964844,54.68178939819336,1754600,0.0,0.0
2023-03-10,57.95000076293945,59.2400016784668,57.95000076293945,58.7599983215332,55.744300842285156,1393800,0.0,0.0
2023-03-13,58.439998626708984,60.29999923706055,58.439998626708984,59.13999938964844,56.104801177978516,1259400,0.0,0.0
2023-03-14,59.4900016784668,61.349998474121094,59.27000045776367,60.68000030517578,57.565773010253906,1572400,0.0,0.0
2023-03-15,60.20000076293945,60.72999954223633,59.13999938964844,60.439998626708984,57.33808517456055,1646000,0.0,0.0
2023-03-16,60.290000915527344,61.4900016784668,59.91999816894531,60.97999954223633,57.85037612915039,1470000,0.0,0.0
2023-03-17,62.41999816894531,62.97999954223633,59.84000015258789,60.720001220703125,57.603721618652344,3093500,0.0,0.0
2023-03-20,60.43000030517578,61.959999084472656,60.29499816894531,60.95000076293945,57.82191848754883,1865000,0.0,0.0
2023-03-21,61.900001525878906,62.04499816894531,61.09000015258789,61.16999816894531,58.0306282043457,856200,0.0,0.0
2023-03-22,61.54999923706055,63.04499816894531,61.150001525878906,62.52000045776367,59.311336517333984,2071700,0.0,0.0
2023-03-23,63.439998626708984,64.5719985961914,62.540000915527344,63.83000183105469,60.554107666015625,2496500,0.0,0.0
2023-03-24,62.900001525878906,63.209999084472656,61.16999816894531,61.68000030517578,58.514442443847656,1622500,0.0,0.0
2023-03-27,61.25,61.90999984741211,60.9900016784668,61.59000015258789,58.42906951904297,1131100,0.0,0.0
2023-03-28,62.75,63.209999084472656,61.915000915527344,62.15999984741211,58.969818115234375,918700,0.0,0.0
2023-03-29,62.150001525878906,62.42499923706055,61.625,62.380001068115234,59.17852020263672,936200,0.0,0.0
2023-03-30,62.209999084472656,63.36000061035156,61.7400016784668,62.9900016784668,59.75721740722656,1022200,0.0,0.0
2023-03-31,63.0,63.54999923706055,62.61000061035156,63.38999938964844,60.13669204711914,1268400,0.0,0.0
2023-04-03,63.2400016784668,64.18000030517578,62.59000015258789,64.0199966430664,60.73435974121094,1313800,0.0,0.0
2023-04-04,63.540000915527344,63.849998474121094,62.939998626708984,62.97999954223633,59.74773406982422,1401200,0.0,0.0
2023-04-05,62.849998474121094,63.22999954223633,62.400001525878906,62.54999923706055,59.33979034423828,737300,0.0,0.0
2023-04-06,62.779998779296875,62.95000076293945,62.11000061035156,62.56999969482422,59.3587760925293,2009500,0.0,0.0
2023-04-10,62.439998626708984,64.1050033569336,62.439998626708984,63.970001220703125,60.686920166015625,1129900,0.0,0.0
2023-04-11,64.37000274658203,64.52999877929688,63.900001525878906,64.36000061035156,61.05690002441406,929000,0.0,0.0
2023-04-12,64.52999877929688,64.69999694824219,63.12300109863281,63.43000030517578,60.17463302612305,1047500,0.0,0.0
2023-04-13,64.19000244140625,64.6500015258789,63.43000030517578,63.68000030517578,60.411800384521484,2051900,0.0,0.0
2023-04-14,64.08999633789062,64.45999908447266,62.5,62.97999954223633,59.74773406982422,1185500,0.0,0.0
2023-04-17,63.63999938964844,64.0,63.33000183105469,63.63999938964844,60.37385940551758,778400,0.0,0.0
2023-04-18,63.70000076293945,64.36000061035156,63.36000061035156,63.52000045776367,60.26001739501953,1201100,0.0,0.0
2023-04-19,62.970001220703125,63.529998779296875,62.970001220703125,63.33000183105469,60.079769134521484,1178800,0.0,0.0
2023-04-20,63.560001373291016,64.42500305175781,62.90999984741211,63.09000015258789,59.852081298828125,911600,0.0,0.0
2023-04-21,62.7400016784668,62.95000076293945,61.130001068115234,62.209999084472656,59.01724624633789,1733600,0.0,0.0
2023-04-24,62.20000076293945,62.220001220703125,61.43000030517578,61.54999923706055,58.3911247253418,991700,0.0,0.0
2023-04-25,60.599998474121094,60.75,59.709999084472656,60.119998931884766,57.03451156616211,1635000,0.0,0.0
2023-04-26,60.25,60.7599983215332,59.757999420166016,59.93000030517578,56.85426330566406,1740600,0.0,0.0
2023-04-27,60.16999816894531,60.880001068115234,60.0099983215332,60.58000183105469,57.47090148925781,1435300,0.0,0.0
2023-04-28,60.310001373291016,61.459999084472656,60.220001220703125,61.18000030517578,58.04010772705078,2287400,0.0,0.0
2023-05-01,60.875,62.47999954223633,60.875,62.06999969482422,58.88443374633789,1521300,0.0,0.0
2023-05-02,61.709999084472656,61.83000183105469,60.7599983215332,61.75,58.58085632324219,1913000,0.0,0.0
2023-05-03,64.01000213623047,64.2699966430664,61.029998779296875,62.56999969482422,59.3587760925293,2797400,0.0,0.0
2023-05-04,63.625,64.5,60.9900016784668,61.79999923706055,58.628299713134766,2571800,0.0,0.0
2023-05-05,61.650001525878906,63.09000015258789,60.43000030517578,62.58000183105469,59.368263244628906,1979900,0.0,0.0
2023-05-08,62.209999084472656,62.439998626708984,61.65999984741211,61.83000183105469,58.65674591064453,1354300,0.0,0.0
2023-05-09,60.65999984741211,61.88999938964844,60.59000015258789,61.88999938964844,58.71367263793945,1897700,0.0,0.0
2023-05-10,61.65999984741211,62.02000045776367,60.810001373291016,61.18000030517578,58.04010772705078,1541000,0.0,0.0
2023-05-11,61.11000061035156,62.040000915527344,60.88999938964844,61.90999984741211,58.73263931274414,1537500,0.0,0.0
2023-05-12,61.25,61.29499816894531,60.349998474121094,60.72999954223633,57.61320114135742,1641400,0.0,0.0
2023-05-15,61.04999923706055,62.189998626708984,60.540000915527344,61.90999984741211,58.73263931274414,1250200,0.0,0.0
2023-05-16,61.630001068115234,62.18000030517578,61.07500076293945,61.36000061035156,58.21087646484375,1065900,0.0,0.0
2023-05-17,61.0099983215332,61.310001373291016,60.18000030517578,61.20000076293945,58.05908203125,2289300,0.0,0.0
2023-05-18,61.150001525878906,61.2400016784668,60.349998474121094,61.09000015258789,57.95473098754883,1742600,0.0,0.0
2023-05-19,61.13999938964844,61.41999816894531,60.459999084472656,61.150001525878906,58.01165771484375,1111500,0.0,0.0
2023-05-22,61.83000183105469,62.560001373291016,61.43000030517578,61.439998626708984,58.286766052246094,915200,0.0,0.0
2023-05-23,60.290000915527344,60.29999923706055,57.91999816894531,57.93000030517578,54.956912994384766,2613400,0.0,0.0
2023-05-24,57.5099983215332,57.79499816894531,56.86000061035156,57.150001525878906,54.216941833496094,2163100,0.0,0.0
2023-05-25,56.9900016784668,57.2400016784668,56.060001373291016,56.630001068115234,53.72362518310547,1578900,0.0,0.0
2023-05-26,57.119998931884766,57.849998474121094,56.83000183105469,57.4900016784668,54.664981842041016,1356500,0.13,0.0
2023-05-30,57.2400016784668,57.720001220703125,55.70000076293945,56.29999923706055,53.533451080322266,1763200,0.0,0.0
2023-05-31,56.0,56.54999923706055,54.900001525878906,56.459999084472656,53.68559265136719,4445300,0.0,0.0
2023-06-01,56.20000076293945,57.564998626708984,55.880001068115234,57.130001068115234,54.322669982910156,1410700,0.0,0.0
2023-06-02,57.70000076293945,58.65999984741211,57.64500045776367,58.56999969482422,55.69190979003906,1727100,0.0,0.0
2023-06-05,58.349998474121094,58.97999954223633,57.68000030517578,57.70000076293945,54.86466598510742,1195400,0.0,0.0
2023-06-06,57.45000076293945,59.0,57.400001525878906,59.0,56.10078048706055,2096700,0.0,0.0
2023-06-07,59.04999923706055,60.44499969482422,58.70000076293945,59.5099983215332,56.58572006225586,2187600,0.0,0.0
2023-06-08,59.72999954223633,60.16999816894531,59.584999084472656,59.66999816894531,56.737857818603516,1214900,0.0,0.0
2023-06-09,59.720001220703125,60.36000061035156,59.375,59.720001220703125,56.785400390625,1035400,0.0,0.0
2023-06-12,59.630001068115234,59.849998474121094,59.05500030517578,59.529998779296875,56.60472869873047,1163300,0.0,0.0
2023-06-13,60.0,60.25,59.125,59.400001525878906,56.48112487792969,1594600,0.0,0.0
2023-06-14,59.20000076293945,59.61000061035156,58.900001525878906,59.18000030517578,56.271934509277344,2953000,0.0,0.0
2023-06-15,59.275001525878906,59.275001525878906,58.86000061035156,59.13999938964844,56.23389434814453,2338200,0.0,0.0
2023-06-16,60.0,60.5,58.790000915527344,59.400001525878906,56.48112487792969,2503300,0.0,0.0
2023-06-20,57.83000183105469,58.529998779296875,57.07500076293945,58.06999969482422,55.21647644042969,1679800,0.0,0.0
2023-06-21,57.61000061035156,58.3849983215332,57.38999938964844,57.790000915527344,54.95023727416992,1277000,0.0,0.0
2023-06-22,57.529998779296875,57.630001068115234,56.630001068115234,57.369998931884766,54.550872802734375,1150200,0.0,0.0
2023-06-23,57.34000015258789,57.34000015258789,56.2400016784668,56.279998779296875,53.51443099975586,1741300,0.0,0.0
2023-06-26,56.59000015258789,57.689998626708984,56.56999969482422,56.939998626708984,54.142005920410156,1356200,0.0,0.0
2023-06-27,57.529998779296875,57.709999084472656,56.95500183105469,57.380001068115234,54.560394287109375,1306400,0.0,0.0
2023-06-28,57.470001220703125,57.52000045776367,56.15999984741211,56.41999816894531,53.647560119628906,1353400,0.0,0.0
2023-06-29,56.0,56.790000915527344,55.779998779296875,56.38999938964844,53.61903381347656,1178300,0.0,0.0
2023-06-30,56.470001220703125,57.099998474121094,56.279998779296875,56.5,53.72362518310547,1541400,0.0,0.0
2023-07-03,57.060001373291016,58.0,57.060001373291016,57.470001220703125,54.645957946777344,968300,0.0,0.0
2023-07-05,56.900001525878906,57.21500015258789,55.63999938964844,56.2599983215332,53.495418548583984,1681700,0.0,0.0
2023-07-06,55.470001220703125,55.720001220703125,54.68000030517578,54.790000915527344,52.09764862060547,1615700,0.0,0.0
2023-07-07,55.040000915527344,56.06999969482422,55.040000915527344,55.59000015258789,52.858341217041016,1197100,0.0,0.0
2023-07-10,55.470001220703125,56.810001373291016,55.064998626708984,56.36000061035156,53.59050750732422,1353200,0.0,0.0
2023-07-11,56.689998626708984,57.2400016784668,56.470001220703125,56.91999816894531,54.122989654541016,965200,0.0,0.0
2023-07-12,58.099998474121094,59.7599983215332,57.86000061035156,59.18000030517578,56.271934509277344,1821100,0.0,0.0
2023-07-13,59.189998626708984,60.72999954223633,59.189998626708984,60.61000061035156,57.63166809082031,1577700,0.0,0.0
2023-07-14,60.380001068115234,60.41999816894531,59.56999969482422,60.0099983215332,57.0611457824707,1251200,0.0,0.0
2023-07-17,59.7400016784668,60.35499954223633,59.2400016784668,60.25,57.28935623168945,982500,0.0,0.0
2023-07-18,60.0,60.66999816894531,58.279998779296875,58.439998626708984,55.56829071044922,1632000,0.0,0.0
2023-07-19,59.209999084472656,59.349998474121094,58.52000045776367,58.849998474121094,55.95814514160156,1707400,0.0,0.0
2023-07-20,58.5,58.9900016784668,58.22999954223633,58.529998779296875,55.65386962890625,946800,0.0,0.0
2023-07-21,59.02000045776367,59.130001068115234,58.13999938964844,58.2599983215332,55.39714050292969,743300,0.0,0.0
2023-07-24,58.404998779296875,58.43000030517578,57.7400016784668,58.16999816894531,55.311561584472656,2077700,0.0,0.0
2023-07-25,58.70000076293945,59.029998779296875,58.310001373291016,58.560001373291016,55.68239974975586,2052400,0.0,0.0
2023-07-26,58.529998779296875,60.13999938964844,58.529998779296875,60.0099983215332,57.0611457824707,1129700,0.0,0.0
2023-07-27,60.459999084472656,60.599998474121094,59.13999938964844,59.13999938964844,56.23389434814453,951300,0.0,0.0
2023-07-28,59.779998779296875,60.084999084472656,59.130001068115234,59.7599983215332,56.823429107666016,1448500,0.0,0.0
2023-07-31,60.71500015258789,61.9900016784668,60.540000915527344,61.02000045776367,58.021514892578125,2936200,0.0,0.0
2023-08-01,59.7599983215332,60.314998626708984,57.220001220703125,57.369998931884766,54.550872802734375,3364100,0.0,0.0
2023-08-02,56.52000045776367,57.04999923706055,55.27000045776367,55.43000030517578,52.706207275390625,2715100,0.0,0.0
2023-08-03,56.09000015258789,58.1349983215332,56.09000015258789,56.779998779296875,53.98986053466797,2853600,0.0,0.0
2023-08-04,56.209999084472656,56.83000183105469,55.93000030517578,56.0099983215332,53.25770568847656,1555100,0.0,0.0
2023-08-07,56.47999954223633,56.95000076293945,56.08599853515625,56.650001525878906,53.86626434326172,1181600,0.0,0.0
2023-08-08,55.72999954223633,56.79999923706055,55.65999984741211,56.650001525878906,53.86626434326172,1419100,0.0,0.0
2023-08-09,56.810001373291016,57.47999954223633,56.459999084472656,56.560001373291016,53.78068161010742,1983700,0.0,0.0
2023-08-10,57.15999984741211,58.16999816894531,56.209999084472656,56.439998626708984,53.666568756103516,1926400,0.0,0.0
2023-08-11,55.93000030517578,56.0,54.97999954223633,55.5,52.772762298583984,1642600,0.0,0.0
2023-08-14,54.97999954223633,55.3849983215332,54.630001068115234,55.119998931884766,52.411434173583984,1480300,0.0,0.0
2023-08-15,54.84000015258789,55.310001373291016,54.43000030517578,54.45000076293945,51.77436065673828,1319000,0.0,0.0
2023-08-16,53.439998626708984,54.06999969482422,53.040000915527344,53.869998931884766,51.222862243652344,2100100,0.0,0.0
2023-08-17,54.4900016784668,54.81999969482422,53.81999969482422,54.349998474121094,51.67927551269531,1470500,0.0,0.0
2023-08-18,51.790000915527344,53.13999938964844,51.099998474121094,52.7599983215332,50.16740798950195,2859600,0.0,0.0
2023-08-21,52.029998779296875,53.275001525878906,51.91999816894531,53.040000915527344,50.43364334106445,2101300,0.0,0.0
2023-08-22,53.029998779296875,53.040000915527344,52.29999923706055,52.47999954223633,49.90116500854492,1242900,0.0,0.0
2023-08-23,52.630001068115234,53.470001220703125,52.47999954223633,53.029998779296875,50.42414093017578,1550100,0.0,0.0
2023-08-24,53.150001525878906,54.06999969482422,53.09000015258789,53.54999923706055,50.91858673095703,1256400,0.0,0.0
2023-08-25,53.25,53.52000045776367,52.849998474121094,53.04999923706055,50.565914154052734,977700,0.13,0.0
2023-08-28,53.400001525878906,53.7599983215332,53.084999084472656,53.34000015258789,50.84233474731445,1193000,0.0,0.0
2023-08-29,53.79999923706055,54.369998931884766,53.56999969482422,53.630001068115234,51.118751525878906,1825000,0.0,0.0
2023-08-30,53.040000915527344,53.98500061035156,53.040000915527344,53.84000015258789,51.31892013549805,2512500,0.0,0.0
2023-08-31,53.5,53.91999816894531,53.34000015258789,53.689998626708984,51.17594528198242,3056400,0.0,0.0
2023-09-01,54.040000915527344,54.70000076293945,53.310001373291016,54.52000045776367,51.967079162597656,1558800,0.0,0.0
2023-09-05,53.88999938964844,54.369998931884766,53.02000045776367,53.75,51.23313903808594,2287400,0.0,0.0
2023-09-06,53.70000076293945,54.0099983215332,52.09000015258789,52.43000030517578,49.974945068359375,1688300,0.0,0.0
2023-09-07,51.79999923706055,52.08000183105469,51.375,52.02000045776367,49.584144592285156,1767600,0.0,0.0
2023-09-08,52.130001068115234,52.41999816894531,51.45000076293945,51.79999923706055,49.37443923950195,1176400,0.0,0.0
2023-09-11,52.41999816894531,52.41999816894531,51.54999923706055,52.16999816894531,49.72711944580078,1285500,0.0,0.0
2023-09-12,52.09000015258789,53.21500015258789,52.09000015258789,53.18000030517578,50.689823150634766,1574300,0.0,0.0
2023-09-13,53.02000045776367,53.630001068115234,52.90999984741211,53.18000030517578,50.689823150634766,1273300,0.0,0.0
2023-09-14,55.125,56.79999923706055,55.0099983215332,56.08000183105469,53.45404052734375,3479600,0.0,0.0
2023-09-15,57.0,58.189998626708984,57.0,57.95000076293945,55.23646545410156,4294600,0.0,0.0
2023-09-18,57.70000076293945,58.04999923706055,57.05500030517578,57.20000076293945,54.52159118652344,2433400,0.0,0.0
2023-09-19,57.5,57.88999938964844,56.52000045776367,56.70000076293945,54.04499816894531,1599800,0.0,0.0
2023-09-20,57.0,57.34000015258789,56.029998779296875,56.099998474121094,53.47309875488281,1686500,0.0,0.0
2023-09-21,55.95000076293945,56.130001068115234,54.93000030517578,55.119998931884766,52.538978576660156,3341900,0.0,0.0
2023-09-22,56.81999969482422,58.209999084472656,56.81999969482422,57.439998626708984,54.75034713745117,2183200,0.0,0.0
2023-09-25,56.540000915527344,57.060001373291016,56.13999938964844,56.5,53.854366302490234,1339900,0.0,0.0
2023-09-26,56.36000061035156,56.540000915527344,55.8849983215332,55.91999816894531,53.301517486572266,988500,0.0,0.0
2023-09-27,55.90999984741211,56.29999923706055,55.06999969482422,55.810001373291016,53.196678161621094,1344000,0.0,0.0
2023-09-28,55.709999084472656,55.83000183105469,54.78900146484375,55.41999816894531,52.82493209838867,1222200,0.0,0.0
2023-09-29,56.290000915527344,56.63999938964844,55.68000030517578,55.720001220703125,53.11089324951172,1435200,0.0,0.0
2023-10-02,55.40999984741211,55.70000076293945,55.029998779296875,55.34000015258789,52.748680114746094,768400,0.0,0.0
2023-10-03,54.5,55.220001220703125,54.15999984741211,54.29999923706055,51.75737762451172,945800,0.0,0.0
2023-10-04,54.18000030517578,54.34000015258789,52.66999816894531,53.380001068115234,50.880462646484375,1718800,0.0,0.0
2023-10-05,53.130001068115234,53.529998779296875,52.83000183105469,53.040000915527344,50.55638122558594,1172200,0.0,0.0
2023-10-06,52.869998931884766,54.34000015258789,52.650001525878906,53.63999938964844,51.12828826904297,1478900,0.0,0.0
2023-10-09,53.58000183105469,53.91999816894531,52.970001220703125,53.66999816894531,51.15687561035156,1607800,0.0,0.0
2023-10-10,54.349998474121094,55.279998779296875,54.25,54.779998779296875,52.214908599853516,1410400,0.0,0.0
2023-10-11,55.279998779296875,56.150001525878906,54.935001373291016,55.0,52.42461013793945,1590600,0.0,0.0
2023-10-12,55.16999816894531,55.310001373291016,53.63999938964844,53.810001373291016,51.29032897949219,1840100,0.0,0.0
2023-10-13,53.63999938964844,54.16999816894531,53.5,53.7400016784668,51.223609924316406,1380800,0.0,0.0
2023-10-16,53.650001525878906,53.880001068115234,53.11000061035156,53.150001525878906,50.661231994628906,1186400,0.0,0.0
2023-10-17,52.65999984741211,53.189998626708984,52.599998474121094,52.900001525878906,50.422935485839844,1048500,0.0,0.0
2023-10-18,52.400001525878906,53.150001525878906,52.08000183105469,53.130001068115234,50.64216995239258,2866400,0.0,0.0
2023-10-19,52.900001525878906,53.290000915527344,51.935001373291016,52.119998931884766,49.6794548034668,1541000,0.0,0.0
2023-10-20,51.88999938964844,52.130001068115234,51.33000183105469,51.47999954223633,49.06942367553711,1508800,0.0,0.0
2023-10-23,51.25,52.2400016784668,50.849998474121094,51.560001373291016,49.145687103271484,1355300,0.0,0.0
2023-10-24,51.90999984741211,53.83000183105469,51.61000061035156,53.599998474121094,51.09015655517578,1836500,0.0,0.0
2023-10-25,52.869998931884766,53.5,52.6349983215332,52.79999923706055,50.32762145996094,1002000,0.0,0.0
2023-10-26,52.63999938964844,53.029998779296875,51.88999938964844,52.099998474121094,49.660396575927734,1198600,0.0,0.0
2023-10-27,52.7599983215332,52.91999816894531,52.38999938964844,52.5099983215332,50.05119705200195,1262300,0.0,0.0
2023-10-30,52.5,53.41999816894531,52.459999084472656,53.119998931884766,50.63262939453125,1731900,0.0,0.0
2023-10-31,52.90999984741211,52.90999984741211,51.91999816894531,52.560001373291016,50.0988655090332,1633900,0.0,0.0
2023-11-01,44.0,45.63999938964844,41.47999954223633,44.560001373291016,42.47346115112305,12839300,0.0,0.0
2023-11-02,45.0,46.130001068115234,44.709999084472656,45.779998779296875,43.63633728027344,6865900,0.0,0.0
2023-11-03,46.75,47.4900016784668,45.23500061035156,45.380001068115234,43.25506591796875,4548700,0.0,0.0
2023-11-06,45.7400016784668,46.0,44.85499954223633,44.970001220703125,42.864261627197266,3313200,0.0,0.0
2023-11-07,44.630001068115234,45.349998474121094,44.43000030517578,44.5,42.41626739501953,3784500,0.0,0.0
2023-11-08,44.5099983215332,45.02000045776367,43.4900016784668,43.65999984741211,41.6156005859375,3237700,0.0,0.0
2023-11-09,43.88999938964844,44.650001525878906,43.099998474121094,43.13999938964844,41.11995315551758,3218400,0.0,0.0
2023-11-10,43.0,44.54999923706055,42.91999816894531,44.36000061035156,42.2828254699707,2044300,0.0,0.0
2023-11-13,44.5099983215332,44.849998474121094,43.97999954223633,44.5,42.41626739501953,2161600,0.0,0.0
2023-11-14,44.810001373291016,45.88999938964844,44.5,45.40999984741211,43.283660888671875,2381300,0.0,0.0
2023-11-15,45.47999954223633,46.470001220703125,45.47999954223633,45.84000015258789,43.69352340698242,2000500,0.0,0.0
2023-11-16,45.4900016784668,46.70000076293945,45.29999923706055,45.84000015258789,43.69352340698242,2148300,0.0,0.0
2023-11-17,46.11000061035156,46.40999984741211,45.849998474121094,45.88999938964844,43.741180419921875,1733400,0.0,0.0
2023-11-20,46.18000030517578,46.45899963378906,45.88999938964844,46.27000045776367,44.103389739990234,1379800,0.0,0.0
2023-11-21,45.72999954223633,47.2599983215332,45.5,45.90999984741211,43.76024627685547,1716300,0.0,0.0
2023-11-22,45.970001220703125,46.005001068115234,45.130001068115234,45.18000030517578,43.06443786621094,1962100,0.0,0.0
2023-11-24,44.93000030517578,45.25,44.650001525878906,44.66999816894531,42.57830810546875,2444500,0.0,0.0
2023-11-27,44.59000015258789,44.95500183105469,44.345001220703125,44.459999084472656,42.5018310546875,2774600,0.13,0.0
2023-11-28,44.630001068115234,44.779998779296875,44.099998474121094,44.25,42.30108642578125,1846100,0.0,0.0
2023-11-29,43.75,44.02000045776367,42.724998474121094,43.0,41.10614013671875,4456100,0.0,0.0
2023-11-30,42.65999984741211,43.18000030517578,41.209999084472656,43.18000030517578,41.2782096862793,5042000,0.0,0.0
2023-12-01,42.79999923706055,43.72999954223633,42.540000915527344,43.72999954223633,41.803985595703125,2928800,0.0,0.0
2023-12-04,43.0,43.029998779296875,41.68000030517578,42.06999969482422,40.217098236083984,3350400,0.0,0.0
2023-12-05,41.40999984741211,41.5,40.310001373291016,40.869998931884766,39.0699462890625,4034700,0.0,0.0
2023-12-06,41.2400016784668,41.25,39.90999984741211,40.5099983215332,38.725807189941406,4212900,0.0,0.0
2023-12-07,40.599998474121094,40.77000045776367,39.26499938964844,39.95000076293945,38.190467834472656,4335300,0.0,0.0
2023-12-08,40.0,40.52000045776367,39.900001525878906,39.90999984741211,38.1522331237793,1542700,0.0,0.0
2023-12-11,39.7400016784668,40.09000015258789,39.349998474121094,39.91999816894531,38.16178894042969,2555600,0.0,0.0
2023-12-12,40.0,40.34000015258789,39.11000061035156,40.31999969482422,38.54417037963867,3166900,0.0,0.0
2023-12-13,40.20000076293945,40.38999938964844,38.9900016784668,39.75,37.9992790222168,3868200,0.0,0.0
2023-12-14,40.2400016784668,40.77000045776367,39.97999954223633,40.15999984741211,38.39122009277344,3294500,0.0,0.0
2023-12-15,40.25,40.41999816894531,39.66999816894531,40.029998779296875,38.266944885253906,3875600,0.0,0.0
2023-12-18,39.83000183105469,40.369998931884766,39.61000061035156,40.08000183105469,38.31474685668945,2565000,0.0,0.0
2023-12-19,40.619998931884766,41.349998474121094,40.595001220703125,41.33000183105469,39.50968933105469,2467800,0.0,0.0
2023-12-20,41.150001525878906,41.31999969482422,40.400001525878906,40.43000030517578,38.64932632446289,3281500,0.0,0.0
2023-12-21,41.369998931884766,41.7400016784668,40.939998626708984,41.529998779296875,39.70088195800781,2506200,0.0,0.0
2023-12-22,41.060001373291016,41.77000045776367,41.060001373291016,41.59000015258789,39.758235931396484,2236400,0.0,0.0
2023-12-26,41.810001373291016,42.220001220703125,41.33000183105469,41.47999954223633,39.65308380126953,1550200,0.0,0.0
2023-12-27,41.68000030517578,42.130001068115234,41.59000015258789,41.709999084472656,39.87295150756836,1110500,0.0,0.0
2023-12-28,42.290000915527344,42.619998931884766,42.0099983215332,42.279998779296875,40.417842864990234,1684900,0.0,0.0
2023-12-29,42.119998931884766,42.59000015258789,42.08000183105469,42.43000030517578,40.56124496459961,2057200,0.0,0.0
2024-01-02,41.849998474121094,42.650001525878906,41.619998931884766,42.439998626708984,40.570796966552734,2507900,0.0,0.0
2024-01-03,42.310001373291016,43.310001373291016,42.279998779296875,42.95000076293945,41.0583381652832,2414900,0.0,0.0
2024-01-04,41.970001220703125,42.959999084472656,41.790000915527344,42.11000061035156,40.25533676147461,3059800,0.0,0.0
2024-01-05,41.0,41.0099983215332,39.63999938964844,40.93000030517578,39.1273078918457,9222000,0.0,0.0
2024-01-08,40.45000076293945,40.72999954223633,39.40999984741211,40.400001525878906,38.62064743041992,4737100,0.0,0.0
2024-01-09,39.79999923706055,39.83000183105469,38.97999954223633,39.15999984741211,37.43526077270508,3995200,0.0,0.0
2024-01-10,38.9900016784668,38.9900016784668,37.959999084472656,38.38999938964844,36.69917678833008,6904900,0.0,0.0
2024-01-11,38.709999084472656,38.77000045776367,37.41999816894531,38.11000061035156,36.43151092529297,3458900,0.0,0.0
2024-01-12,38.0,38.36000061035156,37.220001220703125,37.47999954223633,35.82925796508789,3313700,0.0,0.0
2024-01-16,36.720001220703125,36.790000915527344,35.810001373291016,36.130001068115234,34.538719177246094,5881700,0.0,0.0
2024-01-17,34.790000915527344,35.29999923706055,34.70500183105469,34.93000030517578,33.391571044921875,4683700,0.0,0.0
2024-01-18,35.599998474121094,36.130001068115234,35.310001373291016,35.65999984741211,34.089412689208984,3344700,0.0,0.0
2024-01-19,35.36000061035156,35.36000061035156,34.77000045776367,35.25,33.697471618652344,3421600,0.0,0.0
2024-01-22,33.86000061035156,35.0,33.54999923706055,34.45000076293945,32.932708740234375,3309000,0.0,0.0
2024-01-23,35.709999084472656,36.26499938964844,35.31999969482422,35.959999084472656,34.37620162963867,4892000,0.0,0.0
2024-01-24,37.02000045776367,38.36000061035156,36.959999084472656,37.09000015258789,35.4564323425293,5037600,0.0,0.0
2024-01-25,37.099998474121094,37.20000076293945,35.43000030517578,35.63999938964844,34.0703010559082,3055300,0.0,0.0
2024-01-26,35.5099983215332,35.849998474121094,35.130001068115234,35.5,33.93647003173828,3019000,0.0,0.0
2024-01-29,35.709999084472656,36.18000030517578,35.154998779296875,36.119998931884766,34.529151916503906,2829700,0.0,0.0
2024-01-30,35.400001525878906,35.709999084472656,34.95000076293945,35.119998931884766,33.57320022583008,2783200,0.0,0.0
2024-01-31,34.630001068115234,35.279998779296875,33.880001068115234,34.59000015258789,33.06654357910156,4398500,0.0,0.0
2024-02-01,35.25,35.810001373291016,35.16999816894531,35.470001220703125,33.90778732299805,3040800,0.0,0.0
2024-02-02,35.0,35.380001068115234,34.7400016784668,35.2400016784668,33.68791198730469,4041400,0.0,0.0
2024-02-05,35.099998474121094,35.9900016784668,34.810001373291016,35.93000030517578,34.34751892089844,4752000,0.0,0.0
2024-02-06,36.7599983215332,38.0,36.68000030517578,37.439998626708984,35.791019439697266,5479200,0.0,0.0
2024-02-07,42.29999923706055,42.400001525878906,39.619998931884766,40.38999938964844,38.61109161376953,8714000,0.0,0.0
2024-02-08,40.040000915527344,40.119998931884766,39.5,39.650001525878906,37.903682708740234,3748200,0.0,0.0
2024-02-09,39.45000076293945,40.404998779296875,39.45000076293945,40.310001373291016,38.53461456298828,2496500,0.0,0.0
2024-02-12,40.25,41.59000015258789,40.20000076293945,41.099998474121094,39.289817810058594,3108700,0.0,0.0
2024-02-13,40.43000030517578,41.150001525878906,39.4900016784668,39.709999084472656,37.961036682128906,2533200,0.0,0.0
2024-02-14,40.0,40.68000030517578,40.0,40.380001068115234,38.60152816772461,2536200,0.0,0.0
2024-02-15,40.290000915527344,41.400001525878906,40.20000076293945,40.849998474121094,39.05083084106445,3244900,0.0,0.0
2024-02-16,41.54999923706055,41.900001525878906,41.2400016784668,41.34000015258789,39.51925277709961,4469300,0.0,0.0
2024-02-20,41.08000183105469,41.529998779296875,40.88999938964844,41.0099983215332,39.20378112792969,3214900,0.0,0.0
2024-02-21,41.5,41.790000915527344,41.119998931884766,41.599998474121094,39.767791748046875,4119000,0.0,0.0
2024-02-22,41.900001525878906,42.290000915527344,41.06100082397461,41.7599983215332,39.920753479003906,2947300,0.0,0.0
2024-02-23,41.900001525878906,42.25,41.7400016784668,42.15999984741211,40.303138732910156,3651300,0.0,0.0
2024-02-26,42.099998474121094,42.439998626708984,41.77000045776367,42.0,40.150177001953125,3199600,0.0,0.0
2024-02-27,42.630001068115234,43.400001525878906,42.5099983215332,42.52000045776367,40.647281646728516,3609500,0.0,0.0
2024-02-28,42.5,43.939998626708984,42.29999923706055,43.75,41.82310485839844,6379400,0.0,0.0
2024-02-29,44.0,44.2400016784668,42.810001373291016,42.88999938964844,41.0009765625,5247800,0.0,0.0
2024-03-01,43.310001373291016,44.0099983215332,42.7400016784668,42.95000076293945,41.0583381652832,2569500,0.0,0.0
2024-03-04,42.34000015258789,42.638999938964844,41.5,41.849998474121094,40.1563835144043,2977300,0.16,0.0
2024-03-05,41.400001525878906,41.79999923706055,41.040000915527344,41.11000061035156,39.44633865356445,2944200,0.0,0.0
2024-03-06,42.060001373291016,42.790000915527344,41.584999084472656,41.720001220703125,40.031646728515625,4908200,0.0,0.0
2024-03-07,41.20000076293945,41.75,40.775001525878906,41.099998474121094,39.436729431152344,3559800,0.0,0.0
2024-03-08,41.16999816894531,41.720001220703125,41.1150016784668,41.25,39.580665588378906,2155100,0.0,0.0
2024-03-11,41.31999969482422,42.025001525878906,41.310001373291016,41.81999969482422,40.127593994140625,2866000,0.0,0.0
2024-03-12,42.439998626708984,43.84000015258789,42.439998626708984,43.09000015258789,41.34619903564453,5226100,0.0,0.0
2024-03-13,43.209999084472656,43.77000045776367,42.66999816894531,42.68000030517578,40.952789306640625,3628500,0.0,0.0
2024-03-14,42.77000045776367,42.959999084472656,41.900001525878906,42.220001220703125,40.511409759521484,3697200,0.0,0.0
2024-03-15,42.59000015258789,43.45000076293945,41.810001373291016,41.95000076293945,40.25233840942383,4329300,0.0,0.0
2024-03-18,42.22999954223633,42.4900016784668,40.96200180053711,41.20000076293945,39.53268814086914,2134700,0.0,0.0
2024-03-19,40.0,40.380001068115234,37.43000030517578,38.099998474121094,36.558135986328125,6518700,0.0,0.0
2024-03-20,38.400001525878906,39.66999816894531,38.400001525878906,39.63999938964844,38.03582000732422,3852100,0.0,0.0
2024-03-21,39.83000183105469,39.9900016784668,38.58000183105469,39.0,37.42171859741211,3369600,0.0,0.0
2024-03-22,38.459999084472656,38.459999084472656,37.650001525878906,37.880001068115234,36.347042083740234,1940200,0.0,0.0
2024-03-25,38.5099983215332,38.81999969482422,37.939998626708984,38.58000183105469,37.018714904785156,2555700,0.0,0.0
2024-03-26,38.7599983215332,39.16999816894531,38.2599983215332,39.040000915527344,37.46010208129883,1914900,0.0,0.0
2024-03-27,39.16999816894531,39.369998931884766,38.58000183105469,38.959999084472656,37.38333511352539,2275200,0.0,0.0
2024-03-28,39.27000045776367,40.099998474121094,39.02000045776367,39.790000915527344,38.17974853515625,2292900,0.0,0.0
2024-04-01,40.13999938964844,40.52000045776367,39.96500015258789,40.189998626708984,38.56355667114258,1449000,0.0,0.0
2024-04-02,40.08000183105469,40.79499816894531,39.4900016784668,39.88999938964844,38.275699615478516,2111300,0.0,0.0
2024-04-03,39.5,39.61000061035156,39.209999084472656,39.45000076293945,37.85350799560547,2214100,0.0,0.0
2024-04-04,39.900001525878906,39.95000076293945,39.31999969482422,39.439998626708984,37.843910217285156,1471200,0.0,0.0
2024-04-05,39.25,39.25,38.43000030517578,38.66999816894531,37.10506820678711,2421500,0.0,0.0
2024-04-08,38.7400016784668,38.970001220703125,37.9900016784668,38.369998931884766,36.81721115112305,2338900,0.0,0.0
2024-04-09,38.7400016784668,39.18000030517578,38.654998779296875,39.13999938964844,37.556053161621094,1497600,0.0,0.0
2024-04-10,38.95000076293945,39.310001373291016,38.3849983215332,38.61000061035156,37.04750061035156,2091700,0.0,0.0
2024-04-11,39.02000045776367,39.28200149536133,38.380001068115234,38.599998474121094,37.03790283203125,1305800,0.0,0.0
2024-04-12,38.150001525878906,38.31999969482422,37.34000015258789,37.34000015258789,35.828895568847656,2000800,0.0,0.0
2024-04-15,37.79999923706055,38.04999923706055,37.3849983215332,37.72999954223633,36.20310974121094,2604300,0.0,0.0
2024-04-16,37.099998474121094,37.459999084472656,36.52000045776367,36.95000076293945,35.45468521118164,2567400,0.0,0.0
2024-04-17,37.11000061035156,37.31999969482422,36.71500015258789,36.880001068115234,35.387516021728516,2208800,0.0,0.0
2024-04-18,37.25,37.25,36.58000183105469,37.220001220703125,35.71376037597656,2828100,0.0,0.0
2024-04-19,37.029998779296875,37.36000061035156,36.64500045776367,37.099998474121094,35.598602294921875,3051800,0.0,0.0
2024-04-22,37.400001525878906,37.4900016784668,36.790000915527344,37.22999954223633,35.72334671020508,2404800,0.0,0.0
2024-04-23,37.41999816894531,38.540000915527344,37.41999816894531,38.36000061035156,36.807621002197266,2712600,0.0,0.0
2024-04-24,38.4900016784668,38.849998474121094,38.209999084472656,38.79999923706055,37.22980880737305,4016500,0.0,0.0
2024-04-25,38.58000183105469,39.13999938964844,38.380001068115234,39.040000915527344,37.46010208129883,2372000,0.0,0.0
2024-04-26,39.63999938964844,40.415000915527344,39.63999938964844,39.650001525878906,38.045413970947266,3040500,0.0,0.0
2024-04-29,39.810001373291016,40.310001373291016,39.709999084472656,40.040000915527344,38.41963195800781,3748800,0.0,0.0
2024-04-30,37.439998626708984,37.779998779296875,36.08000183105469,36.5099983215332,35.03248596191406,6119500,0.0,0.0
2024-05-01,36.810001373291016,37.375,35.91999816894531,35.91999816894531,34.46636199951172,4808100,0.0,0.0
2024-05-02,36.880001068115234,37.810001373291016,36.40999984741211,37.36000061035156,35.848087310791016,5252400,0.0,0.0
2024-05-03,38.02000045776367,38.560001373291016,37.95000076293945,38.40999984741211,36.855594635009766,2641900,0.0,0.0
2024-05-06,38.209999084472656,38.358001708984375,37.31999969482422,37.689998626708984,36.164737701416016,2035900,0.0,0.0
2024-05-07,37.41999816894531,37.720001220703125,37.060001373291016,37.29999923706055,35.79051208496094,2087000,0.0,0.0
2024-05-08,36.900001525878906,37.51499938964844,36.83000183105469,37.279998779296875,35.771324157714844,1528400,0.0,0.0
2024-05-09,37.709999084472656,38.099998474121094,37.43000030517578,38.09000015258789,36.548545837402344,1759100,0.0,0.0
2024-05-10,38.13999938964844,38.279998779296875,37.564998626708984,37.84000015258789,36.30866241455078,2258200,0.0,0.0
2024-05-13,38.27000045776367,39.08000183105469,37.9900016784668,38.88999938964844,37.316165924072266,3583200,0.0,0.0
2024-05-14,38.630001068115234,39.29999923706055,38.47999954223633,39.25,37.66160202026367,2366900,0.0,0.0
2024-05-15,39.529998779296875,39.59000015258789,38.79499816894531,38.83000183105469,37.25859832763672,2465700,0.0,0.0
2024-05-16,39.130001068115234,39.5099983215332,39.0,39.13999938964844,37.556053161621094,1824700,0.0,0.0
2024-05-17,39.16999816894531,39.44900131225586,38.869998931884766,39.20000076293945,37.61362838745117,2008400,0.0,0.0
2024-05-20,39.0,39.279998779296875,38.70000076293945,38.81999969482422,37.249000549316406,2805000,0.0,0.0
2024-05-21,38.13999938964844,38.959999084472656,38.130001068115234,38.29999923706055,36.75004196166992,2723100,0.0,0.0
2024-05-22,37.849998474121094,37.939998626708984,37.13999938964844,37.13999938964844,35.636993408203125,2935700,0.0,0.0
2024-05-23,36.40999984741211,36.6150016784668,35.150001525878906,35.38999938964844,33.95780944824219,5381100,0.0,0.0
2024-05-24,35.4900016784668,36.189998626708984,35.470001220703125,35.7400016784668,34.44940185546875,2821400,0.16,0.0
2024-05-28,35.70000076293945,35.83000183105469,35.15999984741211,35.779998779296875,34.487945556640625,2565600,0.0,0.0
2024-05-29,35.22999954223633,35.34000015258789,34.689998626708984,34.849998474121094,33.591529846191406,2229900,0.0,0.0
2024-05-30,35.0,35.4900016784668,34.93000030517578,35.470001220703125,34.189151763916016,2056100,0.0,0.0
2024-05-31,35.119998931884766,35.79999923706055,34.97999954223633,35.7599983215332,34.46866989135742,7581000,0.0,0.0
2024-06-03,36.33000183105469,36.33000183105469,35.35499954223633,35.630001068115234,34.34336853027344,1981900,0.0,0.0
2024-06-04,35.650001525878906,35.90999984741211,35.14500045776367,35.599998474121094,34.314449310302734,2777800,0.0,0.0
2024-06-05,36.099998474121094,36.369998931884766,35.77000045776367,36.060001373291016,34.757843017578125,2017300,0.0,0.0
2024-06-06,35.560001373291016,35.7599983215332,35.06999969482422,35.599998474121094,34.314449310302734,1945700,0.0,0.0
2024-06-07,35.099998474121094,35.79999923706055,35.040000915527344,35.18000030517578,33.90961456298828,1730800,0.0,0.0
2024-06-10,35.15999984741211,35.26499938964844,34.58000183105469,34.70000076293945,33.44694900512695,1476900,0.0,0.0
2024-06-11,34.27000045776367,34.35499954223633,34.04499816894531,34.29999923706055,33.06139373779297,2265200,0.0,0.0
2024-06-12,34.38999938964844,34.39500045776367,33.65999984741211,34.0,32.7722282409668,2636200,0.0,0.0
2024-06-13,34.27000045776367,34.814998626708984,34.18000030517578,34.72999954223633,33.47586441040039,1991500,0.0,0.0
2024-06-14,34.400001525878906,34.400001525878906,33.75,33.90999984741211,32.68547821044922,2274600,0.0,0.0
2024-06-17,33.959999084472656,34.06999969482422,33.189998626708984,33.70000076293945,32.483062744140625,1754500,0.0,0.0
2024-06-18,33.45000076293945,33.52000045776367,32.27000045776367,33.0,31.808338165283203,4006300,0.0,0.0
2024-06-20,32.56999969482422,32.56999969482422,32.0099983215332,32.31999969482422,31.152894973754883,4184600,0.0,0.0
2024-06-21,32.209999084472656,32.349998474121094,31.950000762939453,32.25,31.085420608520508,3080400,0.0,0.0
2024-06-24,32.290000915527344,32.779998779296875,32.125,32.15999984741211,30.99867057800293,2627700,0.0,0.0
2024-06-25,32.02000045776367,32.130001068115234,31.510000228881836,31.649999618530273,30.507083892822266,2683600,0.0,0.0
2024-06-26,31.5,31.649999618530273,31.1200008392334,31.5,30.362504959106445,2528800,0.0,0.0
2024-06-27,31.31999969482422,31.360000610351562,30.950000762939453,31.31999969482422,30.189002990722656,1931000,0.0,0.0
2024-06-28,31.3799991607666,31.3799991607666,30.760000228881836,30.84000015258789,29.726335525512695,1890100,0.0,0.0
2024-07-01,31.299999237060547,31.610000610351562,30.454999923706055,30.540000915527344,29.437170028686523,2324300,0.0,0.0
2024-07-02,30.639999389648438,30.959999084472656,30.31999969482422,30.43000030517578,29.33114242553711,1577400,0.0,0.0
2024-07-03,30.56999969482422,31.434999465942383,30.559999465942383,31.329999923706055,30.19864273071289,1420100,0.0,0.0
2024-07-05,31.079999923706055,31.408000946044922,30.899999618530273,31.049999237060547,29.928754806518555,1687300,0.0,0.0
2024-07-08,31.1200008392334,31.139999389648438,30.399999618530273,30.450000762939453,29.35042381286621,2178700,0.0,0.0
2024-07-09,30.280000686645508,30.600000381469727,30.273000717163086,30.43000030517578,29.33114242553711,1803000,0.0,0.0
2024-07-10,30.399999618530273,31.059999465942383,30.309999465942383,30.479999542236328,29.379337310791016,2628900,0.0,0.0
2024-07-11,31.5,32.400001525878906,31.5,31.75,30.60347557067871,3032000,0.0,0.0
2024-07-12,32.25,32.47999954223633,32.02000045776367,32.119998931884766,30.960115432739258,1713600,0.0,0.0
2024-07-15,31.700000762939453,32.36000061035156,31.360000610351562,31.459999084472656,30.323949813842773,2211600,0.0,0.0
2024-07-16,31.25,31.670000076293945,31.040000915527344,31.450000762939453,30.314308166503906,4226700,0.0,0.0
2024-07-17,31.31999969482422,31.690000534057617,30.875,31.229999542236328,30.102252960205078,2909500,0.0,0.0
2024-07-18,30.81999969482422,31.139999389648438,30.59000015258789,30.6200008392334,29.514284133911133,2014200,0.0,0.0
2024-07-19,30.149999618530273,30.5,29.968000411987305,30.31999969482422,29.225112915039062,2608800,0.0,0.0
2024-07-22,30.739999771118164,31.06999969482422,30.31999969482422,30.709999084472656,29.60103416442871,2460700,0.0,0.0
2024-07-23,30.18000030517578,30.584999084472656,29.850000381469727,29.8799991607666,28.80100440979004,2405200,0.0,0.0
2024-07-24,29.860000610351562,29.8700008392334,29.024999618530273,29.350000381469727,28.290145874023438,3015100,0.0,0.0
2024-07-25,29.3700008392334,29.700000762939453,29.219999313354492,29.239999771118164,28.184118270874023,3015400,0.0,0.0
2024-07-26,29.469999313354492,30.190000534057617,29.420000076293945,30.010000228881836,28.926311492919922,2161200,0.0,0.0
2024-07-29,29.8799991607666,30.25,29.850000381469727,30.110000610351562,29.0226993560791,1940900,0.0,0.0
2024-07-30,29.889999389648438,30.055999755859375,29.719999313354492,30.030000686645508,28.945587158203125,2518700,0.0,0.0
2024-07-31,30.700000762939453,30.8700008392334,30.190000534057617,30.239999771118164,29.14800453186035,1564800,0.0,0.0
2024-08-01,30.270000457763672,30.350000381469727,29.68000030517578,30.049999237060547,28.96486473083496,2506600,0.0,0.0
2024-08-02,29.829999923706055,30.0,29.260000228881836,29.530000686645508,28.46364402770996,2937700,0.0,0.0
2024-08-05,28.649999618530273,29.920000076293945,28.5,29.799999237060547,28.72389030456543,3893700,0.0,0.0
2024-08-06,32.41999816894531,33.75,32.0,33.369998931884766,32.16497802734375,9137500,0.0,0.0
2024-08-07,33.56999969482422,34.619998931884766,33.41999816894531,33.86000061035156,32.63728332519531,5848600,0.0,0.0
2024-08-08,34.16999816894531,34.349998474121094,33.5,34.130001068115234,32.89753341674805,2178600,0.0,0.0
2024-08-09,33.97999954223633,34.04999923706055,33.220001220703125,33.65999984741211,32.44450378417969,1916800,0.0,0.0
2024-08-12,33.7400016784668,33.974998474121094,32.90999984741211,32.9900016784668,31.7987003326416,1905800,0.0,0.0
2024-08-13,32.75,33.599998474121094,32.66999816894531,33.310001373291016,32.10714340209961,4058100,0.0,0.0
2024-08-14,33.900001525878906,34.02000045776367,32.93000030517578,33.20000076293945,32.00111770629883,1704500,0.0,0.0
2024-08-15,33.65999984741211,34.334999084472656,33.64500045776367,34.279998779296875,33.0421142578125,2648100,0.0,0.0
2024-08-16,34.38999938964844,34.59000015258789,33.310001373291016,33.54999923706055,32.338478088378906,4005800,0.0,0.0
2024-08-19,33.54999923706055,34.65999984741211,33.54999923706055,33.81999969482422,32.598724365234375,2961900,0.0,0.0
2024-08-20,33.56999969482422,33.970001220703125,33.11000061035156,33.13999938964844,31.943283081054688,2789200,0.0,0.0
2024-08-21,33.33000183105469,34.1879997253418,32.97999954223633,33.88999938964844,32.666202545166016,1981100,0.0,0.0
2024-08-22,34.0,34.31999969482422,33.720001220703125,33.77000045776367,32.550537109375,1476500,0.0,0.0
2024-08-23,33.90999984741211,34.13999938964844,33.290000915527344,33.369998931884766,32.16497802734375,1607000,0.0,0.0
2024-08-26,33.619998931884766,34.29999923706055,33.5,33.56999969482422,32.35775375366211,1999600,0.0,0.0
2024-08-27,34.220001220703125,34.54999923706055,33.400001525878906,33.4900016784668,32.43523406982422,2553100,0.16,0.0
2024-08-28,33.20000076293945,33.54999923706055,32.849998474121094,33.16999816894531,32.12531280517578,1999800,0.0,0.0
2024-08-29,33.619998931884766,33.9900016784668,33.45500183105469,33.470001220703125,32.41586685180664,2148300,0.0,0.0
2024-08-30,34.099998474121094,34.41999816894531,33.720001220703125,33.810001373291016,32.745155334472656,3181200,0.0,0.0
2024-09-03,34.0,34.540000915527344,33.65999984741211,33.849998474121094,32.783897399902344,1880100,0.0,0.0
2024-09-04,33.849998474121094,34.14500045776367,33.33000183105469,33.65999984741211,32.59988021850586,2074300,0.0,0.0
2024-09-05,33.939998626708984,34.638999938964844,33.939998626708984,34.209999084472656,33.1325569152832,2811000,0.0,0.0
2024-09-06,33.970001220703125,34.06999969482422,33.5,33.779998779296875,32.716094970703125,1712600,0.0,0.0
2024-09-09,34.310001373291016,34.709999084472656,33.97999954223633,34.060001373291016,32.987281799316406,2855600,0.0,0.0
2024-09-10,34.09000015258789,34.375,33.849998474121094,33.9900016784668,32.91948699951172,1894100,0.0,0.0
2024-09-11,34.189998626708984,34.40999984741211,33.7400016784668,34.040000915527344,32.967918395996094,3237400,0.0,0.0
2024-09-12,34.0,34.5,33.61000061035156,34.380001068115234,33.29720687866211,5831700,0.0,0.0
2024-09-13,34.54999923706055,34.90999984741211,34.36000061035156,34.900001525878906,33.80082702636719,2709800,0.0,0.0
2024-09-16,34.97999954223633,35.25,34.13999938964844,34.529998779296875,33.44247817993164,3721700,0.0,0.0
2024-09-17,34.959999084472656,35.099998474121094,34.45000076293945,34.900001525878906,33.80082702636719,3102100,0.0,0.0
2024-09-18,35.150001525878906,35.18000030517578,34.70000076293945,34.81999969482422,33.723350524902344,1583100,0.0,0.0
2024-09-19,35.630001068115234,36.09000015258789,35.33000183105469,35.43000030517578,34.31413650512695,2667000,0.0,0.0
2024-09-20,35.36000061035156,35.650001525878906,35.150001525878906,35.529998779296875,34.410980224609375,4251800,0.0,0.0
2024-09-23,35.9900016784668,36.494998931884766,35.900001525878906,36.349998474121094,35.20515823364258,2097000,0.0,0.0
2024-09-24,38.279998779296875,39.20000076293945,38.16999816894531,38.970001220703125,37.74264144897461,6565300,0.0,0.0
2024-09-25,38.279998779296875,38.84700012207031,38.08000183105469,38.189998626708984,36.98720932006836,3237400,0.0,0.0
2024-09-26,43.34000015258789,46.0,43.0,43.86000061035156,42.478633880615234,12289700,0.0,0.0
2024-09-27,44.27000045776367,45.5,43.91999816894531,45.349998474121094,43.92170715332031,7535500,0.0,0.0
2024-09-30,47.15999984741211,47.970001220703125,45.0099983215332,45.02000045776367,43.60210037231445,10086600,0.0,0.0
2024-10-01,45.0099983215332,47.5099983215332,44.7599983215332,47.349998474121094,45.85871505737305,4452000,0.0,0.0
2024-10-02,48.61000061035156,51.189998626708984,48.61000061035156,51.0099983215332,49.4034423828125,9345300,0.0,0.0
2024-10-03,49.38999938964844,50.540000915527344,48.869998931884766,49.2400016784668,47.68919372558594,7424800,0.0,0.0
2024-10-04,49.599998474121094,50.5,49.5,50.40999984741211,48.82234191894531,4884300,0.0,0.0
2024-10-07,51.279998779296875,51.680999755859375,49.04999923706055,50.08000183105469,48.50273895263672,4244200,0.0,0.0
2024-10-08,46.720001220703125,47.59000015258789,46.400001525878906,47.09000015258789,45.606903076171875,5451600,0.0,0.0
2024-10-09,45.880001068115234,46.880001068115234,45.310001373291016,46.540000915527344,45.07422637939453,2937300,0.0,0.0
2024-10-10,47.150001525878906,48.09000015258789,46.9900016784668,47.29999923706055,45.8102912902832,2934400,0.0,0.0
2024-10-11,46.41999816894531,47.849998474121094,46.36000061035156,47.4900016784668,45.99430465698242,1543800,0.0,0.0
2024-10-14,46.38999938964844,47.54999923706055,46.189998626708984,46.83000183105469,45.355098724365234,1950600,0.0,0.0
2024-10-15,45.61000061035156,45.720001220703125,43.86000061035156,44.189998626708984,42.79823684692383,4872000,0.0,0.0
2024-10-16,44.45000076293945,44.61000061035156,43.834999084472656,44.06999969482422,42.6820182800293,4444100,0.0,0.0
2024-10-17,43.45000076293945,43.90999984741211,43.060001373291016,43.369998931884766,42.004066467285156,3567100,0.0,0.0
2024-10-18,44.70000076293945,44.9900016784668,43.584999084472656,43.83000183105469,42.449581146240234,3132000,0.0,0.0
2024-10-21,43.70000076293945,43.84000015258789,43.310001373291016,43.54999923706055,42.17839813232422,2372700,0.0,0.0
2024-10-22,43.720001220703125,44.154998779296875,43.619998931884766,43.619998931884766,42.24618911743164,1929900,0.0,0.0
2024-10-23,43.650001525878906,44.05500030517578,43.402000427246094,43.88999938964844,42.507686614990234,3062700,0.0,0.0
2024-10-24,43.88999938964844,44.15999984741211,43.310001373291016,43.5099983215332,42.139652252197266,1089600,0.0,0.0
2024-10-25,43.81999969482422,44.44499969482422,43.599998474121094,43.630001068115234,42.25587844848633,3246100,0.0,0.0
2024-10-28,44.4900016784668,45.130001068115234,44.18000030517578,44.70000076293945,43.292179107666016,4894700,0.0,0.0
2024-10-29,44.7400016784668,45.150001525878906,44.47999954223633,44.4900016784668,43.08879470825195,2467400,0.0,0.0
2024-10-30,44.0,44.900001525878906,44.0,44.70000076293945,43.292179107666016,2308000,0.0,0.0
2024-10-31,44.88999938964844,45.22999954223633,44.11000061035156,44.11000061035156,42.72076416015625,3372200,0.0,0.0
2024-11-01,44.54999923706055,45.400001525878906,44.51499938964844,45.06999969482422,43.6505241394043,2833700,0.0,0.0
2024-11-04,49.810001373291016,50.099998474121094,48.29999923706055,48.29999923706055,46.7787971496582,4790400,0.0,0.0
2024-11-05,48.77000045776367,49.220001220703125,47.70000076293945,48.34000015258789,46.81753921508789,2995200,0.0,0.0
2024-11-06,48.560001373291016,50.029998779296875,48.22200012207031,49.83000183105469,48.26061248779297,3999300,0.0,0.0
2024-11-07,50.95000076293945,52.0,50.880001068115234,51.459999084472656,49.83927536010742,5019100,0.0,0.0
2024-11-08,50.189998626708984,50.43000030517578,49.290000915527344,49.310001373291016,47.756988525390625,2433100,0.0,0.0
2024-11-11,50.0,50.02000045776367,49.05500030517578,49.22999954223633,47.679500579833984,2734100,0.0,0.0
2024-11-12,48.25,48.400001525878906,47.560001373291016,47.88999938964844,46.381710052490234,2846400,0.0,0.0
2024-11-13,48.09000015258789,48.150001525878906,46.93000030517578,47.5099983215332,46.013675689697266,1924000,0.0,0.0
2024-11-14,46.7599983215332,47.470001220703125,46.72999954223633,47.22999954223633,45.742496490478516,1991600,0.0,0.0
2024-11-15,47.540000915527344,48.22999954223633,47.09000015258789,47.209999084472656,45.72312545776367,2767700,0.0,0.0
2024-11-18,47.470001220703125,47.83000183105469,47.279998779296875,47.65999984741211,46.15895462036133,1254300,0.0,0.0
2024-11-19,47.18000030517578,47.52000045776367,46.81999969482422,47.41999816894531,45.926513671875,1404900,0.0,0.0
2024-11-20,47.529998779296875,47.6150016784668,47.040000915527344,47.380001068115234,45.88776397705078,1240900,0.0,0.0
2024-11-21,47.02000045776367,47.31999969482422,46.58000183105469,47.09000015258789,45.606903076171875,2139200,0.0,0.0
2024-11-22,46.4900016784668,47.310001373291016,46.47999954223633,47.06999969482422,45.58753204345703,1987200,0.0,0.0
2024-11-25,47.279998779296875,47.720001220703125,47.220001220703125,47.58000183105469,46.08147048950195,3830300,0.0,0.0
2024-11-26,47.720001220703125,47.75,45.34000015258789,45.47999954223633,44.19623565673828,2448400,0.16,0.0
2024-11-27,46.560001373291016,47.25,46.29499816894531,46.779998779296875,45.45953369140625,1648600,0.0,0.0
2024-11-29,46.18000030517578,46.63999938964844,46.06999969482422,46.54999923706055,45.23603057861328,1306700,0.0,0.0
2024-12-02,46.22999954223633,46.650001525878906,46.060001373291016,46.61000061035156,45.294334411621094,1495700,0.0,0.0
2024-12-03,47.0099983215332,47.33000183105469,46.77000045776367,47.130001068115234,45.799659729003906,3744500,0.0,0.0
2024-12-04,47.130001068115234,47.400001525878906,46.66400146484375,47.11000061035156,45.78022384643555,1199300,0.0,0.0
2024-12-05,47.36000061035156,48.130001068115234,47.297000885009766,48.0,46.645103454589844,2898800,0.0,0.0
2024-12-06,48.709999084472656,49.41999816894531,48.525001525878906,48.529998779296875,47.16013717651367,2727900,0.0,0.0
2024-12-09,50.91999816894531,51.439998626708984,50.56999969482422,51.0,49.56041717529297,3949700,0.0,0.0
2024-12-10,49.5099983215332,50.02000045776367,48.7599983215332,49.06999969482422,47.68490219116211,1947300,0.0,0.0
2024-12-11,48.959999084472656,49.599998474121094,48.720001220703125,49.45000076293945,48.05417251586914,1947100,0.0,0.0
2024-12-12,49.560001373291016,50.88999938964844,49.54999923706055,49.97999954223633,48.569210052490234,1597300,0.0,0.0
2024-12-13,49.5,49.68000030517578,49.209999084472656,49.560001373291016,48.16107177734375,2495000,0.0,0.0
2024-12-16,48.72999954223633,49.20000076293945,48.709999084472656,48.83000183105469,47.45167541503906,2473200,0.0,0.0
2024-12-17,48.72999954223633,49.779998779296875,48.27000045776367,49.68000030517578,48.27767562866211,2294900,0.0,0.0
2024-12-18,49.5099983215332,49.67499923706055,48.51499938964844,48.709999084472656,47.335060119628906,2345900,0.0,0.0
2024-12-19,48.93000030517578,49.20500183105469,48.65999984741211,48.970001220703125,47.58772277832031,2303600,0.0,0.0
2024-12-20,48.650001525878906,48.68000030517578,47.869998931884766,48.58000183105469,47.20873260498047,2855600,0.0,0.0
2024-12-23,48.400001525878906,48.65999984741211,47.790000915527344,48.65999984741211,47.28647232055664,2569700,0.0,0.0
2024-12-24,48.72999954223633,50.5,48.599998474121094,50.41999816894531,48.99679183959961,1691100,0.0,0.0
2024-12-26,50.43000030517578,50.45000076293945,49.59000015258789,49.790000915527344,48.384578704833984,1749400,0.0,0.0
2024-12-27,49.290000915527344,49.560001373291016,48.970001220703125,49.099998474121094,47.714046478271484,992300,0.0,0.0
2024-12-30,48.380001068115234,48.439998626708984,47.93000030517578,47.9900016784668,46.63538360595703,1200900,0.0,0.0
2024-12-31,48.08000183105469,48.64500045776367,47.95000076293945,48.16999816894531,46.810298919677734,808200,0.0,0.0
2025-01-02,47.779998779296875,47.95000076293945,46.380001068115234,46.59000015258789,45.27490234375,1886700,0.0,0.0
2025-01-03,45.0099983215332,45.34000015258789,44.25,44.61000061035156,43.35078811645508,2918500,0.0,0.0
2025-01-06,44.83000183105469,45.18000030517578,44.470001220703125,44.95000076293945,43.68119812011719,3266800,0.0,0.0
2025-01-07,45.31999969482422,45.619998931884766,44.599998474121094,44.810001373291016,43.54514694213867,1783800,0.0,0.0
2025-01-08,43.81999969482422,44.150001525878906,43.400001525878906,43.58000183105469,42.3498649597168,2763700,0.0,0.0
2025-01-10,42.529998779296875,42.75,41.779998779296875,42.29999923706055,41.105995178222656,2636800,0.0,0.0
2025-01-13,42.29999923706055,43.47999954223633,42.22999954223633,43.130001068115234,41.91257095336914,1974900,0.0,0.0
2025-01-14,43.939998626708984,44.4900016784668,43.38999938964844,43.45000076293945,42.223533630371094,1558000,0.0,0.0
2025-01-15,44.08000183105469,44.31999969482422,43.40999984741211,43.439998626708984,42.21381759643555,1213700,0.0,0.0
2025-01-16,43.459999084472656,43.584999084472656,42.75,43.209999084472656,41.99030685424805,1488700,0.0,0.0
2025-01-17,43.16999816894531,44.72999954223633,43.16999816894531,44.650001525878906,43.3896598815918,2342000,0.0,0.0
2025-01-21,45.040000915527344,45.20000076293945,44.349998474121094,44.9900016784668,43.72006607055664,2091400,0.0,0.0
2025-01-22,44.849998474121094,45.255001068115234,44.25,44.900001525878906,43.63260269165039,2116400,0.0,0.0
2025-01-23,44.65999984741211,44.97999954223633,44.209999084472656,44.65999984741211,43.39937973022461,1803800,0.0,0.0
2025-01-24,44.95000076293945,46.279998779296875,44.68000030517578,45.970001220703125,44.67240524291992,2681700,0.0,0.0
2025-01-27,45.7400016784668,45.939998626708984,44.97999954223633,45.2400016784668,43.963008880615234,2052600,0.0,0.0
2025-01-28,45.2400016784668,45.65999984741211,44.78499984741211,45.65999984741211,44.371150970458984,2600100,0.0,0.0
2025-01-29,46.09000015258789,46.11000061035156,45.4900016784668,45.4900016784668,44.20595169067383,1198800,0.0,0.0
2025-01-30,45.849998474121094,47.60499954223633,45.64500045776367,47.59000015258789,46.24667739868164,1503800,0.0,0.0
2025-01-31,47.06999969482422,47.38999938964844,46.119998931884766,46.25,44.944496154785156,1778600,0.0,0.0
2025-02-03,44.880001068115234,46.03499984741211,44.04999923706055,44.9900016784668,43.72006607055664,2750900,0.0,0.0
2025-02-04,45.88999938964844,46.34000015258789,45.45500183105469,45.7599983215332,44.468326568603516,2438000,0.0,0.0
2025-02-05,45.02000045776367,45.900001525878906,44.709999084472656,45.52000045776367,44.235103607177734,2682900,0.0,0.0
2025-02-06,48.9900016784668,50.04999923706055,48.15999984741211,49.650001525878906,48.248531341552734,3285700,0.0,0.0
2025-02-07,49.290000915527344,49.54999923706055,47.84000015258789,48.439998626708984,47.07268142700195,4241600,0.0,0.0
2025-02-10,48.5,49.08000183105469,47.709999084472656,48.06999969482422,46.71312713623047,3615200,0.0,0.0
2025-02-11,47.7400016784668,48.45000076293945,47.380001068115234,47.470001220703125,46.130062103271484,3030100,0.0,0.0
2025-02-12,47.779998779296875,48.5099983215332,47.630001068115234,48.369998931884766,47.00465393066406,1975200,0.0,0.0
2025-02-13,47.88999938964844,48.31999969482422,47.0,48.31999969482422,46.95606994628906,2890500,0.0,0.0
2025-02-14,48.31999969482422,49.7599983215332,48.20000076293945,49.15999984741211,47.772361755371094,3397300,0.0,0.0
2025-02-18,49.68000030517578,49.869998931884766,48.959999084472656,49.29999923706055,47.90840148925781,2258300,0.0,0.0
2025-02-19,48.599998474121094,48.599998474121094,47.21500015258789,47.290000915527344,45.955142974853516,3609300,0.0,0.0
2025-02-20,47.630001068115234,48.18000030517578,46.43000030517578,47.279998779296875,45.9454231262207,2894900,0.0,0.0
2025-02-21,47.70000076293945,48.11000061035156,46.349998474121094,46.689998626708984,45.372074127197266,2665800,0.0,0.0
2025-02-24,46.08000183105469,47.0,45.75,46.810001373291016,45.48869323730469,3295300,0.0,0.0
2025-02-25,47.060001373291016,48.08000183105469,47.005001068115234,47.779998779296875,46.431304931640625,3381500,0.0,0.0
2025-02-26,48.91999816894531,49.25,48.084999084472656,48.9900016784668,47.60715866088867,3165800,0.0,0.0
2025-02-27,48.90999984741211,50.619998931884766,48.58000183105469,50.20000076293945,48.782997131347656,4468200,0.0,0.0
2025-02-28,49.119998931884766,49.625,48.16999816894531,49.40999984741211,48.01530456542969,4559000,0.0,0.0
2025-03-03,49.130001068115234,49.86000061035156,48.650001525878906,49.02000045776367,47.63631057739258,3608200,0.0,0.0
2025-03-04,49.0,49.290000915527344,48.2599983215332,48.79999923706055,47.42251968383789,3201900,0.0,0.0
2025-03-05,49.5,50.56999969482422,49.310001373291016,50.43000030517578,49.006507873535156,2531300,0.0,0.0
2025-03-06,50.18000030517578,50.279998779296875,48.92499923706055,49.29999923706055,48.13749694824219,2840900,0.24,0.0
2025-03-07,49.29999923706055,50.0,49.2400016784668,49.70000076293945,48.5280647277832,2355300,0.0,0.0
2025-03-10,49.0099983215332,49.47999954223633,48.849998474121094,49.36000061035156,48.196083068847656,2532800,0.0,0.0
2025-03-11,49.5,49.81999969482422,48.29999923706055,49.11000061035156,47.95198059082031,2157300,0.0,0.0
2025-03-12,49.36000061035156,49.97999954223633,48.52000045776367,49.33000183105469,48.16679000854492,2479100,0.0,0.0
2025-03-13,48.939998626708984,49.84000015258789,48.470001220703125,49.09000015258789,47.93244934082031,1666300,0.0,0.0
2025-03-14,50.189998626708984,51.97999954223633,50.03499984741211,51.29999923706055,50.090335845947266,3498000,0.0,0.0
2025-03-17,51.66999816894531,53.689998626708984,51.61000061035156,53.310001373291016,52.05294418334961,2872000,0.0,0.0
2025-03-18,53.380001068115234,53.83000183105469,52.59000015258789,53.689998626708984,52.42397689819336,2770400,0.0,0.0
2025-03-19,53.65999984741211,53.9900016784668,52.900001525878906,53.630001068115234,52.365394592285156,1912700,0.0,0.0
2025-03-20,51.970001220703125,52.724998474121094,51.709999084472656,52.529998779296875,51.29132843017578,1619500,0.0,0.0
2025-03-21,51.40999984741211,52.345001220703125,50.731998443603516,52.2599983215332,51.0276985168457,2088900,0.0,0.0
2025-03-24,52.06999969482422,52.1349983215332,51.5099983215332,51.810001373291016,50.58831024169922,2006700,0.0,0.0
2025-03-25,51.22999954223633,51.77000045776367,50.72999954223633,51.25,50.04151153564453,3851200,0.0,0.0
2025-03-26,52.08000183105469,52.7400016784668,51.70000076293945,52.29999923706055,51.06675720214844,1617400,0.0,0.0
2025-03-27,52.5099983215332,53.52000045776367,52.5,53.16999816894531,51.916236877441406,1935900,0.0,0.0
2025-03-28,52.43000030517578,53.130001068115234,51.83000183105469,51.869998931884766,50.64689254760742,1755800,0.0,0.0
2025-03-31,51.529998779296875,52.185001373291016,50.849998474121094,52.060001373291016,50.83241653442383,2035900,0.0,0.0
2025-04-01,52.459999084472656,53.0099983215332,52.189998626708984,52.95000076293945,51.70143127441406,2354300,0.0,0.0
2025-04-02,52.25,53.400001525878906,52.20000076293945,53.279998779296875,52.023643493652344,2606600,0.0,0.0
2025-04-03,52.650001525878906,53.2400016784668,51.29999923706055,52.630001068115234,51.38897705078125,4415700,0.0,0.0
2025-04-04,48.58000183105469,48.880001068115234,45.935001373291016,47.91999816894531,46.790035247802734,8778700,0.0,0.0
2025-04-07,46.459999084472656,48.34000015258789,44.4900016784668,45.34000015258789,44.2708740234375,5701500,0.0,0.0
2025-04-08,46.77000045776367,47.09000015258789,43.29499816894531,44.0099983215332,42.972232818603516,3931000,0.0,0.0
2025-04-09,45.04999923706055,46.93000030517578,43.45000076293945,46.15999984741211,45.071537017822266,7045300,0.0,0.0
2025-04-10,46.29999923706055,46.58000183105469,44.040000915527344,44.81999969482422,43.76313400268555,4671200,0.0,0.0
2025-04-11,45.060001373291016,45.439998626708984,43.650001525878906,44.38999938964844,43.34327697753906,5686500,0.0,0.0
2025-04-14,45.70000076293945,46.209999084472656,44.72999954223633,45.150001525878906,44.08535385131836,5970100,0.0,0.0
2025-04-15,45.27000045776367,45.540000915527344,44.310001373291016,44.560001373291016,43.50926971435547,3986900,0.0,0.0
2025-04-16,44.209999084472656,44.560001373291016,43.70000076293945,43.939998626708984,42.90388870239258,4206700,0.0,0.0
2025-04-17,43.54999923706055,44.060001373291016,41.0,41.369998931884766,40.39448165893555,6305100,0.0,0.0
2025-04-21,41.22999954223633,41.75,41.0099983215332,41.70000076293945,40.716705322265625,3729000,0.0,0.0
2025-04-22,42.56999969482422,44.83000183105469,42.5099983215332,44.779998779296875,43.72407531738281,4999900,0.0,0.0
2025-04-23,46.75,48.130001068115234,46.5,46.810001373291016,45.70621109008789,4261900,0.0,0.0
2025-04-24,46.130001068115234,46.86000061035156,46.06999969482422,46.40999984741211,45.315643310546875,2537600,0.0,0.0
2025-04-25,45.900001525878906,46.369998931884766,45.38999938964844,45.560001373291016,44.485687255859375,1477900,0.0,0.0
2025-04-28,45.56999969482422,46.91899871826172,45.56999969482422,46.72999954223633,45.62809753417969,2000600,0.0,0.0
2025-04-29,46.5099983215332,47.04999923706055,46.415000915527344,46.68000030517578,45.57927322387695,2536100,0.0,0.0
2025-04-30,45.279998779296875,45.439998626708984,42.70000076293945,43.310001373291016,42.28874206542969,4921100,0.0,0.0
2025-05-01,43.369998931884766,43.709999084472656,43.18000030517578,43.33000183105469,42.30827331542969,1686600,0.0,0.0
2025-05-02,44.0,44.34000015258789,43.54499816894531,44.040000915527344,43.001529693603516,3063400,0.0,0.0
2025-05-05,43.70000076293945,43.849998474121094,43.099998474121094,43.4900016784668,42.464500427246094,1478700,0.0,0.0
2025-05-06,43.54999923706055,44.2599983215332,43.30500030517578,43.72999954223633,42.69883728027344,2474000,0.0,0.0
2025-05-07,43.36000061035156,43.630001068115234,43.040000915527344,43.45000076293945,42.425445556640625,1626900,0.0,0.0
2025-05-08,43.86000061035156,44.404998779296875,43.40999984741211,43.97999954223633,42.94294738769531,1717300,0.0,0.0
2025-05-09,44.560001373291016,44.630001068115234,43.7599983215332,44.16999816894531,43.12846374511719,1747800,0.0,0.0
2025-05-12,45.63999938964844,46.470001220703125,45.529998779296875,46.11000061035156,45.02272033691406,2510600,0.0,0.0
2025-05-13,45.869998931884766,46.45000076293945,45.84000015258789,46.09000015258789,45.00318908691406,2206300,0.0,0.0
2025-05-14,46.45000076293945,47.0,46.30500030517578,46.90999984741211,45.80384826660156,2555200,0.0,0.0
2025-05-15,46.5099983215332,46.685001373291016,44.39500045776367,44.54999923706055,43.4995002746582,4661500,0.0,0.0
2025-05-16,44.720001220703125,45.0,44.040000915527344,44.209999084472656,43.167518615722656,3019600,0.0,0.0
2025-05-19,44.040000915527344,44.66999816894531,43.810001373291016,44.65999984741211,43.60690689086914,3054600,0.0,0.0
2025-05-20,44.619998931884766,44.93000030517578,43.720001220703125,44.0,42.96247100830078,2853800,0.0,0.0
2025-05-21,43.630001068115234,43.900001525878906,42.45000076293945,42.779998779296875,41.771236419677734,2712200,0.0,0.0
2025-05-22,42.5099983215332,43.060001373291016,42.4900016784668,42.52000045776367,41.517372131347656,1774600,0.0,0.0
2025-05-23,42.150001525878906,42.970001220703125,41.915000915527344,42.619998931884766,41.615013122558594,2771800,0.0,0.0
2025-05-27,42.77000045776367,43.55500030517578,42.630001068115234,43.2400016784668,42.22039794921875,3047600,0.0,0.0
2025-05-28,43.470001220703125,43.59000015258789,43.11000061035156,43.47999954223633,42.691688537597656,1810400,0.24,0.0
2025-05-29,44.779998779296875,45.0099983215332,44.209999084472656,44.77000045776367,43.95830154418945,2965100,0.0,0.0
2025-05-30,43.619998931884766,43.77000045776367,42.21500015258789,43.650001525878906,42.858612060546875,4283400,0.0,0.0
2025-06-02,43.5,44.0,43.29499816894531,43.97999954223633,43.1826286315918,2342400,0.0,0.0
2025-06-03,43.849998474121094,43.900001525878906,42.880001068115234,43.38999938964844,42.60332107543945,2716600,0.0,0.0
2025-06-04,43.529998779296875,43.672000885009766,42.779998779296875,42.869998931884766,42.092750549316406,1897600,0.0,0.0
2025-06-05,43.0,43.189998626708984,42.6609992980957,43.0,42.220394134521484,2021000,0.0,0.0
2025-06-06,42.7599983215332,43.099998474121094,42.72999954223633,43.08000183105469,42.298946380615234,2403600,0.0,0.0
2025-06-09,44.09000015258789,44.52000045776367,43.81999969482422,44.2400016784668,43.43791198730469,3403200,0.0,0.0
2025-06-10,44.900001525878906,45.400001525878906,44.529998779296875,44.77000045776367,43.95830154418945,2115800,0.0,0.0
2025-06-11,45.20000076293945,45.59000015258789,44.900001525878906,44.90999984741211,44.095767974853516,2162100,0.0,0.0
2025-06-12,44.58000183105469,45.099998474121094,44.54999923706055,44.650001525878906,43.840476989746094,1408300,0.0,0.0
2025-06-13,43.83000183105469,44.20000076293945,43.41999816894531,43.56999969482422,42.780059814453125,1582100,0.0,0.0
2025-06-16,44.08000183105469,44.63999938964844,43.75,43.81999969482422,43.02552795410156,1723900,0.0,0.0
2025-06-17,43.52000045776367,43.72999954223633,42.86000061035156,42.93000030517578,42.15166091918945,1463400,0.0,0.0
2025-06-18,42.95000076293945,43.35499954223633,42.68000030517578,42.7599983215332,41.984745025634766,1382800,0.0,0.0
2025-06-20,43.06999969482422,43.36000061035156,42.709999084472656,42.83000183105469,42.0534782409668,1770500,0.0,0.0
2025-06-23,43.279998779296875,43.9900016784668,43.06999969482422,43.959999084472656,43.16299057006836,1906600,0.0,0.0
2025-06-24,44.400001525878906,44.650001525878906,44.13100051879883,44.400001525878906,43.59501266479492,2118700,0.0,0.0
2025-06-25,45.08000183105469,45.119998931884766,44.15999984741211,44.470001220703125,43.66374206542969,2274800,0.0,0.0
2025-06-26,44.33000183105469,44.650001525878906,44.224998474121094,44.61000061035156,43.801204681396484,1806900,0.0,0.0
2025-06-27,43.939998626708984,44.709999084472656,43.689998626708984,44.66999816894531,43.86011505126953,1588900,0.0,0.0
2025-06-30,44.56999969482422,44.7400016784668,44.029998779296875,44.709999084472656,43.899391174316406,2001500,0.0,0.0
2025-07-01,44.849998474121094,46.13999938964844,44.849998474121094,45.68000030517578,44.851806640625,1542400,0.0,0.0
2025-07-02,46.060001373291016,46.369998931884766,45.630001068115234,45.95000076293945,45.11690902709961,1853200,0.0,0.0
2025-07-03,45.7599983215332,46.09000015258789,45.35499954223633,45.7599983215332,44.93035125732422,1115600,0.0,0.0
2025-07-07,46.599998474121094,48.17499923706055,46.369998931884766,47.58000183105469,46.71735763549805,4405100,0.0,0.0
2025-07-08,47.83000183105469,47.93000030517578,47.119998931884766,47.470001220703125,46.60934829711914,2380700,0.0,0.0
2025-07-09,46.86000061035156,47.220001220703125,46.58000183105469,47.20000076293945,46.34424591064453,1581400,0.0,0.0
2025-07-10,47.939998626708984,48.36000061035156,47.59000015258789,47.880001068115234,47.01191711425781,1709000,0.0,0.0
2025-07-11,48.0099983215332,48.14500045776367,47.20000076293945,47.599998474121094,46.73699188232422,1400500,0.0,0.0
2025-07-14,47.5099983215332,47.9900016784668,47.209999084472656,47.459999084472656,46.59952926635742,1355000,0.0,0.0
2025-07-15,47.630001068115234,47.83000183105469,46.75,46.97999954223633,46.12823486328125,1553600,0.0,0.0
2025-07-16,46.45000076293945,47.08000183105469,46.25,47.0,46.14787292480469,1077800,0.0,0.0
2025-07-17,46.88999938964844,47.56999969482422,46.5099983215332,47.560001373291016,46.69771957397461,1495400,0.0,0.0
2025-07-18,47.45000076293945,47.689998626708984,46.375,46.83000183105469,45.980953216552734,1958500,0.0,0.0
2025-07-21,47.2599983215332,47.900001525878906,47.23500061035156,47.68000030517578,46.81554412841797,1845300,0.0,0.0
2025-07-22,48.0,48.65999984741211,47.91999816894531,48.65999984741211,47.777774810791016,1691900,0.0,0.0
2025-07-23,48.709999084472656,49.369998931884766,48.709999084472656,49.08000183105469,48.19015884399414,1818200,0.0,0.0
2025-07-24,49.25,49.349998474121094,48.5,48.720001220703125,47.83668899536133,2027400,0.0,0.0
2025-07-25,48.11000061035156,48.540000915527344,47.5,47.849998474121094,46.982460021972656,1553500,0.0,0.0
2025-07-28,47.7400016784668,47.88999938964844,46.81999969482422,46.939998626708984,46.088958740234375,891400,0.0,0.0
2025-07-29,47.060001373291016,47.22999954223633,46.43000030517578,46.4900016784668,45.647117614746094,2051000,0.0,0.0
2025-07-30,46.4900016784668,46.880001068115234,46.220001220703125,46.65999984741211,45.81403732299805,881500,0.0,0.0
2025-07-31,46.29999923706055,46.86000061035156,46.0,46.68000030517578,45.833675384521484,1699600,0.0,0.0
2025-08-01,46.540000915527344,46.790000915527344,46.08000183105469,46.689998626708984,45.84349060058594,1586600,0.0,0.0
2025-08-04,46.91999816894531,47.5099983215332,46.47999954223633,46.47999954223633,45.63729476928711,1812900,0.0,0.0
2025-08-05,47.0099983215332,47.25,43.52000045776367,43.63999938964844,42.84878921508789,3119000,0.0,0.0
2025-08-06,44.31999969482422,45.459999084472656,44.310001373291016,44.79999923706055,43.98775863647461,2642500,0.0,0.0
2025-08-07,45.150001525878906,46.099998474121094,45.07500076293945,45.849998474121094,45.01871871948242,2751000,0.0,0.0
2025-08-08,45.599998474121094,45.790000915527344,44.16999816894531,44.560001373291016,43.752113342285156,2647600,0.0,0.0
2025-08-11,44.61000061035156,45.0,44.369998931884766,44.400001525878906,43.59501266479492,1202100,0.0,0.0
2025-08-12,44.65999984741211,45.02000045776367,44.505001068115234,44.779998779296875,43.968116760253906,1235400,0.0,0.0
2025-08-13,44.72999954223633,45.61000061035156,44.6150016784668,45.61000061035156,44.7830696105957,2228400,0.0,0.0
2025-08-14,45.119998931884766,45.665000915527344,44.599998474121094,44.81999969482422,44.00739669799805,1616900,0.0,0.0
2025-08-15,44.68000030517578,44.82500076293945,44.17100143432617,44.75,43.938663482666016,2158900,0.0,0.0
2025-08-18,44.619998931884766,44.97999954223633,44.189998626708984,44.5099983215332,43.7030143737793,1825100,0.0,0.0
2025-08-19,44.939998626708984,44.970001220703125,44.16999816894531,44.5099983215332,43.7030143737793,1967900,0.0,0.0
2025-08-20,44.75,44.845001220703125,44.349998474121094,44.61000061035156,43.801204681396484,1599500,0.0,0.0
2025-08-21,44.720001220703125,45.15999984741211,44.6150016784668,45.09000015258789,44.272499084472656,1675700,0.0,0.0
2025-08-22,45.68000030517578,46.224998474121094,45.2400016784668,45.900001525878906,45.06781768798828,1212200,0.0,0.0
2025-08-25,46.2599983215332,47.04999923706055,46.06999969482422,47.029998779296875,46.17732620239258,1682100,0.0,0.0
2025-08-26,46.56999969482422,46.775001525878906,46.189998626708984,46.47999954223633,45.63729476928711,7018400,0.0,0.0
2025-08-27,45.41999816894531,45.619998931884766,44.5099983215332,44.599998474121094,43.791385650634766,1551600,0.0,0.0
2025-08-28,44.619998931884766,44.880001068115234,44.31999969482422,44.58000183105469,43.771751403808594,1562700,0.0,0.0
2025-08-29,44.6150016784668,44.849998474121094,44.43000030517578,44.720001220703125,43.909210205078125,1398500,0.0,0.0
2025-09-02,44.02000045776367,44.34000015258789,43.63999938964844,43.650001525878906,42.858612060546875,2331000,0.0,0.0
2025-09-03,43.61000061035156,44.70000076293945,43.61000061035156,44.400001525878906,43.59501266479492,3745100,0.0,0.0
2025-09-04,44.400001525878906,44.709999084472656,43.95000076293945,44.70000076293945,43.88957214355469,2350300,0.0,0.0
2025-09-05,44.970001220703125,45.46500015258789,44.650001525878906,44.93000030517578,44.11540222167969,1316900,0.0,0.0
2025-09-08,44.81999969482422,44.81999969482422,44.13999938964844,44.40999984741211,43.604827880859375,2779500,0.0,0.0
2025-09-09,44.529998779296875,45.20000076293945,44.130001068115234,44.150001525878906,43.349544525146484,1839400,0.0,0.0
2025-09-10,44.380001068115234,44.70000076293945,44.08000183105469,44.36000061035156,43.55573654174805,1533200,0.0,0.0
2025-09-11,45.060001373291016,45.459999084472656,44.91999816894531,45.119998931884766,44.30195617675781,1486900,0.0,0.0
2025-09-12,44.47999954223633,44.630001068115234,43.59000015258789,43.970001220703125,43.17280960083008,2276600,0.0,0.0
2025-09-15,44.130001068115234,44.150001525878906,43.540000915527344,43.560001373291016,42.770240783691406,1137400,0.0,0.0
2025-09-16,44.84000015258789,45.439998626708984,44.529998779296875,44.529998779296875,43.722652435302734,2152400,0.0,0.0
2025-09-17,45.0099983215332,45.29999923706055,44.36000061035156,44.689998626708984,43.87975311279297,2704100,0.0,0.0
2025-09-18,44.060001373291016,44.064998626708984,43.16999816894531,43.83000183105469,43.03534698486328,2162200,0.0,0.0
2025-09-19,43.83000183105469,43.90999984741211,43.540000915527344,43.7599983215332,42.96661376953125,1268900,0.0,0.0
2025-09-22,43.4900016784668,43.845001220703125,42.88999938964844,43.099998474121094,42.318580627441406,1408200,0.0,0.0
2025-09-23,42.970001220703125,43.2599983215332,42.525001525878906,42.560001373291016,41.78837203979492,1548100,0.0,0.0
2025-09-24,43.0,43.38999938964844,42.90999984741211,43.09000015258789,42.30876159667969,1222000,0.0,0.0
2025-09-25,43.150001525878906,43.47999954223633,42.73500061035156,42.880001068115234,42.102569580078125,1728300,0.0,0.0
2025-09-26,42.880001068115234,43.61000061035156,42.78499984741211,43.25,42.465858459472656,1071800,0.0,0.0
2025-09-29,43.720001220703125,44.34000015258789,43.5,43.61000061035156,42.8193359375,1076000,0.0,0.0
2025-09-30,43.279998779296875,43.58000183105469,42.70500183105469,42.91999816894531,42.14183807373047,2145400,0.0,0.0
2025-10-01,42.88999938964844,43.43000030517578,42.8650016784668,43.119998931884766,42.338218688964844,1510300,0.0,0.0
2025-10-02,42.75,43.12799835205078,42.59000015258789,42.79999923706055,42.024017333984375,1115200,0.0,0.0
2025-10-03,42.599998474121094,42.79999923706055,42.279998779296875,42.310001373291016,41.542903900146484,977200,0.0,0.0
2025-10-06,42.5,43.33000183105469,42.4900016784668,43.189998626708984,42.40694808959961,1361800,0.0,0.0
2025-10-07,43.189998626708984,43.529998779296875,42.43000030517578,42.56999969482422,41.79819107055664,1046400,0.0,0.0
2025-10-08,42.2599983215332,42.70000076293945,41.689998626708984,42.38999938964844,41.62145233154297,1148700,0.0,0.0
2025-10-09,42.5,42.88999938964844,42.3849983215332,42.43000030517578,41.660728454589844,864100,0.0,0.0
2025-10-10,43.65999984741211,44.650001525878906,42.540000915527344,42.63999938964844,41.866920471191406,2092000,0.0,0.0
2025-10-13,43.04999923706055,43.369998931884766,42.75,43.16999816894531,42.387306213378906,1578700,0.0,0.0
2025-10-14,42.5,43.42499923706055,42.11000061035156,43.06999969482422,42.289127349853516,1142100,0.0,0.0
2025-10-15,43.4900016784668,44.06999969482422,43.31999969482422,44.040000915527344,43.24153518676758,1189000,0.0,0.0
2025-10-16,43.560001373291016,43.970001220703125,43.09000015258789,43.29999923706055,42.51495361328125,1312100,0.0,0.0
2025-10-17,43.13999938964844,44.02000045776367,42.91999816894531,43.81999969482422,43.02552795410156,1140800,0.0,0.0
2025-10-20,44.2599983215332,44.900001525878906,44.17499923706055,44.86000061035156,44.046669006347656,1220400,0.0,0.0
2025-10-21,44.599998474121094,45.25,44.52000045776367,45.0099983215332,44.193946838378906,1284300,0.0,0.0
2025-10-22,44.75,45.314998626708984,44.75,45.0,44.18413162231445,949200,0.0,0.0
2025-10-23,45.34000015258789,45.79999923706055,45.21500015258789,45.5099983215332,44.68488311767578,973900,0.0,0.0
2025-10-24,45.52000045776367,45.85499954223633,44.744998931884766,44.79999923706055,43.98775863647461,1056300,0.0,0.0
2025-10-27,45.0,45.279998779296875,44.2400016784668,44.43000030517578,43.62446594238281,1216100,0.0,0.0
2025-10-28,44.130001068115234,44.33000183105469,43.52000045776367,43.619998931884766,42.82915115356445,1129100,0.0,0.0
2025-10-29,43.56999969482422,43.94499969482422,43.5099983215332,43.84000015258789,43.045166015625,955900,0.0,0.0
2025-10-30,43.099998474121094,44.040000915527344,43.099998474121094,43.70000076293945,42.9077033996582,1094800,0.0,0.0
2025-10-31,42.95000076293945,43.84000015258789,42.95000076293945,43.2599983215332,42.475677490234375,1973200,0.0,0.0
2025-11-03,43.310001373291016,44.27000045776367,43.27000045776367,43.97999954223633,43.1826286315918,1486300,0.0,0.0
2025-11-04,43.75,46.08000183105469,43.75,44.81999969482422,44.00739669799805,1623600,0.0,0.0
2025-11-05,44.380001068115234,44.380001068115234,43.06999969482422,43.869998931884766,43.07461929321289,2759400,0.0,0.0
2025-11-06,44.29999923706055,44.29999923706055,43.01499938964844,43.08000183105469,42.298946380615234,973700,0.0,0.0
2025-11-07,43.2599983215332,43.630001068115234,43.189998626708984,43.59000015258789,42.79969787597656,880200,0.0,0.0
2025-11-10,44.66999816894531,45.52000045776367,44.66999816894531,44.790000915527344,43.977943420410156,1657000,0.0,0.0
2025-11-11,45.849998474121094,46.16999816894531,45.84000015258789,46.029998779296875,45.19546127319336,1460200,0.0,0.0
2025-11-12,46.0099983215332,46.45000076293945,45.96500015258789,46.2599983215332,45.42128372192383,1224300,0.0,0.0
2025-11-13,45.97999954223633,46.38999938964844,45.83000183105469,46.369998931884766,45.52928924560547,1159000,0.0,0.0
2025-11-14,45.9900016784668,46.560001373291016,45.9900016784668,46.16999816894531,45.332916259765625,1078000,0.0,0.0
2025-11-17,46.130001068115234,46.72999954223633,46.07500076293945,46.380001068115234,45.53911209106445,1258300,0.0,0.0
2025-11-18,46.720001220703125,47.92499923706055,46.51499938964844,47.529998779296875,46.66826248168945,1780500,0.0,0.0
2025-11-19,47.529998779296875,48.13999938964844,47.310001373291016,47.709999084472656,46.84499740600586,1415700,0.0,0.0
2025-11-20,48.0,48.630001068115234,47.30500030517578,47.369998931884766,46.51116180419922,1599700,0.0,0.0
2025-11-21,47.0,48.470001220703125,46.34700012207031,48.02000045776367,47.14937973022461,1423000,0.0,0.0
2025-11-24,48.099998474121094,48.5,47.52000045776367,47.54999923706055,46.68790054321289,1900300,0.0,0.0
2025-11-25,47.400001525878906,48.650001525878906,47.400001525878906,48.040000915527344,47.16901779174805,1932400,0.0,0.0
2025-11-26,48.15999984741211,48.93000030517578,47.779998779296875,48.279998779296875,47.404666900634766,1194600,0.0,0.0
2025-11-28,48.470001220703125,48.790000915527344,47.9900016784668,48.13999938964844,47.26720428466797,894900,0.0,0.0
2025-12-01,48.150001525878906,49.290000915527344,48.13999938964844,48.29999923706055,47.4243049621582,1535900,0.0,0.0
2025-12-02,48.4900016784668,48.880001068115234,48.290000915527344,48.33000183105469,47.453758239746094,1107400,0.0,0.0
2025-12-03,48.08000183105469,48.529998779296875,47.13999938964844,47.2400016784668,46.38351821899414,4550100,0.0,0.0
2025-12-04,47.470001220703125,47.70000076293945,46.4900016784668,46.599998474121094,45.75511932373047,1386600,0.0,0.0
2025-12-05,46.540000915527344,46.790000915527344,45.994998931884766,46.22999954223633,45.39183044433594,2296200,0.0,0.0
2025-12-08,46.720001220703125,47.060001373291016,46.0,46.0099983215332,45.175819396972656,1160900,0.0,0.0
2025-12-09,45.59000015258789,46.189998626708984,45.52000045776367,46.0099983215332,45.175819396972656,1044700,0.0,0.0
2025-12-10,46.34000015258789,47.31999969482422,46.34000015258789,46.939998626708984,46.088958740234375,1463000,0.0,0.0
2025-12-11,47.0,47.939998626708984,47.0,47.619998931884766,46.75663375854492,1172600,0.0,0.0
2025-12-12,48.45000076293945,48.97999954223633,48.04499816894531,48.540000915527344,47.659950256347656,1201700,0.0,0.0
2025-12-15,48.439998626708984,48.470001220703125,47.88999938964844,48.02000045776367,47.14937973022461,1618700,0.0,0.0
2025-12-16,47.529998779296875,47.8650016784668,47.26499938964844,47.380001068115234,46.5209846496582,1207900,0.0,0.0
2025-12-17,47.45000076293945,47.994998931884766,47.36000061035156,47.77000045776367,46.90391159057617,1054200,0.0,0.0
2025-12-18,47.77000045776367,48.56999969482422,47.57500076293945,48.290000915527344,47.414485931396484,1097400,0.0,0.0
2025-12-19,47.9900016784668,48.7400016784668,47.9900016784668,48.40999984741211,47.532310485839844,1980700,0.0,0.0
2025-12-22,48.209999084472656,48.529998779296875,48.18000030517578,48.529998779296875,47.65013122558594,716900,0.0,0.0
2025-12-23,48.47999954223633,48.720001220703125,48.34000015258789,48.5099983215332,47.630496978759766,531300,0.0,0.0
2025-12-24,48.41999816894531,49.22999954223633,48.400001525878906,49.029998779296875,48.14106750488281,676100,0.0,0.0
2025-12-26,49.06999969482422,49.43000030517578,48.9900016784668,49.13999938964844,48.24907302856445,678400,0.0,0.0
2025-12-29,48.470001220703125,48.77000045776367,48.029998779296875,48.52000045776367,47.640316009521484,891000,0.0,0.0
2025-12-30,48.220001220703125,48.34000015258789,47.560001373291016,47.810001373291016,46.94318771362305,976500,0.0,0.0
2025-12-31,47.709999084472656,47.970001220703125,47.619998931884766,47.7400016784668,46.874454498291016,586200,0.0,0.0
2026-01-02,48.279998779296875,48.470001220703125,47.810001373291016,48.16999816894531,47.29665756225586,1001000,0.0,0.0
2026-01-05,47.119998931884766,47.459999084472656,46.55500030517578,46.849998474121094,46.000587463378906,1146700,0.0,0.0
2026-01-06,47.02000045776367,48.040000915527344,47.0,47.68000030517578,46.81554412841797,1147800,0.0,0.0
2026-01-07,48.20000076293945,48.41999816894531,47.540000915527344,47.540000915527344,46.67808532714844,689700,0.0,0.0
2026-01-08,47.380001068115234,48.0880012512207,47.35499954223633,48.0,47.12974166870117,880600,0.0,0.0
2026-01-09,48.099998474121094,48.189998626708984,46.90999984741211,47.22999954223633,46.37369918823242,959700,0.0,0.0
2026-01-12,48.16999816894531,49.29999923706055,47.849998474121094,48.63999938964844,47.75813674926758,1017400,0.0,0.0
2026-01-13,48.130001068115234,49.0,48.09000015258789,48.16999816894531,47.29665756225586,1032600,0.0,0.0
2026-01-14,48.189998626708984,48.310001373291016,47.17499923706055,47.220001220703125,46.36388397216797,1194600,0.0,0.0
2026-01-15,47.5099983215332,48.540000915527344,47.439998626708984,48.189998626708984,47.3162956237793,1256400,0.0,0.0
2026-01-16,48.18000030517578,48.529998779296875,47.060001373291016,47.54999923706055,46.68790054321289,1307100,0.0,0.0
2026-01-20,47.189998626708984,48.20000076293945,47.189998626708984,47.439998626708984,46.57989501953125,1041900,0.0,0.0
2026-01-21,48.0,48.83000183105469,48.0,48.75,47.86614227294922,957500,0.0,0.0
2026-01-22,49.0,49.60200119018555,48.97999954223633,49.369998931884766,48.47490310668945,1205600,0.0,0.0
2026-01-23,49.029998779296875,49.290000915527344,48.650001525878906,49.08000183105469,48.19015884399414,1136800,0.0,0.0
2026-01-26,49.38999938964844,49.38999938964844,48.529998779296875,48.63999938964844,47.75813674926758,1298900,0.0,0.0
2026-01-27,49.599998474121094,50.439998626708984,49.540000915527344,50.16999816894531,49.26039505004883,1287100,0.0,0.0
2026-01-28,51.0,51.380001068115234,49.939998626708984,49.959999084472656,49.054203033447266,1317000,0.0,0.0
2026-01-29,50.75,51.189998626708984,50.16999816894531,50.5099983215332,49.59423065185547,979700,0.0,0.0
2026-01-30,49.779998779296875,50.349998474121094,49.255001068115234,49.41999816894531,48.52399444580078,1371000,0.0,0.0
2026-02-02,48.959999084472656,50.61000061035156,48.959999084472656,50.58000183105469,49.662967681884766,1288700,0.0,0.0
2026-02-03,50.25,51.08000183105469,50.189998626708984,50.7400016784668,49.820068359375,1846700,0.0,0.0
2026-02-04,51.2599983215332,53.40999984741211,50.400001525878906,53.13999938964844,52.176551818847656,2590000,0.0,0.0
2026-02-05,54.58000183105469,55.84000015258789,54.38999938964844,55.66999816894531,54.66067886352539,3457100,0.0,0.0
2026-02-06,55.0,58.38999938964844,55.0,57.95000076293945,56.89934158325195,2720100,0.0,0.0
2026-02-09,57.22999954223633,57.7400016784668,56.71500015258789,57.5,56.45750427246094,2733100,0.0,0.0
2026-02-10,57.63999938964844,57.84199905395508,56.65999984741211,57.119998931884766,56.08439254760742,1912900,0.0,0.0
2026-02-11,57.0,57.27000045776367,56.060001373291016,56.099998474121094,55.082881927490234,2012200,0.0,0.0
2026-02-12,55.939998626708984,56.150001525878906,53.5,53.650001525878906,52.677303314208984,2382800,0.0,0.0
2026-02-13,54.41999816894531,55.470001220703125,54.290000915527344,55.41999816894531,54.41521453857422,1891200,0.0,0.0
2026-02-17,54.599998474121094,55.04999923706055,54.18000030517578,54.91999816894531,53.924278259277344,1752500,0.0,0.0
2026-02-18,55.09000015258789,55.869998931884766,54.80500030517578,55.5,54.4937629699707,986300,0.0,0.0
2026-02-19,55.220001220703125,55.65999984741211,54.369998931884766,54.61000061035156,53.61989974975586,1784700,0.0,0.0
2026-02-20,54.439998626708984,54.689998626708984,53.33000183105469,53.619998931884766,52.64784622192383,3644900,0.0,0.0
2026-02-23,54.97999954223633,56.5099983215332,54.36000061035156,55.189998626708984,54.18938446044922,1716300,0.0,0.0
2026-02-24,55.29999923706055,56.189998626708984,55.209999084472656,56.0,54.98469924926758,2361500,0.0,0.0
2026-02-25,55.959999084472656,56.474998474121094,55.63999938964844,56.43000030517578,55.40690231323242,1085800,0.0,0.0
2026-02-26,55.68000030517578,56.04999923706055,54.41999816894531,55.4900016784668,54.483943939208984,1206100,0.0,0.0
2026-02-27,54.91999816894531,55.38999938964844,54.56999969482422,54.90999984741211,53.914459228515625,1257600,0.0,0.0
2026-03-02,53.77000045776367,54.082000732421875,53.220001220703125,53.5,52.53002166748047,1555400,0.0,0.0
2026-03-03,52.0,52.470001220703125,50.869998931884766,52.369998931884766,51.420509338378906,1953100,0.0,0.0
2026-03-04,52.650001525878906,53.400001525878906,52.290000915527344,52.33000183105469,51.6673469543457,1401700,0.29,0.0
2026-03-05,51.77000045776367,52.415000915527344,51.709999084472656,52.380001068115234,51.716712951660156,1791500,0.0,0.0
2026-03-06,52.54999923706055,52.68000030517578,51.81999969482422,51.83000183105469,51.17367935180664,4770800,0.0,0.0
2026-03-09,51.369998931884766,53.400001525878906,51.08000183105469,53.380001068115234,52.70404815673828,2451000,0.0,0.0
2026-03-10,53.5,53.900001525878906,53.02000045776367,53.130001068115234,52.45721435546875,2207800,0.0,0.0
2026-03-11,53.34000015258789,53.53499984741211,52.720001220703125,52.91999816894531,52.24987030029297,1473100,0.0,0.0
2026-03-12,52.15999984741211,52.939998626708984,51.970001220703125,52.4900016784668,51.825321197509766,2233300,0.0,0.0
2026-03-13,52.86000061035156,53.1150016784668,52.4900016784668,52.70000076293945,52.03266143798828,1430300,0.0,0.0
2026-03-16,52.790000915527344,54.45000076293945,52.67499923706055,54.08000183105469,53.39518737792969,1705900,0.0,0.0
2026-03-17,54.79999923706055,54.834999084472656,53.970001220703125,54.0,53.316200256347656,1875400,0.0,0.0
2026-03-18,53.75,54.08000183105469,52.72999954223633,52.7599983215332,52.09189987182617,1590900,0.0,0.0
2026-03-19,52.41999816894531,54.25,52.349998474121094,53.70000076293945,53.019996643066406,3223900,0.0,0.0
2026-03-20,53.02000045776367,53.45000076293945,51.724998474121094,51.7400016784668,51.084815979003906,1889000,0.0,0.0
2026-03-23,52.09000015258789,53.025001525878906,51.79999923706055,51.9900016784668,51.3316535949707,2209400,0.0,0.0
2026-03-24,51.7400016784668,52.34000015258789,51.58000183105469,51.83000183105469,51.17367935180664,1313500,0.0,0.0
2026-03-25,52.779998779296875,52.779998779296875,51.060001373291016,51.25,50.60102081298828,1298400,0.0,0.0
2026-03-26,50.0,50.58000183105469,49.5,49.970001220703125,49.33723068237305,1325100,0.0,0.0
2026-03-27,49.970001220703125,50.439998626708984,49.4900016784668,49.59000015258789,48.96204376220703,1181200,0.0,0.0
2026-03-30,49.310001373291016,49.58000183105469,48.34000015258789,48.349998474121094,47.73774337768555,1772400,0.0,0.0
2026-03-31,48.599998474121094,49.43299865722656,48.16999816894531,48.779998779296875,48.16230010986328,1865000,0.0,0.0
2026-04-01,48.77000045776367,49.599998474121094,48.77000045776367,49.09000015258789,48.4683723449707,1122700,0.0,0.0
2026-04-02,48.5099983215332,49.724998474121094,48.5099983215332,49.189998626708984,48.56710433959961,1122200,0.0,0.0
2026-04-06,49.0,49.25,48.119998931884766,48.36000061035156,47.74761962890625,1284300,0.0,0.0
2026-04-07,48.220001220703125,48.560001373291016,47.790000915527344,47.9900016784668,47.38230514526367,1244500,0.0,0.0
2026-04-08,49.099998474121094,50.01499938964844,48.89500045776367,49.83000183105469,49.199005126953125,1202900,0.0,0.0
2026-04-09,49.66999816894531,50.380001068115234,49.505001068115234,50.15999984741211,49.52482223510742,1198600,0.0,0.0
2026-04-10,50.029998779296875,50.25,49.619998931884766,49.7599983215332,49.129886627197266,2041300,0.0,0.0
2026-04-13,49.209999084472656,49.59000015258789,48.65999984741211,49.439998626708984,48.81393814086914,1080800,0.0,0.0
2026-04-14,49.38999938964844,49.849998474121094,49.279998779296875,49.470001220703125,48.843563079833984,883400,0.0,0.0
2026-04-15,49.34000015258789,49.88999938964844,48.97999954223633,49.380001068115234,48.754703521728516,1041800,0.0,0.0
2026-04-16,49.22999954223633,49.86000061035156,48.4900016784668,48.540000915527344,47.92533874511719,1153200,0.0,0.0
2026-04-17,48.439998626708984,48.7400016784668,47.68000030517578,48.54999923706055,47.935211181640625,1181100,0.0,0.0
2026-04-20,48.630001068115234,49.0,48.404998779296875,48.689998626708984,48.07344055175781,1143500,0.0,0.0
2026-04-21,49.0,49.470001220703125,48.470001220703125,48.5,47.88584518432617,1366200,0.0,0.0
2026-04-22,48.619998931884766,49.02000045776367,48.40999984741211,48.41999816894531,47.80685806274414,1342600,0.0,0.0
2026-04-23,48.439998626708984,48.439998626708984,47.76499938964844,48.040000915527344,47.431671142578125,840800,0.0,0.0
2026-04-24,48.5,49.20500183105469,48.5,48.810001373291016,48.19192123413086,1070700,0.0,0.0
2026-04-27,48.38999938964844,48.880001068115234,47.720001220703125,47.72999954223633,47.12559509277344,1584300,0.0,0.0
2026-04-28,47.59000015258789,48.018001556396484,47.33000183105469,47.34000015258789,46.740535736083984,1048800,0.0,0.0
2026-04-29,49.0,50.400001525878906,47.435001373291016,48.689998626708984,48.07344055175781,2307900,0.0,0.0
2026-04-30,48.970001220703125,49.040000915527344,48.404998779296875,48.45000076293945,47.83647918701172,1573700,0.0,0.0
2026-05-01,48.810001373291016,49.29999923706055,48.630001068115234,48.79999923706055,48.182044982910156,927500,0.0,0.0
2026-05-04,48.599998474121094,48.849998474121094,47.72999954223633,47.84000015258789,47.23420333862305,2010100,0.0,0.0
2026-05-05,47.93000030517578,48.81999969482422,47.93000030517578,48.38999938964844,47.77723693847656,939300,0.0,0.0
2026-05-06,48.7400016784668,49.20000076293945,48.529998779296875,48.709999084472656,48.09318542480469,1191800,0.0,0.0
2026-05-07,48.65999984741211,48.65999984741211,48.02000045776367,48.11000061035156,47.50078201293945,1252300,0.0,0.0
2026-05-08,48.040000915527344,48.189998626708984,46.84000015258789,46.900001525878906,46.30610656738281,1135600,0.0,0.0
2026-05-11,46.959999084472656,47.630001068115234,46.95000076293945,47.439998626708984,46.83926773071289,1539500,0.0,0.0
2026-05-12,48.150001525878906,48.349998474121094,47.22999954223633,47.619998931884766,47.01698684692383,1447300,0.0,0.0
2026-05-13,47.650001525878906,48.0,46.900001525878906,46.91999816894531,46.32585144042969,1006000,0.0,0.0
2026-05-14,46.56999969482422,46.665000915527344,45.90999984741211,45.97999954223633,45.39775466918945,1205100,0.0,0.0
2026-05-15,45.93000030517578,46.22999954223633,45.5099983215332,45.5099983215332,44.9337043762207,1095000,0.0,0.0
2026-05-18,45.25,45.665000915527344,44.970001220703125,45.47999954223633,44.90408706665039,1807000,0.0,0.0
2026-05-19,45.77000045776367,46.040000915527344,45.26499938964844,45.33000183105469,44.75598907470703,1373900,0.0,0.0
2026-05-20,45.06999969482422,45.54999923706055,44.494998931884766,45.54999923706055,44.973201751708984,2344600,0.0,0.0
2026-05-21,44.689998626708984,45.2599983215332,44.400001525878906,44.939998626708984,44.37092208862305,2434700,0.0,0.0
2026-05-22,44.20000076293945,44.95000076293945,44.150001525878906,44.560001373291016,43.9957389831543,1352400,0.0,0.0
2026-05-26,44.31999969482422,44.52199935913086,43.83000183105469,44.22999954223633,43.66991424560547,1520600,0.0,0.0
2026-05-27,42.849998474121094,44.22999954223633,42.84000015258789,44.060001373291016,43.789180755615234,1814900,0.29,0.0
2026-05-28,43.279998779296875,43.54999923706055,43.040000915527344,43.040000915527344,42.775447845458984,1559100,0.0,0.0
2026-05-29,43.09000015258789,43.52000045776367,42.415000915527344,42.43000030517578,42.16919708251953,2832500,0.0,0.0
2026-06-01,43.0,43.459999084472656,42.63999938964844,42.90999984741211,42.64624786376953,1629900,0.0,0.0
2026-06-02,43.41999816894531,43.71500015258789,43.220001220703125,43.38999938964844,43.123294830322266,1566100,0.0,0.0
2026-06-03,42.900001525878906,43.540000915527344,42.599998474121094,42.939998626708984,42.67605972290039,1499300,0.0,0.0
2026-06-04,42.959999084472656,43.21500015258789,42.689998626708984,42.849998474121094,42.586612701416016,1287300,0.0,0.0
2026-06-05,42.900001525878906,43.005001068115234,42.54999923706055,42.880001068115234,42.616432189941406,1752900,0.0,0.0
2026-06-08,42.790000915527344,43.1150016784668,42.31999969482422,42.33000183105469,42.0698127746582,1786100,0.0,0.0
2026-06-09,42.599998474121094,43.0,42.34000015258789,42.720001220703125,42.45741653442383,1636400,0.0,0.0
2026-06-10,43.2400016784668,44.290000915527344,42.98500061035156,43.790000915527344,43.52083969116211,3508000,0.0,0.0
2026-06-11,43.560001373291016,44.0989990234375,43.2599983215332,43.58000183105469,43.312129974365234,1407400,0.0,0.0
2026-06-12,44.09000015258789,44.689998626708984,43.849998474121094,44.630001068115234,44.355674743652344,1860000,0.0,0.0
2026-06-15,44.79999923706055,44.97999954223633,44.20000076293945,44.25,43.97800827026367,2335600,0.0,0.0
2026-06-16,44.16999816894531,44.345001220703125,43.06999969482422,43.650001525878906,43.38169860839844,3340200,0.0,0.0
2026-06-17,42.93000030517578,43.869998931884766,42.7599983215332,43.279998779296875,43.01396942138672,1702600,0.0,0.0
2026-06-18,42.880001068115234,43.060001373291016,42.41999816894531,42.93000030517578,42.66612243652344,2314700,0.0,0.0
2026-06-22,42.04999923706055,42.5,41.52000045776367,41.529998779296875,41.27472686767578,2122600,0.0,0.0
2026-06-23,41.650001525878906,41.650001525878906,40.84000015258789,40.959999084472656,40.70823287963867,1757300,0.0,0.0
2026-06-24,40.86000061035156,41.25,40.79999923706055,41.04999923706055,40.79767990112305,1620900,0.0,0.0
2026-06-25,40.939998626708984,41.15999984741211,40.150001525878906,40.18000030517578,39.93302536010742,1472000,0.0,0.0
2026-06-26,40.29999923706055,41.11000061035156,40.209999084472656,40.849998474121094,40.598907470703125,1456400,0.0,0.0
2026-06-29,40.79999923706055,41.130001068115234,40.4900016784668,40.849998474121094,40.598907470703125,1223600,0.0,0.0
2026-06-30,41.0,41.09000015258789,40.66999816894531,40.869998931884766,40.6187858581543,1143100,0.0,0.0
2026-07-01,40.650001525878906,41.150001525878906,40.45000076293945,40.959999084472656,40.70823287963867,1061600,0.0,0.0
2026-07-02,41.7599983215332,42.029998779296875,41.47999954223633,41.70000076293945,41.44368362426758,1861500,0.0,0.0
2026-07-06,43.0,43.0,41.959999084472656,42.4900016784668,42.22882843017578,1920700,0.0,0.0
2026-07-07,42.9900016784668,43.0,42.06999969482422,42.220001220703125,41.960487365722656,1675900,0.0,0.0
2026-07-08,43.119998931884766,43.16999816894531,42.66999816894531,42.720001220703125,42.45741653442383,1635000,0.0,0.0
2026-07-09,42.290000915527344,42.45000076293945,41.959999084472656,42.310001373291016,42.04993438720703,1662400,0.0,0.0
2026-07-10,43.20000076293945,43.54999923706055,42.974998474121094,43.02000045776367,42.75556945800781,1328500,0.0,0.0
2026-07-13,43.91999816894531,44.40999984741211,43.755001068115234,43.900001525878906,43.63016128540039,2001900,0.0,0.0
2026-07-14,44.540000915527344,44.619998931884766,43.150001525878906,43.29999923706055,43.03384780883789,2486300,0.0,0.0
2026-07-15,43.33000183105469,44.15999984741211,43.04499816894531,43.16999816894531,42.90464782714844,1630700,0.0,0.0
2026-07-16,44.150001525878906,44.61000061035156,44.150001525878906,44.33000183105469,44.05752182006836,1102700,0.0,0.0
2026-07-17,44.470001220703125,44.625,43.68000030517578,43.869998931884766,43.600345611572266,1344000,0.0,0.0
2026-07-20,44.31999969482422,44.58000183105469,43.75,43.93000030517578,43.659976959228516,1168900,0.0,0.0
2026-07-21,43.83000183105469,43.994998931884766,42.70000076293945,42.77000045776367,42.50710678100586,1899300,0.0,0.0
2026-07-22,42.72999954223633,43.5,42.599998474121094,43.41999816894531,43.15311050415039,1475800,0.0,0.0
2026-07-23,43.25,43.55500030517578,42.85499954223633,43.11000061035156,42.84501647949219,1716600,0.0,0.0
2026-07-24,43.310001373291016,43.59000015258789,42.880001068115234,43.400001525878906,43.133235931396484,1362900,0.0,0.0
2026-07-27,44.08000183105469,44.86000061035156,44.08000183105469,44.720001220703125,44.44512176513672,1573100,0.0,0.0
2026-07-28,45.5,46.154998779296875,45.349998474121094,45.529998779296875,45.25014114379883,1924200,0.0,0.0
2026-07-29,45.939998626708984,46.400001525878906,45.66999816894531,45.849998474121094,45.568172454833984,2236200,0.0,0.0
2026-07-30,47.47999954223633,48.48500061035156,45.779998779296875,46.470001220703125,46.184364318847656,2204100,0.0,0.0
2026-07-31,47.2400016784668,48.470001220703125,47.06999969482422,48.18000030517578,47.883853912353516,3062800,0.0,0.0
2026-08-03,48.79999923706055,49.10499954223633,47.970001220703125,48.349998474121094,48.05280685424805,1763100,0.0,0.0
2026-08-04,47.880001068115234,48.189998626708984,47.58000183105469,47.869998931884766,47.57575607299805,1698300,0.0,0.0
2026-08-05,48.31999969482422,48.38999938964844,47.459999084472656,47.5,47.20803451538086,1206700,0.0,0.0
2026-08-06,47.880001068115234,48.2400016784668,47.689998626708984,48.189998626708984,47.89379119873047,1343700,0.0,0.0
2026-08-07,47.9900016784668,48.45000076293945,47.4900016784668,47.720001220703125,47.42668151855469,1375900,0.0,0.0
2026-08-10,47.630001068115234,48.255001068115234,47.630001068115234,48.189998626708984,47.89379119873047,939900,0.0,0.0
2026-08-11,47.34000015258789,47.78499984741211,47.130001068115234,47.59000015258789,47.297481536865234,1045900,0.0,0.0
2026-08-12,47.5,47.95000076293945,47.5,47.900001525878906,47.60557556152344,1436900,0.0,0.0
2026-08-13,48.04999923706055,48.33000183105469,47.209999084472656,47.2400016784668,46.94963455200195,1771900,0.0,0.0
2026-08-14,47.22999954223633,47.66999816894531,47.06999969482422,47.59000015258789,47.297481536865234,722200,0.0,0.0
2026-08-17,47.349998474121094,47.38999938964844,46.84000015258789,47.13999938964844,46.85024642944336,1282700,0.0,0.0
2026-08-18,46.81999969482422,47.29999923706055,46.709999084472656,46.86000061035156,46.57196807861328,854600,0.0,0.0
2026-08-19,47.029998779296875,47.90999984741211,47.029998779296875,47.58000183105469,47.28754425048828,1552100,0.0,0.0
2026-08-20,48.0,48.97999954223633,47.779998779296875,48.880001068115234,48.579551696777344,1366400,0.0,0.0
2026-08-21,48.9900016784668,49.72999954223633,48.88999938964844,49.52000045776367,49.21561813354492,972000,0.0,0.0
2026-08-24,48.34000015258789,48.91999816894531,47.04999923706055,48.91999816894531,48.61930465698242,1742200,0.0,0.0
2026-08-25,48.20000076293945,48.59000015258789,47.650001525878906,48.56999969482422,48.27145767211914,1857000,0.0,0.0
2026-08-26,47.72999954223633,48.130001068115234,47.09000015258789,47.18000030517578,46.88999938964844,2445300,0.0,0.0
2026-08-27,45.79999923706055,46.970001220703125,44.66999816894531,44.90999984741211,44.90999984741211,3034000,0.29,0.0
2026-08-28,45.290000915527344,45.50699996948242,44.77000045776367,45.02000045776367,45.02000045776367,1139300,0.0,0.0
2026-08-31,44.790000915527344,45.04499816894531,44.459999084472656,44.61000061035156,44.61000061035156,2241700,0.0,0.0
2026-09-01,44.529998779296875,45.099998474121094,44.47999954223633,44.880001068115234,44.880001068115234,1109600,0.0,0.0
2026-09-02,44.88999938964844,45.7599983215332,44.72999954223633,44.75,44.75,1202300,0.0,0.0
2026-09-03,44.29999923706055,44.400001525878906,43.2400016784668,43.689998626708984,43.689998626708984,1422400,0.0,0.0
2026-09-04,43.7400016784668,43.939998626708984,43.560001373291016,43.599998474121094,43.599998474121094,799600,0.0,0.0
2026-09-08,43.459999084472656,43.88800048828125,43.290000915527344,43.34000015258789,43.34000015258789,1595200,0.0,0.0
2026-09-09,43.13999938964844,43.404998779296875,42.34000015258789,42.58000183105469,42.58000183105469,1544900,0.0,0.0
2026-09-10,42.7400016784668,42.79999923706055,42.22999954223633,42.290000915527344,42.290000915527344,1397100,0.0,0.0
2026-09-11,42.59000015258789,42.97999954223633,42.31999969482422,42.31999969482422,42.31999969482422,1313300,0.0,0.0
2026-09-14,42.209999084472656,42.869998931884766,42.209999084472656,42.810001373291016,42.810001373291016,779100,0.0,0.0
2026-09-15,42.40999984741211,42.40999984741211,41.63999938964844,41.689998626708984,41.689998626708984,1235500,0.0,0.0
2026-09-16,41.79999923706055,42.0,41.33000183105469,41.36000061035156,41.36000061035156,1125100,0.0,0.0
2026-09-17,41.68000030517578,41.83000183105469,41.34000015258789,41.349998474121094,41.349998474121094,1466200,0.0,0.0
2026-09-18,41.209999084472656,41.415000915527344,41.040000915527344,41.119998931884766,41.119998931884766,1458600,0.0,0.0
2026-09-21,41.630001068115234,41.73500061035156,41.099998474121094,41.470001220703125,41.470001220703125,1464700,0.0,0.0
2026-09-22,41.58000183105469,41.779998779296875,41.334999084472656,41.58000183105469,41.58000183105469,1873400,0.0,0.0
2026-09-23,41.34000015258789,41.48400115966797,40.599998474121094,40.849998474121094,40.849998474121094,1348200,0.0,0.0
2026-09-24,40.90999984741211,41.349998474121094,40.90999984741211,40.9900016784668,40.9900016784668,955700,0.0,0.0
2026-09-25,40.68000030517578,40.849998474121094,40.31999969482422,40.470001220703125,40.470001220703125,1271700,0.0,0.0
2026-09-28,41.02000045776367,41.369998931884766,40.85200119018555,41.099998474121094,41.099998474121094,1547000,0.0,0.0
2026-09-29,40.93000030517578,40.93000030517578,40.470001220703125,40.79999923706055,40.79999923706055,1352300,0.0,0.0
2026-09-30,41.13999938964844,41.439998626708984,41.0,41.099998474121094,41.099998474121094,1269500,0.0,0.0
2026-10-01,41.06999969482422,41.22999954223633,40.90999984741211,40.959999084472656,40.959999084472656,1112800,0.0,0.0
2026-10-02,40.66999816894531,40.66999816894531,39.71500015258789,39.97999954223633,39.97999954223633,1480400,0.0,0.0
2026-10-05,40.459999084472656,40.47999954223633,40.02000045776367,40.25,40.25,1188300,0.0,0.0
2026-10-06,40.439998626708984,40.86000061035156,40.18000030517578,40.619998931884766,40.619998931884766,1804700,0.0,0.0
